Algorithm: FastMap
Target dimensions: 3
Pivots per dimension:
Dim 1: 8486 8113
Dim 2: 2182 2996
Dim 3: 8423 5544
Object coordinates:
0: 156.171 117.258 111.308 
1: 62.2576 73.5974 129.64 
2: 107.451 99.5822 165.774 
3: 45.675 106.568 118.506 
4: 112.507 71.8737 120.744 
5: 63.9984 123.001 95.491 
6: 94.9731 127.272 103.297 
7: 75.8196 70.2991 64.0171 
8: 122.101 108.854 142.47 
9: 102.069 81.5717 85.9078 
10: 73.424 105.744 83.1137 
11: 78.491 90.7788 90.6879 
12: 80.3489 101.362 83.2919 
13: 34.4244 110.186 63.9814 
14: 85.3431 91.3097 78.0037 
15: 93.82 118.359 86.2084 
16: 74.6946 107.692 134.498 
17: 109.883 104.881 112.461 
18: 47.2065 60.6982 131.65 
19: 113.347 133.726 93.3267 
20: 50.0436 65.9576 73.0761 
21: 59.3523 81.1065 102.792 
22: 84.7062 94.6966 68.8652 
23: 87.3799 83.4393 94.4045 
24: 70.8091 75.1796 91.205 
25: 159.164 106.234 99.5684 
26: 115.884 142.267 123.445 
27: 100.584 86.8083 122.964 
28: 64.2276 99.7272 147.659 
29: 116.033 132.814 116.223 
30: 145.951 117.532 109.621 
31: 98.7993 100.979 60.3733 
32: 82.3073 53.8166 107.023 
33: 91.082 41.8574 89.7265 
34: 90.0604 116.622 79.7124 
35: 150.561 89.0767 102.126 
36: 97.6734 31.9147 83.0976 
37: 114.191 81.3702 109.262 
38: 92.1916 82.6622 92.2466 
39: 81.9672 154.344 103.447 
40: 73.6955 107.936 91.5326 
41: 120.454 135.458 86.7879 
42: 74.2802 133.181 77.23 
43: 62.4999 95.7508 77.8624 
44: 34.4962 123.225 60.5695 
45: 80.1012 105.212 88.6256 
46: 102.545 152.729 150.498 
47: 70.2698 114.204 101.741 
48: 83.6628 58.8626 66.0962 
49: 85.2943 87.7022 116.223 
50: 50.2786 67.1617 91.6257 
51: 62.9333 79.2914 74.1364 
52: 99.4738 80.7752 56.9352 
53: 88.967 60.203 127.501 
54: 134.181 105.201 131.05 
55: 46.0543 63.0108 97.9862 
56: 57.2203 100.303 82.5231 
57: 136.17 107.023 115.118 
58: 107.118 110.272 97.4885 
59: 131.057 76.7156 78.3932 
60: 47.2809 93.2184 143.439 
61: 56.6673 103.535 99.6759 
62: 111.353 106.656 73.1085 
63: 73.7629 81.4251 94.8655 
64: 52.1559 156.626 75.8727 
65: 58.9253 125.433 69.7134 
66: 69.2079 60.0778 76.1391 
67: 90.0589 54.9709 103.717 
68: 130.317 105.149 107.641 
69: 87.5578 81.0647 111.953 
70: 104.461 81.1247 115.064 
71: 49.656 93.8849 65.5479 
72: 121.82 153.311 98.1989 
73: 153.177 74.7157 137.797 
74: 97.3171 138.084 95.2549 
75: 91.0356 62.3207 97.0642 
76: 80.5917 116.855 158.057 
77: 117.86 65.6189 110.962 
78: 112.972 104.239 61.6236 
79: 111.418 105.642 72.2279 
80: 64.272 44.2529 84.9216 
81: 15.187 82.9713 112.699 
82: 61.5657 78.5096 109.333 
83: 71.0544 73.865 108.908 
84: 115.214 109.182 93.883 
85: 111.285 131.243 44.7594 
86: 23.7284 68.9609 91.1543 
87: 161.094 116.139 107.941 
88: 61.0382 95.5166 90.5123 
89: 83.6889 131.017 69.0857 
90: 145.832 121.293 89.5394 
91: 114.53 49.6674 76.6796 
92: 81.4023 107.545 105.098 
93: 95.4902 131.642 99.848 
94: 89.4358 124.603 115.691 
95: 58.4995 80.4135 80.8 
96: 97.7785 104.21 113.809 
97: 49.039 112.942 100.736 
98: 95.8676 45.9821 104.12 
99: 145.657 131.697 129.987 
100: 114.596 96.9395 121.389 
101: 83.7184 96.8769 21.9759 
102: 109.645 133.117 38.007 
103: 108.423 84.2588 77.081 
104: 63.6081 116.176 153.284 
105: 115.425 159.468 112.14 
106: 45.6148 117.279 107.017 
107: 109.017 114.297 105.755 
108: 103.571 75.2872 116.374 
109: 23.3812 94.5768 116.582 
110: 78.4592 121.115 128.662 
111: 52.08 110.734 65.2666 
112: 107.083 113.248 84.0215 
113: 65.9093 155.773 76.3652 
114: 95.782 87.3994 131.634 
115: 45.5342 112.46 105.998 
116: 82.116 104.795 124.325 
117: 72.9163 119.263 76.8751 
118: 101.225 111.195 70.2275 
119: 86.8643 159.54 61.7766 
120: 104.769 94.8804 128.313 
121: 72.1636 130.686 126.985 
122: 77.6632 114.518 50.0946 
123: 94.576 151.221 134.577 
124: 74.5196 71.8126 153.962 
125: 105.539 105.594 58.6064 
126: 53.7271 94.9126 132.158 
127: 73.9263 82.7418 119.428 
128: 105.517 62.102 70.5746 
129: 67.2413 171.763 111.093 
130: 95.5076 82.8005 85.9308 
131: 90.8377 115.492 71.428 
132: 78.6398 52.9978 98.6997 
133: 99.7917 56.9479 82.5418 
134: 42.4147 56.3228 147.421 
135: 155.967 62.0108 125.601 
136: 88.6978 97.0695 71.3241 
137: 92.9686 124.429 79.8949 
138: 107.874 97.0809 73.0107 
139: 56.1604 125.012 148.433 
140: 71.9429 57.2607 129.275 
141: 62.0312 67.4163 61.3848 
142: 151.33 108.144 94.5737 
143: 62.8062 50.4057 94.2306 
144: 79.9953 121.461 92.5254 
145: 116.739 71.0481 72.6495 
146: 79.3456 121.785 94.6729 
147: 63.3967 122.668 134.052 
148: 136.263 101.024 127.365 
149: 90.9053 87.4247 144.833 
150: 93.3964 129.594 147.797 
151: 129.628 91.1979 77.2604 
152: 119.283 113.026 117.267 
153: 55.495 64.5577 94.5352 
154: 153.361 123.623 51.5445 
155: 44.4222 105.615 108.129 
156: 62.6417 119.036 93.4957 
157: 76.48 100.909 115.341 
158: 91.2823 66.9126 116.803 
159: 100.587 87.5858 113.012 
160: 36.5633 57.6286 139.56 
161: 99.8094 93.2053 80.0698 
162: 58.7796 161.849 93.8144 
163: 55.3079 71.0767 83.7992 
164: 117.2 129.531 61.5615 
165: 85.8396 103.798 95.0736 
166: 66.0821 92.318 64.4053 
167: 91.9134 134.577 109.274 
168: 101.85 92.9073 76.2752 
169: 86.1762 61.3538 83.1184 
170: 35.0044 52.3655 116.645 
171: 92.3476 103.257 127.648 
172: 105.787 145.41 124.723 
173: 105.173 73.63 97.8199 
174: 102.056 98.3054 102.985 
175: 99.1229 115.248 62.7708 
176: 116.707 98.3584 19.6152 
177: 23.4263 74.8375 83.7408 
178: 82.2413 78.3609 102.484 
179: 100.746 105.205 128.704 
180: 19.0691 135.554 117.494 
181: 117.323 92.7447 81.2696 
182: 103.843 76.9295 48.8331 
183: 115.299 140.181 109.212 
184: 92.402 73.2679 30.0184 
185: 88.879 140.64 133.725 
186: 104.656 106.761 129.256 
187: 73.7475 128.374 97.7436 
188: 17.951 95.1759 116.959 
189: 22.2409 76.1976 112.03 
190: 74.0643 130.827 133.983 
191: 79.2521 91.12 157.536 
192: 86.6006 120.113 73.3878 
193: 97.1244 118.936 115.988 
194: 105.871 97.2577 136.492 
195: 71.5371 101.406 118.658 
196: 73.8187 26.708 79.1489 
197: 69.019 107.855 52.6145 
198: 124.951 62.9224 95.0826 
199: 58.5783 136.508 76.1182 
200: 29.2535 97.5551 104.161 
201: 64.6291 81.3368 113.125 
202: 113.212 135.984 148.434 
203: 83.4883 81.47 169.995 
204: 64.3775 111.269 153.046 
205: 89.4142 109.198 96.0437 
206: 94.3167 93.6814 139.956 
207: 96.0853 60.4974 96.0664 
208: 108.587 60.7314 112.214 
209: 147.273 106.721 61.3074 
210: 82.1469 69.5322 109.368 
211: 99.9474 107.539 97.1897 
212: 94.9626 108.332 108.038 
213: 51.1979 104.603 79.0843 
214: 143.252 103.289 114.582 
215: 108.805 95.6898 133.544 
216: 81.5401 129.306 128.311 
217: 91.866 40.6328 79.8556 
218: 93.3667 79.2173 97.8838 
219: 110.036 72.9247 103.827 
220: 177.893 109.061 100.605 
221: 157.802 87.0573 104.154 
222: 91.9317 141.181 70.4319 
223: 55.7136 92.4241 162.681 
224: 69.2051 127.915 102.644 
225: 109.231 97.4255 72.6285 
226: 62.5333 123.121 108.026 
227: 80.9076 134.064 132.637 
228: 61.565 103.008 54.1946 
229: 108.78 108.338 107.698 
230: 98.0728 102.712 103.068 
231: 57.6226 63.4018 132.378 
232: 124.23 68.8277 31.1771 
233: 86.8508 94.7853 101.422 
234: 79.2996 125.757 71.8696 
235: 101.243 50.2999 82.5975 
236: 85.6173 85.101 131.391 
237: 118.429 169.718 65.8503 
238: 45.3356 112.112 121.552 
239: 90.414 133.996 50.3798 
240: 121.476 103.183 131.62 
241: 56.7557 137.834 99.8519 
242: 65.9488 122.077 40.8149 
243: 135.089 114.692 40.3319 
244: 113.127 85.1271 99.0511 
245: 65.4788 52.6226 82.7053 
246: 105.511 103.031 65.0537 
247: 99.0504 32.2012 106.662 
248: 131.785 76.6482 123.695 
249: 100.942 68.3818 84.1511 
250: 105.297 82.7802 91.7646 
251: 73.9049 100.016 94.1729 
252: 82.23 55.5697 58.4825 
253: 109.705 89.9348 44.1064 
254: 90.1777 89.1919 66.9143 
255: 125.809 42.5314 81.2993 
256: 132.715 118.13 40.5966 
257: 76.3671 176.309 77.3998 
258: 89.7271 115.724 114.342 
259: 98.2162 87.4969 109.757 
260: 99.9307 114.588 29.2277 
261: 75.5666 37.8528 111.543 
262: 78.7151 103.191 133.871 
263: 35.9723 89.1719 58.1536 
264: 68.679 135.363 71.8193 
265: 111.041 93.105 42.0476 
266: 71.6896 98.5203 77.3056 
267: 74.5218 80.5176 95.234 
268: 96.498 94.4568 107.948 
269: 86.7924 101.498 92.7084 
270: 122.928 99.7319 79.6343 
271: 82.7857 100.686 74.6591 
272: 107.507 98.7792 64.618 
273: 62.9856 105.639 38.3522 
274: 69.6437 128.134 101.02 
275: 62.5467 90.2084 89.146 
276: 112.31 97.5959 110.835 
277: 81.936 126.873 61.5859 
278: 56.1229 108.074 143.112 
279: 94.7669 114.111 40.624 
280: 114.346 60.058 84.3076 
281: 114.731 103.279 101.378 
282: 117.976 90.0861 128.687 
283: 70.0178 85.0203 82.4644 
284: 107.843 37.3967 104.449 
285: 155.627 95.8459 87.8133 
286: 96.5604 110.89 94.4883 
287: 101.367 85.4725 129.245 
288: 91.2851 77.8104 45.7685 
289: 96.5502 33.123 119.486 
290: 61.8204 114.208 86.0689 
291: 90.2996 75.6635 119.407 
292: 66.3607 117.339 87.5459 
293: 40.0949 54.6791 90.7955 
294: 99.1364 113.881 19.8986 
295: 104.06 174.723 98.608 
296: 112.56 114.935 96.1955 
297: 53.4777 121.765 123.593 
298: 81.2661 104.909 69.5036 
299: 59.3934 148.617 100.617 
300: 95.2943 27.9625 116.227 
301: 83.5182 107.607 69.0127 
302: 94.1727 85.9378 143.129 
303: 122.939 107.832 71.4841 
304: 121.625 139.5 91.0762 
305: 100.246 112.374 51.5326 
306: 80.7973 70.4571 126.428 
307: 130.605 122.185 78.4335 
308: 94.9815 154.77 63.513 
309: 113.154 143.833 85.4308 
310: 117.962 65.1014 74.0972 
311: 104.625 139.36 85.0824 
312: 94.7624 90.7447 77.9177 
313: 141.352 91.4428 103.166 
314: 42.8424 86.5225 81.1391 
315: 101.275 100.594 112.145 
316: 97.9748 79.8129 129.763 
317: 99.9489 123.111 95.4673 
318: 95.4834 39.4913 109.024 
319: 81.9218 50.8268 61.6685 
320: 135.373 112.635 125.285 
321: 102.27 82.5628 77.7393 
322: 108.623 110.351 113.444 
323: 109.886 115.201 114.479 
324: 102.072 155.515 100.073 
325: 134.531 117.599 120.642 
326: 86.0978 123.968 98.6741 
327: 86.3454 136.443 130.707 
328: 83.9894 110.65 52.4118 
329: 131.429 147.647 134.237 
330: 112.445 117.461 116.221 
331: 83.4479 149.768 108.56 
332: 113.216 37.5625 81.8348 
333: 78.6423 141.15 142.63 
334: 64.1244 119.321 117.642 
335: 66.684 57.7363 90.6453 
336: 70.0779 108.578 90.4053 
337: 106.97 140.763 86.1446 
338: 118.905 36.8391 82.1008 
339: 28.7609 70.5662 102.215 
340: 128.533 67.5008 60.6739 
341: 56.75 72.1288 110.043 
342: 116.572 131.894 145.764 
343: 54.9152 107.792 98.4053 
344: 91.9952 100.969 151.951 
345: 69.0254 134.036 93.6098 
346: 126.236 73.5144 79.3694 
347: 64.6787 130.187 146.489 
348: 112.4 77.1542 116.02 
349: 122.588 113.433 62.8742 
350: 86.6734 138.442 85.825 
351: 120.88 83.705 82.528 
352: 78.0113 127.54 92.7493 
353: 82.517 69.1567 80.9236 
354: 157.652 105.146 77.4718 
355: 70.65 134.762 103.684 
356: 82.0844 86.7143 131.915 
357: 109.909 106.103 117.357 
358: 98.8208 70.1977 131.192 
359: 83.0361 154.762 76.5621 
360: 72.198 129.755 83.2725 
361: 111.317 122.827 97.641 
362: 64.2575 112.611 116.312 
363: 73.7446 113.696 61.1336 
364: 82.5148 140.1 81.0328 
365: 87.8213 122.652 87.1894 
366: 68.341 72.6486 139.474 
367: 119.322 152.896 99.8138 
368: 43.7377 65.4303 71.6862 
369: 54.252 86.1995 75.7649 
370: 60.921 53.1768 106.539 
371: 88.6321 100.272 112.155 
372: 105.573 81.9175 57.3518 
373: 25.2369 111.355 102.228 
374: 30.16 69.667 93.1638 
375: 118.792 112.853 129.55 
376: 107.746 98.6339 142.192 
377: 71.6122 174.776 108.049 
378: 128.163 106.364 90.9942 
379: 81.3833 140.554 122.069 
380: 121.06 150.572 70.9924 
381: 156.948 94.7732 98.1431 
382: 66.5889 87.1416 75.9975 
383: 108.651 109.426 150.902 
384: 90.0665 130.201 47.2896 
385: 90.8954 104.056 65.5498 
386: 103.328 78.2117 108.063 
387: 105.794 112.723 99.5571 
388: 80.7169 103.956 113.033 
389: 78.1404 87.8601 103.277 
390: 130.976 86.0054 52.914 
391: 51.6347 87.3079 77.9223 
392: 90.9304 90.4384 81.1068 
393: 82.6895 73.6773 152.212 
394: 78.3296 80.8898 111.949 
395: 42.5417 75.4264 125.654 
396: 91.4624 174.239 77.5598 
397: 114.413 38.9843 102.91 
398: 55.6131 114.556 157.642 
399: 94.8344 128.172 131.828 
400: 79.4339 113.785 68.0952 
401: 69.5767 60.5387 132.465 
402: 66.1449 120.502 45.3079 
403: 93.2898 112.436 177.935 
404: 135.696 46.7579 84.7261 
405: 111.15 119.792 131.41 
406: 56.3284 56.9006 119.352 
407: 101.173 85.3298 94.8739 
408: 109.101 99.0818 119.778 
409: 68.0493 173.479 84.4207 
410: 118.361 124.807 115.256 
411: 73.2458 64.3403 99.7858 
412: 80.3636 166.941 82.4361 
413: 82.0411 64.1557 148.512 
414: 68.8426 57.1726 122.261 
415: 149.679 83.2697 98.2645 
416: 59.7758 118.562 80.5482 
417: 42.0147 122.488 103.191 
418: 120.392 130.061 119.752 
419: 33.7867 116.465 90.3131 
420: 58.7378 99.9245 105.97 
421: 43.3456 78.8563 72.7136 
422: 77.5649 150.129 107.297 
423: 67.922 136.629 80.5641 
424: 86.4798 120.903 141.16 
425: 92.394 59.025 100.431 
426: 55.7056 91.8231 80.1949 
427: 74.4858 87.9759 140.989 
428: 83.07 163.497 78.024 
429: 55.4586 93.3652 60.5585 
430: 122.054 75.9566 112.504 
431: 42.4469 120.307 123.462 
432: 48.3704 104.975 72.0821 
433: 114.531 118.275 52.7022 
434: 97.9581 132.678 122.854 
435: 77.2971 98.6029 132.147 
436: 87.4705 32.2617 106.796 
437: 103.271 118.801 143.277 
438: 45.8893 73.3252 88.8474 
439: 140.768 96.1157 95.0315 
440: 58.825 72.2157 91.9453 
441: 57.4534 91.5261 59.4857 
442: 135.819 147.682 64.8022 
443: 101.723 112.8 85.9815 
444: 53.5387 70.1967 120.855 
445: 96.579 164.588 84.403 
446: 46.558 78.2009 123.805 
447: 111.05 158.453 97.2359 
448: 61.6603 143.337 66.0971 
449: 58.826 84.0945 125.626 
450: 109.858 41.4374 80.065 
451: 77.6224 115.882 137.55 
452: 98.8413 145.218 87.1918 
453: 88.3372 91.8056 114.637 
454: 96.9 127.604 153.702 
455: 79.2424 150.164 96.2324 
456: 112.786 153.397 132.493 
457: 88.2173 100.239 148.193 
458: 80.5447 89.55 78.2269 
459: 114.311 41.6482 107.771 
460: 52.8972 103.978 90.0069 
461: 114.299 106.247 62.0442 
462: 105.058 47.6179 101.877 
463: 87.3722 89.9894 139.72 
464: 150.26 62.8047 94.1796 
465: 71.9339 112.371 149.637 
466: 119.657 77.0296 68.844 
467: 101.65 56.5255 141.674 
468: 148.651 127.204 134.602 
469: 78.4234 54.2732 86.0336 
470: 160.679 77.4248 104.594 
471: 70.6473 69.5069 122.888 
472: 76.8671 63.4747 79.8221 
473: 145.403 66.6651 127.709 
474: 129.676 41.3392 116.618 
475: 99.8296 64.4418 101.756 
476: 77.1776 101.974 43.7967 
477: 50.7759 67.4549 133.147 
478: 72.4488 82.2459 50.3542 
479: 79.132 120.342 111.313 
480: 82.9511 80.1476 76.1553 
481: 41.3251 105.135 152.443 
482: 138.488 75.0225 96.6857 
483: 135.3 75.1617 68.9254 
484: 54.4528 129.145 54.2368 
485: 106.709 100.67 124.962 
486: 67.7046 64.1311 142.092 
487: 76.688 77.1924 105.17 
488: 70.2396 80.2438 56.4392 
489: 70.5307 125.445 82.7795 
490: 97.0055 142.074 81.9688 
491: 31.3788 98.7228 66.1814 
492: 119.595 124.686 99.1411 
493: 112.304 106.231 71.2528 
494: 98.9891 118.659 86.5923 
495: 82.97 158.635 114.377 
496: 79.3576 116.765 155.19 
497: 48.1182 87.2411 145.844 
498: 151.658 122.635 119.523 
499: 66.0316 117.496 49.7802 
500: 101.153 141.093 92.8956 
501: 100.592 129.768 58.8559 
502: 103.803 103.801 77.0969 
503: 113.508 85.4048 87.1836 
504: 67.2806 170.531 95.1239 
505: 14.1046 91.8853 102.172 
506: 76.6218 81.0841 133.186 
507: 51.0126 128.177 112.517 
508: 134.572 119.215 57.3493 
509: 112.929 80.2821 102.134 
510: 67.9631 148.515 85.6781 
511: 88.2488 146.132 75.3371 
512: 89.0598 94.9454 93.2899 
513: 84.529 116.605 90.2999 
514: 138.501 45.3332 102.618 
515: 65.2447 133.839 124.674 
516: 96.749 77.6771 174.28 
517: 105.016 117.963 54.6557 
518: 48.7415 106.029 151.562 
519: 76.4107 112.37 45.0113 
520: 62.0708 150.685 116.426 
521: 93.2444 102.66 78.6063 
522: 100.664 128.825 110.224 
523: 59.125 114.919 95.5256 
524: 72.5198 112.651 111.014 
525: 60.362 62.8943 126.345 
526: 120.12 103.721 106.398 
527: 54.3 101.574 100.232 
528: 79.524 164.389 119.287 
529: 40.7612 127.422 104.01 
530: 58.0932 128.686 122.241 
531: 77.4556 131.473 151.447 
532: 100.238 77.2782 127.731 
533: 117.024 30.4983 99.8811 
534: 103.577 81.2373 113.735 
535: 94.0536 103.823 70.7804 
536: 60.9452 128.327 56.9914 
537: 106.197 145.472 149.846 
538: 96.1919 117.826 127.496 
539: 76.5503 115.888 94.3762 
540: 97.0103 116.348 129.564 
541: 105.966 88.7507 149.017 
542: 34.303 135.097 64.4801 
543: 145.697 123.593 84.1029 
544: 86.2834 108.221 114.748 
545: 41.4233 119.638 117.8 
546: 66.7166 101.428 67.4151 
547: 70.2663 138.398 82.4216 
548: 89.2653 119.798 128.927 
549: 110.138 62.1147 151.61 
550: 92.7781 101.936 122.155 
551: 46.035 86.3437 87.6649 
552: 51.6203 131.126 89.4072 
553: 89.8758 149.668 107.006 
554: 45.1571 137.532 82.848 
555: 121.412 85.4431 21.8527 
556: 54.1819 76.5194 103.818 
557: 40.5869 76.7283 77.3198 
558: 96.7947 79.2621 163.06 
559: 100.276 100.181 142.58 
560: 164.886 70.1542 91.3542 
561: 60.2222 131.073 102.859 
562: 81.2987 123.893 71.0167 
563: 50.5752 125.85 36.4377 
564: 63.3033 95.3183 88.7913 
565: 114.993 127.15 145.955 
566: 113.489 155.579 68.6294 
567: 76.5277 93.0334 113.638 
568: 68.368 91.3919 115.719 
569: 115.181 74.2838 97.1314 
570: 78.7769 100.251 95.6765 
571: 43.4303 105.958 80.8692 
572: 90.2402 123.822 114.073 
573: 107.653 102.623 41.5857 
574: 115.453 119.12 74.8135 
575: 123.117 76.8312 118.178 
576: 75.272 140.165 81.6774 
577: 129.98 125.821 99.4071 
578: 79.3911 136.621 94.2277 
579: 55.6311 62.9462 98.9106 
580: 33.9629 55.6545 96.8173 
581: 115.6 91.6438 133.468 
582: 106.957 75.1718 103.776 
583: 122.293 119.945 122.572 
584: 66.135 117.428 121.744 
585: 73.5883 151.421 113.667 
586: 64.7426 109.421 50.9464 
587: 96.9224 153.468 86.3081 
588: 149.192 97.2904 128.454 
589: 61.2749 112.226 77.7339 
590: 69.0277 59.3552 67.9236 
591: 88.801 87.8041 127.578 
592: 62.1444 93.1583 46.7517 
593: 95.9944 79.6233 108.264 
594: 44.2377 80.3575 113.881 
595: 124.592 86.1886 74.2316 
596: 35.6257 117.279 86.6484 
597: 108.498 97.6548 124.147 
598: 71.4698 85.7047 96.8421 
599: 105.129 130.55 122.877 
600: 130.695 95.2541 142.574 
601: 51.7731 78.3299 83.3343 
602: 110.733 135.273 66.9446 
603: 85.5873 164.179 94.9306 
604: 83.8312 87.3067 75.872 
605: 95.2831 56.7838 64.4218 
606: 63.2833 125.464 61.5701 
607: 114.631 136.605 82.6337 
608: 101.795 71.692 138.361 
609: 65.6066 119.159 138.451 
610: 66.4618 114.916 98.8684 
611: 82.7021 94.1158 170.552 
612: 108.935 106.859 83.387 
613: 160.9 89.516 105.511 
614: 121.706 126.957 127.269 
615: 75.832 111.467 119.7 
616: 79.8371 102.077 146.621 
617: 41.0836 91.2203 114.45 
618: 59.2816 95.9388 126.817 
619: 68.6628 107.95 134.361 
620: 62.2504 142.651 75.1373 
621: 116.649 99.0977 72.2026 
622: 94.8339 46.194 107.871 
623: 81.2022 86.555 58.9051 
624: 66.7261 54.3985 129.347 
625: 62.1367 113.16 106.697 
626: 139.062 102.549 102.088 
627: 75.2821 98.065 54.5797 
628: 66.816 115.512 99.9309 
629: 55.329 98.3012 87.0525 
630: 107.878 69.3252 83.6675 
631: 53.106 67.8026 54.1413 
632: 88.9178 120.044 89.9012 
633: 86.5665 66.0181 76.738 
634: 75.518 151.468 96.8881 
635: 73.5473 100.561 91.6007 
636: 105.487 98.6506 77.4868 
637: 78.3012 154.653 85.4082 
638: 65.4792 124.77 123.98 
639: 75.0718 100.707 125.868 
640: 78.9217 30.5379 71.2019 
641: 113.019 86.0471 150.09 
642: 68.78 90.7565 96.039 
643: 87.2528 129.989 93.2497 
644: 55.4456 138.058 68.1118 
645: 86.7302 67.1898 114.66 
646: 71.7504 83.4837 135.208 
647: 92.7147 70.8272 103.128 
648: 81.0452 39.1583 115.64 
649: 127.47 115.077 53.0262 
650: 17.0708 96.1246 109.097 
651: 86.2554 125.799 173.014 
652: 19.62 136.31 73.5738 
653: 142.584 109.142 112.804 
654: 106.372 83.4411 114.3 
655: 90.6233 123.499 153.166 
656: 47.2798 98.4675 113.35 
657: 89.7232 131.155 86.6733 
658: 98.3731 54.3442 132.381 
659: 123.415 138.883 94.3265 
660: 102.041 44.9495 128.69 
661: 39.682 95.6056 54.1758 
662: 154.827 91.5328 71.706 
663: 36.76 126.118 132.9 
664: 61.8091 87.9918 104.166 
665: 71.9534 77.4813 73.7768 
666: 106.226 36.9944 107.513 
667: 93.6993 53.1226 134.896 
668: 131.104 120.323 146.21 
669: 73.9846 80.9422 69.2201 
670: 115.43 43.7089 109.145 
671: 54.4982 122.869 143.853 
672: 119.209 109.085 143.427 
673: 30.5067 97.1576 110.305 
674: 79.1791 80.1096 128.306 
675: 33.2213 117.241 61.0958 
676: 62.5846 88.1072 100.98 
677: 86.5016 68.8324 118.09 
678: 137.348 128.85 104.56 
679: 50.2353 86.8685 88.9567 
680: 63.3631 101.663 136.847 
681: 123.21 103.821 124.199 
682: 112.701 41.0424 88.0844 
683: 76.3874 131.572 111.73 
684: 96.4896 114.082 48.7143 
685: 92.9322 78.6467 131.53 
686: 76.6217 77.6402 92.8762 
687: 66.54 92.8098 91.0069 
688: 134.688 62.8964 124.219 
689: 122.932 74.4234 84.4531 
690: 114.128 93.3666 143.149 
691: 71.1135 129.523 62.5419 
692: 70.2027 106.734 136.75 
693: 87.8632 109.146 70.826 
694: 113.333 121.359 138.635 
695: 77.0694 100.752 104.521 
696: 58.1696 75.6721 152.53 
697: 59.4294 75.6179 91.8515 
698: 77.624 132.716 130.296 
699: 79.5856 110.171 109.746 
700: 92.7038 122.759 138.896 
701: 99.4098 103.285 157.677 
702: 104.426 63.8476 93.2494 
703: 97.1301 130.361 118.828 
704: 95.5356 107.912 171.078 
705: 111.989 105.203 92.9302 
706: 130.643 84.218 121.66 
707: 79.7054 169.509 77.2135 
708: 78.4243 85.2736 132.305 
709: 71.775 40.5705 82.8938 
710: 70.9406 117.895 64.211 
711: 112.892 117.505 115.32 
712: 124.591 66.3188 93.4158 
713: 41.4204 63.2055 73.2778 
714: 111.887 135.546 108.741 
715: 103.717 159.203 77.4127 
716: 76.4013 113.23 107.631 
717: 92.2737 42.4017 107.224 
718: 60.7647 110.955 47.4894 
719: 43.2987 90.3426 83.5226 
720: 87.0748 139.838 64.8364 
721: 94.8577 135.97 91.8439 
722: 93.0194 95.2911 70.0493 
723: 44.6303 61.4462 74.3284 
724: 74.8217 37.5047 50.4288 
725: 79.5324 66.853 69.0656 
726: 114.838 61.0249 46.3569 
727: 114.615 107.753 94.4453 
728: 127.971 144.325 110.51 
729: 91.7317 54.8137 97.5526 
730: 105.215 59.5621 129.993 
731: 62.1758 80.298 61.5229 
732: 109.855 71.0668 72.6007 
733: 85.5044 135.634 53.0319 
734: 106.563 109.883 92.8251 
735: 139.932 59.6326 78.3108 
736: 43.4104 71.628 67.8976 
737: 102.174 63.394 133.907 
738: 100.35 98.7537 135.231 
739: 94.4254 89.2352 69.9216 
740: 92.649 129.903 82.7207 
741: 16.876 124.684 76.0675 
742: 61.1556 124.387 98.9289 
743: 52.8588 75.9486 124.187 
744: 104.722 102.116 20.4086 
745: 104.535 79.7555 133.758 
746: 94.472 115.656 40.4702 
747: 27.2233 76.3625 79.5396 
748: 97.03 104.504 121.962 
749: 112.556 114.104 127.674 
750: 77.6183 118.709 104.652 
751: 109.669 134.65 110.656 
752: 67.5457 52.5577 49.0399 
753: 79.5261 129.991 101.892 
754: 124.35 98.7827 79.0395 
755: 84.0558 103.027 35.8541 
756: 89.4589 85.2161 117.308 
757: 128.102 143.901 112.762 
758: 90.356 143.507 124.376 
759: 59.8273 94.0271 84.7425 
760: 72.1189 87.285 75.2597 
761: 120.259 72.9095 78.0812 
762: 37.9708 67.0792 72.796 
763: 106.261 121.65 109.139 
764: 97.192 58.658 97.8808 
765: 84.39 129.369 147.756 
766: 81.2267 91.7438 128.295 
767: 96.4041 71.8177 107.919 
768: 130.748 113.358 71.0504 
769: 112.718 146.589 80.018 
770: 92.796 115.881 100.299 
771: 121.414 131.237 70.8718 
772: 67.061 126.203 109.737 
773: 75.9417 113.594 175.619 
774: 76.6981 69.8217 80.075 
775: 85.1718 69.1489 97.5742 
776: 87.228 121.527 38.6795 
777: 115.659 156.834 77.3302 
778: 101.302 102.487 34.3617 
779: 61.0556 98.0184 75.6451 
780: 102.664 59.7677 142.041 
781: 95.3479 86.4669 88.1088 
782: 128.793 67.8462 154.556 
783: 62.5311 99.4355 57.9514 
784: 96.8974 131.22 107.684 
785: 76.571 75.1379 80.9749 
786: 55.8069 89.8015 98.6428 
787: 94.5511 63.4829 120.54 
788: 57.6018 153.978 117.993 
789: 79.3357 42.2877 91.0032 
790: 50.3147 80.9829 85.1347 
791: 72.8493 153.411 73.5184 
792: 114.181 135.245 148.08 
793: 83.4323 123.824 84.2678 
794: 60.1333 146.549 135.485 
795: 50.3648 98.3819 108.715 
796: 118.253 99.8943 132.029 
797: 115.115 108.65 115.241 
798: 111.628 127.254 51.5882 
799: 135.139 115.403 84.3225 
800: 85.0693 118.163 111.306 
801: 94.2062 63.684 78.3086 
802: 86.5024 149.087 86.5999 
803: 80.8312 116.685 130.594 
804: 91.3256 94.7777 66.3168 
805: 103.13 99.3188 44.7854 
806: 115.465 126.492 106.916 
807: 112.222 79.1873 133.342 
808: 129.962 46.9432 90.9939 
809: 94.3184 105.564 141.317 
810: 61.8997 87.923 119.643 
811: 133.609 129.462 133.844 
812: 98.4924 150.428 71.4967 
813: 101.414 71.5168 112.847 
814: 126.168 84.4396 138.852 
815: 54.4267 71.7971 140.487 
816: 98.0918 108.449 104.007 
817: 109.801 128.244 61.0177 
818: 65.0379 124.137 100.314 
819: 44.0683 101.306 111.13 
820: 98.1991 70.2311 112.729 
821: 96.6476 121.685 123.405 
822: 90.0627 74.22 154.993 
823: 83.0923 115.285 123.866 
824: 89.7229 129.545 107.196 
825: 126.133 71.4509 131.39 
826: 60.55 156.527 63.6041 
827: 30.82 101.39 69.5028 
828: 106.276 136.375 103.664 
829: 73.9289 119.054 65.7305 
830: 127.976 66.9148 124.908 
831: 130.823 96.5511 105.624 
832: 119.435 112.076 88.3403 
833: 126.128 83.8464 83.3562 
834: 62.8307 84.2216 134.177 
835: 62.6054 142.638 97.9002 
836: 100.042 125.042 118.621 
837: 101.048 89.2256 118.16 
838: 95.3347 23.9697 110.285 
839: 100.478 109.128 98.3655 
840: 128.306 57.3364 97.7941 
841: 143.981 128.454 120.966 
842: 62.7681 100.385 116.235 
843: 91.0678 66.0267 108.918 
844: 134.433 121.396 60.991 
845: 64.6927 76.4421 101.589 
846: 76.6282 63.9269 86.1448 
847: 114.827 76.906 97.2962 
848: 111.385 77.5118 125.067 
849: 156.578 115.284 110.669 
850: 116.105 131.888 69.1326 
851: 119.711 89.3112 38.1413 
852: 95.4667 36.8757 125.282 
853: 89.3586 107.858 109.963 
854: 65.5093 110.829 113.417 
855: 28.8495 80.765 118.683 
856: 50.1067 133.111 140.772 
857: 64.84 145.551 60.2676 
858: 161.227 106.42 109.687 
859: 104.251 84.6422 158.295 
860: 113.989 123.123 103.424 
861: 72.6387 46.4798 124.485 
862: 95.4832 75.6553 103.896 
863: 81.0252 69.077 90.872 
864: 52.768 96.2898 73.8474 
865: 68.352 157.673 109.975 
866: 42.3802 73.2437 66.0652 
867: 153.222 102.082 105.665 
868: 19.2112 111.74 104.164 
869: 108.233 95.7612 42.9971 
870: 66.9839 98.4544 99.5228 
871: 42.2469 104.428 127.98 
872: 74.1944 122.114 169.869 
873: 100.409 86.6814 106.502 
874: 81.372 100.321 55.4129 
875: 130.083 69.9943 107.489 
876: 52.0876 127.693 101.585 
877: 100.425 121.575 100.531 
878: 111.647 98.0371 74.4007 
879: 50.2611 60.9354 99.9894 
880: 75.484 105.929 75.4791 
881: 67.0945 107.717 78.5515 
882: 113 145.099 142.37 
883: 90.736 120.264 109.486 
884: 37.4043 132.207 74.0223 
885: 94.9362 96.7343 65.9313 
886: 78.5715 154.545 107.041 
887: 86.6107 128.443 119.023 
888: 71.4412 95.4699 74.0524 
889: 116.096 134.174 92.4566 
890: 82.4836 60.1157 87.3173 
891: 102.133 132.919 127.871 
892: 103.731 141.324 139.724 
893: 40.8116 116.283 89.5603 
894: 97.8494 84.7554 86.0834 
895: 84.8447 118.884 40.1459 
896: 95.0711 101.736 117.35 
897: 84.5907 88.0209 103.265 
898: 47.5011 36.1825 107.927 
899: 78.6654 121.488 157.431 
900: 72.5726 105.99 91.9169 
901: 76.6026 46.4921 117.034 
902: 86.6779 31.2631 65.5858 
903: 161.39 101.182 120.573 
904: 125.39 119.304 87.5063 
905: 145.484 133.699 99.2211 
906: 80.2966 138.926 124.839 
907: 44.7185 113.854 88.7917 
908: 98.5867 110.923 66.2338 
909: 83.3651 73.9161 128.399 
910: 94.1543 111.65 68.1576 
911: 24.4949 115.311 111.246 
912: 79.116 102.473 88.6663 
913: 96.4884 109.464 131.465 
914: 104.546 107.855 71.3549 
915: 60.5093 151.461 120.63 
916: 90.3118 36.3666 120.402 
917: 94.1188 96.6501 74.9023 
918: 84.9813 102.669 26.1987 
919: 104.019 73.615 92.1937 
920: 119.671 116.229 93.8708 
921: 74.4827 88.26 135.439 
922: 63.7522 44.7998 95.58 
923: 53.2229 105.76 70.671 
924: 90.8042 96.2776 136.357 
925: 72.5049 143.063 129.087 
926: 28.2622 87.1667 100.953 
927: 94.7858 88.5452 139.648 
928: 69.9554 86.8113 138.209 
929: 73.0035 120.643 68.9789 
930: 92.0853 106.164 101.137 
931: 118.106 110.829 47.9199 
932: 96.4163 112.616 166.656 
933: 71.741 128.605 106.243 
934: 78.3203 166.667 115.369 
935: 152.363 134.356 80.3725 
936: 73.5767 141.321 62.1199 
937: 103.874 38.6592 120.254 
938: 98.8938 95.0421 104.01 
939: 75.5671 114.956 115.829 
940: 72.56 69.2593 139.174 
941: 40.0693 123.649 126.547 
942: 115.409 124.916 141.223 
943: 52.32 67.465 126.38 
944: 120.358 88.7181 49.8997 
945: 95.1613 109.043 80.4918 
946: 91.3399 152.328 102.421 
947: 26.1911 108.447 126.98 
948: 93.2987 91.9742 78.781 
949: 111.543 150.593 70.9682 
950: 65.0624 119.505 48.878 
951: 129.999 104.984 109.755 
952: 70.014 61.7052 145.113 
953: 72.5849 103.723 109.161 
954: 75.066 128.341 131.387 
955: 134.922 118.906 142.349 
956: 103.556 97.3696 69.6298 
957: 82.663 113.377 86.1512 
958: 50.2961 127.193 97.0284 
959: 66.1713 116.413 117.836 
960: 65.4567 97.3085 101.504 
961: 84.2033 106.831 86.7674 
962: 82.8507 77.8454 105.126 
963: 108.888 44.4846 106.633 
964: 115.385 70.4541 96.5895 
965: 98.4849 137.125 149.391 
966: 53.0601 66.7787 64.1956 
967: 93.8667 96.4101 74.9907 
968: 26.0747 96.4112 112.648 
969: 64.0194 129.789 122.932 
970: 87.8174 41.1227 125.99 
971: 33.8154 104.806 101.785 
972: 89.5973 142.108 108.838 
973: 95.5601 118.393 113.897 
974: 143.091 117.056 118.082 
975: 114.502 16.3123 87.6467 
976: 110.154 73.6893 156.702 
977: 71.1831 107.515 114.257 
978: 162.1 110.389 108.467 
979: 92.168 55.882 141.542 
980: 115.877 92.0979 119.055 
981: 16.3882 74.1963 119.986 
982: 108.376 118.591 153.52 
983: 110.26 107.722 98.5824 
984: 136.823 70.8772 83.5597 
985: 99.4251 138.772 80.5117 
986: 24.5494 81.5706 128.469 
987: 69.8771 134.65 131.949 
988: 132.998 103.537 102.828 
989: 42.6835 69.4455 59.9047 
990: 115.32 135.286 93.1815 
991: 97.5474 39.4363 120.28 
992: 138.9 44.0915 99.1916 
993: 52.5556 96.5443 63.6819 
994: 145.389 100.082 101.316 
995: 93.9271 107.702 140.826 
996: 84.969 45.714 81.1243 
997: 101.038 69.5245 115.621 
998: 113.195 130.383 60.3959 
999: 99.2904 96.4807 70.9343 
1000: 46.6525 153.612 100.251 
1001: 75.7183 70.6773 60.5842 
1002: 126.36 125.204 34.0284 
1003: 83.0464 124.973 120.923 
1004: 102.782 78.9233 31.5612 
1005: 70.2046 114.6 112.431 
1006: 83.3407 85.5362 127.946 
1007: 111.254 113.689 124.977 
1008: 80.6612 54.7435 127.293 
1009: 127.265 137.211 143.023 
1010: 84.48 88.8589 107.953 
1011: 109.113 125.834 79.7973 
1012: 148.944 95.0634 132.176 
1013: 84.1392 112.788 140.46 
1014: 111.994 107.91 51.6814 
1015: 82.5657 96.4526 124.281 
1016: 90.84 83.4198 89.5685 
1017: 115.463 117.84 146.422 
1018: 25.4267 67.801 95.3025 
1019: 60.6878 95.5363 94.2565 
1020: 62.2738 119.904 133.065 
1021: 98.1093 58.9965 84.5292 
1022: 92.8933 106.496 91.5133 
1023: 36.8267 97.4742 88.5711 
1024: 85.9654 134.404 138.385 
1025: 67.8553 115.29 100.265 
1026: 46.1316 103.163 66.3317 
1027: 165.815 96.4681 107.657 
1028: 91.5596 65.4427 72.2253 
1029: 50.1582 91.7685 67.1308 
1030: 142.803 92.5431 97.8985 
1031: 61.5437 60.8445 73.6509 
1032: 100.341 126.922 59.1524 
1033: 55.518 93.7779 119.918 
1034: 113.78 154.266 111.287 
1035: 99.9417 129.358 103.872 
1036: 80.1929 88.4952 107.61 
1037: 113.499 107.701 77.5726 
1038: 41.9213 117.15 88.2184 
1039: 67.7379 65.7726 94.4671 
1040: 79.4465 72.3274 121.961 
1041: 78.2993 58.0459 133.186 
1042: 115.54 88.9106 71.1716 
1043: 120.18 90.4562 109.08 
1044: 99.2739 115.434 107.538 
1045: 90.224 69.3165 87.4402 
1046: 129.987 134.883 75.7395 
1047: 82.3496 77.8006 152.024 
1048: 139.526 55.4608 90.3092 
1049: 86.0401 98.6783 107.888 
1050: 111.887 142.509 113.55 
1051: 72.9729 111.329 126.137 
1052: 84.8992 128.537 153.288 
1053: 74.446 118.714 118.147 
1054: 106.134 106.521 67.5113 
1055: 75.6378 138.92 82.7592 
1056: 56.4961 150.105 99.124 
1057: 95.5368 32.0868 81.9666 
1058: 66.6696 59.4759 80.1448 
1059: 49.1789 49.4339 84.6897 
1060: 69.7103 102.497 131.34 
1061: 72.7998 62.6973 115.528 
1062: 59.4567 83.2776 106.866 
1063: 96.7484 157.875 101.618 
1064: 72.1733 107.394 138.017 
1065: 99.608 128.482 165.442 
1066: 93.3126 88.1015 87.1133 
1067: 68.467 48.0788 122.624 
1068: 103.993 129.988 112.556 
1069: 111.795 68.1238 57.994 
1070: 52.9462 107.402 92.4861 
1071: 64.1538 121.632 74.1583 
1072: 93.8972 115.225 39.6979 
1073: 48.3483 128.405 78.1543 
1074: 104.904 121.02 103.77 
1075: 117.625 83.5742 90.7862 
1076: 124.85 126.292 128.036 
1077: 41.8763 95.9934 95.498 
1078: 105.331 103.427 99.2153 
1079: 104.413 122.885 71.3128 
1080: 74.7984 101.861 54.9552 
1081: 109.564 73.5839 73.4756 
1082: 61.933 146.114 57.2864 
1083: 117.878 121.349 114.731 
1084: 51.2054 113.045 129.853 
1085: 92.9495 83.0896 76.7708 
1086: 103.817 85.39 123.829 
1087: 113.342 90.8402 58.2126 
1088: 116.212 117.827 66.7174 
1089: 68.7003 108.125 109.036 
1090: 81.9056 130.152 58.7921 
1091: 131.262 114.121 106.626 
1092: 62.2229 59.2105 75.2035 
1093: 113.862 91.4724 147.833 
1094: 139.544 121.49 130.611 
1095: 110.791 121.905 112.789 
1096: 44.5062 115.939 144.63 
1097: 65.3404 88.8225 95.8893 
1098: 135.538 105.153 80.5971 
1099: 68.121 73.1454 146.583 
1100: 75.1579 58.4168 68.8108 
1101: 101.394 88.5345 104.605 
1102: 122.219 148.585 71.9407 
1103: 55.7888 65.6644 107.437 
1104: 78.5485 111.937 90.3444 
1105: 94.9832 46.7594 85.6977 
1106: 91.2233 131.716 101.739 
1107: 109.146 115.01 100.076 
1108: 66.7404 85.9273 108.483 
1109: 92.9583 54.0786 132.265 
1110: 54.8471 134.568 146.406 
1111: 107.731 103.344 139.661 
1112: 78.3262 138.39 120.105 
1113: 90.4849 97.8617 116.624 
1114: 54.9876 96.5435 95.9594 
1115: 103.495 85.4815 142.985 
1116: 44.1889 63.7427 132.644 
1117: 74.0558 103.807 100.031 
1118: 80.3073 76.134 107.676 
1119: 103.056 80.4623 96.8814 
1120: 82.6004 135.053 113.425 
1121: 99.7035 125.088 124.968 
1122: 99.5532 71.4454 96.8601 
1123: 77.8142 101.175 164.934 
1124: 80.1144 143.359 108.095 
1125: 118.224 77.1932 154.892 
1126: 75.9751 133.692 132.808 
1127: 39.3966 73.9234 127.045 
1128: 90.5902 101.83 93.1324 
1129: 64.803 116.085 121.508 
1130: 74.488 91.0788 37.1808 
1131: 90.1307 103.197 78.6888 
1132: 63.8208 47.6563 103.982 
1133: 114.032 134.922 102.354 
1134: 93.7262 111.241 86.2355 
1135: 93.99 96.9413 145.213 
1136: 123.17 108.426 77.83 
1137: 99.5967 94.3406 65.1335 
1138: 74.7791 109.524 97.6364 
1139: 100.789 88.057 73.8179 
1140: 66.4684 54.424 111.725 
1141: 104.384 87.7822 128.13 
1142: 84.7282 101.14 99.8339 
1143: 89.1872 56.5543 113.269 
1144: 96.8296 144.167 96.4782 
1145: 97.4822 110.546 122.092 
1146: 101.734 82.4539 142.242 
1147: 60.1709 96.411 80.129 
1148: 101.887 114.839 118.188 
1149: 84.8477 115.058 32.3723 
1150: 82.5753 38.5709 96.5795 
1151: 89.5182 99.7879 71.291 
1152: 75.557 111.927 98.2509 
1153: 122.839 107.985 134.194 
1154: 62.3044 149.145 77.725 
1155: 114.268 91.4518 137.777 
1156: 106.523 88.2208 98.0165 
1157: 83.5058 96.3437 126.852 
1158: 95.6287 123.236 115.27 
1159: 115.789 88.2987 120.782 
1160: 85.0024 114.666 52.1641 
1161: 58.3523 60.9034 125.853 
1162: 71.9534 88.6831 101.128 
1163: 80.2054 121.371 99.7257 
1164: 125.632 131.533 139.036 
1165: 84.8137 99.7271 113.965 
1166: 82.8236 77.0671 151.85 
1167: 96.9686 132.414 118.561 
1168: 138.851 133.01 129.516 
1169: 127.654 114.291 142.724 
1170: 110.853 48.4564 68.1465 
1171: 79.6406 142.344 121.037 
1172: 85.0867 74.2225 75.0423 
1173: 102.419 99.663 146.77 
1174: 81.776 111.323 113.418 
1175: 154.879 109.29 97.4628 
1176: 89.3336 145.44 70.3207 
1177: 91.6312 135.6 124.477 
1178: 37.6444 99.9592 134.322 
1179: 133.747 72.2601 90.5071 
1180: 103.516 135.257 71.3979 
1181: 108.899 128.977 42.6281 
1182: 86.4416 146.319 93.5271 
1183: 71.6577 82.2328 120.287 
1184: 62.9693 96.6094 88.0841 
1185: 67.58 69.1096 132.209 
1186: 122.963 125.651 135.254 
1187: 39.8307 99.241 98.6598 
1188: 121.757 122.677 87.0597 
1189: 95.095 68.7112 101.468 
1190: 142.124 117.266 132.561 
1191: 106.353 90.6599 127.631 
1192: 84.4646 94.154 89.3709 
1193: 53.0912 119.23 61.3538 
1194: 66.5461 85.7888 59.2295 
1195: 67.3816 114.985 124.105 
1196: 48.7028 124.135 100.059 
1197: 90.1566 94.0367 94.2963 
1198: 78.2751 103.427 154.81 
1199: 104.097 156.1 148.97 
1200: 91.4193 126.26 55.5673 
1201: 81.9817 76.4449 103.508 
1202: 21.4596 101 102.062 
1203: 151.483 99.9296 62.2923 
1204: 98.8836 111.783 144.691 
1205: 127.347 128.031 133.839 
1206: 63.4288 88.7346 79.5869 
1207: 143.814 119.822 53.5306 
1208: 88.2531 117.291 54.9068 
1209: 71.2804 57.1974 128.956 
1210: 107.203 56.8185 68.8242 
1211: 82.8142 139.38 63.0809 
1212: 52.2716 81.1082 98.0443 
1213: 87.9224 89.157 156.901 
1214: 58.5693 144.281 74.0269 
1215: 92.4477 97.8277 136.053 
1216: 79.3582 60.1447 103.669 
1217: 64.0906 132.124 127.653 
1218: 90.491 150.391 103.17 
1219: 62.366 79.244 95.065 
1220: 83.1278 180.1 109.34 
1221: 71.5457 108.7 41.44 
1222: 87.3771 65.6754 110.653 
1223: 117.233 97.855 96.916 
1224: 118.772 56.9173 65.2051 
1225: 83.3328 66.5347 51.4189 
1226: 81.3641 104.422 131.103 
1227: 49.123 100.626 120.73 
1228: 142 116.708 94.5858 
1229: 91.3114 87.6481 64.5878 
1230: 93.2269 106.625 95.6077 
1231: 75.5867 84.6426 110.89 
1232: 68.4116 88.64 61.3017 
1233: 53.4942 123.383 132.896 
1234: 64.2445 49.7638 97.338 
1235: 96.9191 108.434 78.0584 
1236: 89.6293 186.092 90.9996 
1237: 57.3007 118.688 84.2707 
1238: 69.3733 82.4603 66.096 
1239: 136.149 76.3085 55.8628 
1240: 84.1433 111.876 175.455 
1241: 73.6707 114.464 58.5406 
1242: 108.933 123.936 68.1104 
1243: 44.637 75.6552 153.399 
1244: 111.781 84.5243 104.604 
1245: 62.7071 80.2647 53.6272 
1246: 66.4061 97.0507 105.175 
1247: 56.204 94.4501 71.9444 
1248: 73.0111 91.149 61.7822 
1249: 32.6093 98.3663 119.105 
1250: 117.148 54.4568 94.6116 
1251: 129.715 106.021 94.8209 
1252: 100.93 145.844 89.0254 
1253: 76.1733 132.827 120.246 
1254: 97.459 110.919 29.332 
1255: 77.0944 106.929 125.663 
1256: 89.3317 89.9718 108.951 
1257: 109.52 94.7498 145.244 
1258: 86.3943 68.4876 98.3368 
1259: 61.7001 76.1795 71.0432 
1260: 76.9064 156.84 111.899 
1261: 67.7341 116.113 138.898 
1262: 60.718 140.506 104.073 
1263: 76.6507 81.0709 111.627 
1264: 74.5078 80.5193 97.3487 
1265: 115.431 89.5517 76.3092 
1266: 124.572 118.655 129.229 
1267: 60.0674 151.541 101.104 
1268: 43.8153 92.212 102.531 
1269: 113.552 52.9253 118.844 
1270: 137.698 70.2626 116.569 
1271: 74.487 107.243 100.062 
1272: 47.2393 143.296 102.33 
1273: 66.3929 118.243 112.398 
1274: 138.052 121.843 33.2192 
1275: 100.162 70.5321 126.432 
1276: 38.8684 93.7296 117.06 
1277: 93.0133 102.435 158.375 
1278: 51.3454 133.224 59.0297 
1279: 107.956 88.0105 78.0409 
1280: 82.3871 129.077 130.254 
1281: 60.6317 70.0048 80.987 
1282: 60.1179 111.126 60.4598 
1283: 85.2352 125.134 166.256 
1284: 92.4017 115.74 106.047 
1285: 110.475 91.8553 58.4242 
1286: 84.7324 125.474 104.246 
1287: 84.2959 130.561 144.051 
1288: 131.784 89.3467 139.916 
1289: 129.037 49.4436 73.4731 
1290: 107.776 113.649 153.249 
1291: 97.3424 122.778 90.0969 
1292: 146.382 82.9304 54.1508 
1293: 105.673 76.7932 115.671 
1294: 77.6 96.3231 121.02 
1295: 125.002 84.4423 82.5754 
1296: 74.1221 56.59 74.5902 
1297: 125.016 95.8771 154.166 
1298: 87.5983 96.3288 80.139 
1299: 114.856 105.9 92.0223 
1300: 89.4743 85.0451 99.9927 
1301: 67.2211 68.2423 108.146 
1302: 105.943 147.038 68.5911 
1303: 12.4983 109.745 107.071 
1304: 66.2828 109.073 64.1582 
1305: 94.476 66.1505 107.643 
1306: 89.7384 117.228 51.9797 
1307: 92.8776 38.1385 90.9164 
1308: 96.1716 154.226 133.764 
1309: 72.6693 51.8622 112.744 
1310: 97.5312 139.214 110.866 
1311: 92.2272 124.519 89.074 
1312: 84.3182 37.9123 114.678 
1313: 120.839 132.437 114.211 
1314: 85.4111 57.4189 113.125 
1315: 94.9353 97.2609 137.918 
1316: 147.023 90.6109 62.5771 
1317: 61.4312 91.8161 83.8739 
1318: 85.1813 134.87 104.072 
1319: 109.091 114.399 69.5414 
1320: 70.3605 114.988 89.7102 
1321: 34.5279 117.74 59.5054 
1322: 64.5717 79.4379 82.8302 
1323: 44.2833 98.116 125.918 
1324: 64.17 158.173 103.819 
1325: 63.723 84.1289 134.591 
1326: 138.033 124.422 118.404 
1327: 67.9189 164.145 111.503 
1328: 104.111 132.981 73.9404 
1329: 68.9774 129.168 84.3825 
1330: 66.5967 168.448 120.954 
1331: 136.007 75.7478 67.6791 
1332: 114.069 74.3847 145.619 
1333: 106.094 79.6828 130.065 
1334: 100.542 105.716 82.2901 
1335: 96.8582 44.8703 119.069 
1336: 106.627 94.0468 76.9282 
1337: 139.347 114.994 92.1464 
1338: 75.0815 104.569 171.358 
1339: 122.114 130.683 116.806 
1340: 90.1164 91.6616 138.823 
1341: 130.092 114.167 112.157 
1342: 14.8631 132.556 82.6875 
1343: 87.8145 120.736 111.373 
1344: 93.936 124.482 94.6986 
1345: 97.3848 116.608 26.0725 
1346: 87.7283 89.1531 146.852 
1347: 79.8518 42.5123 113 
1348: 71.4128 154.606 101.764 
1349: 122.328 102 145.379 
1350: 111.353 100.66 43.5388 
1351: 93.8946 123.603 52.184 
1352: 47.8047 72.9461 56.4824 
1353: 109.731 161.657 79.877 
1354: 136.144 110.908 86.5684 
1355: 97.4044 126.605 76.8042 
1356: 94.0554 78.7628 135.077 
1357: 87.874 96.18 55.4417 
1358: 137.863 107.478 54.45 
1359: 98.12 101.979 67.34 
1360: 47.8409 99.4087 95.8622 
1361: 147.707 86.6774 73.3451 
1362: 113.916 84.0382 169.124 
1363: 108.16 113.768 167.96 
1364: 81.9187 105.367 46.301 
1365: 110.79 118.653 100.324 
1366: 64.0868 89.0295 137.806 
1367: 42.2831 83.4702 84.8231 
1368: 136.323 123.049 64.6367 
1369: 84.7307 89.5722 150.596 
1370: 38.7786 85.5152 87.9277 
1371: 117.069 113.199 112.454 
1372: 81.2812 95.557 104.286 
1373: 88.6589 65.3711 102.722 
1374: 115.121 149.502 118.894 
1375: 37.3927 121.097 82.6478 
1376: 43.99 116.643 106.453 
1377: 86.1319 103.534 118.808 
1378: 100.882 84.2339 117.251 
1379: 72.9061 128.458 124.554 
1380: 64.4541 142.625 93.9531 
1381: 115.42 110.511 93.1389 
1382: 104.433 114.261 107.097 
1383: 130.015 110.592 112.413 
1384: 34.1678 84.972 99.9902 
1385: 117.925 139.596 69.4273 
1386: 121.855 62.1158 85.6819 
1387: 145.38 63.7478 117.883 
1388: 55.7198 75.3487 101.843 
1389: 49.299 86.3347 50.4099 
1390: 86.9631 107.22 96.1754 
1391: 111.276 99.6841 100.947 
1392: 100.894 102.94 64.5787 
1393: 94.3424 135.958 105.202 
1394: 68.0807 54.1565 117.701 
1395: 107.45 132.032 110.796 
1396: 103.465 87.4981 46.3113 
1397: 54.3422 112.058 81.708 
1398: 77.9636 107.411 117.431 
1399: 77.3846 117.732 132.852 
1400: 88.4776 63.3909 78.4734 
1401: 77.6038 85.6611 92.37 
1402: 60.3949 104.133 72.178 
1403: 102.702 146.04 123.4 
1404: 114.144 81.4462 157.304 
1405: 162.443 115.022 102.407 
1406: 109.58 70.816 96.1798 
1407: 59.6107 108.841 100.901 
1408: 30.84 136.636 108.393 
1409: 53.4451 77.9035 42.8299 
1410: 118.213 90.9792 109.58 
1411: 71.6432 111.463 99.0416 
1412: 112.645 72.9992 84.6668 
1413: 36.6973 133.466 101.516 
1414: 48.7573 171.947 110.587 
1415: 36.1418 109.43 61.1847 
1416: 125.946 104.568 105.833 
1417: 63.4288 134.153 131.09 
1418: 62.727 61.7769 102.164 
1419: 45.8782 126.984 162.974 
1420: 84.4488 73.9327 85.5852 
1421: 64.6209 127.489 61.9928 
1422: 61.3342 108.411 121.039 
1423: 167.803 112.257 79.8029 
1424: 72.5041 135.49 39.4582 
1425: 56.9312 119.436 33.6276 
1426: 54.8654 68.1831 128.378 
1427: 135.125 119.096 87.87 
1428: 78.72 127.188 135.419 
1429: 139.798 133.362 59.3887 
1430: 90.5802 112.142 90.3432 
1431: 117.355 120.222 121.191 
1432: 107.974 74.6393 110.974 
1433: 58.7508 122.03 140.155 
1434: 91.0658 156.068 83.5322 
1435: 114.316 137.382 73.3625 
1436: 99.0826 140.043 144.413 
1437: 97.626 140.973 54.442 
1438: 13.5764 105.886 104.398 
1439: 21.6113 114.725 110.15 
1440: 79.5467 126.131 69.9835 
1441: 72.14 89.0148 121.095 
1442: 20.24 90.8318 115.166 
1443: 129.981 138.396 113.358 
1444: 88.7631 71.7909 101.37 
1445: 38.1451 121.664 79.2226 
1446: 104.389 71.765 115.003 
1447: 75.7994 50.6839 79.47 
1448: 74.7548 62.0744 102.615 
1449: 166.719 101.921 79.5381 
1450: 58.969 173.677 109.611 
1451: 162.71 91.839 122.509 
1452: 81.575 73.9087 137.563 
1453: 73.7876 106.351 133.66 
1454: 111.462 90.2914 37.6954 
1455: 63.351 73.5371 80.3463 
1456: 120.972 118.97 129.626 
1457: 103.266 103.869 46.2822 
1458: 144.295 120.02 80.3489 
1459: 67.2554 30.5722 119.494 
1460: 90.2935 64.8547 146.019 
1461: 61.2227 60.0908 139.526 
1462: 81.2533 109.037 99.0951 
1463: 140.95 100.727 140.901 
1464: 99.6909 86.8118 102.467 
1465: 117.304 101.555 50.0184 
1466: 73.6371 69.5642 141.02 
1467: 130.548 118.184 98.022 
1468: 58.9054 45.3695 133.689 
1469: 116.72 128.254 114.472 
1470: 127.478 93.3237 94.0386 
1471: 114.165 124.551 77.5106 
1472: 87.7289 127.192 131.177 
1473: 99.1672 132.673 106.694 
1474: 58.6293 83.8522 88.9324 
1475: 114.791 112.092 97.4347 
1476: 60.1493 97.1143 58.275 
1477: 116.79 88.9526 56.8279 
1478: 80.0431 101.445 115.516 
1479: 81.098 102.737 76.4036 
1480: 56.3573 79.3671 90.0084 
1481: 120.572 158.634 129.451 
1482: 129.512 71.0415 135.96 
1483: 107.629 122.251 35.5173 
1484: 108.663 79.1016 83.3027 
1485: 145 67.0841 75.8063 
1486: 95.5586 67.4722 101.983 
1487: 112.567 57.3869 137.793 
1488: 28.9369 114.2 122.027 
1489: 96.4424 77.9039 125.096 
1490: 78.3212 86.0025 144.89 
1491: 96.289 130.28 119.196 
1492: 103.975 109.799 56.6516 
1493: 101.412 41.9772 96.4369 
1494: 104.73 82.9298 67.1377 
1495: 158.214 63.6946 67.132 
1496: 103.516 97.323 117.344 
1497: 45.1447 61.6712 94.8166 
1498: 137.445 116.129 114.427 
1499: 95.9085 44.4517 140.189 
1500: 52.2934 88.9484 69.211 
1501: 88.4299 89.9944 33.3909 
1502: 74.2457 39.4037 110.271 
1503: 26.6278 103.086 87.8512 
1504: 80.0926 100.14 134.369 
1505: 62.0468 90.7308 174.375 
1506: 67.9116 96.0721 74.2437 
1507: 82.4409 136.168 90.601 
1508: 107.907 79.6733 140.589 
1509: 123.167 124.639 62.9598 
1510: 47.1592 72.1745 131.463 
1511: 32.0218 103.176 146.432 
1512: 41.1384 70.9462 121.525 
1513: 122.916 93.6111 85.6997 
1514: 94.0963 131.506 64.5135 
1515: 100.524 86.3665 81.1414 
1516: 136.415 117.842 53.5791 
1517: 115.485 34.2307 89.6692 
1518: 82.7342 51.7824 122.042 
1519: 36.791 71.3314 93.2651 
1520: 31.5696 99.7329 107.982 
1521: 114.227 122.708 81.3962 
1522: 104.689 123.355 86.9723 
1523: 88.2098 59.3977 101.449 
1524: 116.841 78.9646 79.0254 
1525: 128.115 97.7914 70.3517 
1526: 105.844 160.348 91.916 
1527: 63.096 98.652 114.253 
1528: 74.1982 111.742 175.201 
1529: 70.094 130.367 89.8337 
1530: 60.2263 128.988 58.4642 
1531: 62.0441 79.6668 124.839 
1532: 103.199 143.352 101.579 
1533: 76.3672 151.244 101.872 
1534: 66.2262 148.577 109.016 
1535: 111.653 139.248 58.0864 
1536: 91.6361 75.1864 142.485 
1537: 89.3883 106.962 129.341 
1538: 61.0042 133.661 155.825 
1539: 94.0767 101.063 141.358 
1540: 86.224 95.2005 119.25 
1541: 115.5 61.3419 85.2405 
1542: 98.3622 125.509 147.647 
1543: 127.908 90.7272 123.4 
1544: 50.3211 98.65 93.7753 
1545: 49.7954 97.8685 75.5281 
1546: 104.1 42.087 83.0127 
1547: 75.4791 82.2711 94.9467 
1548: 37.8867 101.641 131.62 
1549: 74.6207 112.115 96.0538 
1550: 92.7639 75.5453 56.9449 
1551: 95.3881 128.555 45.9365 
1552: 98.536 142.95 86.1158 
1553: 120.359 70.828 160.757 
1554: 71.2871 126.335 90.7436 
1555: 67.977 112.312 152.808 
1556: 77.149 102.807 162.461 
1557: 112.316 140.56 79.1516 
1558: 107.536 104.802 76.4592 
1559: 49.1153 82.4387 138.877 
1560: 105.674 88.8257 54.4867 
1561: 107.684 60.2009 104.716 
1562: 71.3981 173.291 71.8944 
1563: 80.2222 132.811 53.918 
1564: 29.9873 106.876 94.1705 
1565: 81.0081 108.158 56.3948 
1566: 47.1693 105.614 77.1679 
1567: 50.4583 103.355 90.4408 
1568: 71.7797 53.5193 67.4281 
1569: 46.8279 125.39 156.183 
1570: 68.5201 114.453 112.039 
1571: 31.8027 112.112 98.2649 
1572: 94.0442 125.06 109.594 
1573: 44.8533 88.788 104.903 
1574: 70.585 58.2606 84.4391 
1575: 122.944 135.697 112.152 
1576: 102.282 108.207 90.6563 
1577: 85.6986 79.605 55.8658 
1578: 119.304 131.075 101.289 
1579: 98.0659 85.9517 99.8642 
1580: 119.876 63.4133 146.062 
1581: 24.1971 64.0407 110.487 
1582: 117.407 83.7092 61.0652 
1583: 138.006 106.275 110.264 
1584: 83.075 68.8789 96.9798 
1585: 98.2529 124.25 127.898 
1586: 77.9206 123.968 36.4672 
1587: 66.0867 84.6319 70.7714 
1588: 114.983 79.5784 90.5566 
1589: 51.6329 89.5852 100.231 
1590: 108.574 135.314 156.439 
1591: 56.9228 73.6484 116.602 
1592: 145.106 113.522 113.075 
1593: 98.0887 123.727 129.58 
1594: 82.64 127.601 100.653 
1595: 77.6054 39.001 106.063 
1596: 44.528 93.7969 98.3392 
1597: 133.698 102.253 101.326 
1598: 84.4746 58.7736 97.9622 
1599: 106.237 57.4914 100.253 
1600: 98.239 142.282 123.209 
1601: 66.7186 89.6976 87.177 
1602: 87.6037 100.991 99.7942 
1603: 66.0658 74.2575 115.853 
1604: 106.655 117.778 93.401 
1605: 126.133 114.84 149.178 
1606: 45.196 72.719 107.039 
1607: 121.793 118.906 67.702 
1608: 103.378 139.472 115.031 
1609: 76.2208 149.579 70.0676 
1610: 122.151 116.28 116.781 
1611: 47.5971 64.0333 117.047 
1612: 117.053 121.074 48.1548 
1613: 89.2835 158.745 61.8646 
1614: 70.7467 40.0773 90.4676 
1615: 35.736 82.8315 115.71 
1616: 70.3662 111.998 69.9367 
1617: 65.7812 121.264 69.6638 
1618: 84.02 156.81 102.407 
1619: 118.288 74.3615 38.2211 
1620: 87.4637 79.3737 38.3131 
1621: 86.652 153.342 102.657 
1622: 41.5133 77.7292 120.636 
1623: 93.3079 170.179 93.4219 
1624: 138.534 82.9017 121.335 
1625: 44.6598 92.1556 151.929 
1626: 79.8683 134.961 99.0188 
1627: 101.084 85.5329 15.5586 
1628: 117.564 95.119 100.327 
1629: 77.2294 100.47 96.7647 
1630: 82.1649 56.4066 124.963 
1631: 76.6182 127.672 161.303 
1632: 62.9649 123.773 65.0924 
1633: 81.6849 98.2447 91.8104 
1634: 72.501 59.9885 116.117 
1635: 72.7228 162.523 93.3601 
1636: 87.6511 62.5586 114.412 
1637: 61.5871 81.6618 86.3325 
1638: 102.593 107.902 132.538 
1639: 42.572 93.2174 80.565 
1640: 103.047 131.18 87.8633 
1641: 68.4756 40.6583 118.377 
1642: 108.087 92.1568 64.9325 
1643: 85.4364 94.0716 99.4541 
1644: 85.4437 121.031 81.7159 
1645: 87.4427 129.906 111.098 
1646: 99.8027 85.0257 92.4304 
1647: 112.835 110.984 80.6132 
1648: 116.121 73.1224 65.453 
1649: 12.8428 90.5216 108.212 
1650: 84.8737 136.161 103.036 
1651: 73.3243 121.293 126.635 
1652: 58.8288 41.0704 90.1649 
1653: 55.8546 108.186 78.3066 
1654: 91.8218 73.1794 147.417 
1655: 53.4524 67.1985 92.4159 
1656: 92.7769 90.7739 63.0091 
1657: 62.7477 100.169 117.139 
1658: 73.9309 101.281 90.7273 
1659: 134.105 67.2723 33.8962 
1660: 132.413 96.2445 133.679 
1661: 45.1071 63.2951 97.6789 
1662: 70.3873 80.5058 87.6608 
1663: 48.5067 78.7281 67.9199 
1664: 84.9506 28.9514 105.476 
1665: 115.96 81.1678 130.822 
1666: 63.7146 103.417 131.391 
1667: 78.411 73.2372 56.8082 
1668: 115.705 107.943 59.6797 
1669: 99.4917 133.79 79.6006 
1670: 69.9266 94.2298 137.316 
1671: 130.905 121.272 108.311 
1672: 114.759 22.7265 95.5507 
1673: 61.65 89.1899 117.872 
1674: 115.974 82.7499 104.566 
1675: 59.3171 112.383 52.4561 
1676: 77.1513 93.9817 107.56 
1677: 90.7355 148.662 69.5044 
1678: 98.7681 122.839 60.2556 
1679: 57.4047 54.3485 95.1089 
1680: 75.4276 62.0565 96.7724 
1681: 91.4739 102.958 89.8985 
1682: 89.8756 119.027 102.997 
1683: 107.678 87.8398 92.4264 
1684: 133.762 67.058 139.105 
1685: 67.0073 146.4 106.4 
1686: 78.7467 101.37 73.8054 
1687: 92.0873 128.974 71.3709 
1688: 17.4382 81.0335 82.4627 
1689: 64.7506 74.5268 67.8385 
1690: 101.451 103.58 84.5781 
1691: 87.608 150.751 79.8892 
1692: 50.3951 100.944 109.382 
1693: 105.265 154.061 86.5908 
1694: 78.7959 84.2993 69.3355 
1695: 93.7083 77.6288 103.414 
1696: 98.9787 92.3842 75.2056 
1697: 95.7091 81.1924 82.5079 
1698: 29.7994 93.4357 77.3193 
1699: 89.7429 106.631 87.6611 
1700: 77.8783 58.4111 74.1071 
1701: 115.901 138.081 95.6895 
1702: 81.7298 37.854 80.4737 
1703: 118.698 80.9327 104.46 
1704: 126.338 71.7032 80.1106 
1705: 44.5481 141.927 93.4638 
1706: 101.388 123.605 144.585 
1707: 63.578 96.1767 112.554 
1708: 62.1845 151.566 98.8161 
1709: 74.4602 63.7772 58.3878 
1710: 57.2606 99.2032 93.4528 
1711: 96.1591 106.834 149.271 
1712: 74.3762 120.334 140.105 
1713: 56.8777 137.711 79.9647 
1714: 130.927 81.486 149.963 
1715: 137.867 80.779 117.81 
1716: 55.1831 67.522 127.155 
1717: 113.909 157.866 90.382 
1718: 75.024 117.245 43.3803 
1719: 78.2829 107.544 34.7696 
1720: 88.8384 48.0228 92.5731 
1721: 88.6622 146.156 84.7957 
1722: 164.535 84.9328 101.777 
1723: 65.009 102.403 83.6837 
1724: 112.244 32.5214 118.541 
1725: 63.3959 124.117 165.208 
1726: 40.4267 109.175 80.4257 
1727: 61.818 128.704 74.4329 
1728: 127.835 127.342 93.199 
1729: 112.961 145.351 134.904 
1730: 79.434 152.14 102.619 
1731: 66.6252 111.975 87.5188 
1732: 137.637 107.072 60.6368 
1733: 149.942 130.211 82.9145 
1734: 133.645 67.2143 118.159 
1735: 45.035 79.8299 137.495 
1736: 86.0332 87.3509 90.0248 
1737: 137.672 148.996 140.379 
1738: 90.6731 112.596 96.5011 
1739: 69.4464 97.789 53.246 
1740: 95.6944 135.46 124.035 
1741: 80.4253 114.628 129.56 
1742: 65.616 99.8599 128.401 
1743: 72.1089 125.934 107.597 
1744: 99.3301 55.1521 97.9482 
1745: 98.4796 86.2893 74.8529 
1746: 126.287 110.695 82.1637 
1747: 106.032 71.7584 110.012 
1748: 101.001 120.27 143.181 
1749: 47.8649 82.0316 86.153 
1750: 106.758 119.516 126.366 
1751: 127.052 100.029 119.667 
1752: 133.317 120.007 118.967 
1753: 92.6644 85.6437 112.877 
1754: 87.105 81.5386 113.126 
1755: 78.3947 53.5391 87.8735 
1756: 100.35 106.79 34.2642 
1757: 91.8504 117.966 45.5992 
1758: 123.078 42.287 89.6332 
1759: 84.2258 134.712 65.9974 
1760: 104.454 102.058 65.5219 
1761: 61.9924 134.126 152.231 
1762: 85.3098 160.693 95.175 
1763: 101.892 92.4358 104.11 
1764: 80.2684 83.6605 134.718 
1765: 64.9867 66.5623 100.119 
1766: 60.3394 52.0835 104.155 
1767: 48.2722 99.7501 76.6871 
1768: 84.2883 134.666 72.3575 
1769: 124.117 109.316 133.495 
1770: 119.857 85.4893 105.987 
1771: 16.0572 90.5533 98.3893 
1772: 49.2867 133.998 54.0368 
1773: 62.3831 125.622 105.673 
1774: 122.286 88.3117 124.51 
1775: 34.9278 129.464 139.926 
1776: 47.3594 112.352 93.6718 
1777: 60.8013 136.165 126.8 
1778: 48.2953 75.5449 115.45 
1779: 117.125 99.0939 64.0282 
1780: 34.5044 62.6629 80.2366 
1781: 115.229 80.8414 93.8174 
1782: 127.048 91.7698 149.414 
1783: 127.73 88.3796 119.561 
1784: 127.028 107.569 114.78 
1785: 73.3145 127.701 78.7619 
1786: 125.631 91.7838 97.0338 
1787: 13.6454 116.066 83.7444 
1788: 55.9427 40.0094 78.7271 
1789: 83.8284 85.296 90.7306 
1790: 88.68 63.4777 162.492 
1791: 60.4907 94.1453 111.419 
1792: 78.7282 109.621 43.7518 
1793: 111.026 102.461 115.207 
1794: 70.426 44.6195 52.753 
1795: 90.7753 66.7703 153.809 
1796: 63.7033 132.372 96.1708 
1797: 65.2491 124.899 107.627 
1798: 141.685 131.702 122.009 
1799: 69.8758 117.474 46.2963 
1800: 106.106 100.661 69.3484 
1801: 60.4844 54.3991 152.752 
1802: 91.2173 103.492 109.075 
1803: 94.1031 134.454 155.476 
1804: 88.5021 116.566 46.2648 
1805: 148.895 94.7188 132.313 
1806: 42.1384 110.132 93.5762 
1807: 112.311 83.4113 131.067 
1808: 58.2222 120.077 161.843 
1809: 59.4502 77.7634 71.5013 
1810: 53.3077 142.792 95.8366 
1811: 88.862 109.338 77.3622 
1812: 109.484 106.388 75.0953 
1813: 85.333 122.841 107.253 
1814: 118.936 78.8468 100.888 
1815: 141.403 69.9837 85.9583 
1816: 121.233 104.556 94.6949 
1817: 85.9865 52.1602 86.1289 
1818: 30.736 89.9065 103.865 
1819: 93.751 71.5852 108.617 
1820: 136.005 92.0766 106.83 
1821: 128.133 76.1276 95.6905 
1822: 97.9219 142.587 93.4481 
1823: 70.3772 70.8842 126.019 
1824: 96.3889 86.8462 140.446 
1825: 136.042 99.2586 120.704 
1826: 61.861 127.615 110.637 
1827: 83.2263 110.545 47.5273 
1828: 107.959 75.2871 110.161 
1829: 120.845 118.439 92.2954 
1830: 82.6709 112.326 26.6416 
1831: 71.3311 103.068 46.0834 
1832: 54.8848 132.512 124.37 
1833: 80.0804 88.7814 141.21 
1834: 132.942 116.474 63.3025 
1835: 90.4202 84.7638 151.553 
1836: 99.0255 109.203 49.7187 
1837: 104.728 137.501 86.7497 
1838: 129.677 55.4087 70.3069 
1839: 45.1481 64.4609 80.1047 
1840: 38.9062 87.4205 102.412 
1841: 113.747 49.2691 101.829 
1842: 42.6165 131.928 63.4655 
1843: 121.406 122.423 78.3253 
1844: 119.988 149.869 97.5795 
1845: 82.0886 55.1078 125.067 
1846: 134.175 60.1046 46.9968 
1847: 20.6876 106.037 87.2892 
1848: 79.4044 116.613 127.55 
1849: 97.6361 72.3407 142.073 
1850: 75.5735 136.488 60.0201 
1851: 108.024 125.879 89.4 
1852: 66.5946 155.126 113.913 
1853: 134.719 120.106 109.661 
1854: 106.597 104.514 51.7818 
1855: 126.924 62.7044 100.236 
1856: 98.4771 69.1918 75.8112 
1857: 71.2331 138.571 77.4501 
1858: 84.0424 107.781 93.0138 
1859: 49.0753 75.7659 94.1344 
1860: 103.981 105.188 108.726 
1861: 37.4452 92.043 96.0396 
1862: 119.899 144.303 95.3219 
1863: 61.8111 86.7809 119.537 
1864: 63.9067 83.3127 103.057 
1865: 108.086 98.5497 24.7724 
1866: 116.706 147.02 90.6957 
1867: 151.887 65.0617 85.9458 
1868: 46.6204 83.0904 76.1865 
1869: 106.431 126.235 128.852 
1870: 121.107 62.0843 41.0547 
1871: 123.339 146.684 105.982 
1872: 90.9084 72.0925 67.234 
1873: 86.2571 53.8329 102.994 
1874: 121.359 40.0865 113.245 
1875: 111.098 56.9649 115.471 
1876: 94.2441 137.642 98.9138 
1877: 111.151 75.4584 102.511 
1878: 69.0103 53.4289 122.161 
1879: 31.2044 114.996 73.3231 
1880: 122.064 133.936 67.0128 
1881: 45.4869 127.753 98.1922 
1882: 60.214 71.7638 96.5748 
1883: 87.8213 102.335 67.321 
1884: 92.9141 87.6232 106.905 
1885: 41.75 64.566 53.2731 
1886: 139.579 114.083 111.871 
1887: 125.87 113.551 123.525 
1888: 74.6303 71.313 67.9228 
1889: 71.5871 85.8795 161.205 
1890: 93.3139 108.803 144.192 
1891: 131.124 90.7253 122.733 
1892: 70.8293 103.962 83.8856 
1893: 71.129 62.8759 91.1744 
1894: 96.2673 123.372 156.814 
1895: 102.818 119.397 134.034 
1896: 107.481 139.309 94.0124 
1897: 73.8032 49.8953 83.1901 
1898: 86.12 24.9831 95.6155 
1899: 87.8582 99.547 78.304 
1900: 108.526 79.2193 122.338 
1901: 113.588 82.0745 94.0697 
1902: 59.159 102.131 115.359 
1903: 32.5868 93.4917 77.4653 
1904: 57.8009 46.5409 73.2153 
1905: 58.6358 113.1 154.531 
1906: 70.9143 103.15 50.8872 
1907: 114.635 104.587 144.674 
1908: 117.997 93.6837 116.146 
1909: 46.4382 106.525 114.811 
1910: 58.541 139.124 64.1256 
1911: 98.3331 108.629 96.6023 
1912: 71.878 79.4665 108.666 
1913: 134.384 58.1556 76.1342 
1914: 71.9398 62.6617 143.472 
1915: 80.6158 74.0374 98.0732 
1916: 52.2043 107.938 96.9176 
1917: 94.8971 36.9067 105.578 
1918: 72.5014 122.535 98.4405 
1919: 118.192 72.5702 136.479 
1920: 81.939 54.0032 90.2822 
1921: 98.1945 156.734 134.143 
1922: 76.2218 96.9015 77.1124 
1923: 24.907 124.586 120.861 
1924: 92.7878 75.3093 115.612 
1925: 63.4293 81.1268 134.462 
1926: 46.8912 88.2012 124.153 
1927: 117.39 110.562 130.637 
1928: 57.996 55.4259 112.832 
1929: 125.385 132.53 152.349 
1930: 57.5981 128.866 81.1851 
1931: 113.198 85.2109 120.859 
1932: 94.5824 103.266 26.5568 
1933: 88.3552 112.112 45.3016 
1934: 92.204 109.737 56.4866 
1935: 141.275 146.787 83.963 
1936: 54.954 83.4759 127.768 
1937: 90.5053 114.053 164.117 
1938: 77.8458 113.048 92.9486 
1939: 93.6693 101.618 99.7215 
1940: 36.4184 78.4944 64.5353 
1941: 53.3194 113.784 142.769 
1942: 107.965 105.85 100.891 
1943: 59.6092 128.092 45.144 
1944: 131.681 125.16 145.689 
1945: 117.498 118.005 113.409 
1946: 88.0091 63.6325 107.255 
1947: 85.9993 47.6531 91.8207 
1948: 108.863 67.0594 97.9884 
1949: 143.723 134.35 72.3339 
1950: 77.5254 88.2131 101.494 
1951: 48.893 164.396 81.9212 
1952: 126.678 129.221 90.3572 
1953: 55.838 141.328 113.925 
1954: 104.569 82.0961 98.0082 
1955: 92.576 100.076 130.749 
1956: 92.5132 112.717 98.4703 
1957: 95.898 103.257 111.129 
1958: 105.53 104.133 168.512 
1959: 66.3556 99.8075 94.9848 
1960: 92.62 37.5806 66.9107 
1961: 71.118 96.6666 96.4541 
1962: 125.957 130.522 63.9588 
1963: 106.286 124.746 91.5512 
1964: 109.149 90.6837 98.7857 
1965: 29.3785 103.616 83.847 
1966: 86.619 84.1202 129.701 
1967: 113.821 97.4874 42.1081 
1968: 73.0605 150.12 116.425 
1969: 89.9307 158.581 128.881 
1970: 88.6274 163.541 77.2836 
1971: 101.747 96.096 145.411 
1972: 93.4409 88.4443 155.785 
1973: 67.4882 71.1513 119.55 
1974: 113.123 30.3356 108.216 
1975: 69.1024 79.7199 95.4267 
1976: 71.3312 116.919 153.915 
1977: 109.999 48.4379 90.3441 
1978: 52.7052 88.7854 136.719 
1979: 7.99408 109.189 88.5763 
1980: 89.4352 100.389 43.8949 
1981: 94.2591 136.981 81.8671 
1982: 52.4989 147.55 77.3371 
1983: 93.096 90.9919 85.3542 
1984: 55.0364 111.837 112.089 
1985: 66.326 134.132 47.5417 
1986: 155.363 128.995 127.391 
1987: 56.091 73.8069 70.9716 
1988: 111.6 106.502 82.0184 
1989: 105.068 68.6506 124.152 
1990: 81.064 109.217 71.7101 
1991: 100.36 144.106 134.515 
1992: 93.528 107.185 166.522 
1993: 87.7474 54.961 70.1763 
1994: 114.072 142.78 155.656 
1995: 105.299 91.0298 103.4 
1996: 107.73 103.476 105.236 
1997: 160.089 129.349 97.4886 
1998: 149.762 77.6116 102.191 
1999: 48.326 102.277 111.859 
2000: 25.8987 84.2303 109.587 
2001: 55.4586 103.81 108.227 
2002: 36.9878 88.238 96.266 
2003: 98.6133 142.3 146.965 
2004: 130.62 148.213 77.4896 
2005: 79.3101 64.114 71.1949 
2006: 78.7147 68.4655 51.1027 
2007: 75.7535 97.2197 89.3833 
2008: 80.841 135.573 110.889 
2009: 107.157 139.105 45.0892 
2010: 69.4221 105.013 117.235 
2011: 104.761 123.44 37.9823 
2012: 166.972 105.657 86.4564 
2013: 63.5929 59.6545 86.1969 
2014: 97.1159 138 72.6758 
2015: 116.417 117.221 73.0981 
2016: 94.0333 141.901 88.7857 
2017: 77.9202 93.0847 79.9627 
2018: 84.2819 118.814 86.5332 
2019: 126.001 77.0286 105.715 
2020: 114.217 118.57 97.4708 
2021: 60.4715 104.942 57.7569 
2022: 99.2933 124.759 113.197 
2023: 118.41 98.3548 135.61 
2024: 92.219 43.3185 97.8182 
2025: 127.827 95.3879 111.688 
2026: 64.0685 64.4704 73.5256 
2027: 140.862 106.421 115.012 
2028: 47.4937 153.972 98.3854 
2029: 112.283 114.395 97.5997 
2030: 82.65 75.0062 55.3886 
2031: 121.65 145.886 59.3964 
2032: 107.487 106.626 99.3288 
2033: 88.4183 98.3378 140.553 
2034: 109.384 108.826 156.17 
2035: 53.9929 140.902 79.1432 
2036: 67.1617 66.0263 105.389 
2037: 97.06 112.658 143.8 
2038: 81.2972 103.749 107.396 
2039: 81.3301 153.914 85.2745 
2040: 97.5598 74.4436 77.2965 
2041: 54.9994 90.9383 95.0978 
2042: 95.7091 134.257 59.5219 
2043: 94.5633 108.523 88.9637 
2044: 60.256 74.2145 75.5873 
2045: 73.4068 109.983 102.524 
2046: 81.7664 48.1885 86.819 
2047: 71.3263 90.1475 65.6821 
2048: 69.1003 135.644 95.5021 
2049: 94.3453 137.897 96.5878 
2050: 53.3511 93.7251 91.8745 
2051: 64.0311 157.061 111.763 
2052: 119.545 102.783 151.671 
2053: 44.2834 90.7229 112.4 
2054: 51.7538 127.324 72.8231 
2055: 33.9467 64.4549 79.1656 
2056: 72.8012 123.816 83.7585 
2057: 52.2076 90.286 107.114 
2058: 111.562 69.3152 64.6197 
2059: 76.7287 33.8626 108.039 
2060: 101.321 109.765 38.9217 
2061: 54.6047 113.789 46.4246 
2062: 96.5423 111.749 107.633 
2063: 95.3893 98.5483 128.033 
2064: 111.939 145.006 98.1535 
2065: 106.953 122.336 135.524 
2066: 82.3066 110.352 144.363 
2067: 64.2067 98.1401 117.136 
2068: 143.062 97.9186 98.1646 
2069: 86.6344 106.295 87.7493 
2070: 51.6401 90.9955 83.8564 
2071: 131.908 115.047 128.878 
2072: 72.9202 90.6715 58.4431 
2073: 42.8689 75.2318 101.094 
2074: 49.9691 113.621 107.158 
2075: 91.6542 86.5871 75.6613 
2076: 80.2044 103.342 74.2148 
2077: 73.4939 65.2201 48.1699 
2078: 126.317 85.8462 120.377 
2079: 82.1707 129.586 105.418 
2080: 29.0899 145.398 119.045 
2081: 125.65 79.1662 137.355 
2082: 129.424 86.1066 104.276 
2083: 74.054 79.1628 107.966 
2084: 63.6519 131.438 79.2271 
2085: 74.8556 67.8615 80.19 
2086: 88.977 80.5128 100.829 
2087: 137.434 121.999 35.217 
2088: 74.5536 128.08 80.5482 
2089: 104.92 73.3209 89.6682 
2090: 96.5932 103.296 20.1001 
2091: 93.5566 105.329 85.172 
2092: 117.874 140.639 131.879 
2093: 56.4 65.4373 135.247 
2094: 78.4221 75.4869 123.228 
2095: 144.731 100.398 117.495 
2096: 70.5751 128.609 85.0267 
2097: 91.9588 133.983 122.628 
2098: 82.8087 100.307 87.5671 
2099: 88.4188 36.6853 68.3628 
2100: 123.09 109.119 113.347 
2101: 111.8 98.8252 107.695 
2102: 33.1765 71.6048 93.5643 
2103: 76.6401 127.573 80.4795 
2104: 50.9774 73.4128 49.1423 
2105: 126.647 124.98 74.0463 
2106: 123.532 101.969 103.675 
2107: 147.284 123.755 102.186 
2108: 119.637 65.8642 119.455 
2109: 100.864 58.0246 120.29 
2110: 67.295 111.992 176.151 
2111: 36.4871 82.4645 80.4923 
2112: 77.6632 93.8001 27.0258 
2113: 127.963 101.622 127.902 
2114: 107.728 71.3339 86.7681 
2115: 93.8763 86.5238 153.92 
2116: 110.846 107.338 78.1763 
2117: 55.3712 94.5484 66.857 
2118: 93.6203 107.472 111.692 
2119: 100.793 84.9713 109.995 
2120: 118.109 147.261 70.5125 
2121: 93.4786 59.861 122.488 
2122: 90.1834 149.84 73.8451 
2123: 61.5386 126.531 72.8585 
2124: 121.73 103.439 89.3631 
2125: 125.873 98.8844 108.725 
2126: 92.2498 121.117 63.7063 
2127: 153.644 87.0346 83.96 
2128: 108.67 105.083 44.5324 
2129: 108.718 51.057 139.903 
2130: 109.66 62.4128 92.2175 
2131: 106.007 64.7374 121.075 
2132: 112.445 123.3 119.299 
2133: 116.686 77.4822 101.61 
2134: 123.703 88.0901 91.9919 
2135: 42.3067 86.0653 99.8556 
2136: 86.4534 131.039 57.4151 
2137: 29.4961 111.938 102.646 
2138: 108.703 102.985 57.224 
2139: 26.8328 148.106 142.165 
2140: 41.9724 109.327 113.694 
2141: 62.276 57.435 110.593 
2142: 73.8078 92.5767 86.5939 
2143: 85.556 143.613 113.112 
2144: 99.1876 100.933 134.935 
2145: 72.6971 114.551 80.455 
2146: 123.033 111.767 95.8983 
2147: 47.9407 64.6775 94.4422 
2148: 109.25 81.7856 113.136 
2149: 83.4271 93.5912 102.918 
2150: 64.3333 74.278 162.678 
2151: 121.186 125.973 133.304 
2152: 112.801 96.3403 104.694 
2153: 35.6069 105.851 124.043 
2154: 62.721 79.0034 82.8919 
2155: 36.3829 101.25 89.2452 
2156: 84.3905 36.8576 69.0129 
2157: 117.1 93.1077 26.0689 
2158: 108.139 135.135 100.829 
2159: 81.1169 110.219 140.276 
2160: 138.008 125.616 124.135 
2161: 23.7916 84.5519 93.2689 
2162: 96.5663 131.34 82.2788 
2163: 103.482 131.412 109.405 
2164: 52.86 66.6486 63.1266 
2165: 124.16 65.7674 144.248 
2166: 132.467 123.646 98.3118 
2167: 69.1792 91.1659 109.289 
2168: 108.003 86.2546 143.459 
2169: 55.3242 69.9784 110.672 
2170: 62.1068 72.9739 96.7212 
2171: 91.9626 78.8721 127.547 
2172: 35.6178 123.304 58.3994 
2173: 74.797 111.276 95.9302 
2174: 86.2903 125.56 50.6145 
2175: 90.8208 153.48 67.9457 
2176: 83.2551 48.7073 83.5245 
2177: 104.374 60.0179 64.5449 
2178: 47.5864 56.7031 63.8641 
2179: 71.7921 160.334 112.786 
2180: 84.8713 118.131 144.954 
2181: 40.4572 118.062 96.0792 
2182: 105.073 0 97.3533 
2183: 39.8746 76.0075 105.484 
2184: 54.712 118.176 115.304 
2185: 103.662 117.827 88.7194 
2186: 59.6862 91.1452 85.6357 
2187: 90.9849 90.5382 135.803 
2188: 101.99 97.861 57.5617 
2189: 93.1436 134.045 81.4865 
2190: 44.2204 111.457 101.469 
2191: 108.472 122.404 113.222 
2192: 122.139 101.956 97.5164 
2193: 55.2131 40.479 130.445 
2194: 95.7992 179.875 99.4159 
2195: 28.8567 122.484 74.3429 
2196: 124.933 69.9573 123.486 
2197: 34.1107 96.1927 103.644 
2198: 89.2377 70.329 76.6481 
2199: 86.2184 119.017 88.8443 
2200: 42.5126 97.457 93.4956 
2201: 93.4693 99.8194 97.0917 
2202: 112.139 96.5156 128.948 
2203: 105.379 137.542 48.5442 
2204: 41.25 113.227 95.7957 
2205: 80.0142 133.52 115.847 
2206: 114.59 106.982 25.1888 
2207: 72.4585 92.8054 62.088 
2208: 88.3147 81.4569 102.147 
2209: 120.579 109.92 106.159 
2210: 94.9614 111.469 128.49 
2211: 85.947 104.499 113.653 
2212: 56.8329 81.267 105.655 
2213: 71.893 78.1644 101.342 
2214: 99.398 39.2111 122.125 
2215: 94.9566 80.6115 128.466 
2216: 64.8263 71.1109 105.864 
2217: 100.569 25.7283 111.928 
2218: 33.0336 81.4152 143.869 
2219: 112.393 74.3664 98.8081 
2220: 104.328 126.138 76.3192 
2221: 46.2604 73.6751 131.01 
2222: 52.0402 40.7653 132.63 
2223: 32.2589 89.1059 85.6846 
2224: 72.0136 99.5888 117.667 
2225: 25.1147 131.19 67.8373 
2226: 93.9939 113.183 135.52 
2227: 156.469 107.515 109.341 
2228: 68.2698 117.735 150.235 
2229: 92.4992 94.4013 50.4288 
2230: 109.292 147.907 117.183 
2231: 130.391 149.342 91.6753 
2232: 120.616 61.5283 91.1844 
2233: 117.114 136.326 108.069 
2234: 92.1723 116.361 135.144 
2235: 116.576 84.9077 102.76 
2236: 158.434 117.275 122.294 
2237: 89.3283 144.9 87.0345 
2238: 94.2685 49.1708 105.626 
2239: 75.6631 76.1782 66.1462 
2240: 78.97 64.0693 100.537 
2241: 75.301 99.0281 100.826 
2242: 130.161 71.3318 112.873 
2243: 95.1637 67.5248 81.6097 
2244: 38.825 91.4093 110.073 
2245: 71.4946 73.9348 93.6666 
2246: 64.6203 140.527 85.8688 
2247: 55.7888 162.281 113.658 
2248: 86.803 85.9191 87.9809 
2249: 79.4331 84.6975 89.8492 
2250: 124.403 105.396 106.752 
2251: 85.8926 83.0868 129.15 
2252: 136.425 62.0395 108.34 
2253: 79.8345 117.209 109.836 
2254: 89.7587 122.121 72.1262 
2255: 91.4164 100.012 128.174 
2256: 89.637 100.414 49.6646 
2257: 103.818 76.336 67.6435 
2258: 94.3733 62.6259 118.667 
2259: 66.7665 85.9608 94.6728 
2260: 126.684 112.497 134.062 
2261: 140.68 91.3002 141.076 
2262: 94.0133 71.4988 60.83 
2263: 37.0322 118.996 110.881 
2264: 58.1118 106.438 68.6126 
2265: 86.2589 148.181 74.8632 
2266: 86.5031 65.4037 124.319 
2267: 121.573 57.429 122.482 
2268: 120.203 85.2242 79.9449 
2269: 91.2116 115.08 61.6037 
2270: 63.3611 126.401 85.1933 
2271: 137.029 87.5853 82.3048 
2272: 105.665 72.5551 105.946 
2273: 95.1009 125.864 124.212 
2274: 70.779 157.642 86.8983 
2275: 95.91 85.3353 63.7913 
2276: 116.302 84.8793 111.067 
2277: 53.2307 128.726 147.568 
2278: 72.9169 39.2601 122.006 
2279: 88.15 72.0113 66.2542 
2280: 106.984 79.7202 116.614 
2281: 132.656 73.1844 69.0108 
2282: 97.8044 80.2681 92.3422 
2283: 91.5337 130.071 71.3714 
2284: 173.624 112.425 115.331 
2285: 114.45 87.4533 56.7113 
2286: 93.9713 123.971 115.338 
2287: 70.8698 90.2494 66.5518 
2288: 55.7304 80.0094 160.167 
2289: 93.3721 126.09 115.678 
2290: 123.874 73.9184 78.7053 
2291: 131.567 136.907 52.5377 
2292: 38.9787 107.618 54.0998 
2293: 95.678 98.3628 141.917 
2294: 140.329 103.184 106.186 
2295: 63.0946 102.66 130.282 
2296: 49.3576 155.675 80.4071 
2297: 127.82 76.7165 155.964 
2298: 134.522 116.821 116.78 
2299: 112.055 117.174 73.6552 
2300: 91.161 74.4219 53.2593 
2301: 80.8389 65.2024 105.106 
2302: 101.085 101.021 114.903 
2303: 55.6864 93.213 127.296 
2304: 79.344 110.207 81.4289 
2305: 54.1059 77.047 104.374 
2306: 48.5209 131.338 147.454 
2307: 71.5612 75.1686 57.9667 
2308: 119.29 68.8168 106.237 
2309: 82.64 118.004 70.4591 
2310: 83.5837 103.067 45.5502 
2311: 83.8838 76.1365 113.578 
2312: 84.8617 103.858 95.6467 
2313: 112.651 117.484 152.331 
2314: 62.154 67.5927 98.1922 
2315: 94.6332 158.44 111.208 
2316: 99.6219 78.0035 94.5229 
2317: 80.2911 59.3757 69.444 
2318: 138.846 68.6246 64.7905 
2319: 102.413 94.135 31.4745 
2320: 116.499 76.1204 116.677 
2321: 92.2937 62.8958 106.01 
2322: 55.5229 94.7826 113.603 
2323: 106.826 107.438 103.851 
2324: 131.289 99.8688 121.052 
2325: 68.2368 100.494 81.0432 
2326: 64.0667 115.892 86.7007 
2327: 66.1437 54.4444 103.561 
2328: 68.4033 110.997 67.9559 
2329: 103.209 66.5868 96.5864 
2330: 51.7236 77.0861 146.839 
2331: 59.1522 69.3972 46.1171 
2332: 84.5988 74.8521 82.082 
2333: 143.392 84.1159 137.218 
2334: 67.4436 121.47 106.645 
2335: 88.3683 96.9434 85.5205 
2336: 141.396 113.695 70.0482 
2337: 92.6691 77.0891 133.416 
2338: 115.199 82.6534 31.4369 
2339: 123.621 138.879 113.485 
2340: 98.9933 83.9271 58.8108 
2341: 116.36 65.8783 87.3178 
2342: 133.722 117.458 100.319 
2343: 124.013 72.7498 97.7402 
2344: 79.0398 83.8475 36.0652 
2345: 75.6539 44.6564 80.9016 
2346: 74.2327 132.748 108.987 
2347: 110.24 74.2528 129.799 
2348: 59.8655 127.46 102.338 
2349: 76.68 119.161 76.6789 
2350: 98.3738 78.783 47.5488 
2351: 81.636 115.908 61.4712 
2352: 75.5563 78.2855 90.4458 
2353: 20.0728 106.727 89.7727 
2354: 54.6773 103.324 103.22 
2355: 58.92 125.486 85.4635 
2356: 78.6528 135.086 84.6629 
2357: 51.692 78.2319 89.9585 
2358: 140.764 94.9606 123.755 
2359: 103.307 72.4778 102.854 
2360: 114.044 63.8869 89.4381 
2361: 34.714 79.4682 120.027 
2362: 123.033 43.4559 87.8286 
2363: 157.424 128.332 98.2366 
2364: 94.1956 46.1764 114.085 
2365: 93.7971 83.5164 123.776 
2366: 124.638 73.9365 130.294 
2367: 88.5333 152.887 90.2679 
2368: 60.208 51.6576 96.9871 
2369: 76.5609 122.145 46.8258 
2370: 63.9662 84.489 106.62 
2371: 33.91 145.812 140.024 
2372: 44.8973 109.252 76.1402 
2373: 84.2682 75.2656 120.058 
2374: 64.3524 93.8815 108.391 
2375: 106.131 102.303 64.6382 
2376: 57.3049 94.0157 125.283 
2377: 74.2821 108.691 63.0216 
2378: 110.699 42.055 109.137 
2379: 78.7751 55.2218 48.0418 
2380: 57.4555 75.6862 74.3339 
2381: 72.29 91.8123 100.167 
2382: 108.642 82.326 99.2485 
2383: 35.8371 77.3787 125.459 
2384: 47.3537 57.2743 88.045 
2385: 126.219 117.136 129.255 
2386: 27.4931 125.972 102.965 
2387: 56.1813 114.874 143.11 
2388: 68.551 124.024 108.966 
2389: 114.495 96.8089 125.741 
2390: 109.53 71.7695 158.28 
2391: 124.525 104.278 94.8342 
2392: 62.7632 123.036 71.849 
2393: 97.4852 62.1267 92.0528 
2394: 42.6437 125.195 135.037 
2395: 72.8049 72.2816 116.011 
2396: 76.4567 149.472 99.9451 
2397: 62.1867 52.3768 97.0467 
2398: 131.168 55.2818 100.858 
2399: 53.9404 118.949 120.058 
2400: 43.1778 56.1815 84.5184 
2401: 105.903 54.2629 61.1646 
2402: 51.6749 69.6328 100.671 
2403: 112.836 75.7733 154.727 
2404: 75.1493 107.261 54.2741 
2405: 59.089 82.9143 113.631 
2406: 79.4889 96.8012 49.027 
2407: 125.133 112.771 139.943 
2408: 97.9016 63.6566 92.4991 
2409: 82.332 91.6702 86.3682 
2410: 105.292 54.8773 125.026 
2411: 83.1678 114.571 95.5319 
2412: 70.6505 98.798 63.0101 
2413: 44.7257 87.0367 80.453 
2414: 49.5552 134.748 143.137 
2415: 55.4466 88.3088 100.893 
2416: 66.3956 86.0959 133.887 
2417: 110.373 79.6295 96.4379 
2418: 115.552 123.23 53.9814 
2419: 112.152 157.307 79.094 
2420: 90.1221 88.2076 154.707 
2421: 77.3707 70.9836 68.5627 
2422: 98.5219 143.745 93.1444 
2423: 76.5253 81.148 64.4638 
2424: 101.935 72.3105 78.8223 
2425: 82.2531 125.178 76.3581 
2426: 142.456 119.466 98.5812 
2427: 111.671 66.0103 115.162 
2428: 77.3018 178.125 104.494 
2429: 51.5362 125.51 47.0459 
2430: 157.676 114.338 76.2764 
2431: 78.2538 146.417 123.929 
2432: 100.038 64.9294 88.1891 
2433: 57.2221 101.268 50.395 
2434: 64.0418 152.806 103.789 
2435: 66.0114 58.8675 130.318 
2436: 66.9739 66.5589 83.2853 
2437: 68.8604 114.752 136.577 
2438: 95.765 63.9084 108.053 
2439: 111.723 113.451 43.4576 
2440: 110.126 79.8423 85.3168 
2441: 43.376 104.358 134.185 
2442: 120.685 133.395 71.7094 
2443: 62.7698 143.509 89.2369 
2444: 121.188 129.082 53.3534 
2445: 84.4556 92.7409 114.94 
2446: 126.428 101.618 103.184 
2447: 77.8204 80.7144 69.9522 
2448: 100.914 120.65 132.284 
2449: 126.661 136.409 105.307 
2450: 64.2534 77.1742 149.225 
2451: 85.0784 103.82 77.1306 
2452: 69.3927 40.967 47.5945 
2453: 58.6122 83.2324 69.7249 
2454: 104.826 140.291 98.7295 
2455: 73.1662 116.969 67.223 
2456: 43.6163 103.79 78.0719 
2457: 88.871 105.995 156.879 
2458: 60.5319 91.8971 72.8189 
2459: 69.57 156.859 70.7437 
2460: 74.0532 107.697 98.9822 
2461: 74.4704 90.6485 109.296 
2462: 101.911 60.999 87.8556 
2463: 73.7493 78.2525 45.7833 
2464: 82.6121 97.605 96.7895 
2465: 46.3924 111.204 114.619 
2466: 74.85 78.4702 77.1031 
2467: 141.37 140.217 95.8777 
2468: 52.2808 130.345 101.221 
2469: 102.076 62.5521 126.555 
2470: 80.3981 118.175 96.5248 
2471: 80.368 99.3765 105.154 
2472: 119.785 88.8458 75.3466 
2473: 74.1053 92.2693 124.855 
2474: 89.2507 117.341 78.2984 
2475: 85.6626 145.217 107.194 
2476: 105.118 91.7964 66.5275 
2477: 86.4833 73.2561 120.661 
2478: 88.4549 76.4913 133.703 
2479: 146.168 128.576 113.078 
2480: 55.6888 68.9041 91.1532 
2481: 90.0547 104.572 104.069 
2482: 124.279 142.367 108.101 
2483: 64.2222 89.95 115.701 
2484: 94.3944 63.9657 110.634 
2485: 114.801 130.773 131.178 
2486: 140.561 93.9583 86.6651 
2487: 92.1018 48.9642 93.1421 
2488: 32.7501 103.016 118.967 
2489: 42.4962 73.0527 82.1709 
2490: 116.824 128.67 127.195 
2491: 86.491 90.1198 127.558 
2492: 101.257 90.0946 99.5122 
2493: 122.957 115.674 65.7221 
2494: 93.8898 141.21 75.328 
2495: 108.962 93.2778 138.309 
2496: 78.5972 120.48 47.5223 
2497: 118.944 73.1126 129.017 
2498: 64.8028 47.9429 135.378 
2499: 90.1232 135.379 118.011 
2500: 77.0821 79.1838 103.143 
2501: 75.7885 52.6819 103.056 
2502: 104.508 105.848 38.5049 
2503: 91.0592 144.903 88.7473 
2504: 121.598 110.196 76.5036 
2505: 88.6052 173.023 83.5529 
2506: 39.6029 92.2036 152.559 
2507: 60.6307 89.7193 92.5803 
2508: 61.6542 130.42 120.885 
2509: 104.015 75.2001 127.585 
2510: 85.2604 131.904 119.553 
2511: 85.7521 81.5087 70.1386 
2512: 71.5943 97.2121 50.4975 
2513: 75.6992 64.5145 69.8555 
2514: 70.1848 120.852 25.2347 
2515: 105.161 74.0931 104.552 
2516: 22.4298 88.4712 112.225 
2517: 75.96 167.512 77.3143 
2518: 62.5357 135.8 67.1532 
2519: 25.1485 91.7828 108.149 
2520: 81.3027 89.3307 62.2035 
2521: 121.75 144.78 113.862 
2522: 38.9936 119.661 100.613 
2523: 103.563 56.8412 101.614 
2524: 98.2133 96.5822 52.7149 
2525: 57.734 77.2432 130.715 
2526: 136.456 109.796 98.0998 
2527: 69.7664 115.796 67.1687 
2528: 128.263 106.383 130.362 
2529: 105.056 106.407 95.3158 
2530: 94.2009 36.6824 83.7324 
2531: 52.022 140.529 70.3754 
2532: 117.675 60.7077 70.4827 
2533: 84.756 61.1054 102.534 
2534: 117.514 81.1124 114.799 
2535: 123.916 95.4754 104.642 
2536: 95.0413 93.2935 88.7902 
2537: 63.275 78.1932 72.865 
2538: 75.8551 88.8108 104.252 
2539: 108.333 126.346 101.093 
2540: 117.573 151.397 98.3014 
2541: 103.404 105.742 118.056 
2542: 65.7608 138.77 58.7057 
2543: 105.082 156.196 76.3308 
2544: 116.108 110.608 27.206 
2545: 94.8223 128.001 34.3811 
2546: 87.7312 135.215 49.9656 
2547: 96.1483 85.4568 115.367 
2548: 89.3694 134.709 89.4901 
2549: 51.3535 93.0021 101.768 
2550: 54.9377 121.125 75.809 
2551: 82.447 121.837 96.4844 
2552: 73.1809 97.6726 102.492 
2553: 40.7823 91.1791 91.1103 
2554: 62.6026 106.813 100.764 
2555: 141.389 55.3707 86.2423 
2556: 80.4761 54.4436 119.676 
2557: 41.6471 79.3561 139.381 
2558: 71.4431 106.618 103.806 
2559: 118.194 28.9478 106.763 
2560: 106.02 108.049 97.9751 
2561: 87.147 70.9315 91.3832 
2562: 89.895 97.892 91.8974 
2563: 143.294 95.1725 95.4815 
2564: 60.6987 79.8602 79.5406 
2565: 91.168 32.3651 96.9696 
2566: 66.0441 77.1283 41.6602 
2567: 109.434 35.8274 109.549 
2568: 121.832 98.0087 127.133 
2569: 32.38 100.826 125.742 
2570: 72.6388 103.175 88.6833 
2571: 65.92 120.322 88.2904 
2572: 79.3372 107.456 158.046 
2573: 102.688 128.391 126.885 
2574: 42.944 95.0267 143.412 
2575: 79.2132 97.6641 73.3736 
2576: 56.0581 112.157 97.3802 
2577: 29.7077 87.2666 96.4522 
2578: 77.6534 105.032 128.314 
2579: 113.761 108.082 90.2087 
2580: 65.052 77.2122 94.3858 
2581: 102.462 109.986 90.4838 
2582: 106.305 130.589 122.702 
2583: 59.9999 112.14 98.0634 
2584: 161.898 125.834 104.384 
2585: 44.7895 90.5517 89.7641 
2586: 79.8189 119.808 75.4123 
2587: 66.6476 111.923 158.267 
2588: 46.0958 119.337 113.714 
2589: 136.228 134.892 103.989 
2590: 113.323 117.557 54.2999 
2591: 61.2471 135.371 91.8203 
2592: 93.7022 108.683 135.428 
2593: 89.4468 126.995 57.1022 
2594: 112.108 131.254 70.4104 
2595: 63.258 129.275 145.57 
2596: 56.2477 99.859 141.382 
2597: 85.324 80.0687 107.869 
2598: 112.172 89.5428 127.409 
2599: 106.047 99.0603 77.0098 
2600: 91.3574 124.512 48.7193 
2601: 115.214 51.0798 115.592 
2602: 83.314 82.5006 115.615 
2603: 97.56 94.8549 62.2605 
2604: 99.6633 95.4815 56.0928 
2605: 141.84 91.041 36.81 
2606: 61.4284 83.6317 83.524 
2607: 48.211 118.159 82.9968 
2608: 131.235 79.7028 94.8441 
2609: 113.08 65.7883 77.303 
2610: 93.4176 119.303 117.974 
2611: 88.1742 130.889 83.2857 
2612: 106.905 134.811 137.107 
2613: 87.9378 138.087 66.3853 
2614: 50.0735 76.3406 96.546 
2615: 124.379 68.8893 102.629 
2616: 131.839 89.7974 103.282 
2617: 83.4447 111.345 123.054 
2618: 104.72 118.4 69.969 
2619: 116.647 59.3757 73.616 
2620: 94.4372 75.5811 108.132 
2621: 98.7446 125.4 96.96 
2622: 92.8111 63.3994 109.725 
2623: 59.1679 51.9836 88.3593 
2624: 96.4167 100.395 110.505 
2625: 120.526 94.9673 136.392 
2626: 117.706 82.958 124.453 
2627: 73.0499 40.9191 110.116 
2628: 105.742 133.863 98.8331 
2629: 89.1049 80.4081 65.2028 
2630: 83.7295 93.1385 77.1647 
2631: 49.7188 126.234 134.057 
2632: 121.583 119.751 127.62 
2633: 97.7512 57.8136 97.6131 
2634: 49.2334 128.387 108.422 
2635: 47.4128 52.007 73.3859 
2636: 51.3866 83.678 125.081 
2637: 133.92 119.737 96.4416 
2638: 47.12 116.973 80.9813 
2639: 61.103 129.175 105.941 
2640: 133.669 111.078 104.812 
2641: 91.0719 101.797 104.189 
2642: 42.9271 71.526 95.7382 
2643: 111.76 105.496 104.027 
2644: 91.5299 114.778 119.861 
2645: 92.416 135.632 112.656 
2646: 51.478 92.3671 112.4 
2647: 106.084 67.5172 64.5952 
2648: 44.3578 91.2212 104.49 
2649: 120.005 56.0879 101.099 
2650: 80.7818 145.413 102.176 
2651: 75.8404 92.3774 114.429 
2652: 32.5733 116.57 123.568 
2653: 75.0664 135.535 94.4181 
2654: 104.716 42.4032 83.5865 
2655: 75.2079 120.455 111.841 
2656: 141.933 99.1696 124.967 
2657: 109.841 141.178 84.4218 
2658: 102.889 104.418 105.895 
2659: 105.48 105.539 141.571 
2660: 125.38 121.593 95.2861 
2661: 33.3778 107.534 73.8599 
2662: 83.2821 80.9768 112.89 
2663: 64.958 110.85 139.674 
2664: 86.1377 125.522 145.89 
2665: 160.737 104.999 81.7687 
2666: 144.896 125.326 113.271 
2667: 106.399 114.027 39.9792 
2668: 87.1321 101.584 112.958 
2669: 62.632 141.149 171.084 
2670: 114.691 76.0302 143.275 
2671: 131.378 124.788 108.235 
2672: 69.7024 109.214 95.8279 
2673: 84.22 170.279 90.9603 
2674: 120.666 125.751 66.6697 
2675: 104.965 35.8191 111.06 
2676: 103.916 97.232 166.146 
2677: 71.6795 95.087 176.446 
2678: 57.104 128.276 97.8063 
2679: 73.309 112.804 90.0981 
2680: 153.471 80.798 60.1984 
2681: 52.9553 113.524 152.449 
2682: 140.797 64.0067 41.5005 
2683: 59.1001 96.1921 100.437 
2684: 42.5555 93.6196 75.5314 
2685: 83.8904 56.8939 137.298 
2686: 102.17 78.1491 14.9296 
2687: 77.1156 87.1427 44.2279 
2688: 37.8361 101.275 143.489 
2689: 116.422 85.5976 128.114 
2690: 75.86 81.6838 70.2822 
2691: 57.665 131.385 95.4994 
2692: 106.26 133.569 124.786 
2693: 58.104 125.962 146.483 
2694: 46.7074 141.948 125.5 
2695: 121.866 149.06 75.0299 
2696: 86.2414 145.268 140.774 
2697: 150.83 95.5614 91.0902 
2698: 112.191 113.353 114.47 
2699: 80.784 34.7669 98.4725 
2700: 34.7409 94.8062 129.127 
2701: 20.5801 72.2153 114.464 
2702: 117.382 81.4617 70.419 
2703: 87.2362 157.889 97.6605 
2704: 85.2153 120.378 89.262 
2705: 62.1439 92.8793 80.1618 
2706: 144.459 138.911 87.7483 
2707: 66.4406 70.3355 119.947 
2708: 73.5777 75.3339 133.488 
2709: 92.574 88.2741 75.1829 
2710: 68.6367 61.8127 143.026 
2711: 50.1261 119.218 123.788 
2712: 113.667 73.5404 116.954 
2713: 110.982 97.962 136.101 
2714: 107.661 110.822 115.966 
2715: 92.5889 79.0009 133.112 
2716: 54.7273 109.973 111.567 
2717: 117.264 80.6586 57.5956 
2718: 95.4119 89.2025 130.729 
2719: 89.1336 62.9772 108.464 
2720: 111.662 84.963 64.7153 
2721: 74.9368 153.499 104.624 
2722: 63.9667 79.1031 79.9959 
2723: 80.5267 131.202 98.5351 
2724: 97.3696 83.6241 140.812 
2725: 96.361 159.991 96.05 
2726: 97.876 70.2937 112.345 
2727: 62.916 107.891 63.7308 
2728: 117.059 57.8967 129.395 
2729: 107.438 90.5812 157.856 
2730: 78.7229 146.192 132.421 
2731: 65.4247 90.6201 82.8021 
2732: 82.5333 84.4455 113.871 
2733: 104.058 6.07592 93.7633 
2734: 85.9754 117.618 152.88 
2735: 131.73 142.023 116.733 
2736: 117.421 96.2619 117.457 
2737: 102.962 98.9913 60.1172 
2738: 134.733 48.1678 75.9285 
2739: 64.845 83.3341 70.8844 
2740: 148.42 134.545 110.825 
2741: 81.772 125.128 121.802 
2742: 137.444 125.501 112.173 
2743: 56.8778 114.025 100.251 
2744: 101.99 112.534 121.764 
2745: 110.787 52.0446 113.236 
2746: 102.081 48.1522 86.8468 
2747: 82.821 116.293 115.794 
2748: 71.3431 89.1026 128.9 
2749: 70.0533 113.71 74.1095 
2750: 108.323 135.308 124.545 
2751: 44.6236 85.0428 54.0594 
2752: 146.108 92.3796 67.1721 
2753: 83.9294 75.7821 115.098 
2754: 114.178 93.2917 86.544 
2755: 144.08 110.929 118.739 
2756: 119.468 114.458 40.3214 
2757: 53.481 105.521 125.489 
2758: 99.6356 71.196 119.314 
2759: 100.574 100.21 82.1742 
2760: 87.24 96.5394 90.6828 
2761: 107.301 86.0005 107.096 
2762: 149.031 119.796 104.253 
2763: 120.469 119.172 76.0707 
2764: 76.06 134.353 83.263 
2765: 71.717 165.004 113.136 
2766: 59.3333 115.4 126.666 
2767: 118.134 126.727 77.8969 
2768: 35.6627 135.845 58.5426 
2769: 39.5395 85.2032 121.636 
2770: 91.223 89.0033 20.0904 
2771: 74.8771 99.4353 110.687 
2772: 108.923 150.217 103.684 
2773: 90.8579 82.7181 88.735 
2774: 112.721 87.9974 90.4711 
2775: 56.4349 92.1571 35.5508 
2776: 105.197 115.5 60.8506 
2777: 105.862 42.7117 101.252 
2778: 90.1142 63.3994 121.358 
2779: 128.264 88.7468 106.809 
2780: 98.5571 107.267 83.9929 
2781: 128.283 88.9895 99.093 
2782: 82.7398 112.346 120.185 
2783: 97.6526 137.498 110.6 
2784: 39.3357 100.24 82.5978 
2785: 95.054 45.4467 121.575 
2786: 106.115 77.1725 60.972 
2787: 90 97.0491 81.2538 
2788: 115.602 63.5858 150.805 
2789: 99.7121 40.6203 100.965 
2790: 89.5337 111.044 111.843 
2791: 66.984 50.354 116.972 
2792: 35.2602 69.3685 80.4314 
2793: 95.1021 107.51 83.0952 
2794: 58.9541 140.75 121.452 
2795: 79.5012 72.956 128.196 
2796: 71.7454 77.1916 90.4636 
2797: 96.1629 115.067 55.2583 
2798: 75.9108 116.746 80.0294 
2799: 90.0609 83.0717 109.492 
2800: 91.3132 83.5873 75.4517 
2801: 55.002 136.139 92.3854 
2802: 41.0391 94.8737 128.194 
2803: 95.1258 141.423 72.6767 
2804: 138.821 120.902 106.838 
2805: 48.5483 105.683 120.768 
2806: 72.0691 110.898 109.331 
2807: 93.1667 105.766 132.452 
2808: 131.886 58.4195 77.8142 
2809: 148.146 114.28 122.734 
2810: 111.987 121.553 85.9755 
2811: 38.348 125.355 157.764 
2812: 116.808 75.4465 46.8439 
2813: 60.4533 70.6097 51.4445 
2814: 103.392 70.2745 92.9236 
2815: 66.4147 50.5324 135.015 
2816: 106.935 106.055 77.7027 
2817: 108.257 80.4332 124.661 
2818: 128.56 74.5808 111.721 
2819: 101.431 104.427 67.8254 
2820: 71.7956 69.9437 106.034 
2821: 99.5591 105.849 70.5095 
2822: 96.2542 30.9115 71.6403 
2823: 109.653 122.228 104.573 
2824: 75.7868 169.539 99.7852 
2825: 90.0659 55.4279 56.9414 
2826: 76.8573 101.646 112.711 
2827: 94.5418 91.8085 121.17 
2828: 135.791 78.0208 62.101 
2829: 83.2487 131.892 98.4242 
2830: 113.28 122 125.536 
2831: 101.008 82.6394 145.873 
2832: 58.5485 100.507 66.6663 
2833: 68.4338 85.1525 79.7832 
2834: 109.236 155.923 156.104 
2835: 133.28 74.9131 124.908 
2836: 99.9786 90.3779 126.7 
2837: 60.516 115.167 134.29 
2838: 86.332 108.436 59.0603 
2839: 91.4241 124.164 94.4598 
2840: 86.752 81.6572 102.887 
2841: 53.5996 115.46 143.634 
2842: 33.1169 78.585 102.754 
2843: 157.892 109.292 72.4446 
2844: 107.759 66.1782 81.4012 
2845: 92.1936 72.7826 68.136 
2846: 42.9124 127.918 116.055 
2847: 65.2974 73.2829 121.155 
2848: 110.892 84.7852 44.061 
2849: 102.502 86.4651 134.496 
2850: 56.6651 85.6504 74.3466 
2851: 99.0772 77.922 102.371 
2852: 50.5344 114.902 91.0015 
2853: 35.9623 108.021 96.2039 
2854: 92.1137 70.8875 80.0804 
2855: 59.2933 133.092 48.7818 
2856: 72.4044 92.6072 46.2062 
2857: 128.906 93.1336 88.9354 
2858: 101.426 108.591 60.3439 
2859: 130.327 105.498 140.459 
2860: 104.815 53.2719 82.7994 
2861: 59.256 136.822 96.5354 
2862: 104.448 86.2279 58.49 
2863: 64.7715 99.1679 133.672 
2864: 56.9688 111.768 132.894 
2865: 122.186 164.909 101.223 
2866: 130.24 94.0817 114.202 
2867: 124.132 132.458 117.182 
2868: 105.951 79.8362 86.3175 
2869: 126.214 141.78 94.0286 
2870: 62.3796 141.749 138.306 
2871: 142.406 102.955 76.5438 
2872: 55.0768 127.267 66.5991 
2873: 80.9174 94.9079 50.0822 
2874: 88.3563 90.4244 29.6929 
2875: 88.3938 67.1497 106.106 
2876: 109.484 71.8417 104.555 
2877: 83.2749 164.914 103.182 
2878: 81.403 106.703 44.0045 
2879: 101.952 90.2824 151.449 
2880: 61.8502 125.406 114.763 
2881: 69.3411 98.3857 154.055 
2882: 77.087 91.5519 61.1568 
2883: 98.95 109.764 85.4389 
2884: 88.4576 91.6981 39.2844 
2885: 88.7011 99.7561 89.9522 
2886: 83.8696 146.48 138.137 
2887: 61.0651 111.284 97.636 
2888: 64.3087 108.115 113.994 
2889: 79.3302 86.8467 106.294 
2890: 55.2729 69.8481 85.9788 
2891: 53.1508 107.342 112.774 
2892: 110.456 96.6287 124.775 
2893: 60.7649 98.6994 56.162 
2894: 43.7413 158.66 72.4415 
2895: 142.503 55.934 95.0316 
2896: 72.7357 107.833 52.8104 
2897: 128.144 75.7812 138.224 
2898: 82.6684 63.2807 97.1932 
2899: 71.7338 74.9731 109.566 
2900: 75.7516 105.807 48.4535 
2901: 107.408 94.2917 50.5674 
2902: 120.814 60.3019 114.488 
2903: 88.3013 85.5626 126.834 
2904: 62.3751 112.275 82.8419 
2905: 89.1203 62.5956 125.675 
2906: 94.2476 77.2758 100.37 
2907: 86.3164 161.978 86.1695 
2908: 157.507 124.92 108.835 
2909: 128.981 67.3567 60.6 
2910: 114.426 135.785 131.879 
2911: 86.16 52.3609 137.092 
2912: 104.917 98.794 112.185 
2913: 56.0613 84.6805 104.866 
2914: 115.121 87.8009 118.856 
2915: 100.179 73.3526 99.2748 
2916: 131.771 125.372 138.363 
2917: 105.211 82.2932 104.34 
2918: 132.521 106.867 118.437 
2919: 71.7386 84.87 67.1072 
2920: 89.3183 100.366 100.471 
2921: 114.833 88.6729 138.851 
2922: 84.1665 140.465 103.888 
2923: 84.2597 95.1332 80.4208 
2924: 78.1093 105.921 75.4046 
2925: 95.2082 80.1911 93.3118 
2926: 74.6093 80.2346 50.7763 
2927: 87.05 87.6081 124.717 
2928: 101.407 97.6096 99.859 
2929: 84.8693 105.895 51.6017 
2930: 82.5963 146.029 106.321 
2931: 121.712 72.6176 125.269 
2932: 125.952 125.237 70.6014 
2933: 120.222 64.4745 55.9055 
2934: 141.232 61.9223 64.9573 
2935: 68.5126 112.748 72.9245 
2936: 41.8791 97.0899 51.2165 
2937: 110.807 91.0975 79.255 
2938: 119.044 86.8422 116.679 
2939: 103.763 131.705 125.057 
2940: 107.013 108.126 125.062 
2941: 142.224 127.845 79.8742 
2942: 90.6807 67.9672 109.716 
2943: 83.9218 70.1886 104.722 
2944: 86.0167 148.268 111.72 
2945: 86.9338 98.7385 61.458 
2946: 118.416 90.4783 93.1591 
2947: 77.1337 92.84 62.412 
2948: 77.3689 74.1168 109.782 
2949: 98.579 67.3388 91.0641 
2950: 105.996 94.3753 73.0307 
2951: 60.131 72.4946 125.542 
2952: 109.407 90.5215 112.434 
2953: 80.4764 128.033 126.282 
2954: 69.6611 93.4247 93.5262 
2955: 143.018 119.905 111.381 
2956: 107.913 126.164 101.842 
2957: 111.172 41.7455 54.6891 
2958: 90.2742 173.845 124.135 
2959: 118.474 127.029 77.956 
2960: 89.3561 80.3082 45.1211 
2961: 74.6016 99.1728 145.053 
2962: 59.3244 122.972 140.176 
2963: 99.3147 107.944 51.2184 
2964: 85.8779 68.2597 54.236 
2965: 97.7656 150.458 68.0955 
2966: 74.2033 72.1302 108.857 
2967: 58.5986 85.6106 66.317 
2968: 66.7957 94.5699 87.6018 
2969: 115.623 77.9125 119.577 
2970: 83.1799 148.902 100.312 
2971: 46.5268 88.4037 74.0268 
2972: 106.715 108.672 147.018 
2973: 126.801 50.6509 80.8127 
2974: 45.3207 91.7984 52.3657 
2975: 34.5724 95.5709 103.187 
2976: 101.168 71.2745 111.248 
2977: 58.7096 85.7049 102.68 
2978: 86.0675 96.9361 106.3 
2979: 94.236 96.8959 103.13 
2980: 99.6669 116.51 50.6296 
2981: 121.776 94.5735 44.7189 
2982: 114.174 108.879 91.4311 
2983: 72.6098 83.3357 65.1766 
2984: 35.3633 102.928 153.683 
2985: 95.5231 75.6726 112.452 
2986: 130.434 95.6045 113.837 
2987: 78.1982 152.781 101.324 
2988: 88.5184 146.493 147.745 
2989: 89.09 95.1105 96.3478 
2990: 101.009 90.4702 96.0316 
2991: 113.738 76.5395 81.3074 
2992: 40.1804 94.5474 79.1182 
2993: 59.2306 95.9565 83.0299 
2994: 132.135 104.699 46.3675 
2995: 32.3511 88.3318 117.234 
2996: 70.8194 199.785 97.3533 
2997: 76.644 105.079 163.737 
2998: 67.1269 101.91 97.8381 
2999: 88.6232 98.047 157.292 
3000: 60.5073 99.1167 114.797 
3001: 84.1563 146.206 88.0737 
3002: 85.6204 77.3714 104.758 
3003: 53.2782 99.0007 115.964 
3004: 75.982 133.933 112.533 
3005: 81.0916 130.762 96.9315 
3006: 104.733 102.895 34.2361 
3007: 81.576 55.5209 111.375 
3008: 92.8249 102.167 110.31 
3009: 89.3007 60.1562 89.7112 
3010: 56.4729 102.621 98.8367 
3011: 76.1077 98.6418 66.8335 
3012: 147.653 123.462 111.081 
3013: 85.4974 143.686 149.16 
3014: 38.2346 125.052 67.1015 
3015: 54.9809 87.2104 89.8113 
3016: 85.6479 110.144 75.0749 
3017: 80.0506 99.3679 84.2728 
3018: 84.2556 113.573 109.541 
3019: 90.399 112.496 94.9663 
3020: 69.034 60.7626 144.115 
3021: 142.264 115.427 45.2911 
3022: 93.4947 72.0966 103.545 
3023: 83.239 38.1174 118.977 
3024: 55.7474 106.291 108.673 
3025: 102.607 118.036 109.103 
3026: 57.5961 100.948 95.8005 
3027: 91.805 57.6474 119.211 
3028: 83.8222 141.754 143.707 
3029: 113.884 89.8879 45.872 
3030: 116.892 100.471 99.962 
3031: 102.291 142.42 68.2135 
3032: 52.1869 89.0659 73.8719 
3033: 126.312 66.6875 133.181 
3034: 79.0587 51.5614 73.8409 
3035: 70.1423 113.913 107.788 
3036: 92.1984 107.033 91.2809 
3037: 99.0773 154.888 104.472 
3038: 114.236 61.742 116.879 
3039: 114.713 103.388 62.5592 
3040: 88.0034 137.694 68.7315 
3041: 73.716 118.205 96.092 
3042: 77.6691 101.136 111.374 
3043: 122.48 113.837 105.66 
3044: 69.962 109.271 110.548 
3045: 72.6771 110.964 52.939 
3046: 139.012 85.0708 92.6356 
3047: 57.488 93.9272 66.9525 
3048: 96.0706 143.631 81.2065 
3049: 145.9 111.756 106.866 
3050: 73.1137 43.6155 103.657 
3051: 117.82 50.5081 80.3772 
3052: 78.6461 100.847 76.12 
3053: 77.658 94.4599 112.174 
3054: 61.2257 84.2194 75.6028 
3055: 90.1944 85.2166 71.4585 
3056: 78.3074 83.7876 86.6881 
3057: 39.6843 107.719 71.1231 
3058: 83.9227 98.7537 123.454 
3059: 101.929 134.501 90.5482 
3060: 115.311 133.873 65.2303 
3061: 123.589 95.323 77.0363 
3062: 137.318 112.431 90.1635 
3063: 88.3822 126.025 54.2464 
3064: 40.9441 129.605 73.664 
3065: 125.656 48.8104 106.196 
3066: 90.8787 104.924 103.508 
3067: 68.454 125.933 135.43 
3068: 33.3493 143.923 58.9439 
3069: 69.3938 79.1771 101.074 
3070: 51.7631 111.33 98.1132 
3071: 54.2701 148.66 78.7382 
3072: 59.19 145.857 53.1718 
3073: 27.8437 125.046 130.248 
3074: 105.3 109.922 63.7711 
3075: 102.347 109.93 25.0225 
3076: 90 80.2555 135.28 
3077: 65.934 65.9763 69.6955 
3078: 86.2781 43.0454 80.8663 
3079: 23.6079 83.6277 129.124 
3080: 100.971 60.9211 147.659 
3081: 94.747 124.149 64.9688 
3082: 109.232 154.275 129.524 
3083: 114.795 123.607 80.5129 
3084: 72.6235 92.9299 75.9694 
3085: 50.3551 111.019 90.4645 
3086: 92.3533 72.3159 101.588 
3087: 74.573 180.804 82.9439 
3088: 77.4536 87.7239 35.307 
3089: 116.257 112.818 92.5864 
3090: 103.303 116.737 97.9089 
3091: 60.806 55.6956 73.9965 
3092: 105.686 137.292 130.297 
3093: 37.46 100.675 89.2843 
3094: 96.868 92.5932 81.4065 
3095: 116.208 152.203 85.313 
3096: 90.3015 111.073 87.5474 
3097: 70.471 68.6712 78.9921 
3098: 113.051 89.7225 94.92 
3099: 100.617 129.198 104.965 
3100: 73.597 107.643 99.8422 
3101: 90.1281 71.1291 151.643 
3102: 103.365 60.1246 63.1065 
3103: 89.6715 99.2828 171.146 
3104: 141.249 66.8152 85.2371 
3105: 87.8932 41.7435 112.013 
3106: 89.2913 131.817 125.529 
3107: 61.5271 123.57 103.034 
3108: 87.0861 119.627 90.9455 
3109: 1.23342 103.805 112.827 
3110: 116.74 112.587 56.4103 
3111: 98.3542 51.67 134.558 
3112: 78.1038 114.894 162.594 
3113: 119.264 87.8333 166.113 
3114: 75.4723 125.568 144.444 
3115: 39.835 154.09 69.2051 
3116: 148.354 109.223 100.667 
3117: 90.1674 88.949 120.555 
3118: 111.617 119.723 65.3912 
3119: 89.6063 121.735 100.411 
3120: 72.4356 96.3895 82.2379 
3121: 133.066 106.706 93.8982 
3122: 149.289 130.697 101.926 
3123: 100.02 148.812 101.867 
3124: 81.8376 143.966 64.9427 
3125: 103.621 45.7372 130.247 
3126: 134.704 144.212 103.265 
3127: 132.846 109.481 152.84 
3128: 94.2279 63.4818 120.863 
3129: 135.081 77.8307 76.0471 
3130: 31.1477 92.4237 84.5446 
3131: 44.3143 52.778 140.948 
3132: 88.0111 85.04 70.0592 
3133: 78.3219 77.4816 77.355 
3134: 59.1837 117.219 122.947 
3135: 138.825 105.51 134.501 
3136: 80.415 99.3232 180.006 
3137: 66.064 100.138 101.287 
3138: 64.3249 57.8673 91.2889 
3139: 87.2131 100.604 97.8523 
3140: 87.616 57.8448 110.579 
3141: 90.2129 86.3642 102.241 
3142: 153.119 100.963 101.088 
3143: 66.4922 91.7066 138.876 
3144: 30.7778 67.8139 77.4494 
3145: 69.1356 139.37 136.003 
3146: 138.359 95.7126 102.047 
3147: 109.527 59.2986 139.288 
3148: 84.547 94.6416 97.7006 
3149: 43.376 75.496 105.541 
3150: 73.584 68.3241 92.3292 
3151: 88.2882 103.65 51.9877 
3152: 97.378 69.3688 86.6338 
3153: 76.9853 96.7688 27.3654 
3154: 106.947 156.249 86.9089 
3155: 112.439 23.9849 110.694 
3156: 57.792 49.7421 52.4763 
3157: 77.2843 81.4975 145.309 
3158: 57.8413 100.458 71.7697 
3159: 69.3733 124.607 48.9452 
3160: 56.2099 72.6058 120.031 
3161: 83.0961 80.9552 76.7413 
3162: 107.053 61.3056 105.461 
3163: 76.092 41.0458 115.127 
3164: 54.1087 64.5797 71.5734 
3165: 100.661 102.072 106.876 
3166: 139.299 114.543 60.8899 
3167: 69.9324 47.5446 128.443 
3168: 109.294 147.599 84.8503 
3169: 73.2833 136.633 106.403 
3170: 46.7507 109.184 88.9935 
3171: 108.231 35.0557 97.1882 
3172: 109.962 140.248 120.146 
3173: 142.162 136.535 102.645 
3174: 54.1923 71.9928 53.5268 
3175: 61.496 117.155 97.074 
3176: 95.02 82.6594 128.002 
3177: 51.2809 57.9918 88.3978 
3178: 67.9116 77.0765 67.195 
3179: 63.1133 151.567 96.1848 
3180: 118.983 93.4716 58.818 
3181: 141.28 105.39 117.186 
3182: 97.6989 121.521 144.019 
3183: 93.7816 73.9062 114.784 
3184: 155.736 94.5229 112.894 
3185: 78.9818 95.1309 117.047 
3186: 67.758 124.728 128.288 
3187: 58.6771 38.8832 104.28 
3188: 64.5404 126.996 120.617 
3189: 146.161 80.0174 101.383 
3190: 73.5642 98.5113 39.5561 
3191: 50.2183 91.0784 144.333 
3192: 79.1556 148.627 123.146 
3193: 120.118 89.4446 80.5488 
3194: 83.2323 92.2309 109.978 
3195: 92.8776 109.838 91.0209 
3196: 64.795 128.955 82.1868 
3197: 105.489 64.0145 78.2531 
3198: 105.787 82.443 24.7172 
3199: 110.102 111.055 56.2784 
3200: 135.473 117.256 111.379 
3201: 90.2436 55.8655 72.0611 
3202: 89.7449 109.373 88.4898 
3203: 85.1694 101.949 96.3937 
3204: 141.655 112.187 119.999 
3205: 74.8238 74.5699 98.2737 
3206: 89.5169 85.2627 139.365 
3207: 100.778 94.7044 42.6576 
3208: 143.485 106.128 108.651 
3209: 118.249 123.921 84.2953 
3210: 131.385 50.3255 104.379 
3211: 116.567 102.568 123.502 
3212: 84.3369 104.378 161.995 
3213: 78.4067 116.471 129.497 
3214: 127.368 107.354 72.799 
3215: 100.558 124.585 71.4962 
3216: 105.734 105.026 83.06 
3217: 81.8707 77.8454 124.424 
3218: 60.656 72.9945 96.8687 
3219: 70.4194 81.4848 70.5562 
3220: 100.541 82.442 106.189 
3221: 89.046 74.0385 103.554 
3222: 61.1871 73.6855 110.683 
3223: 79.19 79.5272 92.8047 
3224: 115.935 79.0886 79.0219 
3225: 149.533 103.376 88.3485 
3226: 44.248 128.011 73.7221 
3227: 118.984 145.329 101.049 
3228: 89.5596 74.3474 101.601 
3229: 80.116 147.681 80.0967 
3230: 114.079 78.8306 55.5523 
3231: 93.6041 79.6218 144.445 
3232: 50.1122 73.5657 63.1399 
3233: 127.536 90.0978 115.138 
3234: 99.9583 121.524 123.678 
3235: 108.013 112.659 108.895 
3236: 34.3111 103.167 76.1239 
3237: 105.181 103.155 159.143 
3238: 81.7292 96.0796 76.5588 
3239: 105.731 151.632 97.0353 
3240: 90.1974 101.089 107.981 
3241: 103.352 103.924 120.59 
3242: 82.3368 124.722 80.0469 
3243: 152.072 122.734 123.528 
3244: 51.8412 84.4221 77.1269 
3245: 121.28 93.1498 89.442 
3246: 87.7235 137.303 90.7257 
3247: 71.9856 87.9183 97.0608 
3248: 95.0799 63.4975 108.165 
3249: 117.457 96.753 116.612 
3250: 111.728 62.5088 149.274 
3251: 66.655 81.4906 97.5603 
3252: 53.8583 110.492 103.716 
3253: 96.9153 82.1139 166.045 
3254: 29.364 119.385 86.0518 
3255: 57.7449 90.7863 115.52 
3256: 91.7601 84.3687 102.296 
3257: 73.3912 169.876 102.728 
3258: 128.595 150.152 51.0136 
3259: 81.3211 89.725 62.7329 
3260: 55.4023 85.1057 100.059 
3261: 108.911 83.7518 75.5336 
3262: 76.9927 100.905 69.5008 
3263: 103.96 57.0129 109.543 
3264: 51.3417 90.6382 85.8014 
3265: 92.906 95.2863 75.5625 
3266: 74.3388 105.286 99.6869 
3267: 96.82 137.363 50.5167 
3268: 47.9121 110.654 137.867 
3269: 83.1589 148.189 48.642 
3270: 101.881 105.587 72.7021 
3271: 78.499 130.984 70.7639 
3272: 128.71 67.9898 71.6526 
3273: 44.9762 75.552 69.8594 
3274: 97.8893 145.747 82.9276 
3275: 119.236 57.4094 137.226 
3276: 93.1449 105.767 108.692 
3277: 132.473 72.7296 76.3186 
3278: 41.5056 73.5718 71.174 
3279: 84.2193 115.071 121.711 
3280: 88.3216 109.028 65.2235 
3281: 108.787 116.513 65.9493 
3282: 54.2587 100.748 68.8766 
3283: 109.03 63.0631 117.029 
3284: 76.62 33.3568 110.772 
3285: 69.6423 166.935 89.5672 
3286: 102.68 131.202 116.418 
3287: 50.254 125.072 73.8498 
3288: 41.492 82.9326 53.988 
3289: 83.3922 82.0845 105.302 
3290: 93.207 78.3736 94.19 
3291: 120.433 74.4459 72.6912 
3292: 112.512 105.627 104.113 
3293: 171.015 101.652 107.229 
3294: 73.4458 95.2503 119.923 
3295: 96.6932 126.495 132.535 
3296: 95.5812 102.605 153.566 
3297: 58.954 60.1571 63.3011 
3298: 118.107 133.333 104.604 
3299: 54.9054 94.9152 124.263 
3300: 66.925 82.1226 102.331 
3301: 75.0222 45.7031 75.5694 
3302: 52.8503 76.3275 93.4363 
3303: 91.1611 124.683 90.7537 
3304: 130.306 97.9277 67.8555 
3305: 135.894 106.916 135.897 
3306: 103.769 88.7093 66.3231 
3307: 103.982 52.4952 123.675 
3308: 119.053 114.993 108.049 
3309: 52.3325 88.325 122.348 
3310: 95.3777 160.818 146.605 
3311: 83.9201 65.6761 146.604 
3312: 79.0476 115.372 85.6679 
3313: 151.796 110.219 121.583 
3314: 52.934 91.9946 107.994 
3315: 83.5883 132.401 61.9892 
3316: 107.507 69.3968 45.1818 
3317: 86.0716 115.044 92.7564 
3318: 147.332 102.218 94.0217 
3319: 90.2353 100.74 52.1795 
3320: 68.1653 143.085 83.5801 
3321: 72.2439 98.8484 135.418 
3322: 58.9196 102.781 167.255 
3323: 60.8479 112.969 113.003 
3324: 77.2447 69.5983 132.921 
3325: 54.7524 94.8269 120.197 
3326: 147.284 112.206 107.442 
3327: 126.419 108.849 90.9661 
3328: 99.2325 116.704 92.1743 
3329: 97.9759 20.5972 93.717 
3330: 143.643 117.514 60.9706 
3331: 56.8299 68.1241 119.286 
3332: 112.517 47.466 110.996 
3333: 127.586 111.073 96.3211 
3334: 2.92511 97.1464 109.504 
3335: 115.292 141.232 95.2717 
3336: 66.6673 147.059 80.2529 
3337: 67.8121 98.348 122.795 
3338: 69.5802 110.833 29.5192 
3339: 105.861 76.8002 111.453 
3340: 112.242 10.813 107.06 
3341: 96.6884 157.924 105.4 
3342: 65.8552 96.3231 84.1644 
3343: 29 147.452 105.59 
3344: 35.0869 59.0433 140.035 
3345: 92.8396 75.9977 93.8352 
3346: 107.92 112.719 120.405 
3347: 22.0247 81.8381 93.2222 
3348: 149.82 87.9887 113.397 
3349: 112.25 11.3484 90.6973 
3350: 130.557 101.304 81.8286 
3351: 107.116 125.753 145.325 
3352: 87.128 125.068 117.412 
3353: 93.1915 73.3651 75.2601 
3354: 86.6867 48.4221 123.486 
3355: 73.2053 139.843 78.6842 
3356: 43.9973 114.678 112.108 
3357: 64.1581 123.734 77.1245 
3358: 142.249 140.531 120.077 
3359: 66.881 98.2785 51.7466 
3360: 97.7505 104.552 135.198 
3361: 172.964 111.677 74.0521 
3362: 130.833 122.458 64.2173 
3363: 126.557 98.2551 119.166 
3364: 79.83 123.028 86.2072 
3365: 51.8747 98.2367 80.9994 
3366: 98.9 106.677 137.306 
3367: 85.7693 87.3669 100.568 
3368: 61.2057 113.657 163.238 
3369: 78.6286 91.0828 163.045 
3370: 43.5899 128.792 74.3488 
3371: 64.0427 110.877 111.326 
3372: 106.617 94.0838 47.6658 
3373: 115.872 87.1689 97.4805 
3374: 111.5 62.8496 86.1106 
3375: 33.5789 70.7736 129.403 
3376: 86.788 144.33 45.6264 
3377: 118.158 90.2748 127.542 
3378: 62.5238 107.06 54.9541 
3379: 103.593 145.064 138.04 
3380: 128.46 135.819 59.0137 
3381: 67.0703 142.287 81.6455 
3382: 73.0166 170.421 82.2749 
3383: 116.207 119.038 116.042 
3384: 77.605 85.6343 97.8231 
3385: 116.772 47.8501 88.5776 
3386: 61.8111 107.324 66.1259 
3387: 82.9313 82.7848 83.672 
3388: 59.266 104.064 90.3894 
3389: 105.876 99.8585 32.5663 
3390: 109.055 56.6224 75.5498 
3391: 112.26 119.547 104.994 
3392: 71.904 62.4427 80.0632 
3393: 91.6133 136.072 72.679 
3394: 82.1478 116.97 98.3835 
3395: 76.1982 86.2752 31.4661 
3396: 54.1044 149.899 100.088 
3397: 62.4326 60.6931 76.3294 
3398: 119.796 86.3918 79.7533 
3399: 80.7328 94.3074 82.6066 
3400: 57.589 92.938 75.9702 
3401: 91.609 160.576 114.367 
3402: 88.1383 126.356 123.564 
3403: 85.4634 118.609 146.482 
3404: 97.8956 101.868 11.0078 
3405: 98.8168 136.126 57.4067 
3406: 78.9756 61.7595 39.9912 
3407: 38.2443 111.382 99.9347 
3408: 153.404 62.1923 60.4184 
3409: 37.9592 106.645 132.777 
3410: 59.417 123.398 103.754 
3411: 99.3569 160.506 107.09 
3412: 135.843 109.355 91.3471 
3413: 63.2436 97.0899 81.965 
3414: 89.8154 76.5776 99.7548 
3415: 78.1933 64.7321 111.75 
3416: 92.1956 83.4379 142.451 
3417: 93.8744 15.2534 97.9584 
3418: 89.2694 160.562 99.7508 
3419: 87.8066 73.5978 137.397 
3420: 105.084 116.99 114.95 
3421: 115.561 73.2368 124.308 
3422: 79.4142 103.338 111.236 
3423: 114.126 82.3336 127.188 
3424: 49.8704 91.5783 76.0415 
3425: 123.02 76.2709 122.122 
3426: 35.0344 99.473 117.064 
3427: 74.4533 36.4572 69.949 
3428: 80.12 111.767 85.5192 
3429: 90.3174 109.86 163.875 
3430: 71.5823 109.502 81.6845 
3431: 114.088 150.784 61.1442 
3432: 94.6233 97.8657 109.86 
3433: 62.2085 87.7959 76.3034 
3434: 94.049 113.386 146.063 
3435: 103.784 104.231 113.212 
3436: 119.167 83.0955 140.703 
3437: 50.0198 118.436 74.1216 
3438: 61.6224 88.0821 134.946 
3439: 134.252 117.015 130.576 
3440: 41.1191 118.92 84.8222 
3441: 51.9564 85.3427 120.372 
3442: 89.4682 81.3999 104.275 
3443: 93.2909 105.439 54.8708 
3444: 77.9787 98.0629 98.8058 
3445: 77.9858 71.4018 131.24 
3446: 101.978 79.3821 123.094 
3447: 115.429 137.504 71.537 
3448: 84.5724 76.1164 81.3391 
3449: 78.2422 112.14 95.6426 
3450: 62.1799 125.194 100.94 
3451: 98.3887 119.128 99.5298 
3452: 96.992 36.7189 104.095 
3453: 103.99 80.3732 102.28 
3454: 62.1669 77.2602 88.6453 
3455: 120.025 132.996 45.0502 
3456: 70.1032 117.972 117.77 
3457: 53.2219 75.7262 70.7872 
3458: 113.202 74.8048 101.088 
3459: 37.689 102.229 86.324 
3460: 90.2249 76.735 68.6837 
3461: 77.3754 64.3877 109.157 
3462: 101.816 102.938 85.9427 
3463: 107.782 99.8705 50.9204 
3464: 99.7876 68.2748 120.535 
3465: 69.1895 94.5268 83.3299 
3466: 89.8019 89.8333 24.2629 
3467: 46.4478 62.8767 147.077 
3468: 112.071 108.855 109.392 
3469: 53.3194 111.642 136.61 
3470: 86.1128 101.73 134.052 
3471: 61.146 70.0258 41.1347 
3472: 87.8599 113.882 37.6868 
3473: 69.9883 107.929 89.3067 
3474: 83.7871 81.3801 23.7937 
3475: 156.468 83.3561 103.81 
3476: 52.2991 106.507 63.079 
3477: 48.9067 120.068 140.336 
3478: 47.3237 154.29 86.3486 
3479: 93.9111 51.3444 112.814 
3480: 74.1994 108.243 80.7086 
3481: 53.0977 90.9448 52.9368 
3482: 104.958 87.9065 89.926 
3483: 64.392 115.329 150.945 
3484: 115.425 50.0751 70.6098 
3485: 89.5083 76.0318 79.0117 
3486: 94.3954 60.9397 91.1779 
3487: 79.6021 69.1023 75.609 
3488: 102.308 86.2736 63.3395 
3489: 106.688 72.7974 137.071 
3490: 53.6657 93.6093 113.576 
3491: 74.9143 89.9904 81.9922 
3492: 96.2746 141.385 88.4894 
3493: 101.566 81.8761 159.965 
3494: 89.7101 125.376 134.241 
3495: 117.5 68.6025 84.7913 
3496: 99.1292 90.5711 137.955 
3497: 74.24 66.6362 100.685 
3498: 106.77 52.2941 59.4707 
3499: 83.9456 72.1282 55.4454 
3500: 113.2 133.216 90.415 
3501: 102.58 70.3001 62.3658 
3502: 71.2684 135.45 114.717 
3503: 64.6054 109.015 119.351 
3504: 38.8959 87.2126 73.7186 
3505: 100.359 107.029 112.253 
3506: 64.6711 49.3247 118.612 
3507: 118.981 69.5001 102.859 
3508: 94.6906 71.7642 79.6822 
3509: 94.6863 94.7336 81.4077 
3510: 101.991 38.1625 114.525 
3511: 115.124 141.728 93.9733 
3512: 23.6517 104.388 72.8018 
3513: 102.61 142.896 150.045 
3514: 81.9018 80.1985 127.882 
3515: 99.24 128.476 112.822 
3516: 105.034 85.9371 105.06 
3517: 86.7572 78.7973 52.4881 
3518: 93.5702 67.5302 95.1066 
3519: 54.3148 108.146 119.451 
3520: 146.503 93.7829 109.931 
3521: 98.7014 142.676 103.655 
3522: 74.3282 91.0385 143.414 
3523: 87.1624 111.399 68.2595 
3524: 36.1567 132.095 123.89 
3525: 82.1988 101.362 67.0684 
3526: 71.8076 108.693 69.7091 
3527: 78.7272 88.5914 100.581 
3528: 58.9597 89.5418 142.613 
3529: 49.9018 142.235 131.309 
3530: 137.452 146.891 119.537 
3531: 73.0146 163.288 116.557 
3532: 87.5164 87.7991 72.5265 
3533: 109.171 58.7881 78.9157 
3534: 124.077 129.161 90.4084 
3535: 88.7088 138.794 117.963 
3536: 123.489 69.2247 99.0231 
3537: 82.3169 53.7536 129.204 
3538: 26.1 126.161 133.073 
3539: 46.9469 95.6728 57.7814 
3540: 128.688 114.41 121.651 
3541: 81.4098 119.496 49.2804 
3542: 103.645 148.086 123.164 
3543: 133.72 125.144 67.3365 
3544: 102.196 110.626 85.2708 
3545: 71.8882 123.354 48.6836 
3546: 80.0756 105.613 31.1538 
3547: 135.836 49.6955 65.6261 
3548: 69.7122 105.558 118.873 
3549: 72.7297 114.305 131.701 
3550: 74.8301 111.03 45.2765 
3551: 126.043 91.9837 103.815 
3552: 131.62 128.454 129.509 
3553: 81.4741 73.3677 72.4566 
3554: 77.812 125.861 54.5821 
3555: 89.9426 119.343 68.8017 
3556: 127.577 109.619 144.439 
3557: 169.134 122.137 105.839 
3558: 90.2796 58.2253 112.58 
3559: 44.0017 89.2846 129.21 
3560: 70.4097 91.6443 114.695 
3561: 127.856 109.115 98.7206 
3562: 103.509 155.377 105.555 
3563: 38.5762 126.782 80.5704 
3564: 103.358 118.245 157.422 
3565: 121.744 148.413 64.2886 
3566: 149.006 111.997 104.891 
3567: 91.1731 57.7291 120.932 
3568: 93.8763 175.256 111.132 
3569: 107.444 95.0505 74.5648 
3570: 58.9086 53.253 71.539 
3571: 109.511 72.9618 94.1499 
3572: 81.3978 116.006 94.3146 
3573: 103.982 107.049 113.074 
3574: 78.964 76.1445 72.2388 
3575: 103.359 98.4286 36.1993 
3576: 110.399 120.763 64.268 
3577: 105.073 57.5109 53.8352 
3578: 88.7254 146.204 81.8141 
3579: 67.2356 82.3672 92.9503 
3580: 70.812 70.1571 122.616 
3581: 80.6585 134.587 105.348 
3582: 93.0107 62.5304 132.917 
3583: 76.118 160.404 86.4352 
3584: 36.443 70.3229 59.0664 
3585: 99.3075 71.6262 111.234 
3586: 109.47 65.0476 105.232 
3587: 70.9883 88.1747 96.261 
3588: 75.2367 122.169 118.455 
3589: 93.1013 89.4165 75.9733 
3590: 66.1721 135.951 109.688 
3591: 120.564 123.087 86.4676 
3592: 116.528 87.4726 111.248 
3593: 113.461 91.5861 64.2335 
3594: 112.788 76.3556 110.543 
3595: 106.109 80.6907 121.626 
3596: 113.333 56.3135 93.4651 
3597: 124.053 119.821 59.1706 
3598: 128.726 85.7782 64.5746 
3599: 126.176 73.4767 139.088 
3600: 55.2632 93.4591 122.845 
3601: 86.8367 98.4413 160.08 
3602: 35.1425 79.7425 79.8494 
3603: 43.5326 115.922 125.223 
3604: 83.2808 102.03 166.274 
3605: 83.9702 72.1032 90.1996 
3606: 105.221 133.037 73.4989 
3607: 87.7065 77.74 40.5248 
3608: 57.4837 96.2203 128.653 
3609: 86.4767 125.536 70.872 
3610: 90.4396 94.3689 163.471 
3611: 36.3365 140.864 62.0927 
3612: 81.728 118.512 116.654 
3613: 112.296 87.1486 37.9365 
3614: 42.7917 151.189 74.4719 
3615: 91.0151 139.669 101.672 
3616: 111.833 97.9064 58.0714 
3617: 121.587 107.978 139.68 
3618: 87.2738 96.8155 132.787 
3619: 82.1187 104.947 148.016 
3620: 112.987 58.4777 126.804 
3621: 61.8107 102.42 111.083 
3622: 110.567 102.755 69.7917 
3623: 69.1609 70.2111 112.315 
3624: 63.3804 95.0754 145.463 
3625: 96.4 93.3228 177.293 
3626: 106.904 94.2959 60.8741 
3627: 48.9144 54.4209 96.0652 
3628: 101.891 120.913 45.6039 
3629: 124.29 63.4505 87.8512 
3630: 29.2943 110.818 113.748 
3631: 83.9204 129.47 91.3643 
3632: 102.626 103.313 29.9875 
3633: 77.328 109.908 153.899 
3634: 86.2536 56.4289 74.007 
3635: 90.9867 118.701 39.9533 
3636: 63.826 135.234 152.585 
3637: 86.9046 57.1902 124.588 
3638: 100.286 71.516 81.4197 
3639: 94.3507 87.9426 136.681 
3640: 81.9562 52.0827 79.5166 
3641: 112.282 120.744 78.7847 
3642: 44.9437 100.788 135.932 
3643: 112.438 82.6109 108.74 
3644: 60.6734 135.63 108.181 
3645: 89.2727 64.5448 88.9284 
3646: 138.131 65.0418 52.8255 
3647: 121.336 129.747 104.032 
3648: 72.5075 127.321 80.7697 
3649: 94.4688 78.73 108.58 
3650: 79.6062 109.209 103.767 
3651: 82.0493 98.244 65.092 
3652: 138.808 102.646 111.552 
3653: 49.9421 118.387 110.274 
3654: 48.7384 74.701 61.0116 
3655: 108.566 59.4259 128.759 
3656: 109.284 89.1867 12.1397 
3657: 47.3253 142.216 123.136 
3658: 94.8486 95.5806 117.114 
3659: 134.034 103.526 130.983 
3660: 13.6691 89.5066 108.908 
3661: 33.2773 105.416 94.9957 
3662: 90.1702 95.2083 76.9952 
3663: 61.088 99.0435 51.6445 
3664: 96.4946 95.56 150.129 
3665: 20.847 75.3548 95.7432 
3666: 97.0269 94.5045 95.5395 
3667: 119.646 100.114 92.6267 
3668: 86.6307 94.2214 114.468 
3669: 122.265 96.5419 136.445 
3670: 65.5395 101.001 154.248 
3671: 67.2016 123.12 114.394 
3672: 63.54 84.0824 80.3013 
3673: 88.0451 95.5114 120.681 
3674: 23.1453 82.5454 79.7141 
3675: 92.9493 122.474 100.189 
3676: 96.8022 139.399 86.3722 
3677: 56.6319 126.433 117.521 
3678: 167.643 110.097 111.656 
3679: 67.1477 97.6493 73.3626 
3680: 71.5524 100.849 148.92 
3681: 127.752 53.886 121.732 
3682: 77.5627 81.0244 155.019 
3683: 119.083 68.4304 101.454 
3684: 81.8724 84.0895 139.68 
3685: 83.4879 130.39 107.111 
3686: 73.9552 126.892 47.5291 
3687: 108.639 125.629 62.048 
3688: 95.6342 116.456 47.7761 
3689: 46.4182 86.359 79.2941 
3690: 89.0254 122.453 35.7767 
3691: 7.00542 125.036 111.522 
3692: 77.65 79.3824 125.624 
3693: 73.8333 94.4623 95.769 
3694: 69.8462 139.076 146.901 
3695: 111.044 140.585 94.5712 
3696: 136.604 76.8992 83.2589 
3697: 67.1156 89.5993 57.5256 
3698: 91.7718 118.937 75.4708 
3699: 93.9193 85.3256 37.7708 
3700: 92.5027 92.7301 112.955 
3701: 38.0403 101.466 130.394 
3702: 57.9762 51.6396 93.7914 
3703: 98.2238 90.1768 127.821 
3704: 85.2806 93.4691 99.7633 
3705: 143.572 91.6152 57.052 
3706: 97.2728 83.9828 94.2868 
3707: 64.7354 92.7319 165.495 
3708: 98.0446 105.708 128.491 
3709: 54.6006 88.6891 95.4639 
3710: 58.3809 63.495 96.608 
3711: 54.1087 74.2879 80.16 
3712: 133.509 100.088 102.994 
3713: 64.9633 116.15 102.871 
3714: 75.5855 86.8559 170.427 
3715: 93.7446 23.123 83.003 
3716: 65.1999 88.9849 160.699 
3717: 68.1972 114.277 89.3132 
3718: 92.0641 149.532 101.041 
3719: 119.494 92.2493 101.813 
3720: 79.3162 99.0495 133.124 
3721: 121.214 107.711 117.197 
3722: 118.447 109.165 106.258 
3723: 83.7408 149.189 65.8606 
3724: 47.08 125.865 98.5865 
3725: 55.5065 118.591 105.007 
3726: 96.3222 121.146 108.461 
3727: 99.3116 63.6966 136.003 
3728: 88.0526 70.4219 91.7364 
3729: 94.4146 102.426 116.793 
3730: 94.2416 135.2 112.853 
3731: 65.3051 142.605 127.588 
3732: 93.5219 140.26 98.3912 
3733: 76.0787 105.405 49.3587 
3734: 52.6694 104.456 109.339 
3735: 58.7606 104.116 142.169 
3736: 80.6833 145.262 94.1271 
3737: 46.1174 120.11 68.4439 
3738: 79.0573 83.3186 115.038 
3739: 76.4 54.0181 56.6152 
3740: 66.9233 121.625 121.43 
3741: 64.0266 139.228 103.038 
3742: 120.292 100.969 142.583 
3743: 106.415 105.576 151.638 
3744: 93.6498 150.34 63.7163 
3745: 98.88 133.904 92.1625 
3746: 115.3 121.855 106.796 
3747: 101.805 102.628 110.387 
3748: 81.144 158.026 113.61 
3749: 54.6833 124.033 117.848 
3750: 89.1724 59.629 134.71 
3751: 138.383 104.952 118.699 
3752: 50.1364 116.409 60.8664 
3753: 98.008 130.311 84.6405 
3754: 98.775 125.964 145.23 
3755: 88.5688 122.456 71.5374 
3756: 88.7736 129.889 106.777 
3757: 48.945 64.9484 81.5391 
3758: 72.5762 84.6109 155.715 
3759: 54.0451 100.275 144.281 
3760: 49.3293 67.9123 108.213 
3761: 106.506 107.718 99.9928 
3762: 91.8323 92.5594 83.9626 
3763: 97.6524 107.275 156.037 
3764: 112.93 111.725 41.9347 
3765: 74.3539 109.832 88.528 
3766: 102.345 168.716 117.338 
3767: 87.3591 138.325 141.371 
3768: 48.5384 100.741 123.512 
3769: 96.5418 113.653 98.4706 
3770: 116.737 87.1782 160.687 
3771: 61.3671 102.584 128.081 
3772: 129.407 139.36 118.103 
3773: 110.475 59.366 118.24 
3774: 99.0774 142.829 77.888 
3775: 142.466 141.703 117.972 
3776: 94.264 111.336 115.759 
3777: 95.054 140.28 85.719 
3778: 59.9701 87.9461 86.203 
3779: 72.3856 98.3939 85.5601 
3780: 70.6771 86.0295 73.6116 
3781: 97.7299 89.4551 92.7085 
3782: 102.135 126.595 119.221 
3783: 70.0729 108.729 125.46 
3784: 42.7111 96.4102 89.7005 
3785: 97.0752 94.0912 68.967 
3786: 97.8904 63.3981 111.202 
3787: 64.653 127.127 86.1573 
3788: 142.893 77.3321 74.0207 
3789: 89.3672 95.4416 169.929 
3790: 25.6393 67.5094 95.1893 
3791: 111.32 78.8425 95.9532 
3792: 75.4144 65.8591 84.6921 
3793: 84.6857 85.2858 63.0449 
3794: 60.3822 52.4074 121.121 
3795: 124.968 138.139 86.1925 
3796: 29.4306 85.5286 70.3859 
3797: 78.1032 142.563 114.862 
3798: 109.328 135.345 62.7276 
3799: 61.75 115.325 154.287 
3800: 95.4022 56.0029 59.546 
3801: 37.5491 98.604 105.581 
3802: 67.8093 96.2751 77.0632 
3803: 95.3128 116.018 111.376 
3804: 60.0921 104.239 62.6848 
3805: 125.399 113.449 65.8853 
3806: 91.442 101.902 117.816 
3807: 73.2751 118.39 111.946 
3808: 71.43 90.6385 41.8507 
3809: 62.1999 142.346 68.8701 
3810: 101.745 152.73 149.042 
3811: 88.2927 89.0281 82.5693 
3812: 114.289 62.6667 120.5 
3813: 120.341 114.703 64.1362 
3814: 48.2456 75.777 80.2535 
3815: 129.352 140.421 82.6136 
3816: 109.082 89.8714 139.957 
3817: 95.8827 106.084 39.8767 
3818: 63.136 70.3558 85.0314 
3819: 44.4711 88.7789 70.979 
3820: 62.7788 96.2993 155.501 
3821: 111.156 84.9443 170.109 
3822: 94.7851 77.7998 95.9892 
3823: 99.9323 61.4147 121.7 
3824: 30.7596 88.8793 108.122 
3825: 98.4123 125.205 57.8642 
3826: 77.9086 92.3136 102.06 
3827: 50.711 103.064 72.4874 
3828: 86.7232 99.93 83.7576 
3829: 48.7769 84.9016 101.572 
3830: 63.4106 156.766 112.604 
3831: 121.411 102.071 68.2289 
3832: 64.7761 63.3141 83.844 
3833: 77.1479 93.2402 109.709 
3834: 64.6098 135.027 109.421 
3835: 109.577 62.4263 96.7943 
3836: 62.3751 120.868 77.081 
3837: 63.092 73.9315 60.7266 
3838: 92.6512 116.414 135.69 
3839: 107.617 101.144 118.792 
3840: 81.2189 131.981 70.2792 
3841: 142.895 123.135 119.746 
3842: 76.1284 149.365 105.666 
3843: 168.184 97.0718 117.317 
3844: 72.4993 61.2928 93.1825 
3845: 83.0755 74.5216 79.6083 
3846: 98.3384 25.6415 96.6883 
3847: 96.2177 120.976 144.373 
3848: 99.9378 88.2717 47.0609 
3849: 90.5027 38.5277 85.9681 
3850: 27.5256 119.057 103.267 
3851: 116.375 70.362 57.529 
3852: 103.131 124.461 91.9158 
3853: 58.1573 136.915 141.627 
3854: 60.8256 73.2719 71.2627 
3855: 139.769 69.1206 91.1796 
3856: 84.6891 60.7936 112.119 
3857: 86.9162 108.013 134.615 
3858: 142.771 94.0399 86.3665 
3859: 47.0833 132.288 103.012 
3860: 54.9541 66.7191 81.379 
3861: 90.9627 107.087 63.1439 
3862: 103.862 25.6328 79.1791 
3863: 117.553 105.399 109.129 
3864: 105.129 89.7245 70.2653 
3865: 128.672 131.25 82.8862 
3866: 83.0021 118.895 81.869 
3867: 111.63 112.082 102.72 
3868: 100.418 124.341 111.632 
3869: 64.7497 123.936 134.484 
3870: 47.7976 59.5572 111.809 
3871: 54.8538 90.8974 115.211 
3872: 122.104 103.283 84.8783 
3873: 51.5808 97.3502 102.924 
3874: 110.792 92.3771 94.5703 
3875: 78.8079 119.82 37.3991 
3876: 85.9244 86.3813 64.6899 
3877: 70.0662 87.8742 88.1651 
3878: 51.4387 155.741 71.7243 
3879: 85.985 104.173 112.034 
3880: 31.2941 66.9483 95.5664 
3881: 122.684 89.0897 100.583 
3882: 63.4976 111.782 97.6047 
3883: 122.065 147.018 104.169 
3884: 80.146 103.364 92.8493 
3885: 27.4015 110.953 66.2469 
3886: 92.4044 121.64 70.3655 
3887: 31.2957 85.7384 89.315 
3888: 82.3683 79.9641 62.2209 
3889: 103.831 72.8291 118.722 
3890: 31.2736 69.1706 90.7405 
3891: 75.454 88.4766 123.953 
3892: 110.607 111.333 78.4913 
3893: 143.234 118.496 111.891 
3894: 19.275 94.6539 118.056 
3895: 74.682 92.8745 100.068 
3896: 39.8889 85.6596 73.7083 
3897: 101.92 135.209 121.404 
3898: 78.1801 82.2586 141.337 
3899: 68.9686 77.2063 104.817 
3900: 96.9056 43.1917 128.023 
3901: 119.365 62.9699 93.8018 
3902: 79.4317 105.308 129.895 
3903: 99.592 74.9618 122.451 
3904: 70.9 83.1703 90.3331 
3905: 141.474 93.8837 97.2583 
3906: 62.8896 95.2202 121.003 
3907: 76.3001 76.4594 109.6 
3908: 87.171 84.4111 122.62 
3909: 94.7203 44.2855 98.7018 
3910: 98.3583 90.5302 107.748 
3911: 107.38 90.8622 122.396 
3912: 40.7754 106.375 90.7063 
3913: 70.8247 62.0346 115.337 
3914: 98.8073 113.4 115.062 
3915: 84.5158 101.382 46.5546 
3916: 105.598 124.82 109.048 
3917: 87.892 78.2004 93.973 
3918: 74.3213 119.979 111.443 
3919: 125.287 87.5412 98.4623 
3920: 84.2796 153.559 94.6116 
3921: 48.0333 125.221 172.979 
3922: 109.588 140.787 89.7017 
3923: 83.9422 72.3019 111.184 
3924: 124.532 72.2617 158.594 
3925: 117.479 62.3219 53.0528 
3926: 79.3391 93.397 90.3854 
3927: 44.8105 122.229 84.5635 
3928: 47.6951 136.842 125.169 
3929: 119.86 68.9993 121.384 
3930: 78.2307 157.992 133.288 
3931: 78.0655 106.727 142.84 
3932: 72.2506 114.17 49.7868 
3933: 59.3896 136.321 168.992 
3934: 87.571 114.384 131.573 
3935: 70.3154 122.463 171.393 
3936: 83.1587 131.883 84.1708 
3937: 150.105 101.352 85.5725 
3938: 121.379 108.485 81.8397 
3939: 120.96 82.8027 103.348 
3940: 116 80.0892 70.3086 
3941: 79.68 102.781 136.011 
3942: 81.9576 131.08 61.3339 
3943: 85.9313 59.3144 132.689 
3944: 94.8572 80.8016 65.444 
3945: 60.45 81.0011 131.788 
3946: 87.0187 133.758 82.8014 
3947: 90.6647 63.6766 99.4035 
3948: 54.0239 113.509 102.696 
3949: 104.205 104.309 125.886 
3950: 98.2368 60.3797 88.0704 
3951: 117.467 107.051 122.56 
3952: 107.223 103.382 79.4334 
3953: 30.628 78.9122 131.688 
3954: 92.2021 162.78 84.8501 
3955: 58.2957 60.3997 104.367 
3956: 127.879 91.9937 86.9819 
3957: 82.7449 24.1379 89.5651 
3958: 77.3867 83.1559 107.664 
3959: 61.202 94.8969 107.984 
3960: 66.7497 101.244 162.004 
3961: 54.242 79.2193 83.9014 
3962: 136.153 111.479 129.611 
3963: 88.5227 63.8635 47.3512 
3964: 78.6817 27.5129 120.403 
3965: 105.721 80.4916 117.869 
3966: 152.192 125.322 109.811 
3967: 149.656 110.918 101.281 
3968: 62.8622 141.937 76.408 
3969: 92.9713 83.4804 151.647 
3970: 28.0199 76.0724 127.196 
3971: 101.232 125.303 105.913 
3972: 54.1565 71.4937 68.3663 
3973: 77.0178 104.675 31.8454 
3974: 103.322 94.5482 22.309 
3975: 122.204 123.815 61.2429 
3976: 97.0756 117.815 64.9606 
3977: 85.2232 118.727 104.876 
3978: 68.4593 117.235 78.0691 
3979: 71.1817 149.933 67.5716 
3980: 95.6639 34.7658 99.6134 
3981: 83.5057 64.5702 103.545 
3982: 125.555 114.598 101.432 
3983: 77.1789 104.616 75.7367 
3984: 93.5933 94.7642 61.9898 
3985: 56.297 181.43 102.327 
3986: 66.2287 110.12 142.079 
3987: 58.2812 64.1074 65.1799 
3988: 67.0139 104.049 94.0571 
3989: 55.902 91.8146 107.741 
3990: 70.277 44.208 101.165 
3991: 41.2743 60.356 86.3893 
3992: 66.2739 135.284 113.448 
3993: 109.352 82.3274 79.8949 
3994: 118.462 119.053 97.4768 
3995: 137.802 122.968 86.4884 
3996: 95.4185 124.457 119.555 
3997: 112.346 116.558 94.009 
3998: 52.8 58.6978 111.157 
3999: 97.0037 107.231 65.15 
4000: 107.187 132.723 114.562 
4001: 39.4702 110.003 89.2111 
4002: 102.637 97.864 27.4804 
4003: 65.2236 81.1204 98.3402 
4004: 114.315 55.9952 105.858 
4005: 76.2386 97.2213 73.779 
4006: 110.071 132.413 86.1352 
4007: 115.145 146.201 53.1869 
4008: 72.1313 137.441 107.555 
4009: 85.0629 115.348 88.9641 
4010: 65.3 105.557 70.5465 
4011: 59.8854 88.9141 64.3172 
4012: 65.7104 127.771 85.0717 
4013: 43.794 85.8817 116.5 
4014: 27.592 97.8384 111.966 
4015: 122.231 130.802 90.6306 
4016: 112.693 90.9028 129.166 
4017: 134.797 112.718 117.466 
4018: 55.4744 84.7344 114.251 
4019: 119.326 96.4485 122.91 
4020: 53.1822 116.309 109.867 
4021: 54.6017 119.993 110.824 
4022: 149.405 115.234 119.178 
4023: 113.471 124.584 108.893 
4024: 88.3011 78.3218 100.152 
4025: 25.6582 130.242 83.0975 
4026: 42.9563 157.11 65.9835 
4027: 31.4711 85.4593 103.366 
4028: 89.188 78.7831 145.276 
4029: 102.147 56.1561 108.718 
4030: 51.7007 119.048 122.906 
4031: 115.487 44.7323 100.318 
4032: 112.715 75.3857 95.3451 
4033: 127.865 134.642 147.422 
4034: 143.152 136.743 122.893 
4035: 73.2611 112.259 160.852 
4036: 62.6447 146.997 89.749 
4037: 94.7717 142.971 99.6711 
4038: 115.83 120.034 113.205 
4039: 90.2409 118.608 120.406 
4040: 125.781 55.9057 135.926 
4041: 80.874 101.193 146 
4042: 108.441 82.3493 91.6546 
4043: 85.1529 103.094 150.247 
4044: 157.018 108.112 77.5896 
4045: 109.507 131.293 115.652 
4046: 94.5933 71.7431 48.6213 
4047: 109.744 63.0103 133.422 
4048: 86.1867 88.5207 169.603 
4049: 107.22 107.283 121.739 
4050: 119.105 90.6089 126.078 
4051: 109.904 95.9032 63.3946 
4052: 86.7488 95.6088 169.873 
4053: 98.9221 101.662 99.8843 
4054: 110.679 143.318 95.4511 
4055: 46.3789 98.0461 104.494 
4056: 50.9514 143.205 83.0102 
4057: 79.6468 84.8684 51.5292 
4058: 60.0324 99.085 100.735 
4059: 100.934 151.943 94.324 
4060: 68.2907 92.2542 99.5132 
4061: 116.164 118.195 69.784 
4062: 111.3 148.053 109.193 
4063: 83.868 109.803 134.63 
4064: 143.808 82.4489 99.4562 
4065: 120.314 144.543 76.9766 
4066: 115.478 127.798 85.1677 
4067: 94.1216 75.8754 105.166 
4068: 87.8251 75.067 100.725 
4069: 135.997 71.1352 34.2685 
4070: 46.7185 93.3479 117.232 
4071: 50.9876 169.296 92.0728 
4072: 93.8316 107.823 101.863 
4073: 104.345 71.8389 147.224 
4074: 129.164 115.556 112.907 
4075: 27.7777 141.817 90.5094 
4076: 110.14 143.251 84.9906 
4077: 65.8823 94.4695 151.687 
4078: 93.5998 117.837 85.731 
4079: 99.4218 92.6107 86.8541 
4080: 56.0521 61.5168 118.146 
4081: 35.4721 70.4229 73.3499 
4082: 92.9708 109.572 88.5051 
4083: 26.9876 112.004 122.655 
4084: 80.172 156.713 119.393 
4085: 65.7661 109.93 90.8599 
4086: 145.474 124.085 109.593 
4087: 89.22 109.774 122.027 
4088: 123.792 64.9982 79.2866 
4089: 115.203 118.48 138.871 
4090: 96.1673 125.809 101.582 
4091: 72.6322 146.023 87.2159 
4092: 92.8488 111.89 114.971 
4093: 32.7279 65.4754 97.9954 
4094: 105.73 114.244 122.989 
4095: 104.327 113.397 32.7432 
4096: 125.406 144.944 112.12 
4097: 54.3637 76.6726 84.8031 
4098: 46.8093 100.425 90.4078 
4099: 67.1182 144.026 84.4119 
4100: 73.5307 111.129 69.2656 
4101: 70.3607 127.236 98.3184 
4102: 123.549 88.5423 128.17 
4103: 63.5619 87.3325 130.682 
4104: 48.7062 114.61 63.103 
4105: 67.4178 109.107 76.0346 
4106: 61.9422 40.6451 64.4884 
4107: 85.4696 68.7495 90.2465 
4108: 26.9529 119.759 90.2027 
4109: 134.531 128.19 82.5254 
4110: 94.2143 100.014 125.545 
4111: 97.205 168.696 113.713 
4112: 108.681 70.3121 109.229 
4113: 130.359 82.4241 130.581 
4114: 96.7717 109.125 152.901 
4115: 119.658 112.92 157.564 
4116: 104.936 60.0054 70.8015 
4117: 74.362 84.768 121.881 
4118: 50.2947 129.914 49.0723 
4119: 96.3311 128.533 65.9201 
4120: 87.6004 127.067 97.1638 
4121: 78.1224 65.8416 61.9432 
4122: 94.4174 66.9133 124.52 
4123: 87.7453 121.706 109.5 
4124: 84.1037 36.3692 120.266 
4125: 116.311 110.661 129.75 
4126: 33.3839 123.13 124.906 
4127: 135.84 157.04 70.0164 
4128: 87.564 176.876 87.8176 
4129: 75.0897 127.672 82.0357 
4130: 76.8006 105.619 103.668 
4131: 61.8299 118.711 143.268 
4132: 123.017 109.978 112.63 
4133: 146.13 75.0114 76.8662 
4134: 96.5151 67.2516 116.032 
4135: 109.429 37.8179 85.5619 
4136: 77.1114 94.2522 127.108 
4137: 55.3023 73.0795 58.7811 
4138: 115.851 102.128 71.2719 
4139: 96.7556 129.964 49.5366 
4140: 111.857 134.547 57.7199 
4141: 71.1121 44.5919 113.97 
4142: 54.9168 83.4369 90.6134 
4143: 118.682 138.325 56.597 
4144: 88.922 79.732 125.43 
4145: 116.08 134.559 47.3963 
4146: 61.2423 85.1868 102.143 
4147: 65.6335 137.431 128.726 
4148: 64.6963 97.3272 73.5321 
4149: 113.53 133.966 75.6396 
4150: 110.655 80.1772 109.993 
4151: 94.084 130.634 122.599 
4152: 103.79 137.416 157.923 
4153: 102.966 120.49 113.382 
4154: 89.9305 135.277 174.389 
4155: 73.0874 186.224 103.77 
4156: 114.623 142.329 54.6635 
4157: 68.3084 70.8244 127.713 
4158: 112.612 148.536 104.32 
4159: 106.445 88.735 129.652 
4160: 83.6833 101.686 39.2957 
4161: 99.7123 72.5244 80.9956 
4162: 90.7747 39.8009 106.65 
4163: 97.8785 128.514 107.501 
4164: 90.797 54.8591 115.634 
4165: 114.855 115.939 135.229 
4166: 86.6279 86.965 98.4536 
4167: 90.4987 74.7373 141.838 
4168: 90.8787 97.2114 62.0913 
4169: 177.418 107.614 88.8615 
4170: 87.0678 111.228 84.3078 
4171: 110.009 90.7493 67.23 
4172: 74.7944 160.306 143.653 
4173: 111.58 111.874 132.611 
4174: 4.56169 82.3692 114.183 
4175: 67.0564 89.8718 61.8496 
4176: 52.7853 102.848 83.463 
4177: 76.4437 119.237 150.296 
4178: 114.348 136.31 99.0242 
4179: 99.2472 158.698 140.581 
4180: 88.9313 73.5167 115.094 
4181: 32.2237 98.134 95.0481 
4182: 86.3973 90.8221 169.575 
4183: 84.1056 128.685 59.9967 
4184: 113.906 77.718 141.441 
4185: 86.1493 63.5095 67.6563 
4186: 40.9757 127.554 88.5091 
4187: 95.9703 48.8004 65.5232 
4188: 114.183 94.0056 102.072 
4189: 68.2656 104.991 119.466 
4190: 76.5376 106.272 64.8426 
4191: 68.5839 79.9153 130.032 
4192: 108.8 102.396 154.773 
4193: 82.309 129.432 94.9872 
4194: 70.468 69.9863 115.257 
4195: 84.4414 77.1276 110.737 
4196: 92.9653 59.595 120.044 
4197: 87.5092 146.426 98.8601 
4198: 137.97 67.7862 135.512 
4199: 120.318 71.5531 95.9645 
4200: 114.828 119.345 113.469 
4201: 84.2847 66.5596 137.037 
4202: 85.468 123.119 63.0275 
4203: 94.5608 107.599 99.9231 
4204: 101.597 112.644 135.349 
4205: 36.296 90.5683 117.674 
4206: 115.323 49.1578 83.8665 
4207: 75.5516 108.695 96.0785 
4208: 41.8507 80.5368 98.8163 
4209: 53.7168 68.9383 61.114 
4210: 56.765 72.2618 82.0966 
4211: 37.9797 92.5984 84.8257 
4212: 84.8779 119.078 103.456 
4213: 93.111 104.927 65.6405 
4214: 50.2577 57.3186 67.7256 
4215: 134.517 76.7672 73.9997 
4216: 124.54 84.3869 139.66 
4217: 124.694 129.216 146.672 
4218: 53.5948 108.276 101.182 
4219: 142.905 55.6459 88.1003 
4220: 117.099 87.529 139.126 
4221: 62.8253 85.2821 89.2002 
4222: 113.033 101.212 100.046 
4223: 69.8858 120.751 133.131 
4224: 90.5873 95.8253 88.8204 
4225: 65.3702 116.842 61.2275 
4226: 144.773 88.1049 95.4519 
4227: 63.9634 96.5864 84.6829 
4228: 129.436 112.329 85.4201 
4229: 74.8232 56.3983 108.439 
4230: 27.1488 93.8095 79.5843 
4231: 93.6571 85.0767 91.0707 
4232: 51.1224 147.3 101.725 
4233: 127.388 109.144 108.816 
4234: 72.0738 82.2709 92.6121 
4235: 100.284 88.9902 54.3433 
4236: 39.1105 82.9617 98.1843 
4237: 111.763 114.25 165.517 
4238: 35.6678 79.6542 126.303 
4239: 59.5646 58.2451 104.124 
4240: 86.3413 79.3815 81.8555 
4241: 110.971 75.6111 122.336 
4242: 61.8043 123.31 46.9124 
4243: 66.8939 89.4924 124.91 
4244: 83.5599 42.5017 117.298 
4245: 94.7373 96.8958 86.4057 
4246: 90.9529 64.5823 94.4358 
4247: 74.608 109.044 37.7357 
4248: 127.632 101.473 110.216 
4249: 110.346 67.0133 98.8046 
4250: 73.3135 73.6506 103.413 
4251: 141.494 114.836 132.469 
4252: 143.366 89.7026 85.2607 
4253: 89.0329 78.5676 100.873 
4254: 140.111 86.7224 69.4847 
4255: 70.5732 127.695 113.941 
4256: 63.9224 71.5255 97.8231 
4257: 91.4215 71.2742 133.822 
4258: 125.257 104.338 94.4685 
4259: 141.761 98.4212 67.4824 
4260: 64.5225 82.5676 69.7431 
4261: 114.527 137.067 64.8174 
4262: 140.899 109.321 112.33 
4263: 86.1233 102.061 95.9283 
4264: 177.616 112.271 95.7636 
4265: 141.831 67.469 70.5434 
4266: 109.551 51.198 120.951 
4267: 44.3708 65.2506 110.453 
4268: 85.1642 58.6704 118.297 
4269: 88.0215 97.4808 75.3662 
4270: 108.749 74.6238 135.706 
4271: 103.503 88.6866 92.5835 
4272: 95.0838 144.746 130.011 
4273: 125.4 139.015 81.2369 
4274: 77.5599 149.959 121.815 
4275: 140.457 126.077 111.003 
4276: 92.6009 62.9477 129.754 
4277: 75.9177 104.309 99.0157 
4278: 74.3711 144.076 66.9476 
4279: 62.0266 108.073 137.992 
4280: 81.0974 109.492 101.92 
4281: 121.32 54.7504 103.952 
4282: 169.566 99.2296 93.5585 
4283: 88.0714 80.073 62.482 
4284: 119.477 100.078 90.5732 
4285: 69.4017 54.819 85.3671 
4286: 111.248 141.596 94.5872 
4287: 87.1387 153.976 99.6881 
4288: 82.374 57.6322 121.929 
4289: 112.072 90.5167 137.933 
4290: 47.2817 87.5545 69.3736 
4291: 93.5412 77.894 143.908 
4292: 105.595 102.741 69.5883 
4293: 62.3382 101.047 79.1579 
4294: 91.5037 129.695 123.341 
4295: 69.54 140.441 80.1156 
4296: 78.0641 187.134 96.9219 
4297: 127.154 75.46 30.6465 
4298: 36.9021 126.25 85.695 
4299: 35.4357 83.225 130.699 
4300: 61.0187 131.348 108.164 
4301: 20.1417 106.431 114.23 
4302: 105.636 101.233 64.2127 
4303: 35.9854 136.433 73.4757 
4304: 112.784 101.716 130.907 
4305: 86.7769 72.4982 142.272 
4306: 55.014 92.887 147.308 
4307: 33.9597 109.858 122.497 
4308: 125.06 126.183 115.766 
4309: 65.2444 98.1663 153.268 
4310: 70.85 36.2044 81.6583 
4311: 77.8827 154.035 66.0564 
4312: 60.968 147.165 72.8154 
4313: 88.27 74.0424 136.194 
4314: 103.696 89.2812 76.676 
4315: 75.1579 116.62 89.5189 
4316: 74.4586 94.5797 78.1815 
4317: 89.7469 103.906 31.9861 
4318: 96.732 157.612 90.092 
4319: 102.206 110.083 96.9369 
4320: 106.823 61.6239 110.745 
4321: 58.3347 105.362 57.135 
4322: 140.095 64.0866 115.977 
4323: 82.9 68.245 129.109 
4324: 87.0151 136.292 129.633 
4325: 101.893 73.3475 88.8882 
4326: 109.729 152.204 92.8179 
4327: 103.047 101.987 44.7431 
4328: 82.4882 94.3392 105.312 
4329: 102.107 158.754 79.9424 
4330: 58.1406 105.758 63.2327 
4331: 104.623 82.5151 71.9688 
4332: 57.9911 96.5329 83.7152 
4333: 55.3956 103.564 119.497 
4334: 90.9396 116.926 58.1747 
4335: 67.6753 107.925 77.731 
4336: 52.8188 139.908 79.5731 
4337: 64.4108 84.6142 120.488 
4338: 73.0278 95.7945 97.3592 
4339: 68.3236 54.7613 85.409 
4340: 59.9247 63.8742 148.895 
4341: 59.6416 80.5185 115.388 
4342: 71.355 94.4713 60.6707 
4343: 52.4126 91.6317 72.6875 
4344: 90 79.4602 140.08 
4345: 87.3703 120.356 113.402 
4346: 101.697 31.5644 77.2612 
4347: 79.6178 115.989 49.9903 
4348: 141.809 112.123 93.8731 
4349: 103.107 120.27 127.729 
4350: 141.382 119.617 85.0831 
4351: 81.064 132.256 103.144 
4352: 136.526 68.626 99.2259 
4353: 111.45 121.906 86.0777 
4354: 102.226 100.455 53.5628 
4355: 93.7877 132.739 82.809 
4356: 48.9067 69.0602 93.3578 
4357: 64.1889 79.4185 130.501 
4358: 47.795 127.848 148.33 
4359: 109.77 104.253 103.228 
4360: 65.9925 146.141 105.631 
4361: 52.2595 79.9433 106.841 
4362: 141.137 100.103 127.909 
4363: 124.724 122.941 79.021 
4364: 114.281 111.398 119.587 
4365: 40.0338 152.241 121.149 
4366: 53.6549 132.877 78.2046 
4367: 106.536 131.065 101.957 
4368: 62.8223 78.4698 58.1078 
4369: 7.46067 89.9076 111.473 
4370: 85.6871 74.0455 115.596 
4371: 64.1973 76.1086 96.5226 
4372: 132.76 123.927 113.397 
4373: 60.4067 72.8574 101.654 
4374: 81.7884 136.473 114.7 
4375: 137.963 116.377 57.5936 
4376: 87.0983 134.32 110.918 
4377: 136.729 70.5117 117.402 
4378: 42.0496 136.075 128.349 
4379: 63.6079 109.32 94.7741 
4380: 100.317 162.767 88.0061 
4381: 145.11 100.382 49.2982 
4382: 90.3643 116.666 143.073 
4383: 62.6235 93.374 102.816 
4384: 91.312 124.098 113.021 
4385: 81.772 101.136 100.917 
4386: 58.014 67.6319 149.217 
4387: 77.9356 52.5339 118.549 
4388: 121.305 90.0403 38.0973 
4389: 110.447 85.7728 45.3403 
4390: 114.334 61.5642 94.3371 
4391: 115.632 105.583 156.465 
4392: 83.61 140.889 100.124 
4393: 76.8534 63.3665 144.974 
4394: 88.5082 97.6046 113.918 
4395: 87.0667 137.121 128.761 
4396: 105.973 88.0496 114.804 
4397: 97.9172 138.286 107.065 
4398: 74.2442 109.035 104.438 
4399: 74.1401 123.927 134.482 
4400: 78.5947 100.442 101.213 
4401: 145.867 121.272 113.14 
4402: 68.0229 61.5306 109.38 
4403: 66.3468 71.6744 60.3095 
4404: 117.33 141.223 135.646 
4405: 58.3916 156.186 71.9693 
4406: 86.1493 126.29 131.665 
4407: 89.8359 102.265 61.2902 
4408: 75.127 130.29 179.088 
4409: 82.1426 94.3364 135.19 
4410: 85.086 73.6331 85.149 
4411: 63.8272 78.5543 68.2326 
4412: 125.599 76.9458 111.557 
4413: 72.0503 37.7833 115.756 
4414: 64.0667 112.222 50.0258 
4415: 76.9373 101.94 104.216 
4416: 86.7327 90.6836 95.3513 
4417: 33.9232 109.47 104.353 
4418: 96.4509 115.643 70.1235 
4419: 59.2241 109.619 133.691 
4420: 97.2289 131.897 145.654 
4421: 57.63 80.4472 77.7451 
4422: 92.336 94.7825 93.6782 
4423: 104.883 69.062 87.95 
4424: 78.6431 75.0533 82.6055 
4425: 120.009 143.039 80.8751 
4426: 119.057 83.5728 148.147 
4427: 81.3261 156.287 148.749 
4428: 32.664 69.0449 109.669 
4429: 81.3301 132.826 130.996 
4430: 74.4027 94.03 145.458 
4431: 70.2022 76.1316 166.343 
4432: 43.8488 90.1843 91.6279 
4433: 119.741 96.6451 41.4727 
4434: 86.4567 117.031 88.5274 
4435: 101.1 91.3726 101.858 
4436: 68.3839 79.56 35.0768 
4437: 121.035 98.2854 103.771 
4438: 60.9938 108.291 110.471 
4439: 94.18 82.6002 122.948 
4440: 71.055 142.973 52.1055 
4441: 102.72 105.234 51.1849 
4442: 92.8051 168.801 99.8877 
4443: 80.2215 140.153 99.1139 
4444: 115.784 140.762 136.899 
4445: 111.447 90.4752 66.5121 
4446: 110.37 79.7856 102.428 
4447: 136.685 132.86 64.055 
4448: 78.6437 93.3151 50.5679 
4449: 110.114 83.7105 137.796 
4450: 46.8729 112.967 121.936 
4451: 95.0176 58.1913 111.615 
4452: 89.3006 103.87 83.8903 
4453: 75.1979 151.479 119.581 
4454: 18.8413 99.4527 74.7774 
4455: 19.998 72.5695 92.2232 
4456: 116.742 150.691 120.327 
4457: 51.2968 115.97 83.3329 
4458: 57.5578 105.694 53.9777 
4459: 124.055 141.374 141.941 
4460: 79.2519 100.83 136.042 
4461: 145.922 103.751 81.9205 
4462: 61.8756 122.413 125.093 
4463: 101.096 77.1793 95.3336 
4464: 57.605 138.119 122.921 
4465: 72.8267 71.4735 99.5502 
4466: 128.08 47.469 119.436 
4467: 60.9837 125.653 139.018 
4468: 101.42 105.623 81.5911 
4469: 136.125 137.666 79.1329 
4470: 119.497 49.4331 85.4505 
4471: 74.8811 95.7472 92.9913 
4472: 100.17 138.929 97.343 
4473: 110.976 125.991 77.9722 
4474: 126.874 71.4534 122.084 
4475: 80.0093 100.412 91.7759 
4476: 109.962 92.3149 150.481 
4477: 49.4403 111.471 66.34 
4478: 64.52 120.438 117.793 
4479: 88.022 159.101 73.1838 
4480: 108.638 95.2041 137.811 
4481: 90.6206 90.7982 91.0034 
4482: 51.809 102.964 62.7041 
4483: 108.498 125.077 70.9404 
4484: 102.805 133.419 144.768 
4485: 79.4343 157.138 110.204 
4486: 78.9831 103.459 100.878 
4487: 66.1226 123.901 113.426 
4488: 53.8378 125.6 71.1963 
4489: 79.9917 91.0881 71.3116 
4490: 65.9552 89.2866 82.7337 
4491: 45.7887 72.7532 115.739 
4492: 110.608 76.7448 115.023 
4493: 55.9468 60.2092 109.63 
4494: 98.1188 76.5792 93.8356 
4495: 89.5821 136.659 106.215 
4496: 115.846 88.1159 76.1305 
4497: 57.6752 132.805 68.0869 
4498: 81.6991 141.848 156.882 
4499: 37.9869 101.385 107.135 
4500: 85.9427 76.3687 140.154 
4501: 65.0635 94.188 74.5999 
4502: 31.1142 82.9191 98.915 
4503: 33.3248 102.801 138.823 
4504: 130.13 102.789 70.6584 
4505: 73.3307 97.4967 59.2169 
4506: 121.404 118.381 116.372 
4507: 88.0026 111.352 70.0588 
4508: 77.6817 74.1611 106.336 
4509: 71.9344 111.038 80.8805 
4510: 92.8488 112.484 85.7175 
4511: 94.6012 122.89 121.087 
4512: 158.95 93.8441 82.1766 
4513: 22.6416 85.3109 103.255 
4514: 94.0624 170.932 150.213 
4515: 115.185 146.543 67.2634 
4516: 42.8452 100.674 110.267 
4517: 68.2521 37.726 112.926 
4518: 42.0794 62.7124 62.6446 
4519: 59.8887 120.665 89.4297 
4520: 62.9769 165.6 99.7559 
4521: 116.263 84.7536 90.3229 
4522: 75.9128 121.153 62.7602 
4523: 85.2592 102.483 80.6867 
4524: 73.3476 116.976 60.5356 
4525: 104.162 53.277 108.247 
4526: 79.367 126.553 93.6806 
4527: 49.9793 106.01 147.032 
4528: 110.116 48.7468 88.8123 
4529: 99.5293 108.019 112.705 
4530: 119.382 96.7926 63.2778 
4531: 33.8328 60.8806 90.2317 
4532: 57.072 68.0976 136.453 
4533: 107.12 84.0352 71.6783 
4534: 131.962 78.5724 100.509 
4535: 69.9338 52.0203 50.1208 
4536: 100.225 99.5166 120.052 
4537: 109.181 114.675 74.3868 
4538: 109.31 58.2453 65.68 
4539: 76.666 116.234 94.2263 
4540: 77.5627 130.011 61.5958 
4541: 56.632 65.7376 114.098 
4542: 94.2778 120.653 45.514 
4543: 60.45 155.656 106.442 
4544: 61.9963 116.569 50.8437 
4545: 125.17 116.733 66.8275 
4546: 76.9762 97.344 69.8816 
4547: 86.3913 76.9603 122.199 
4548: 80.5142 89.3228 107.267 
4549: 44.3663 120.693 99.8099 
4550: 105.918 35.2881 111.606 
4551: 61.5113 112.071 110.099 
4552: 121.218 91.5369 104.983 
4553: 96.852 91.6168 125.223 
4554: 75.6784 98.5928 117.767 
4555: 109.357 126.871 86.3433 
4556: 65.4517 61.2567 144 
4557: 61.7217 102.993 113.792 
4558: 105.355 68.7358 67.2289 
4559: 108.697 133.603 135.165 
4560: 102.866 123.645 110.139 
4561: 175.379 88.9391 119.125 
4562: 64.4169 126.338 90.0996 
4563: 41.2279 101.493 152.149 
4564: 86.048 107.515 105.954 
4565: 93.7088 158.669 82.2865 
4566: 41.9199 83.0005 108.482 
4567: 72.9504 125.972 59.3903 
4568: 100.13 110.516 104.82 
4569: 91.042 78.3288 52.0748 
4570: 106.25 106.687 82.1945 
4571: 85.0296 76.5432 58.0124 
4572: 90.9182 112.302 99.2171 
4573: 92.0872 116.46 93.8052 
4574: 92.832 124.088 109.555 
4575: 48.27 126.647 62.9991 
4576: 110.562 135.765 59.687 
4577: 123.223 123.668 137.025 
4578: 64.3676 111.926 51.3371 
4579: 66.9261 92.9751 109.917 
4580: 99.1104 131.119 72.2005 
4581: 82.8576 129.234 91.664 
4582: 84.8813 120.007 121.384 
4583: 112.733 142.723 137.961 
4584: 132.991 121.773 120.741 
4585: 131.654 143.854 117.967 
4586: 48.0765 116.221 114.409 
4587: 107.511 75.9441 132.359 
4588: 107.173 125.347 82.923 
4589: 88.5715 128.63 125.169 
4590: 46.8526 96.3092 102.719 
4591: 134.79 64.5873 156.445 
4592: 112.743 165.594 90.6896 
4593: 68.7288 85.6846 119.6 
4594: 38.7156 140.338 97.6082 
4595: 69.2193 72.5448 67.6985 
4596: 61.8467 91.9322 57.2902 
4597: 130.48 109.066 153.623 
4598: 91.2687 49.8234 95.7372 
4599: 108.46 39.7118 89.5755 
4600: 94.6619 164.789 93.9186 
4601: 96.0663 107.628 72.6798 
4602: 140.296 96.1703 135.827 
4603: 80.024 45.2183 101.522 
4604: 90.2551 73.5309 134.475 
4605: 103.444 98.4606 42.4933 
4606: 115.01 105.365 136.555 
4607: 64.8702 75.5475 76.2657 
4608: 48.2675 69.7889 72.301 
4609: 49.5534 58.0559 62.8688 
4610: 79.5022 75.3143 62.5244 
4611: 96.2594 84.2635 29.5757 
4612: 60.0727 64.9958 47.0882 
4613: 95.7766 99.8112 76.7913 
4614: 89.6932 76.3544 78.6904 
4615: 75.32 97.011 81.2351 
4616: 97.6752 54.7592 98.4825 
4617: 108.187 125.591 113.288 
4618: 91.3322 119.035 49.8353 
4619: 82.4087 101.544 78.6902 
4620: 85.2952 107.3 111.961 
4621: 99.6918 52.5591 63.0495 
4622: 96.1434 77.7291 94.5982 
4623: 8.64842 76.2555 128.503 
4624: 108.019 106.832 143.047 
4625: 75.1522 123.591 86.9424 
4626: 109.49 91.0398 132.848 
4627: 104.364 96.6649 91.9236 
4628: 52.6365 101.232 154.866 
4629: 59.1912 90.99 128.815 
4630: 78.1043 104.108 129.936 
4631: 36.9707 65.5932 105.486 
4632: 127.4 122.542 65.6958 
4633: 77.0721 49.062 106.273 
4634: 101.501 135.372 130.333 
4635: 59.7793 95.4964 99.2522 
4636: 64.6937 102.605 88.6869 
4637: 79.1391 82.1535 90.8975 
4638: 104.693 106.544 100.749 
4639: 79.4937 146.135 117.398 
4640: 68.095 76.5574 90.5815 
4641: 121.586 66.6485 125.288 
4642: 81.5804 111.482 145.828 
4643: 39.5638 113.079 132.25 
4644: 100.406 111.963 118.62 
4645: 95.3526 116.441 106.907 
4646: 74.9399 63.0679 134.076 
4647: 100.945 123.309 122.67 
4648: 128.542 104.725 48.2705 
4649: 96.1147 85.5286 103.132 
4650: 69.9923 102.065 99.1885 
4651: 95.456 119.379 98.6255 
4652: 81.6427 142.279 70.0454 
4653: 108.28 55.0069 140.192 
4654: 82.6044 136.681 70.3504 
4655: 84.4054 110.645 50.0752 
4656: 119.362 96.8017 128.439 
4657: 77.352 110.683 54.3532 
4658: 87.882 110.661 58.0907 
4659: 84.1668 64.8149 148.461 
4660: 63.6221 113.621 67.8868 
4661: 98.6117 138.926 47.11 
4662: 97.0733 43.3745 107.207 
4663: 101.194 83.356 126.154 
4664: 92.7271 90.7647 115.943 
4665: 114.875 85.8004 102.57 
4666: 91.9024 46.9063 42.6818 
4667: 73.9188 68.6259 72.9002 
4668: 77.1117 119.056 63.9605 
4669: 114.334 133.385 115.292 
4670: 99.9982 102.085 45.5908 
4671: 83.0717 38.577 104.39 
4672: 85.5896 126.915 56.5678 
4673: 97.2 150.364 149.3 
4674: 57.9139 82.2384 97.8001 
4675: 49.535 146.482 115.809 
4676: 119.77 136.009 72.2678 
4677: 81.1004 101.397 139.404 
4678: 34.3025 148.699 86.9935 
4679: 119.592 129.705 134.7 
4680: 100.506 111.372 113.139 
4681: 96.3167 130.322 96.1528 
4682: 57.9892 69.5887 123.099 
4683: 47.91 142.616 96.2332 
4684: 34.7809 90.2973 126.789 
4685: 81.4567 47.56 111.516 
4686: 62.7938 97.4274 84.845 
4687: 98.5379 87.4114 114.557 
4688: 113.947 97.3147 93.8328 
4689: 102.6 126.67 104.667 
4690: 82.2502 106.089 73.6439 
4691: 94.6649 69.8252 109.098 
4692: 116.404 92.9028 34.0511 
4693: 86.9349 120.984 110.188 
4694: 130.071 88.5177 92.3723 
4695: 66.0094 123.562 101.026 
4696: 81.8507 94.8718 118.147 
4697: 74.9557 119.401 94.8087 
4698: 60.3097 98.3386 54.5156 
4699: 68.717 64.8098 73.5157 
4700: 38.1327 85.1334 121.071 
4701: 97.6901 69.6927 70.221 
4702: 94.6949 92.8194 112 
4703: 58.2151 86.4198 98.63 
4704: 80.0567 99.0179 127.709 
4705: 96.1328 104.196 86.8762 
4706: 101.521 95.5437 77.6839 
4707: 105.101 135.809 89.9134 
4708: 75.1019 162.26 109.867 
4709: 52.3401 97.5275 138.185 
4710: 123.116 92.4718 119.514 
4711: 124.44 148.623 149.302 
4712: 58.2369 63.9639 110.247 
4713: 94.8453 119.5 84.7483 
4714: 68.0393 171.558 95.3998 
4715: 86.4282 128.832 94.3194 
4716: 65.505 116.317 114.821 
4717: 84.6623 80.8157 71.8693 
4718: 26.56 146.611 95.49 
4719: 116.853 90.325 49.5933 
4720: 88.7701 119.659 109.261 
4721: 123.183 101.598 48.1422 
4722: 67.6328 107.963 105.954 
4723: 124.988 81.5899 109.669 
4724: 88.8281 118.571 112.044 
4725: 82.3891 138.892 128.2 
4726: 107.795 139.289 44.5676 
4727: 30.503 148.303 89.4044 
4728: 103.024 65.8762 74.9097 
4729: 107.704 143.982 113.288 
4730: 100.384 49.6655 98.6448 
4731: 58.8733 116.751 97.2441 
4732: 113.35 111.333 73.4405 
4733: 112.714 94.0116 68.9599 
4734: 117.995 91.7407 115.994 
4735: 104.892 77.3473 74.5608 
4736: 66.6168 103.136 100.835 
4737: 106.342 68.5636 89.0567 
4738: 87.5753 106.59 62.6086 
4739: 59.9895 83.7841 130.487 
4740: 71.0299 149.906 99.782 
4741: 126.704 79.6824 110.049 
4742: 117.802 132.803 58.8837 
4743: 103.802 100.658 86.092 
4744: 102.995 119.406 71.9132 
4745: 104.602 132.947 91.7491 
4746: 108.252 75.3117 83.529 
4747: 100.257 116.348 110.311 
4748: 46.6006 136.586 126.635 
4749: 80.952 46.7613 99.4425 
4750: 88.7139 111.012 124.403 
4751: 97.3067 141.653 71.2991 
4752: 38.6136 74.5167 92.2871 
4753: 93.2129 101.61 81.4361 
4754: 93.9977 112.884 140.773 
4755: 117.742 124.748 146.527 
4756: 52.7299 84.4606 89.0525 
4757: 145.746 119.663 72.4708 
4758: 70.7476 136.581 113.129 
4759: 90.6597 57.8631 130.292 
4760: 78.0779 75.4095 137.88 
4761: 93.0149 74.9757 93.9571 
4762: 109.147 107.814 82.2829 
4763: 91.7917 131.532 72.1609 
4764: 92.9333 114.75 59.6237 
4765: 119.216 52.3389 117.783 
4766: 89.2627 83.5242 92.5456 
4767: 72.723 125.946 107.831 
4768: 113.228 64.727 82.5826 
4769: 73.654 112.606 68.6143 
4770: 118.962 72.9038 77.8336 
4771: 51.3387 106.941 170.336 
4772: 117.146 100.523 97.875 
4773: 117.669 75.2729 81.4475 
4774: 17.0473 91.3829 93.3632 
4775: 95.7172 120.989 133.948 
4776: 73.9638 71.0283 121.728 
4777: 50.6454 141.637 127.011 
4778: 125.881 65.963 129.479 
4779: 84.0606 120.387 142.67 
4780: 124.937 17.7055 89.661 
4781: 117.61 131.483 107.87 
4782: 135.688 84.0726 79.6035 
4783: 115.391 95.2571 103.363 
4784: 87.8063 122.491 86.0055 
4785: 89.5997 77.0316 68.0913 
4786: 74.2654 72.5719 116.408 
4787: 121.043 113.686 68.5329 
4788: 114.985 115.015 101.248 
4789: 146.259 99.6488 88.6474 
4790: 67.9827 74.1043 92.062 
4791: 71.4988 167.348 108.499 
4792: 112.012 54.0575 110.06 
4793: 105.002 66.055 131.332 
4794: 52.3164 107.475 67.2488 
4795: 54.9963 119.943 91.2311 
4796: 65.5199 134.629 104.577 
4797: 41.0843 145.42 81.3637 
4798: 83.9473 59.4866 54.4595 
4799: 60.3102 127.94 72.9198 
4800: 86.8539 83.3653 156.037 
4801: 107.835 117.563 153.936 
4802: 36.1 111.302 94.882 
4803: 72.3061 114.102 112.783 
4804: 48.8236 169.486 78.6396 
4805: 84.0045 108.533 91.1017 
4806: 33.2175 75.5068 107.948 
4807: 80.1249 115.607 74.0665 
4808: 120.487 64.0236 103.009 
4809: 55.6662 64.463 118.584 
4810: 89.4612 152.09 91.2204 
4811: 136.045 127.886 123.946 
4812: 119.312 29.9347 91.8245 
4813: 98.3287 103.013 129.25 
4814: 55.5724 73.8601 75.529 
4815: 91.5905 92.9054 82.2519 
4816: 86.6162 102.033 78.3952 
4817: 57.6537 136.859 80.6008 
4818: 101.336 60.1287 100.33 
4819: 105.676 92.0767 133.332 
4820: 106.104 96.762 60.6742 
4821: 89.3427 115.855 117.477 
4822: 82.41 85.3524 55.4591 
4823: 48.0998 87.0331 46.6562 
4824: 104.375 68.2777 85.3448 
4825: 59.8958 71.6727 38.4562 
4826: 93.354 96.5344 45.9742 
4827: 123.908 121.783 95.3559 
4828: 53.8271 116.378 110.932 
4829: 74.6659 94.2769 137.356 
4830: 75.9844 63.5858 64.0437 
4831: 120.269 106.994 56.9098 
4832: 70.235 69.005 119.228 
4833: 94.5645 116.856 152.352 
4834: 3.41333 109.534 97.8726 
4835: 77.3931 86.4785 140.224 
4836: 122.357 107.993 112.816 
4837: 104.803 110.23 69.1179 
4838: 136.885 53.5267 68.8228 
4839: 60.2916 69.081 86.8935 
4840: 106.187 106.979 84.925 
4841: 110.917 99.3201 81.4445 
4842: 76.0257 93.4094 70.2435 
4843: 117.4 74.1926 139.432 
4844: 31.6236 123.262 126.298 
4845: 49.1111 150.369 115.839 
4846: 54.1864 76.5028 75.7573 
4847: 104.907 137.988 114.351 
4848: 68.1494 66.7687 139.999 
4849: 82.4063 164.421 71.0053 
4850: 84.7776 142.223 65.8489 
4851: 84.8196 73.6525 80.017 
4852: 91.0904 162.377 92.0279 
4853: 127.108 81.1318 106.759 
4854: 97.8228 123.432 88.4117 
4855: 46.5562 78.6 67.0927 
4856: 87.9366 91.4826 117.089 
4857: 60.1256 66.5362 73.1869 
4858: 148.936 137.324 109.818 
4859: 101.231 155.305 102.629 
4860: 128.634 65.6184 107.33 
4861: 44.7776 90.3016 121.443 
4862: 65.9151 117.885 44.7769 
4863: 51.1811 63.5217 57.5364 
4864: 85.7979 129.102 78.3044 
4865: 70.7103 83.0872 118.518 
4866: 49.1463 123.916 149.716 
4867: 102.484 123.622 72.4972 
4868: 87.0111 109.291 57.6167 
4869: 124.31 128.186 136.411 
4870: 75.9329 87.0917 51.8654 
4871: 81.4013 106.362 168.062 
4872: 95.8853 78.8463 120.153 
4873: 90 124.449 68.7066 
4874: 138.437 115.189 95.1675 
4875: 70.1565 121.437 161.77 
4876: 137.586 136.228 66.9587 
4877: 53.4143 87.1773 51.7171 
4878: 63.2409 115.592 105.576 
4879: 73.8504 121.177 59.7056 
4880: 90.3396 163.141 67.704 
4881: 77.4951 96.7539 126.08 
4882: 102.489 90.764 105.567 
4883: 82.6267 101.687 104.432 
4884: 139.071 120.843 83.1646 
4885: 113.165 105.624 113.827 
4886: 96.1158 92.7546 90.5533 
4887: 56.3333 65.1138 114.766 
4888: 35.1022 97.7396 108.899 
4889: 31.7521 93.1909 103.187 
4890: 107.547 160.761 90.0627 
4891: 46.9413 85.6909 146.077 
4892: 64.589 101.142 45.0209 
4893: 74.9012 78.9697 40.0706 
4894: 88.4949 61.2805 84.9813 
4895: 85.3909 129.962 43.0661 
4896: 126.895 75.2438 133.636 
4897: 33.875 128.007 141.947 
4898: 12.651 85.843 91.6457 
4899: 82.6843 92.1814 160.113 
4900: 93.8987 130.524 118.663 
4901: 85.4453 118.79 127.198 
4902: 93.9396 134.96 151.45 
4903: 70.481 116.221 79.1296 
4904: 149.019 128.966 111.27 
4905: 111.912 112.771 80.4026 
4906: 62.2262 79.1326 135.123 
4907: 54.2387 112.99 93.1483 
4908: 109.598 153.756 82.6433 
4909: 104.917 126.001 68.0854 
4910: 47.3447 77.99 89.1916 
4911: 88.8816 130.855 124.969 
4912: 141.187 107.237 124.203 
4913: 98.1456 72.376 34.317 
4914: 101.833 50.4734 131.857 
4915: 76.4933 118.879 97.5976 
4916: 121.603 51.4474 86.6108 
4917: 99.6565 92.2678 80.2801 
4918: 34.7236 146.183 62.1787 
4919: 87.5238 61.3486 121.883 
4920: 32.2642 97.7129 76.901 
4921: 67.9619 126.439 99.4103 
4922: 114.112 98.5993 29.9931 
4923: 120.528 102.619 80.3348 
4924: 82.7436 41.6515 106.891 
4925: 49.0412 107.36 122.049 
4926: 98.5429 54.0912 113.354 
4927: 116.423 117.654 33.2726 
4928: 70.6327 66.5883 32.4489 
4929: 112.509 60.5146 118.35 
4930: 110.073 130.349 88.0413 
4931: 60.6239 128.318 127.65 
4932: 94.4934 147.516 91.85 
4933: 99.8863 149.35 90.6032 
4934: 53.0811 123.834 87.0931 
4935: 75.598 156.638 112.312 
4936: 70.1402 80.7958 122.766 
4937: 92.066 122.052 98.0776 
4938: 71.4006 80.9475 107.724 
4939: 99.83 115.618 115.455 
4940: 83.7542 42.5761 103.536 
4941: 74.235 87.8284 143.066 
4942: 111.168 109.551 102.193 
4943: 98.94 73.5003 84.275 
4944: 140.135 93.6795 104.975 
4945: 79.5535 88.594 146.7 
4946: 98.1417 74.62 89.2413 
4947: 85.9429 145.877 128.855 
4948: 81.7038 126.177 74.646 
4949: 126.403 64.2287 48.1336 
4950: 92.9813 110.266 30.4696 
4951: 137.358 117.884 69.4283 
4952: 55.1872 129.313 60.617 
4953: 62.1698 135.389 113.878 
4954: 61.3451 44.1226 114.697 
4955: 121.686 143.249 106.877 
4956: 102.426 90.5139 122.212 
4957: 92.9284 148.979 63.2422 
4958: 115.511 47.9099 83.0596 
4959: 75.968 90.8572 93.8825 
4960: 63.8507 99.8694 85.0979 
4961: 17.282 96.7801 108.819 
4962: 127.054 153.454 77.9367 
4963: 114.463 138.158 89.3683 
4964: 87.4211 90.0448 140.315 
4965: 66.3602 108.514 166.72 
4966: 82.8071 93.6658 93.4036 
4967: 88.8407 76.96 79.5405 
4968: 88.1404 114.736 125.327 
4969: 71.9093 142.791 112.308 
4970: 81.0779 138.458 80.8831 
4971: 127.671 132.864 127.387 
4972: 57.9867 105.778 144.508 
4973: 109.425 100.521 107.506 
4974: 119.073 63.8675 61.5711 
4975: 122.705 123.089 105.765 
4976: 111.449 126.029 104.626 
4977: 112.367 119.632 83.6281 
4978: 88.1061 121.626 131.936 
4979: 106.591 140.066 128.582 
4980: 127.235 99.5715 122.66 
4981: 115.387 96.5646 122.593 
4982: 24.8012 87.7757 83.4253 
4983: 114.642 101.239 75.3838 
4984: 99.7653 103.208 91.4939 
4985: 74.8911 81.6711 135.042 
4986: 109.438 119.311 85.688 
4987: 114.464 64.6491 106.654 
4988: 71.6366 40.0407 109.457 
4989: 104.505 128.377 121.624 
4990: 47.196 82.4558 98.5055 
4991: 21.9458 101.434 73.7819 
4992: 77.2046 155.25 100.735 
4993: 75.8104 83.4716 96.667 
4994: 59.403 81.4571 103.051 
4995: 127.309 72.9053 107.969 
4996: 94.797 69.3727 57.8731 
4997: 50.8661 84.9335 138.678 
4998: 123.064 80.8493 75.183 
4999: 105.082 91.954 91.8241 
5000: 120.099 152.538 100.804 
5001: 19.4578 73.4716 90.2579 
5002: 102.537 97.1673 39.1798 
5003: 79.32 115.644 92.2969 
5004: 80.0933 109.339 121.541 
5005: 40.5322 140.648 92.3999 
5006: 91.3312 97.7573 113.69 
5007: 108.43 135.227 91.6895 
5008: 55.8017 126.748 133.501 
5009: 96.1371 115.064 72.4388 
5010: 76.2821 128.701 151.094 
5011: 82.944 57.6802 105.303 
5012: 50.5418 120.854 78.0999 
5013: 65.7116 111.816 39.5424 
5014: 127.778 65.4139 152.5 
5015: 122.884 88.9567 63.3101 
5016: 98.8458 64.0174 130.294 
5017: 101.706 104.181 96.6615 
5018: 92.0967 84.6553 103.448 
5019: 103.06 173.955 95.2655 
5020: 60.8814 120.749 57.4102 
5021: 82.0629 87.6858 136.07 
5022: 110.04 126.894 79.9888 
5023: 148.419 78.3045 137.35 
5024: 41.562 104.341 145.125 
5025: 65.9332 40.89 97.7675 
5026: 73.7917 54.0266 100.95 
5027: 69.6079 41.4798 132.977 
5028: 68.1982 114.9 132.845 
5029: 86.672 91.5263 94.6082 
5030: 59.6663 98.3905 135.527 
5031: 97.8211 64.0085 128.943 
5032: 100.663 108.041 97.1215 
5033: 75.3867 139.427 92.4098 
5034: 74.3009 117.676 95.3453 
5035: 74.519 77.2004 62.8618 
5036: 112.645 165.836 117.91 
5037: 70.8511 148.246 85.6762 
5038: 89.3233 113.839 102.448 
5039: 132.108 111.568 110.854 
5040: 76.8543 105.31 98.5566 
5041: 67.536 114.761 85.0145 
5042: 43.3287 68.5307 109.332 
5043: 77.1253 106.916 97.3702 
5044: 71.6916 79.9636 93.3314 
5045: 111.125 104.972 81.1937 
5046: 112.55 112.505 106.102 
5047: 130.022 111.263 75.8899 
5048: 50.9365 71.3949 91.1224 
5049: 86.1663 135.504 49.1333 
5050: 61.3515 87.4328 97.6731 
5051: 103.743 106.712 77.4431 
5052: 71.6247 64.2653 129.865 
5053: 93.4042 76.8135 103.058 
5054: 77.386 56.629 121.057 
5055: 38.1029 72.1602 127.109 
5056: 43.2201 94.0544 105.877 
5057: 98.7978 93.3559 46.8262 
5058: 98.176 91.6652 134.951 
5059: 75.0664 88.6785 56.6615 
5060: 91.8117 106.67 94.1319 
5061: 55.1 113.837 97.071 
5062: 86.1732 95.3863 135.47 
5063: 103.851 94.3207 63.3522 
5064: 89.2919 113.746 82.8015 
5065: 52.8664 122.296 164.395 
5066: 102.38 123.035 113.44 
5067: 26.112 78.7588 80.951 
5068: 97.9156 109.855 71.0454 
5069: 123.182 132.658 125.034 
5070: 54.7042 93.1536 88.3622 
5071: 62.5278 87.8749 109.734 
5072: 116.178 130.93 53.1572 
5073: 77.3444 124.38 64.4071 
5074: 79.6371 128.706 114.703 
5075: 127.399 99.736 115.26 
5076: 61.0773 119.476 80.0384 
5077: 91.8702 106.557 121.295 
5078: 73.8456 147.247 98.6621 
5079: 122.823 68.2492 66.8494 
5080: 68.5483 93.0498 149.94 
5081: 71.6043 127.47 104.321 
5082: 104.695 132.539 138.894 
5083: 58.8033 37.9881 90.7768 
5084: 67.247 124.938 88.5794 
5085: 75.3088 106.696 88.1931 
5086: 121.802 118.724 85.8028 
5087: 139.896 35.5674 89.3617 
5088: 109.13 86.9252 166.576 
5089: 109.259 92.5999 77.4281 
5090: 104.016 54.9763 126.141 
5091: 29.8544 63.0114 117.47 
5092: 111.086 83.0085 52.5685 
5093: 75.4128 81.1898 135.12 
5094: 75.0644 79.1222 93.2643 
5095: 82.3451 110.58 103.961 
5096: 31.7741 73.7893 80.8525 
5097: 83.8556 68.8177 146.067 
5098: 86.3272 104.107 146.457 
5099: 77.9202 69.6549 100.846 
5100: 55.6407 105.79 98.4091 
5101: 96.1764 62.2894 57.6797 
5102: 90.3743 146.273 78.1733 
5103: 100.756 122.279 140.788 
5104: 61.3016 93.3077 106.886 
5105: 70.16 69.3317 109.546 
5106: 72.0397 109.514 69.1685 
5107: 38.2493 53.2907 93.3094 
5108: 48.3537 53.8201 140.136 
5109: 79.3696 147.545 60.1346 
5110: 120.215 104.867 81.3021 
5111: 125.707 87.4235 108.675 
5112: 94.144 101.596 119.32 
5113: 120.451 88.6386 148.418 
5114: 130.173 106.273 121.368 
5115: 108.055 115.129 66.7016 
5116: 141.191 146.18 79.3018 
5117: 92.6322 67.6104 121.195 
5118: 75.0301 86.8388 101.849 
5119: 136.952 120.445 112.329 
5120: 128.108 108.541 55.6008 
5121: 45.5791 105.152 103.931 
5122: 107.493 70.2644 83.883 
5123: 54.0993 104.636 58.3196 
5124: 88.5285 89.5546 64.0077 
5125: 74.2067 176.386 87.9121 
5126: 84.9367 94.4605 135.442 
5127: 65.8556 129.166 84.1383 
5128: 95.053 57.015 111.724 
5129: 74.273 100.467 132.243 
5130: 75.5018 106.526 113.054 
5131: 128.944 104.246 125.072 
5132: 49.3283 139.239 108.079 
5133: 130.278 109.133 103.885 
5134: 73.1936 69.0986 113.12 
5135: 110.978 87.368 19.4265 
5136: 60.6333 129.932 90.6071 
5137: 140.646 63.0145 72.4728 
5138: 57.9947 70.4848 107.631 
5139: 153.133 83.2515 95.936 
5140: 73.2933 138.68 76.6871 
5141: 72.6894 68.8156 116.377 
5142: 67.152 57.3247 95.7206 
5143: 131.557 84.5596 119.321 
5144: 115.762 97.6819 53.0376 
5145: 59.0212 149.259 94.4234 
5146: 118.716 76.7982 94.0363 
5147: 101.558 146.318 138.347 
5148: 111.187 128.388 85.5194 
5149: 113.828 88.7275 76.9078 
5150: 81.7583 84.7743 147.857 
5151: 88.5389 79.9446 89.2812 
5152: 102.386 96.7911 163.927 
5153: 58.5233 72.0632 118.058 
5154: 137.075 83.0806 148.161 
5155: 54.4773 95.8232 128.404 
5156: 132.293 123.191 94.9774 
5157: 77.8293 70.4523 117.59 
5158: 94.8322 154.409 101.966 
5159: 64.2571 76.812 116.104 
5160: 78.9884 115.286 23.7563 
5161: 151.987 125.246 122.311 
5162: 71.6641 104.96 42.3637 
5163: 78.8744 95.529 134.683 
5164: 77.192 103.353 114.023 
5165: 117.872 134.458 121.799 
5166: 20.2174 81.4741 118.439 
5167: 40.3016 63.7095 132.289 
5168: 134.686 73.8685 120.893 
5169: 113.369 118.59 114.775 
5170: 76.078 100.842 130.709 
5171: 88.1931 59.35 103.047 
5172: 86.427 96.6525 135.339 
5173: 59.5049 138.946 73.4046 
5174: 71.4853 120.619 56.127 
5175: 100.18 171.618 82.2891 
5176: 98.856 87.7698 74.103 
5177: 64.4864 144.321 91.3012 
5178: 63.982 122.428 94.5519 
5179: 74.9999 93.6802 95.9603 
5180: 64.2106 61.4417 126.998 
5181: 67.1461 125.868 107.995 
5182: 39.584 146.02 104.354 
5183: 74.8023 41.6905 114.141 
5184: 121.387 159.887 73.8091 
5185: 59.0261 144.464 66.9478 
5186: 125.154 59.84 112.456 
5187: 99.5563 105.793 85.5581 
5188: 100.421 109.657 86.508 
5189: 106.476 114.837 114.484 
5190: 127.838 75.3713 72.0434 
5191: 72.2519 110.561 141.665 
5192: 110.052 136.081 108.917 
5193: 27.3129 96.3956 69.4718 
5194: 15.4706 73.8469 75.6437 
5195: 81.2476 99.0368 40.7603 
5196: 122.95 67.3452 121.009 
5197: 67.8001 71.3009 91.3457 
5198: 127.023 112.589 115.347 
5199: 76.9883 64.1123 128.411 
5200: 104.347 146.409 81.687 
5201: 130.392 116.569 107.29 
5202: 83.4388 82.8573 130.292 
5203: 86.3653 124.95 160.277 
5204: 133.784 111.618 97.9263 
5205: 104.341 101.371 138.743 
5206: 67.3178 96.9347 54.8299 
5207: 117.442 82.211 58.9283 
5208: 65.7397 104.672 68.6348 
5209: 126.705 89.3712 130.309 
5210: 117.478 135.407 107.868 
5211: 88.6787 84.8065 75.801 
5212: 130.339 94.8046 123.979 
5213: 112.713 101.851 67.5167 
5214: 78.609 103.82 61.0674 
5215: 56.2351 101.088 175.989 
5216: 126.16 76.6106 117.688 
5217: 136.898 83.933 54.416 
5218: 89.3422 27.4127 115.623 
5219: 95.0756 129.029 92.9175 
5220: 85.2517 108.967 76.8991 
5221: 88.18 72.8577 70.6156 
5222: 108.032 72.8548 61.4269 
5223: 67.5768 35.3002 77.2751 
5224: 91.0223 87.5926 129.716 
5225: 62.5453 91.1444 90.5274 
5226: 144.091 109.279 76.3474 
5227: 68.2547 49.4472 119.36 
5228: 125.009 124.675 54.382 
5229: 121.354 90.1723 118.252 
5230: 139.907 99.7988 92.8882 
5231: 132.724 80.495 88.5896 
5232: 94.8285 107.191 137.543 
5233: 156.87 128.381 124.258 
5234: 120.906 103.929 113.268 
5235: 72.4413 50.9055 119.725 
5236: 46.5722 104.127 106.422 
5237: 83.388 95.7344 43.6455 
5238: 110.159 113.583 162.367 
5239: 87.7242 152.598 91.4299 
5240: 103.198 74.8972 97.1657 
5241: 105.548 79.0388 59.5938 
5242: 108.818 82.161 69.8009 
5243: 128.373 68.3275 119.195 
5244: 74.1141 89.0168 83.7044 
5245: 60.362 87.7371 79.6087 
5246: 98.2451 82.8318 84.9063 
5247: 78.832 74.5071 77.7875 
5248: 151.226 116.959 75.8167 
5249: 160.864 68.0312 129.4 
5250: 113.443 53.4161 69.8239 
5251: 58.1592 80.6239 126.62 
5252: 24.9683 122.248 102.34 
5253: 75.0974 131.745 108.419 
5254: 102.328 97.9681 159.697 
5255: 108.147 122.744 119.64 
5256: 60.1923 96.5401 41.5615 
5257: 64.414 73.2673 40.5394 
5258: 93.7576 130.433 73.9393 
5259: 76.3024 141.928 80.1852 
5260: 76.0148 75.4142 73.8291 
5261: 79.7156 121.85 117.895 
5262: 126.711 148.653 78.28 
5263: 69.9846 101.988 115 
5264: 40.476 93.0352 88.0153 
5265: 131.064 126.724 106.416 
5266: 68.8639 61.0015 94.9943 
5267: 26.7094 96.2464 123.012 
5268: 71.764 108.755 66.1038 
5269: 41.792 54.8915 128.741 
5270: 135.384 82.1692 69.4627 
5271: 108.156 97.6272 81.0514 
5272: 98.6896 71.7257 23.675 
5273: 73.15 89.6332 64.5425 
5274: 56.4688 80.2481 76.8722 
5275: 126.458 125.914 101.129 
5276: 41.0295 93.2383 82.8338 
5277: 95.9787 111.283 83.4133 
5278: 95.2704 79.4592 147.723 
5279: 85.4834 99.3071 113.472 
5280: 109.56 123.961 90.2195 
5281: 45.6132 61.3421 95.7787 
5282: 99.5759 120.218 165.053 
5283: 123.49 87.8334 95.0936 
5284: 93.5465 68.3419 116.688 
5285: 99.65 69.3758 72.862 
5286: 114.591 92.1355 129.738 
5287: 82.4 108.702 122.424 
5288: 119.571 109.595 122.887 
5289: 68.7016 76.4778 129.056 
5290: 88.824 68.9366 118.76 
5291: 93.5799 115.486 65.949 
5292: 137.047 64.9147 107.555 
5293: 141.348 90.0759 122.49 
5294: 129.473 105.707 114.543 
5295: 128.203 39.0973 63.8767 
5296: 78.1632 84.8958 127.805 
5297: 87.555 97.836 58.759 
5298: 72.444 116.221 57.9741 
5299: 87.398 123.491 71.2034 
5300: 79.1816 94.0004 94.8833 
5301: 75.9965 100.783 121.692 
5302: 14.0483 89.3922 86.7583 
5303: 106.973 64.9854 131.709 
5304: 70.168 112.767 79.1962 
5305: 64.9118 96.6092 101.845 
5306: 74.4722 57.8826 72.3566 
5307: 140.339 75.0876 98.9631 
5308: 105.322 105.86 91.425 
5309: 133.258 89.6427 96.283 
5310: 112.504 88.8542 19.2626 
5311: 0.516667 102.717 94.8376 
5312: 124.835 144.971 92.1411 
5313: 85.7693 97.5527 94.6114 
5314: 77.068 132.826 127.485 
5315: 100.912 106.063 74.0541 
5316: 133.145 94.3614 69.1153 
5317: 70.3811 75.5602 111.651 
5318: 39.248 118.169 107.958 
5319: 95.715 158.688 112.8 
5320: 97.744 94.9037 73.4354 
5321: 77.4264 124.885 114.347 
5322: 51.4269 105.149 113.486 
5323: 73.3178 139.185 106.404 
5324: 111.686 124.757 111.946 
5325: 66.5 75.8639 84.2145 
5326: 62.1319 106.832 34.6404 
5327: 134.94 85.5767 106.219 
5328: 109.734 151.849 76.4908 
5329: 160.437 106.416 99.1311 
5330: 76.5189 53.7011 114.949 
5331: 83.5809 118.294 146.937 
5332: 128.187 69.2587 60.8711 
5333: 67.9 116.151 128.095 
5334: 42.5013 125.972 155.817 
5335: 132.562 82.7234 92.1695 
5336: 73.812 185.103 103.469 
5337: 88.4213 166.843 101.553 
5338: 42.3433 81.9352 121.883 
5339: 131.978 79.9397 115.396 
5340: 100.837 71.8933 93.0153 
5341: 107.659 128.661 75.6973 
5342: 86.541 118.727 165.536 
5343: 111.508 146.726 114.824 
5344: 63.3924 101.497 88.0229 
5345: 143.502 111.625 89.9298 
5346: 105.952 92.4456 94.7522 
5347: 83.5231 53.2697 117.648 
5348: 119.389 54.5792 102.67 
5349: 77.9203 132.425 59.2985 
5350: 90 100.77 62.8494 
5351: 59.8625 100.173 104.681 
5352: 54.8826 137.296 142.814 
5353: 95.5074 143.46 99.1628 
5354: 109.294 81.4712 86.3193 
5355: 66.096 85.8138 79.4633 
5356: 67.63 64.4164 104.846 
5357: 27.8324 113.57 86.6312 
5358: 90.1769 77.4743 104.336 
5359: 57.434 103.342 65.0007 
5360: 67.96 146.437 80.1055 
5361: 122.866 75.9403 69.7033 
5362: 86.7096 85.129 111.273 
5363: 76.8271 100.935 141.431 
5364: 89.8709 167.541 100.253 
5365: 127.407 123.296 82.1533 
5366: 146.504 102.976 89.3083 
5367: 103.205 65.5348 40.719 
5368: 88.147 86.1303 95.9509 
5369: 66.5587 85.7333 138.224 
5370: 101.59 105.46 127.683 
5371: 60.2438 96.4344 139.764 
5372: 55.0413 123.107 103.996 
5373: 24.7929 118.972 59.3194 
5374: 89.6097 116.17 167.183 
5375: 97.2713 101.024 169.277 
5376: 115.394 111.261 138.607 
5377: 124.008 88.8066 43.474 
5378: 51.0938 73.594 83.9193 
5379: 91.9688 76.9776 103.282 
5380: 114.684 120.386 73.3165 
5381: 55.8678 116.48 152.564 
5382: 140.041 102.722 111.544 
5383: 64.1426 122.337 153.972 
5384: 77.6918 140.613 119.973 
5385: 110.85 139.656 75.0906 
5386: 69.3471 86.6268 88.3574 
5387: 140.137 91.0386 121.881 
5388: 62.554 44.1848 82.2338 
5389: 76.2818 77.1068 75.0996 
5390: 139.1 86.6912 130.542 
5391: 106.72 131.84 108.127 
5392: 77.5804 110.921 101.789 
5393: 90.634 111.068 124.481 
5394: 97.427 68.731 84.1578 
5395: 100.889 131.767 168.72 
5396: 76.9831 85.7671 84.9653 
5397: 108.497 96.9244 151.117 
5398: 93.7438 62.3656 112.324 
5399: 78.7217 117.703 74.9049 
5400: 99.6224 86.5261 51.4358 
5401: 79.0164 62.1745 153.098 
5402: 68.0026 131.954 46.394 
5403: 76.7873 95.9566 77.3827 
5404: 48.5761 128.302 93.909 
5405: 111.384 104.63 129.28 
5406: 82.1886 120.895 118.353 
5407: 98.73 126.605 82.8826 
5408: 110.864 122.969 107.191 
5409: 89.8867 104.233 112.183 
5410: 34.5929 128.76 126.976 
5411: 94.578 61.7129 91.4804 
5412: 64.0208 116.725 75.8492 
5413: 122.294 59.9577 93.4176 
5414: 131.174 44.4512 72.786 
5415: 82.0729 95.2245 127.126 
5416: 131.692 126.111 87.6835 
5417: 97.1871 96.3158 101.431 
5418: 69.3218 93.3682 55.3216 
5419: 129.474 148.482 88.0206 
5420: 88.812 124.298 39.9344 
5421: 104.756 137.444 60.7063 
5422: 79.2853 106.091 123.038 
5423: 63.6719 51.779 118.903 
5424: 70.6621 152.296 107.53 
5425: 146.682 46.9476 86.689 
5426: 97.2613 54.3554 46.2947 
5427: 88.836 29.3387 84.9173 
5428: 76.44 115.202 150.213 
5429: 118.672 81.7858 103.235 
5430: 68.5356 49.5716 112.155 
5431: 108.604 130.719 134.288 
5432: 134.221 106.365 97.6181 
5433: 85.322 113.99 87.6815 
5434: 97.8258 74.4597 90.3061 
5435: 87.5339 87.0872 113.088 
5436: 90.0549 110.825 92.2988 
5437: 157.344 119.743 113.832 
5438: 61.9618 146.604 89.3995 
5439: 131.402 90.8373 96.1303 
5440: 69.1887 60.5448 79.7378 
5441: 105.722 110.111 151.522 
5442: 100.58 55.6106 116.965 
5443: 88.006 92.4766 134.618 
5444: 91.1036 69.5859 81.5067 
5445: 80.1601 34.7932 98.3605 
5446: 106.917 29.3864 98.0144 
5447: 57.4172 113.97 54.9833 
5448: 100.643 144.259 117.639 
5449: 55.3299 123.132 100.057 
5450: 93.8509 70.8125 83.3558 
5451: 96.477 69.6517 161.98 
5452: 38.788 108.454 66.4654 
5453: 85.9769 119.662 86.566 
5454: 55.8862 53.6826 57.8374 
5455: 115.716 132.84 103.948 
5456: 57.6383 63.112 55.8316 
5457: 78.0053 116.804 64.4261 
5458: 75.2111 69.9845 129.846 
5459: 89.6153 79.0669 33.1731 
5460: 99.8694 87.8599 87.0187 
5461: 143.754 141.07 73.8591 
5462: 75.899 116.792 72.7916 
5463: 60.0707 79.1126 91.4428 
5464: 96.594 155.283 107.384 
5465: 106.737 100.969 39.6722 
5466: 53.8144 117.463 65.9872 
5467: 106.891 40.66 51.492 
5468: 75.2164 150.982 109.336 
5469: 85.6444 146.473 72.5484 
5470: 117.236 56.0585 115.712 
5471: 112.591 152.188 144.239 
5472: 103.53 54.2191 92.896 
5473: 80.5923 92.6203 89.3733 
5474: 91.8203 71.237 34.1227 
5475: 95.0606 96.8382 94.1482 
5476: 102.554 99.6022 144.232 
5477: 59.0979 69.2261 119.711 
5478: 90.6733 132.796 112.935 
5479: 78.3381 120.338 97.3669 
5480: 28.4 92.2604 81.3978 
5481: 19.2276 111.789 92.9848 
5482: 123.201 89.5204 70.3501 
5483: 88.1851 155.926 106.371 
5484: 65.0587 151.383 60.1185 
5485: 81.9354 119.245 99.4294 
5486: 59.2117 60.0459 100.936 
5487: 124.882 114.094 97.945 
5488: 97.0601 99.7187 124.314 
5489: 95.0279 178.03 109.696 
5490: 102.478 89.208 81.5257 
5491: 75.8907 114.137 125.104 
5492: 84.8889 103.439 103.462 
5493: 124.038 121.038 43.4796 
5494: 96.93 109.645 166.012 
5495: 73.2993 89.2027 152.737 
5496: 38.975 85.3287 106.573 
5497: 63.7179 84.8375 91.754 
5498: 79.165 92.333 115.758 
5499: 68.2597 85.7323 106.571 
5500: 96.6983 88.4067 59.449 
5501: 82.8423 101.891 93.2935 
5502: 73.6162 117.243 90.294 
5503: 77.2254 70.9573 123.346 
5504: 97.0867 45.9932 80.5597 
5505: 113.728 130.525 76.0776 
5506: 69.9996 95.2064 135.117 
5507: 126.251 96.6658 124.01 
5508: 56.495 83.5827 67.3979 
5509: 85.1164 134.869 58.8839 
5510: 102.056 149.826 79.4241 
5511: 76.3849 106.574 54.7333 
5512: 65.6 131.078 82.9656 
5513: 148.018 115.057 83.8117 
5514: 48.8786 149.457 68.3521 
5515: 107.758 55.3767 89.1402 
5516: 117.432 92.7871 72.7513 
5517: 57.122 91.3197 37.1226 
5518: 135.349 136.784 45.5959 
5519: 66.8242 114.451 84.7057 
5520: 102.053 135.866 126.755 
5521: 107.16 29.3432 78.5991 
5522: 97.6454 58.5566 83.3972 
5523: 86.8989 114.604 133.799 
5524: 66.223 49.6819 64.9312 
5525: 104.319 113.619 52.1926 
5526: 82.136 103.697 135.206 
5527: 106.009 69.9482 92.5851 
5528: 98.8433 96.0603 79.1244 
5529: 134.373 144.017 144.029 
5530: 50.312 126.743 147.981 
5531: 135.143 93.9026 72.2154 
5532: 133.978 95.5177 125.067 
5533: 65.1989 142.232 123.62 
5534: 56.6021 93.9928 126.074 
5535: 67.2621 74.744 78.2773 
5536: 89.7233 88.1968 81.5208 
5537: 73.1481 29.3214 116.549 
5538: 100.597 70.5509 157.826 
5539: 82.8688 15.3831 102.589 
5540: 88.584 62.6127 102.891 
5541: 68.4736 96.2223 101.761 
5542: 83.6213 87.4067 143.638 
5543: 97.84 113.361 133.722 
5544: 65.4696 108.633 194.231 
5545: 99.6514 124.091 86.5263 
5546: 71.3619 111.728 104.097 
5547: 124.194 76.7788 54.3789 
5548: 105.523 68.6724 94.7514 
5549: 77.7458 86.7387 70.1397 
5550: 104.337 84.911 89.296 
5551: 94.9271 97.8452 92.2838 
5552: 30.3437 94.4823 84.9495 
5553: 62.187 63.7503 76.7328 
5554: 108.144 115.086 73.4586 
5555: 103.579 129.89 109.589 
5556: 74.614 168.089 80.179 
5557: 121.354 65.7851 64.8252 
5558: 50.6062 107.202 108.212 
5559: 100.717 92.1152 81.7533 
5560: 77.0567 147.882 76.4854 
5561: 69.6315 109.402 73.06 
5562: 72.1733 92.7952 108.08 
5563: 79.832 116.743 74.5645 
5564: 60.1157 101.012 64.8749 
5565: 104.464 116.677 111.02 
5566: 44.685 83.7817 114.254 
5567: 19.552 85.7815 78.2763 
5568: 91.5716 81.5567 125.1 
5569: 107.744 81.7908 117.872 
5570: 61.0344 77.898 83.5244 
5571: 23.1196 93.0855 82.0395 
5572: 83.1533 136.487 73.6116 
5573: 77.0078 106.644 134.148 
5574: 90.8143 111.454 110.534 
5575: 135.534 85.7302 68.8545 
5576: 78.7761 133.953 58.9247 
5577: 65.3357 170.359 98.7163 
5578: 79.158 129.615 72.3293 
5579: 115.848 123.291 80.1305 
5580: 59.6396 110.411 93.526 
5581: 72.7494 92.3639 113.88 
5582: 65.3644 105.317 136.334 
5583: 100.13 125.202 81.2112 
5584: 94.3222 115.45 84.1976 
5585: 58.199 91.1671 90.6833 
5586: 60.6938 66.8592 73.4915 
5587: 61.5076 86.5674 98.529 
5588: 50.3536 96.0412 103.563 
5589: 46.9307 96.7956 65.7663 
5590: 66.5154 163.628 125.651 
5591: 150.878 92.2516 74.5869 
5592: 127.4 83.2525 98.685 
5593: 97.9951 98.8323 124.198 
5594: 78.4557 112.514 160.634 
5595: 87.5215 85.04 55.8141 
5596: 51.9105 136.688 90.3404 
5597: 74.3651 84.2559 49.1836 
5598: 39.989 85.2511 116.066 
5599: 94.6086 96.1627 59.0429 
5600: 81.1364 80.3234 150.96 
5601: 79.8604 67.6729 70.6845 
5602: 97.0008 100.438 86.3295 
5603: 118.324 127.227 114.163 
5604: 23.213 78.4659 111.421 
5605: 62.2432 143.009 132.975 
5606: 91.3771 95.3252 141.387 
5607: 157.259 110.355 102.574 
5608: 125.441 80.9137 138.325 
5609: 104.896 122.276 150.688 
5610: 66.1784 118.738 75.3193 
5611: 95.0745 154.4 77.3951 
5612: 63.1138 59.3476 67.9677 
5613: 91.0328 90.2316 69.3598 
5614: 98.6585 74.2155 81.8123 
5615: 147.927 69.4612 73.946 
5616: 64.1889 111.999 89.4288 
5617: 93.1488 95.5638 123.091 
5618: 76.6158 51.1498 101.052 
5619: 83.262 88.9227 69.7607 
5620: 48.276 83.0188 54.9064 
5621: 87.5047 46.2468 142.533 
5622: 93.8167 107.004 142.07 
5623: 121.053 131.086 105.932 
5624: 108.003 103.792 63.0447 
5625: 55.7811 125.351 94.4169 
5626: 68.8704 163.148 130.622 
5627: 94.6731 131.924 82.4429 
5628: 84.2291 50.1222 95.2094 
5629: 106.216 79.3017 108.489 
5630: 104.85 160.554 77.1486 
5631: 130.837 78.0537 157.407 
5632: 125.534 87.7379 98.6406 
5633: 117.793 74.7795 92.4582 
5634: 101.204 135.551 104.441 
5635: 80.6372 107.619 98.6012 
5636: 85.7 78.1611 99.0079 
5637: 98.5035 88.097 116.882 
5638: 43.7872 94.9103 78.4876 
5639: 66.4116 142.282 83.6097 
5640: 8.83681 117.958 84.433 
5641: 72.9867 156.365 61.0101 
5642: 100.324 99.8293 63.0541 
5643: 68.015 44.6827 62.0671 
5644: 118.561 126.091 41.9954 
5645: 105 114.099 105.706 
5646: 130.167 111.284 60.7217 
5647: 83.6628 110.048 54.7217 
5648: 39.3778 141.662 124.646 
5649: 94.0036 60.7171 108.119 
5650: 91.5967 81.4071 112.201 
5651: 63.2092 74.4351 149.207 
5652: 60.3097 54.6024 84.902 
5653: 120.565 88.7332 82.7299 
5654: 116.515 116.854 139.913 
5655: 48.3167 60.8106 78.9609 
5656: 75.6682 70.9889 120.256 
5657: 82.903 78.2224 155.593 
5658: 52.1456 123.915 82.8906 
5659: 86.5877 43.5255 97.4103 
5660: 121.045 49.6234 102.166 
5661: 91.2711 124.686 102.247 
5662: 56.5885 129.157 59.9149 
5663: 84.2999 110.467 60.9559 
5664: 71.8263 129.794 114.192 
5665: 125.444 115.128 106.183 
5666: 104.183 121.633 48.3026 
5667: 104.401 82.9089 94.1928 
5668: 84.5991 113.692 90.3562 
5669: 121.685 97.4242 41.8713 
5670: 126.175 113.226 46.845 
5671: 91.8574 87.002 58.9945 
5672: 87.5409 125.601 97.7687 
5673: 108.81 50.8129 96.12 
5674: 127.288 86.238 101.597 
5675: 74.2043 124.054 149.061 
5676: 80.2694 49.1654 57.8502 
5677: 82.4764 112.292 146.697 
5678: 150.687 109.86 93.2764 
5679: 88.5122 48.6524 111.152 
5680: 45.3904 131.284 104.407 
5681: 106.755 133.383 47.48 
5682: 114.893 107.86 134.689 
5683: 99.6979 92.7764 151.968 
5684: 40.0394 86.668 76.9327 
5685: 27.7233 117.397 69.0699 
5686: 107.567 117.836 93.7717 
5687: 116.496 148.65 94.2983 
5688: 23.5329 75.8988 63.5653 
5689: 65.9634 93.8556 107.782 
5690: 83.8546 63.7508 127.591 
5691: 116.802 151.889 64.3545 
5692: 97.2377 108.125 68.5967 
5693: 74.4204 92.3432 119.52 
5694: 109.033 119.35 96.0726 
5695: 90.4853 69.932 79.074 
5696: 68.5817 140.933 133.159 
5697: 73.9059 100.474 121.114 
5698: 90.6291 81.9981 125.731 
5699: 94.021 54.3136 97.0024 
5700: 92.126 109.21 66.8287 
5701: 111.844 98.2756 158.946 
5702: 35.1996 128.566 70.302 
5703: 51.224 104.328 99.321 
5704: 146.725 133.881 105.412 
5705: 56.9166 52.6017 100.429 
5706: 65.0321 106.072 128.288 
5707: 29.9411 89.4647 114.099 
5708: 70.1032 115.183 67.0233 
5709: 117.001 111.215 87.3802 
5710: 50.9191 81.6037 121.853 
5711: 100.207 76.4225 87.2573 
5712: 123.056 79.1594 67.7756 
5713: 91.8781 73.8826 66.4466 
5714: 58.8098 107.582 178.219 
5715: 74.1969 91.9331 61.5136 
5716: 55.25 53.6896 105.163 
5717: 78.5193 91.9024 62.6768 
5718: 80.9672 89.8159 45.0239 
5719: 95.8557 127.32 86.3862 
5720: 134.971 127.909 86.2666 
5721: 104.847 62.4187 81.9059 
5722: 34.587 140.192 146.267 
5723: 124.331 81.3513 77.2167 
5724: 65.5652 41.4578 130.768 
5725: 148.997 98.1828 71.4332 
5726: 125.087 143.831 89.3341 
5727: 125.125 93.7104 65.4523 
5728: 154.633 137.602 128.435 
5729: 104.01 51.5616 93.3375 
5730: 114.138 135.113 142.217 
5731: 86.9594 115.793 124.518 
5732: 82.9377 141.885 121.958 
5733: 72.7542 134.777 83.5308 
5734: 94.4649 87.7369 100.796 
5735: 114.157 42.7682 113.84 
5736: 61.6732 75.9908 121.026 
5737: 129.385 143.246 141.207 
5738: 40.8131 110.972 96.0873 
5739: 105.353 107.378 67.3464 
5740: 120.107 126.849 146.353 
5741: 115.771 141.237 73.954 
5742: 68.276 50.9725 64.1516 
5743: 73.0959 94.0971 80.6389 
5744: 99.8695 31.6998 102.972 
5745: 81.412 110.907 81.8819 
5746: 57.2254 74.2299 107.088 
5747: 82.2485 161.645 105.35 
5748: 81.9005 106.973 73.8772 
5749: 64.7913 112.805 119.097 
5750: 35.1028 88.4071 86.2307 
5751: 93.6939 89.8748 150.446 
5752: 103.891 66.5114 86.4749 
5753: 113.673 58.0504 106.244 
5754: 163.132 75.4175 109.169 
5755: 90.6272 112.637 155.947 
5756: 79.444 124.679 125.914 
5757: 55.6365 89.5387 65.3784 
5758: 67.637 123.276 98.1188 
5759: 138.292 66.4791 107.224 
5760: 79.645 113.398 131.85 
5761: 111.84 102.673 105.782 
5762: 74.6374 121.808 120.361 
5763: 89.9433 130.339 107.668 
5764: 83.1224 120.156 153.089 
5765: 136.402 80.9233 153.502 
5766: 92.3328 122.667 118.692 
5767: 124.759 105.533 134.031 
5768: 61.3763 37.8883 100.135 
5769: 72.6667 90.2964 84.4121 
5770: 77.8807 134.049 99.3954 
5771: 71.6 111.039 63.8424 
5772: 73.834 85.5259 115.542 
5773: 105.263 20.9665 93.8998 
5774: 90.6727 120.283 89.8088 
5775: 75.7912 74.8788 79.0711 
5776: 39.9767 64.9159 70.1978 
5777: 84.3729 90.0628 95.2846 
5778: 109.191 95.2474 66.9424 
5779: 67.9881 122.764 50.5218 
5780: 79.17 122.302 132.82 
5781: 97.6089 118.849 145.422 
5782: 118.778 90.2505 59.1016 
5783: 154.033 111.16 125.544 
5784: 65.3798 161.663 104.401 
5785: 65.2318 117.942 83.6958 
5786: 121.863 133.022 85.4732 
5787: 76.4241 78.7066 75.4421 
5788: 41.93 121.234 101.142 
5789: 98.9062 101.718 100.493 
5790: 112.9 124.337 115.63 
5791: 114.818 102.935 125.82 
5792: 152.528 120.965 90.9514 
5793: 98.3867 151.366 92.0013 
5794: 138.503 111.594 72.2536 
5795: 101.506 114.205 71.2986 
5796: 91.6611 122.246 92.6732 
5797: 77.9588 97.1518 27.9093 
5798: 85.5096 175.48 99.2114 
5799: 61.6459 87.9869 54.7334 
5800: 76.9152 127.755 66.7598 
5801: 109.705 51.2706 113.61 
5802: 77.7888 135.189 100.069 
5803: 72.5746 117.396 69.309 
5804: 2.91422 99.3158 98.3429 
5805: 50.5574 54.5567 76.736 
5806: 49.9787 111.796 59.5505 
5807: 68.8485 103.213 102.076 
5808: 38.3422 128.914 91.1274 
5809: 133.792 145.021 106.916 
5810: 102.647 102.298 127.74 
5811: 107.197 169.705 112.166 
5812: 123.733 128.309 65.6923 
5813: 58.7217 59.9689 69.2988 
5814: 87.8779 93.5883 34.7319 
5815: 126.133 109.929 65.6902 
5816: 150.125 112.648 122.579 
5817: 119.258 130.13 118.304 
5818: 105.806 118.325 116.137 
5819: 111.246 139.136 113.32 
5820: 92.3898 88.3594 74.0967 
5821: 93.8243 93.7862 48.8388 
5822: 62.596 71.6415 71.2475 
5823: 83.9512 147.332 110.885 
5824: 81.5907 84.8106 48.5732 
5825: 95.7874 148.054 112.739 
5826: 90.3587 114.951 56.7294 
5827: 77.0106 95.346 78.0893 
5828: 83.9858 88.822 76.6722 
5829: 89.0504 137.079 117.146 
5830: 69.4688 57.025 123.08 
5831: 116.743 66.4912 85.2693 
5832: 109.008 145.174 76.0877 
5833: 81.4917 73.0794 33.3904 
5834: 31.4743 72.336 72.2387 
5835: 59.3653 132.828 94.313 
5836: 81.839 116.648 40.2943 
5837: 89.4964 81.4874 149.131 
5838: 108.031 158.177 145.368 
5839: 39.3684 139.385 107.01 
5840: 84.1782 134.991 48.4512 
5841: 115.38 108.848 95.4874 
5842: 115.87 128.599 114.009 
5843: 95.02 136.229 141.501 
5844: 66.2311 115.528 99.8516 
5845: 93.468 132.833 72.7755 
5846: 100.018 43.0399 103.319 
5847: 79.133 97.498 112.165 
5848: 118.776 47.5275 57.3623 
5849: 85.1956 105.839 98.4192 
5850: 62.664 83.4636 114.26 
5851: 101.392 78.5152 121.443 
5852: 86.7298 129.741 49.0461 
5853: 109.748 51.0299 84.0622 
5854: 76.9538 69.2279 88.9442 
5855: 53.7733 80.0441 142.451 
5856: 69.0891 78.6549 121.559 
5857: 44.5507 111.706 163.457 
5858: 60.616 76.1861 130.869 
5859: 98.5127 88.9627 58.317 
5860: 106.636 73.5449 139.315 
5861: 118.685 111.811 123.124 
5862: 109.888 34.7479 119.292 
5863: 88.3238 38.6146 112.1 
5864: 70.306 80.7328 42.6566 
5865: 64.7049 133.504 74.8522 
5866: 80.874 108.457 61.8346 
5867: 152.555 80.8449 130.465 
5868: 49.4518 105.694 58.2114 
5869: 111.298 91.724 119.095 
5870: 145.472 115.344 78.7878 
5871: 112.602 57.9202 57.3973 
5872: 43.2054 117.696 137.586 
5873: 118.539 112.347 116.55 
5874: 141.894 122.071 110.351 
5875: 96.96 91.2753 30.3224 
5876: 99.7269 136.582 49.8591 
5877: 88.7811 126.07 108.034 
5878: 91.9227 80.5419 170.407 
5879: 90 101.737 125.39 
5880: 114.118 132.97 89.1089 
5881: 55.2142 110.218 46.9965 
5882: 124.501 60.8749 100.01 
5883: 87.8951 115.752 69.4975 
5884: 61.9218 97.0715 61.093 
5885: 87.8816 39.0118 102.731 
5886: 115.743 153.738 79.3393 
5887: 136.992 80.7882 101.574 
5888: 64.7036 107.853 165.985 
5889: 92.9113 155.468 67.8674 
5890: 60.0387 87.9382 75.914 
5891: 77.2172 120.524 42.9968 
5892: 74.9609 112.892 72.179 
5893: 104.498 92.4849 101.483 
5894: 67.3287 125.51 86.4314 
5895: 77.28 81.5374 104.452 
5896: 87.6641 107.846 99.1934 
5897: 102.824 112.414 113.991 
5898: 87.2293 117.27 132.211 
5899: 73.2772 130.998 117.288 
5900: 56.2507 101.243 151.312 
5901: 38.5333 76.2461 103.545 
5902: 109.213 84.8163 84.4312 
5903: 82.6289 81.1649 155.265 
5904: 86.0143 45.5497 99.9696 
5905: 114.36 125.125 58.3558 
5906: 103.463 37.2816 122.168 
5907: 133.196 82.2571 37.614 
5908: 71.1234 51.2272 123.489 
5909: 138.188 104.463 90.2088 
5910: 92.9003 181.313 102.543 
5911: 42.1324 111.651 61.7563 
5912: 104.901 142.149 101.238 
5913: 84.8885 84.9693 111.832 
5914: 62.4884 94.0538 80.4109 
5915: 55.1353 101.854 99.3913 
5916: 152.348 117.787 108.262 
5917: 91.2524 46.0857 85.1385 
5918: 37.6557 142.69 107.797 
5919: 81.2492 144.054 90.6206 
5920: 60.9698 158.944 101.048 
5921: 32.7487 148.841 70.783 
5922: 56.8171 42.8372 103.934 
5923: 120.367 155.068 72.0103 
5924: 114.358 105.648 49.1469 
5925: 121.044 88.2085 69.7481 
5926: 136.32 101.544 101.755 
5927: 105.222 55.2808 69.0482 
5928: 71.63 102.684 126.229 
5929: 66.0816 83.1056 84.7624 
5930: 47.7647 77.7281 133.852 
5931: 115.567 88.6384 90.756 
5932: 117.09 112.774 111.747 
5933: 90 108.219 67.7522 
5934: 95.0457 115.1 142.355 
5935: 98.3054 116.45 78.6804 
5936: 59.2752 36.1489 128.726 
5937: 44.5008 95.3243 93.2051 
5938: 45.5517 113.056 52.8521 
5939: 85.7067 92.0095 115.019 
5940: 94.3011 143.433 112.358 
5941: 89.5876 79.0027 94.2016 
5942: 106.375 115.797 74.0433 
5943: 137.941 88.2411 63.915 
5944: 75.6743 50.5734 119.365 
5945: 125.108 135.46 120.618 
5946: 107.378 88.5054 154.045 
5947: 112.502 102.031 41.8034 
5948: 66.4933 112.136 66.3832 
5949: 86.1364 100.294 133.241 
5950: 127.846 102.838 115.633 
5951: 93.6483 112.012 122.291 
5952: 63.1111 60.3733 128.253 
5953: 112.318 116.887 102.598 
5954: 119.645 90.5004 92.0401 
5955: 80.2001 82.4806 74.3043 
5956: 73.5478 118.975 114.758 
5957: 84.222 90.1366 67.2385 
5958: 71.4677 130.426 102.774 
5959: 88.7708 114.002 29.6763 
5960: 121.967 117.262 144.748 
5961: 21.2723 78.4818 108.257 
5962: 58.9977 115.765 62.2978 
5963: 122.183 82.4658 74.2767 
5964: 51.2497 119.217 72.4492 
5965: 87.8127 111.823 57.5095 
5966: 79.9591 93.8124 41.5381 
5967: 110.512 63.5231 101.79 
5968: 72.8022 69.2754 77.192 
5969: 60.9178 119.344 60.0446 
5970: 104.482 112.56 139.416 
5971: 56.6613 122.05 93.0993 
5972: 88.7349 81.1718 169.824 
5973: 119.997 68.9385 107.208 
5974: 63.9088 99.4416 98.8319 
5975: 50.7307 140.008 71.5274 
5976: 70.5333 109.923 139.08 
5977: 105.43 120.298 127.795 
5978: 94.2273 112 86.3541 
5979: 68.8113 89.3382 134.212 
5980: 107.467 122.601 111.692 
5981: 126.817 115.841 97.3215 
5982: 73.8264 76.18 112.524 
5983: 61.3734 90.3031 102.988 
5984: 55.8333 83.408 63.2937 
5985: 102.633 81.3906 85.5194 
5986: 91.1378 116.877 112.721 
5987: 112.649 92.2803 64.1601 
5988: 119.26 70.616 130.18 
5989: 97.7227 153.139 114.627 
5990: 84.3283 96.0407 16.6578 
5991: 75.9533 129.502 86.3738 
5992: 123.882 85.3189 29.7829 
5993: 67.4278 122.601 32.8266 
5994: 95.259 32.1039 73.4944 
5995: 99.5266 53.1983 97.6941 
5996: 79.5484 111.039 79.2296 
5997: 150.231 130.583 128.128 
5998: 77.064 115.751 95.8984 
5999: 80.82 89.7462 100.749 
6000: 99.1713 111.847 104.086 
6001: 89.305 94.0238 77.5784 
6002: 81.5988 93.7677 112.294 
6003: 93.509 127.411 110.543 
6004: 70.1827 111.549 83.0496 
6005: 58.5217 150.479 109.883 
6006: 67.6232 101.518 81.1427 
6007: 94.3627 138.358 64.2426 
6008: 89.612 67.9134 131.149 
6009: 59.9118 133.617 101.715 
6010: 84.7465 80.5631 49.485 
6011: 85.6807 134.171 83.7088 
6012: 89.0806 102.772 90.1624 
6013: 60.698 93.7238 156.362 
6014: 119.972 77.3635 121.192 
6015: 72.4925 96.3805 90.1889 
6016: 66.2094 158.991 125.176 
6017: 115.83 83.1724 71.3186 
6018: 101.031 74.3346 129.607 
6019: 71.9081 55.6984 94.8674 
6020: 112.329 123.775 112.606 
6021: 85.5563 109.567 98.4676 
6022: 67.146 108.719 150.257 
6023: 117.453 92.4268 77.6726 
6024: 97.3912 130.938 105.335 
6025: 77.932 140.502 95.5665 
6026: 41.261 94.1819 104.756 
6027: 111.149 91.0294 51.723 
6028: 124.261 95.341 79.3432 
6029: 96.8268 94.5876 154.475 
6030: 91.206 107.886 104.037 
6031: 59.6829 93.0114 84.0491 
6032: 119.441 68.7043 87.6443 
6033: 141.349 144.98 108.094 
6034: 70.8987 115.701 62.0877 
6035: 111.467 66.6986 63.2367 
6036: 105.071 87.244 154.16 
6037: 91.085 117.778 60.4998 
6038: 99.9049 121.587 134.433 
6039: 96.204 74.9761 141.694 
6040: 95.2079 59.7324 135.347 
6041: 113.992 143.796 109.698 
6042: 125.625 73.669 66.8051 
6043: 112.496 78.6982 54.2609 
6044: 55.6552 95.4167 102.534 
6045: 80.6271 111.38 138.573 
6046: 71.2013 175.452 96.0077 
6047: 117.379 133.772 58.0033 
6048: 44.0924 121.123 71.2596 
6049: 76.5312 121.232 145.406 
6050: 64.7716 130.918 45.9968 
6051: 121.828 95.0352 103.451 
6052: 91.065 78.1572 108.491 
6053: 117.398 112.242 88.1724 
6054: 136.325 84.6217 101.286 
6055: 106.674 119.015 80.2838 
6056: 117.1 151.11 103.015 
6057: 126.82 156.939 114.447 
6058: 83.2019 134.648 66.524 
6059: 56.1487 124.504 109.887 
6060: 107.539 88.5943 93.7038 
6061: 80.8809 62.859 110.957 
6062: 116.13 145.815 134.055 
6063: 80.7474 135.242 69.2081 
6064: 108.679 153.545 95.486 
6065: 95.6843 65.084 102.608 
6066: 47.4542 74.4092 121.021 
6067: 101.118 123.681 71.1913 
6068: 80.3142 76.7449 64.8337 
6069: 81.8862 150.323 139.517 
6070: 110.473 87.128 77.1023 
6071: 120.995 101.727 27.6051 
6072: 44.7635 84.858 123.836 
6073: 97.8482 67.1428 65.1619 
6074: 97.8507 127.978 100.932 
6075: 123.043 63.7445 91.6981 
6076: 136.295 73.3858 79.541 
6077: 105.66 127.08 149.561 
6078: 82.7547 103.815 79.3425 
6079: 102.434 127.688 153.269 
6080: 22.5982 86.4467 72.6904 
6081: 129.491 125.026 121.622 
6082: 59.2739 145.661 110.075 
6083: 92.8716 79.0181 137.472 
6084: 92.9213 104.434 138.722 
6085: 56.9973 59.2348 113.177 
6086: 124.931 81.0802 90.8919 
6087: 139.936 78.9244 125.109 
6088: 79.7782 71.5335 100.697 
6089: 133.962 88.6981 101.274 
6090: 133.017 79.6789 137.754 
6091: 127.817 124.74 120.235 
6092: 60.9196 145.22 91.0261 
6093: 135.269 100.076 76.3728 
6094: 132.423 82.8103 107.59 
6095: 63.106 144.402 81.2546 
6096: 83.9788 140.751 134.308 
6097: 102.037 82.8989 107.539 
6098: 138.744 142.86 54.9249 
6099: 49.8663 77.2633 118.887 
6100: 81.8864 158.364 104.689 
6101: 108.529 78.6074 81.4469 
6102: 113.201 119.514 91.0699 
6103: 96.8907 113.003 112.317 
6104: 98.9494 101.062 104.577 
6105: 47.6191 139.632 59.9534 
6106: 105.973 136.598 160.537 
6107: 96.2215 155.335 86.1018 
6108: 84.58 114.383 155.608 
6109: 116.827 97.229 105.579 
6110: 113.558 91.9895 124.396 
6111: 138.83 130.02 119.47 
6112: 82.6813 80.1645 110.557 
6113: 120.775 107.489 90.4018 
6114: 117.699 55.4688 97.1239 
6115: 61.3583 100.911 60.805 
6116: 137.502 66.5903 86.1183 
6117: 77.9903 113.744 134.046 
6118: 109.075 110.219 115.282 
6119: 44.1441 71.3729 58.9609 
6120: 93.6347 33.9795 78.5496 
6121: 63.4288 104.286 97.7138 
6122: 89.9366 78.5103 166.907 
6123: 158.196 61.5757 91.317 
6124: 96.4836 105.184 55.9138 
6125: 94.1782 118.952 95.7794 
6126: 101.041 109.908 99.0818 
6127: 70.8803 62.8118 107.531 
6128: 50.0589 69.4224 121.649 
6129: 76.6153 60.9215 135.276 
6130: 117.598 47.6615 138.071 
6131: 100.593 70.9017 98.5504 
6132: 110.393 139.273 81.9889 
6133: 124.496 109.683 106.178 
6134: 81.125 116.975 68.0091 
6135: 118.964 90.7218 55.3209 
6136: 87.0194 40.688 109.924 
6137: 89.8381 101.92 114.896 
6138: 126.925 128.224 110.349 
6139: 45.2163 80.3802 109.249 
6140: 132.645 140.307 56.2389 
6141: 115.842 128.097 84.6024 
6142: 105.749 156.601 68.221 
6143: 132.66 122.129 90.87 
6144: 100.041 113.631 107.29 
6145: 72.624 81.1947 93.3278 
6146: 79.2756 108.688 57.4115 
6147: 91.4533 113.811 122.365 
6148: 83.9317 120.138 125.809 
6149: 48.9792 80.6108 141.711 
6150: 83.8001 86.8867 109.278 
6151: 105.211 101.554 159.984 
6152: 141.178 44.7856 127.22 
6153: 154.311 121.338 99.2622 
6154: 139.874 66.2423 129.393 
6155: 97.9226 121.999 75.1064 
6156: 40.3348 146.329 133.96 
6157: 123.827 104.613 123.661 
6158: 68.7728 86.2997 88.8598 
6159: 60.3187 119.77 148.026 
6160: 144.941 107.935 73.3613 
6161: 38.9541 125.21 130.797 
6162: 76.1726 73.0484 57.0448 
6163: 71.5833 133.279 102.096 
6164: 74.9691 92.4933 42.3534 
6165: 46.4373 134.978 93.2558 
6166: 73.6309 179.154 110.664 
6167: 97.7694 100.287 147.382 
6168: 98.4288 98.4678 97.2284 
6169: 116.365 126.942 76.2967 
6170: 72.2167 68.5149 136.771 
6171: 90.7052 74.7888 90.8941 
6172: 39.715 99.2353 134.14 
6173: 29.1089 137.457 124.455 
6174: 114.376 96.3162 108.541 
6175: 67.9913 98.8676 130.457 
6176: 105.486 52.4874 133.864 
6177: 77.536 70.0007 74.9314 
6178: 144.009 108.044 96.0676 
6179: 39.6454 148.06 58.4173 
6180: 61.2467 134.708 75.2009 
6181: 63.3331 58.3334 136.654 
6182: 103.145 136.743 94.946 
6183: 135.911 117.575 123.353 
6184: 104.842 122.495 155.329 
6185: 103.431 56.9919 65.3832 
6186: 89.9373 53.7825 114.437 
6187: 66.4633 107.349 85.5991 
6188: 122.509 116.598 116.779 
6189: 82.7322 74.6465 94.9687 
6190: 62.5478 33.6996 95.1216 
6191: 71.78 102.938 89.0798 
6192: 71.249 46.4657 79.664 
6193: 19.5665 125.308 80.5173 
6194: 81.8438 94.1148 119.055 
6195: 63.0688 69.5855 126.3 
6196: 97.4607 140.846 68.4119 
6197: 118.644 119.634 122.886 
6198: 104.063 59.2058 124.154 
6199: 141.278 135.879 122.8 
6200: 97.139 58.0434 106.42 
6201: 105.847 150.162 61.3219 
6202: 105.708 108.447 78.5327 
6203: 101.384 75.5508 102.896 
6204: 69.3027 101.519 52.238 
6205: 45.3339 124.151 100.593 
6206: 107.758 116.366 95.0254 
6207: 98.8749 85.4323 126.364 
6208: 100.39 98.2838 93.8766 
6209: 65.6082 57.7388 121.779 
6210: 84.4364 65.8633 52.4015 
6211: 89.3517 96.0844 134.11 
6212: 93.5704 98.8882 58.489 
6213: 84.4746 64.0763 79.3835 
6214: 89.1911 84.1089 142.835 
6215: 124.206 150.442 136.271 
6216: 54.9022 112.095 109.48 
6217: 117.684 92.2785 101.168 
6218: 81.136 129.377 97.0104 
6219: 89.2277 102.143 102.041 
6220: 111.286 47.0423 83.3094 
6221: 114.005 148.719 94.1683 
6222: 98.5723 111.243 94.0324 
6223: 55.0494 103.78 56.0951 
6224: 135.789 101.314 102.2 
6225: 94.84 108.026 105.631 
6226: 105.144 80.1969 95.564 
6227: 92.9832 27.4919 90.9697 
6228: 143.2 88.5227 88.932 
6229: 123.914 107.718 77.1309 
6230: 116.287 102.623 53.8547 
6231: 35.2797 87.4916 79.6436 
6232: 78.4483 40.7708 67.6329 
6233: 54.4469 72.6367 60.149 
6234: 49.3334 67.0222 91.3091 
6235: 120.545 113.322 130.052 
6236: 64.9932 62.1469 88.6743 
6237: 68.5722 90.2663 78.215 
6238: 60.6307 92.0528 118.827 
6239: 138.112 128.941 93.3822 
6240: 108.539 110.47 115.427 
6241: 70.4293 67.6303 123.844 
6242: 85.8897 129.762 132.859 
6243: 54.1071 87.1367 77.136 
6244: 70.1447 97.4034 53.0636 
6245: 156.442 87.2741 118.095 
6246: 115.996 112.978 118.98 
6247: 139.88 133.91 40.1396 
6248: 44.0523 93.1771 126.859 
6249: 47.7969 79.9851 146.582 
6250: 110.493 67.6423 146.076 
6251: 111.331 90.0667 81.9374 
6252: 119.454 112.258 98.8627 
6253: 36.0396 117.727 113.16 
6254: 52.454 102.993 88.6888 
6255: 101.823 66.8013 88.9943 
6256: 94.7627 130.569 140.451 
6257: 73.0637 97.2846 84.5563 
6258: 34.7787 116.223 77.2899 
6259: 76.9189 116.633 110.579 
6260: 70.5507 93.6008 128.902 
6261: 77.7222 147.852 78.9615 
6262: 45.2438 91.2002 74.3134 
6263: 113.601 99.3591 56.5052 
6264: 116.828 110.62 53.746 
6265: 50.884 103.485 100.407 
6266: 128.961 111.12 62.4371 
6267: 69.5267 73.0044 130.22 
6268: 109.03 64.6995 83.3429 
6269: 92.1458 99.3881 87.9121 
6270: 99.6282 44.5011 143.852 
6271: 38.6447 84.0994 91.746 
6272: 80.4322 107.589 147.263 
6273: 60.1914 66.2797 85.8105 
6274: 68.4212 107.599 54.6695 
6275: 92.6547 131.975 110.111 
6276: 83.1731 65.208 83.7242 
6277: 139.143 61.9253 132.53 
6278: 75.2787 118.711 69.8885 
6279: 69.2818 86.7723 58.8375 
6280: 118.303 110.702 117.346 
6281: 73.4967 91.2595 119.067 
6282: 97.5464 124.223 104.395 
6283: 72.4297 104.098 111.217 
6284: 93.1529 21.183 89.7686 
6285: 57.6303 62.6807 125.678 
6286: 105.142 125.431 148.479 
6287: 63.9932 71.2452 140.098 
6288: 99.2267 137.625 61.8167 
6289: 95.84 59.967 108.859 
6290: 64.3258 106.601 80.02 
6291: 94.5333 106.716 120.198 
6292: 147.819 110.649 68.914 
6293: 111.177 54.3225 119.915 
6294: 128.368 102.452 62.8383 
6295: 116.055 112.637 90.7973 
6296: 42.1117 93.9277 89.3128 
6297: 38.0083 73.6437 76.4686 
6298: 72.6644 122.446 88.2613 
6299: 99.7757 114.872 134.126 
6300: 70.3839 67.3995 68.2158 
6301: 42.3505 110.354 126.737 
6302: 70.125 156.442 97.9084 
6303: 77.8153 97.9108 83.1838 
6304: 80.3887 91.4317 130.048 
6305: 117.289 74.7578 77.6616 
6306: 128.875 145.973 142.222 
6307: 49.5484 114.152 120.611 
6308: 45.462 50.8664 67.7082 
6309: 129.006 133.251 104.836 
6310: 143.546 93.1565 54.9019 
6311: 74.32 28.0659 104.509 
6312: 69.7507 33.7285 93.4259 
6313: 119.777 103.43 123.887 
6314: 113.409 83.3539 113.947 
6315: 96.1389 102.402 126.289 
6316: 60.9396 78.7787 53.5242 
6317: 104.747 102.173 45.5792 
6318: 51.6027 85.0329 94.889 
6319: 123.756 61.7797 87.1097 
6320: 94.5378 104.903 147.272 
6321: 119.568 126.196 117.347 
6322: 51.8073 72.1364 67.2829 
6323: 94.3961 89.4577 67.2421 
6324: 81.625 98.5259 99.0429 
6325: 69.4444 82.8017 79.4703 
6326: 92.244 85.7737 89.8761 
6327: 93.597 108.925 89.1635 
6328: 71.9609 77.9237 80.7542 
6329: 55.5211 125.752 105.723 
6330: 108.996 90.8494 135.872 
6331: 141.894 123.797 98.7291 
6332: 124.519 146.058 114.383 
6333: 105.987 83.2676 86.5536 
6334: 85.382 112.258 141.157 
6335: 92.102 155.605 78.8759 
6336: 69.9084 69.2028 129.223 
6337: 100.434 125.066 60.645 
6338: 101.294 104.622 116.881 
6339: 63.1383 72.3371 106.394 
6340: 44.3235 113.482 88.1689 
6341: 97.54 95.2861 118.171 
6342: 96.8004 53.1999 130.633 
6343: 48.6187 113.209 111.954 
6344: 55.696 150.535 142.346 
6345: 96.6 142.559 102.492 
6346: 44.6792 118.057 85.9505 
6347: 107.092 66.7525 98.081 
6348: 128.998 81.7314 139.039 
6349: 47.0479 71.0353 106.791 
6350: 117.965 57.4925 107.546 
6351: 85.2622 123.432 64.3054 
6352: 102.019 110.154 81.6662 
6353: 95.5022 140.068 138.054 
6354: 56.9244 68.8106 110.687 
6355: 83.1512 114.166 105.821 
6356: 112.303 73.5579 109.941 
6357: 98.9458 59.2187 139.424 
6358: 106.096 79.8742 125.875 
6359: 96.1778 113.076 133.57 
6360: 77.9956 72.5598 49.4781 
6361: 109.429 85.2134 147.526 
6362: 130.893 118.917 106.601 
6363: 150.587 111.485 104.772 
6364: 85.6328 126.861 98.6477 
6365: 48.0393 97.1534 51.6687 
6366: 60.8154 96.2029 34.8441 
6367: 110.287 125.644 54.507 
6368: 88.6461 60.0298 89.9318 
6369: 104.465 145.302 111.39 
6370: 71.7833 99.552 81.1531 
6371: 73.2713 106.948 108.366 
6372: 105.796 56.2742 79.6589 
6373: 128.629 122 110.437 
6374: 128.562 128.834 76.0672 
6375: 106.039 156.842 86.7927 
6376: 76.6349 133.392 62.416 
6377: 96.5333 125.681 54.5133 
6378: 73.34 57.0458 41.5789 
6379: 82.3664 104.46 89.7027 
6380: 77.0749 122.779 160.26 
6381: 110.931 88.22 115.05 
6382: 41.3198 117.17 82.2413 
6383: 72.7474 74.7057 104.703 
6384: 89.6765 117.247 87.7596 
6385: 109.393 110.073 36.7466 
6386: 58.7432 120.694 101.37 
6387: 102.873 111.292 78.2142 
6388: 81.1777 68.0449 130.616 
6389: 95.168 107.642 115.781 
6390: 40.2147 94.6844 91.3594 
6391: 84.7893 85.296 102.078 
6392: 68.0472 94.8942 35.5191 
6393: 138.679 104.424 116.843 
6394: 46.2667 77.4594 111.461 
6395: 150.704 119.983 107.999 
6396: 102.813 164.563 83.0787 
6397: 129.015 119.052 107.166 
6398: 118.402 62.9073 92.8041 
6399: 155.282 140.266 95.5635 
6400: 77.274 101.564 84.0204 
6401: 103.291 110.561 48.027 
6402: 142.306 119.074 68.0444 
6403: 84.02 103.953 116.594 
6404: 98.4947 122.716 79.3482 
6405: 72.1934 93.3969 137.885 
6406: 51.9629 94.5692 59.5145 
6407: 36.8596 88.4598 82.5322 
6408: 35.8043 82.138 90.6859 
6409: 49.3768 102.205 105.167 
6410: 42.2489 146.742 90.887 
6411: 154.982 111.454 123.96 
6412: 124.021 86.1762 116.862 
6413: 48.4074 117.124 138.136 
6414: 71.1556 110.682 94.7757 
6415: 63.3081 84.7508 81.3664 
6416: 92.0982 151.48 141.884 
6417: 61.783 179.023 104.43 
6418: 119.528 92.8723 90.6338 
6419: 86.0749 80.8181 120.816 
6420: 127.368 132.239 95.5811 
6421: 106.866 74.3105 96.415 
6422: 52.8222 77.0338 96.0145 
6423: 102.08 129.587 128.674 
6424: 64.8978 120.109 47.2667 
6425: 87.0151 155.097 104.867 
6426: 87.6577 133.911 86.6903 
6427: 98.8113 89.0233 107.038 
6428: 100.672 70.2749 105.105 
6429: 70.6106 50.1028 51.929 
6430: 43.77 108.932 94.7499 
6431: 67.0944 139.628 114.279 
6432: 101.958 124.158 90.0415 
6433: 106.906 173.492 119.212 
6434: 91.8923 97.3831 93.1617 
6435: 52.7086 133.752 95.0467 
6436: 47.0667 79.8292 82.2162 
6437: 56.7204 93.3844 126.683 
6438: 84.834 101.483 167.136 
6439: 87.3356 80.2066 113.432 
6440: 89.4087 131.904 143.613 
6441: 95.3294 119.739 139.259 
6442: 63.1846 83.6757 102.273 
6443: 87.584 125.261 67.0895 
6444: 59.8272 72.5757 107.187 
6445: 103.16 135.676 104.043 
6446: 53.2827 88.534 120.626 
6447: 51.7124 103.272 125.859 
6448: 133.187 92.4452 77.8806 
6449: 98.1724 80.0555 128.488 
6450: 91.067 62.2435 132.256 
6451: 56.4733 66.1483 112.709 
6452: 61.8207 93.9217 84.8295 
6453: 114.688 137.859 78.8891 
6454: 94.262 63.7512 74.1603 
6455: 101.869 120.224 129.248 
6456: 66.3468 72.6045 73.5152 
6457: 79.5267 140.569 107.011 
6458: 128.251 110.93 100.553 
6459: 70.5315 86.3552 76.177 
6460: 130.108 121.8 107.773 
6461: 36.028 93.3975 62.2276 
6462: 92.2799 133.047 81.2739 
6463: 62.4207 134.364 120.9 
6464: 89.664 63.9115 106.911 
6465: 119.215 37.6588 110.676 
6466: 94.0231 87.7017 146.769 
6467: 80.425 141.082 73.6759 
6468: 55.2285 111.963 82.3218 
6469: 72.5486 48.8025 125.822 
6470: 123.125 128.109 142.719 
6471: 113.096 40.0463 117.396 
6472: 104.389 66.0557 87.6751 
6473: 73.384 97.2713 107.532 
6474: 75.8222 68.1762 103.652 
6475: 51.4871 128.696 122.875 
6476: 138.961 119.848 132.403 
6477: 134.529 59.1863 134.907 
6478: 77.5565 53.4153 114.773 
6479: 27.5032 66.8609 75.7255 
6480: 74.0408 111.817 39.2483 
6481: 74.047 108.641 95.0262 
6482: 155.279 107.701 99.0519 
6483: 29.3404 129.199 74.1201 
6484: 72.8199 51.6578 93.1246 
6485: 53.6063 55.5772 92.1783 
6486: 113.307 78.8325 96.5622 
6487: 76.0954 57.1174 88.0927 
6488: 111.247 49.5068 96.1125 
6489: 134.486 125.053 143.94 
6490: 57.6543 136.61 79.7894 
6491: 79.1741 164.383 109.476 
6492: 52.5624 108.755 170.631 
6493: 93.8061 82.5766 146.323 
6494: 136.787 112.495 89.9357 
6495: 113.775 53.9386 100.509 
6496: 115.653 116.588 159.648 
6497: 131.148 82.2969 82.8108 
6498: 139.012 67.1092 103.291 
6499: 71.1935 103.558 55.999 
6500: 87.4159 77.8436 113.287 
6501: 45.0053 55.449 64.4768 
6502: 49.1213 116.719 83.2381 
6503: 79.428 35.0018 96.547 
6504: 73.8864 177.698 98.8019 
6505: 40.7171 127.856 86.9926 
6506: 116.557 48.9105 108.323 
6507: 84.3102 67.2359 125.725 
6508: 65.313 138.95 79.3442 
6509: 70.5652 112.066 155.746 
6510: 79.5049 51.3279 137 
6511: 82.6404 111.415 60.079 
6512: 92.2522 91.7668 120.332 
6513: 118.828 82.5256 66.1027 
6514: 94.7149 121.589 95.7068 
6515: 80.134 99.5084 132.94 
6516: 49.6493 152.573 121.216 
6517: 91.7118 70.991 56.3489 
6518: 141.535 109.197 103.946 
6519: 67.2556 148.517 63.0452 
6520: 83.9997 98.6051 53.3212 
6521: 117.892 85.4102 133.106 
6522: 52.629 113.98 135.871 
6523: 86.7442 101.853 71.3927 
6524: 97.1304 75.9278 142.351 
6525: 130.198 133.795 95.6664 
6526: 80.7777 96.1237 162.02 
6527: 86.5689 101.242 77.6279 
6528: 111.357 81.8542 86.3722 
6529: 44.8491 124.256 132.073 
6530: 61.3703 99.2057 107.031 
6531: 56.5353 176.051 93.7601 
6532: 65.7284 94.7583 105.765 
6533: 110.992 86.9317 121.836 
6534: 81.9208 113.569 64.7283 
6535: 34.4781 126.326 101.362 
6536: 104.67 118.702 104.695 
6537: 106.03 90.2243 55.5922 
6538: 97.9037 92.4612 67.3458 
6539: 119.548 114.085 84.5416 
6540: 80.3468 85.1528 105.428 
6541: 92.8213 147.671 88.4023 
6542: 51.7631 83.2743 83.1778 
6543: 114.773 86.2034 89.4505 
6544: 111.012 125.862 95.4576 
6545: 115.476 113.385 112.881 
6546: 83.9524 97.5418 78.8559 
6547: 112.598 112.775 98.1129 
6548: 113.475 51.505 119.466 
6549: 102.912 50.6805 61.0291 
6550: 96.5551 96.3331 138.479 
6551: 112.333 146.426 136.15 
6552: 44.543 123.114 103.217 
6553: 113.287 92.8749 95.2699 
6554: 42.6508 94.6128 111.46 
6555: 113.286 89.5007 155.782 
6556: 50.3496 84.8745 40.165 
6557: 76.8367 113.989 140.591 
6558: 92.7962 139.05 147.287 
6559: 108.275 139.541 91.377 
6560: 107.03 142.65 82.319 
6561: 100.265 135.037 69.7262 
6562: 33.2059 73.1581 104.431 
6563: 78.3833 104.827 66.4361 
6564: 54.9362 66.0352 95.0354 
6565: 104.943 124.298 86.9509 
6566: 126.716 105.521 75.7285 
6567: 138.988 124.614 101.121 
6568: 70.8901 124.127 59.4797 
6569: 107.333 100.157 165.828 
6570: 109.065 107.513 94.4696 
6571: 89.6467 62.5822 97.5963 
6572: 89.2535 85.7265 148.537 
6573: 58.7864 92.4903 75.5465 
6574: 113.939 122.662 132.795 
6575: 91.8133 83.9433 105.155 
6576: 76.764 120.295 127.86 
6577: 62.6498 62.8659 92.0252 
6578: 77.0851 82.0612 78.3142 
6579: 69.3547 105.834 127.191 
6580: 110.903 72.4284 98.3335 
6581: 64.4853 96.5441 66.2089 
6582: 60.6117 120.427 52.387 
6583: 93.2958 84.9866 134.347 
6584: 120.188 97.4329 118.433 
6585: 55.8444 70.8605 135.387 
6586: 86.7101 122.71 121.047 
6587: 90.6867 106.864 60.5838 
6588: 100.097 92.7603 85.8953 
6589: 85.9501 94.7726 117.177 
6590: 122.268 68.0142 143.775 
6591: 94.3604 99.7618 132.884 
6592: 110.223 77.4172 141.265 
6593: 123.512 102.849 101.392 
6594: 59.3424 151.493 99.9179 
6595: 99.4549 100.736 88.3151 
6596: 97.504 94.0136 128.427 
6597: 87.2356 130.304 92.9665 
6598: 30.8249 116.265 81.5682 
6599: 80.8746 132.068 114.876 
6600: 71.4799 79.823 51.1621 
6601: 78.524 104.445 99.544 
6602: 97.2576 94.6175 94.3111 
6603: 95.8604 99.2432 116.375 
6604: 91.2356 94.0072 132.051 
6605: 76.1474 69.0342 89.6963 
6606: 100.035 90.17 140.816 
6607: 113.564 102.879 71.9015 
6608: 80.2604 59.7622 82.0236 
6609: 91.5687 145.88 109.002 
6610: 125.6 69.0521 104.63 
6611: 92.5853 135.671 128.371 
6612: 123.1 92.0927 82.2582 
6613: 80.2371 74.645 135.346 
6614: 39.1082 86.6594 146.841 
6615: 82.8988 94.6295 67.155 
6616: 158.273 120.884 92.5812 
6617: 139.467 114.302 61.7915 
6618: 72.7847 121.36 60.4773 
6619: 74.7496 96.9198 54.9252 
6620: 93.388 129.056 145.262 
6621: 73.0873 56.0768 139.142 
6622: 90.7522 51.2995 95.8899 
6623: 89.025 107.565 125.239 
6624: 90.1691 97.0539 112.699 
6625: 26.0702 73.1163 61.5628 
6626: 77.1667 111.125 47.9339 
6627: 47.2893 109.241 106.857 
6628: 99.299 79.143 153.306 
6629: 122.579 139.63 139.423 
6630: 41.6318 133.472 102.319 
6631: 127.986 96.3507 126.654 
6632: 49.986 104.635 131.127 
6633: 83.8056 72.4702 122.018 
6634: 85.7801 76.3987 78.5858 
6635: 98.9854 97.8961 107.973 
6636: 76.1431 78.7909 82.038 
6637: 78.4137 58.6858 102.861 
6638: 124.553 142.377 122.549 
6639: 105.283 120.737 71.3793 
6640: 64.6413 103.682 118.898 
6641: 78.5023 113.6 95.4254 
6642: 31.249 154.553 124.852 
6643: 69.3493 73.0207 145.19 
6644: 87.4455 136.812 99.3885 
6645: 97.0557 78.3372 138.769 
6646: 115.965 94.4597 83.2583 
6647: 98.6251 80.3247 135.219 
6648: 118.602 120.754 109.108 
6649: 86.805 129.807 138.798 
6650: 98.043 106.356 113.349 
6651: 115.8 78.2599 51.2483 
6652: 78.4798 110.018 110.842 
6653: 101.987 85.7733 91.8898 
6654: 66.8446 93.4803 41.0592 
6655: 43.3972 102.014 88.1364 
6656: 111.534 119.263 168.658 
6657: 82.2327 75.7034 157.351 
6658: 95.8272 71.3159 120.659 
6659: 117.002 140.264 87.0095 
6660: 71.0874 63.6943 123.434 
6661: 83.4596 81.2365 118.956 
6662: 123.456 90.2455 89.0025 
6663: 50.632 132.075 87.0941 
6664: 88.5331 100.357 89.5986 
6665: 27.24 71.826 82.4476 
6666: 48.529 81.6712 60.6578 
6667: 115.133 136.068 96.0457 
6668: 39.2049 98.9136 102.271 
6669: 40.5133 107.254 139.875 
6670: 109.386 135.806 104.992 
6671: 109.96 92.1589 79.8012 
6672: 123.056 127.518 96.418 
6673: 71.232 99.5259 104.502 
6674: 67.3929 172.189 107.449 
6675: 60.8193 62.443 118.376 
6676: 118.102 56.2181 115.717 
6677: 26.7303 114.821 82.9368 
6678: 89.2027 114.206 40.0114 
6679: 106.497 95.1904 106.264 
6680: 51.0906 133.508 106.318 
6681: 83.4711 79.582 131.321 
6682: 65.1263 117.808 144.567 
6683: 45.7686 141.898 95.8268 
6684: 66.9968 88.2921 51.5883 
6685: 48.1191 122.233 106.087 
6686: 58.3638 110.631 93.6425 
6687: 34.3634 80.0668 122.027 
6688: 87.1186 33.3553 106.894 
6689: 124.091 71.0808 96.5543 
6690: 87.5072 119.561 121.387 
6691: 43.9556 68.6584 74.0051 
6692: 33.6219 122.07 52.5649 
6693: 72.8978 91.2289 87.4629 
6694: 56.447 136.474 66.3405 
6695: 46.6623 108.965 103.022 
6696: 108.964 153.6 117.292 
6697: 62.208 87.0003 58.8552 
6698: 89.5037 65.1568 113.414 
6699: 69.4086 163.425 84.1757 
6700: 116.499 103.133 156.274 
6701: 48.6739 80.8082 67.7761 
6702: 111.719 139.815 163.776 
6703: 108.093 136.871 113.943 
6704: 39.7167 69.6763 92.9193 
6705: 145.139 112.374 91.9126 
6706: 131.789 147.696 84.6456 
6707: 97.2872 103.2 109.462 
6708: 76.833 76.1248 33.2252 
6709: 76.891 76.6986 125.976 
6710: 75.3103 73.6078 141.328 
6711: 138.615 107.937 102.487 
6712: 72.485 86.6736 47.213 
6713: 78.0823 33.2315 88.8825 
6714: 98.338 103.665 103.051 
6715: 80.2789 113.735 74.1319 
6716: 73.6752 146.382 119.601 
6717: 93.1344 93.8444 50.4022 
6718: 49.2462 79.8237 139.524 
6719: 32.8498 76.4075 110.911 
6720: 68.8804 96.937 74.4735 
6721: 84.875 122.807 112.636 
6722: 113.778 100.462 73.6184 
6723: 94.3488 82.6471 147.508 
6724: 88.3313 149.861 121.997 
6725: 149.493 108.331 80.7806 
6726: 29.417 140.715 108.032 
6727: 65.0148 145.07 102.458 
6728: 103.645 106.734 101.216 
6729: 136.212 54.3973 59.7973 
6730: 98.0381 71.0611 95.2892 
6731: 53.2649 45.9713 99.3559 
6732: 85.5479 112.754 123.169 
6733: 68.24 160.222 114.72 
6734: 67.8289 104.003 31.2553 
6735: 86.9724 130.532 84.5538 
6736: 136.159 119.275 84.3285 
6737: 53.8915 89.9109 106.571 
6738: 46.0317 68.2852 91.745 
6739: 85.9396 83.9628 169.461 
6740: 24.5873 112.833 103.391 
6741: 135.433 128.542 106.031 
6742: 99.177 83.0782 67.1339 
6743: 94.2675 47.8696 95.7897 
6744: 57.6265 135.257 144.233 
6745: 78.8613 117.741 71.6579 
6746: 69.3167 133.498 101.963 
6747: 120.436 144.641 76.5656 
6748: 116.338 90.372 71.0185 
6749: 82.7003 92.2287 129.61 
6750: 97.1356 59.2265 60.8573 
6751: 125.066 122.34 93.1056 
6752: 99.8752 103.391 87.6266 
6753: 90.2753 91.4889 152.282 
6754: 34.427 96.7744 116.154 
6755: 77.8683 105.955 105.716 
6756: 88.9778 130.887 84.3513 
6757: 74.6681 83.7823 120.333 
6758: 123.892 142.238 89.5623 
6759: 97.5929 121.5 90.8959 
6760: 64.4308 122.818 66.8212 
6761: 85.6197 121.914 129.918 
6762: 23.4183 93.2401 64.5116 
6763: 67.0297 40.4865 83.124 
6764: 69.156 98.3848 74.4334 
6765: 119.972 112.582 125.444 
6766: 85.7696 75.6253 118.198 
6767: 118.05 100.17 85.0039 
6768: 97.7898 80.8933 114.429 
6769: 61.878 125.82 100.275 
6770: 107.241 109.934 139.518 
6771: 92.7856 110.401 77.0002 
6772: 68.61 126.457 115.093 
6773: 42.568 115.922 85.5228 
6774: 103.261 98.863 49.7546 
6775: 88.1054 124.58 72.898 
6776: 117.095 109.436 127.546 
6777: 92.9707 35.0785 86.8522 
6778: 124.031 96.3836 98.6561 
6779: 73.7438 134.357 158.671 
6780: 132.06 94.5059 103.105 
6781: 100.126 91.2779 56.2263 
6782: 48.7838 89.425 125.073 
6783: 94.216 140.213 124.81 
6784: 123.398 148.142 124.396 
6785: 81.816 125.87 119.949 
6786: 90.4735 100 29.133 
6787: 25.518 81.3917 82.8047 
6788: 70.972 74.3774 77.4336 
6789: 66.792 77.3603 103.146 
6790: 101.847 39.0915 94.4909 
6791: 66.0999 100.619 80.494 
6792: 89.4773 84.8198 149.378 
6793: 113.667 144.055 82.2532 
6794: 109.886 152.035 107.33 
6795: 93.1833 102.483 36.2922 
6796: 141.756 117.338 110.699 
6797: 15.9921 116.677 90.1064 
6798: 111.479 139.223 80.4902 
6799: 134.25 129.718 117.307 
6800: 126.624 64.0834 66.8233 
6801: 52.8428 130.133 68.984 
6802: 75.3067 106.367 127.753 
6803: 61.8496 97.8054 76.5264 
6804: 40.902 137.378 104.515 
6805: 89.6627 131.101 95.8532 
6806: 121.963 39.1126 96.2443 
6807: 71.8837 110.007 47.8077 
6808: 87.7029 87.6584 134.801 
6809: 83.0187 118.241 144.636 
6810: 60.8769 118.559 69.1607 
6811: 157.588 81.7981 81.5339 
6812: 64.7712 99.9127 164.262 
6813: 98.7111 98.6303 51.0741 
6814: 88.6262 125.209 45.0984 
6815: 114.405 115.156 92.8663 
6816: 109.315 63.3745 95.3357 
6817: 87.9982 72.6513 104.422 
6818: 49.4776 70.4836 118.566 
6819: 165.523 81.824 91.7268 
6820: 74.6865 107.872 110.114 
6821: 24.48 93.2849 93.2057 
6822: 106.8 107.86 90.7537 
6823: 134.924 71.4192 72.4989 
6824: 70.2589 81.2783 148.924 
6825: 86.6811 113.591 57.4841 
6826: 87.0996 110.89 106.268 
6827: 97.9618 74.5423 91.5315 
6828: 83.448 83.6561 104.894 
6829: 95.3425 99.7761 127.287 
6830: 68.7452 88.2977 90.4259 
6831: 109.794 87.4586 134.644 
6832: 90.976 134.468 140.43 
6833: 96.8203 165.468 68.5567 
6834: 101.815 116.93 154.284 
6835: 84.1838 77.8261 102.972 
6836: 59.304 182.192 85.7574 
6837: 105.417 56.2969 131.121 
6838: 126.418 133.662 133.111 
6839: 63.465 93.5867 99.0536 
6840: 98.3951 84.1303 72.6993 
6841: 93.6591 57.3164 80.5824 
6842: 98.6087 98.8718 102.503 
6843: 165.306 109.966 110.217 
6844: 112.256 63.0226 116.35 
6845: 113.839 66.2556 109.553 
6846: 132.166 131.531 134.103 
6847: 78.5473 106.213 165.434 
6848: 33.1407 63.61 100.39 
6849: 105.412 116.735 85.2585 
6850: 8.38578 97.7645 90.0768 
6851: 76.1061 92.0241 71.5707 
6852: 128.341 126.972 85.0118 
6853: 78.6882 90.3856 96.5738 
6854: 118.505 121.94 36.8499 
6855: 72.6333 65.3949 119.361 
6856: 104.629 74.2981 65.2018 
6857: 99.2089 134.37 109.456 
6858: 54.4087 72.4671 89.7563 
6859: 69.5799 124.19 51.5705 
6860: 89.6943 140.315 62.5709 
6861: 90 124.791 90.4951 
6862: 87.7765 108.997 102.627 
6863: 83.1118 149.635 80.7246 
6864: 103.088 114.474 126.347 
6865: 76.7394 143.505 113.198 
6866: 69.3741 147.738 132.751 
6867: 114.544 15.3314 113.239 
6868: 83.4538 45.6658 96.927 
6869: 99.4804 86.0711 63.2152 
6870: 94.2812 82.0331 74.1821 
6871: 93.6887 101.598 133.264 
6872: 93.0284 65.114 70.7291 
6873: 106.847 71.7029 84.2321 
6874: 51.4088 124.975 129.459 
6875: 89.2013 108.525 154.681 
6876: 120.872 107.304 98.7513 
6877: 98.2162 135.757 89.5441 
6878: 130.411 83.3289 98.8523 
6879: 59.2106 82.0174 101.098 
6880: 89.7587 126.879 49.248 
6881: 70.8812 83.7675 80.3304 
6882: 86.7685 44.7294 101.297 
6883: 95.148 163.579 126.869 
6884: 126.504 106.622 126.118 
6885: 96.0379 131.379 46.7551 
6886: 82.5174 47.568 77.1826 
6887: 45.0976 102.776 75.3607 
6888: 39.3911 87.1206 104.091 
6889: 85.5733 94.4957 115.133 
6890: 92.3129 98.5684 177.265 
6891: 84.7583 107.356 87.4353 
6892: 50.3114 71.769 61.3574 
6893: 89.5429 128.192 161.835 
6894: 133.756 91.3819 120.423 
6895: 51.0118 71.5324 87.5697 
6896: 47.3972 68.4167 87.9379 
6897: 76.8522 78.351 141.01 
6898: 93.7877 140.594 91.7429 
6899: 103.357 81.8653 152.889 
6900: 63.9118 74.4168 84.6946 
6901: 121.433 115.81 109.075 
6902: 76.6844 159.93 112.305 
6903: 93.6078 96.8517 117.871 
6904: 84.4169 163.547 86.9226 
6905: 72.0983 59.0068 88.7133 
6906: 70.8004 68.3267 93.5689 
6907: 91.2503 54.6039 85.0654 
6908: 85.2978 103.966 84.3813 
6909: 126.208 126.666 48.0063 
6910: 102.618 81.7347 71.0006 
6911: 101.338 105.043 57.4331 
6912: 45.8232 143.445 89.8053 
6913: 63.211 99.3413 94.0618 
6914: 95.5251 89.9457 137.94 
6915: 53.7128 122.612 66.8951 
6916: 75.6479 96.7675 79.2653 
6917: 86.216 93.4495 71.8671 
6918: 132.323 146.679 102.971 
6919: 94.3723 118.74 97.3753 
6920: 48.1902 119.046 80.465 
6921: 96.256 72.6213 108.575 
6922: 135.794 121.63 84.5841 
6923: 69.98 98.0431 65.9425 
6924: 97.6318 36.1516 69.7828 
6925: 92.8673 146.672 67.9196 
6926: 115.696 108.902 121.115 
6927: 93.3384 117.129 103.609 
6928: 122.267 55.7506 134.566 
6929: 126.923 90.2384 116.737 
6930: 70.8168 146.924 153.445 
6931: 86.2233 122.799 80.8404 
6932: 111.371 16.2439 95.1841 
6933: 124.276 100.162 48.7223 
6934: 49.4259 102.111 111.352 
6935: 84.8948 155.844 83.0512 
6936: 107.736 113.536 95.1822 
6937: 140.96 111.102 77.8629 
6938: 112.45 95.4603 34.2206 
6939: 44.526 94.9718 88.6779 
6940: 164.137 101.73 103.689 
6941: 114.167 71.2397 90.2538 
6942: 32.2057 72.7774 99.6116 
6943: 47.089 78.1715 101.942 
6944: 106.078 112.492 115.699 
6945: 111.714 79.8125 71.3682 
6946: 87.5343 100.839 77.4037 
6947: 87.3703 97.3389 73.2558 
6948: 114.798 97.8136 94.0757 
6949: 105.136 78.466 112.493 
6950: 75.609 147.787 96.4618 
6951: 11.3467 119.768 83.5297 
6952: 114.816 86.9444 95.917 
6953: 164.886 123.127 97.8525 
6954: 107.678 149.327 95.7019 
6955: 122.742 95.6706 80.4402 
6956: 113.214 104.41 106.615 
6957: 75.1975 75.2521 123.469 
6958: 17.7749 115.594 123.992 
6959: 133.417 100.601 128.863 
6960: 105.466 84.2448 50.6162 
6961: 54.9248 79.9938 57.7175 
6962: 95.0285 56.9195 38.2112 
6963: 22.4471 118.511 83.5374 
6964: 99.769 90.0122 77.8752 
6965: 18.4582 69.4176 134.844 
6966: 38.8706 68.0995 68.5784 
6967: 111.653 158.208 113.439 
6968: 149.178 114.161 98.019 
6969: 89.7329 149.199 143.589 
6970: 99.1583 87.5605 124.139 
6971: 128.571 90.3055 89.8334 
6972: 83.6289 74.3604 99.9778 
6973: 86.216 127.712 84.0746 
6974: 34.6365 124.775 87.4586 
6975: 97.7567 152.444 89.6356 
6976: 48.3579 125.81 145.171 
6977: 71.2589 62.4541 102.709 
6978: 76.6238 129.979 95.8162 
6979: 95.6944 103.568 148.031 
6980: 111.661 109.431 115.713 
6981: 97.1103 147.998 74.8002 
6982: 34.4133 65.1127 96.7812 
6983: 65.1021 82.3504 91.5211 
6984: 108.854 142.315 148.797 
6985: 32.9535 125.718 64.3412 
6986: 99.1149 118.914 104.389 
6987: 61.915 169.153 136.944 
6988: 97.7078 127.326 142.255 
6989: 88.793 29.5134 106.354 
6990: 72.832 129.957 100.246 
6991: 100.831 104.087 137.446 
6992: 94.4745 94.6544 135.466 
6993: 51.6556 114.097 171.521 
6994: 34.3817 107.35 150.403 
6995: 75.2451 111.136 68.4363 
6996: 105.742 81.5461 68.59 
6997: 84.6165 94.1089 54.0541 
6998: 79.6068 121.287 83.247 
6999: 101.909 112.407 66.0855 
7000: 75.9914 113.174 128.969 
7001: 95.9 96.3113 33.3432 
7002: 104.328 130.815 62.569 
7003: 46.1549 94.9264 58.7502 
7004: 124.097 67.05 69.1328 
7005: 109.668 99.1766 42.4388 
7006: 123.292 141.061 135.348 
7007: 107.193 116.971 131.642 
7008: 82.1079 55.9592 81.3463 
7009: 95.461 138.429 137.201 
7010: 18.8396 83.6386 77.8641 
7011: 105.466 124.539 148.688 
7012: 122.082 120.831 83.897 
7013: 89.0888 55.8428 136.267 
7014: 114.202 129.402 146.904 
7015: 77.3329 109.551 117.491 
7016: 90.9246 106.448 120.282 
7017: 53.7412 130.433 129.251 
7018: 125.606 96.0257 128.044 
7019: 19.9833 109.959 111.927 
7020: 157.37 101.6 114.727 
7021: 96.7479 80.1814 120.224 
7022: 132.81 79.9433 109.876 
7023: 116.014 154.306 111.101 
7024: 130.199 99.2307 94.6486 
7025: 92.1902 139.892 133.09 
7026: 120.894 48.7875 88.715 
7027: 117.833 121.521 88.1592 
7028: 80.9729 133.447 61.1605 
7029: 54.4076 71.3015 144.327 
7030: 96.6067 85.2193 132.553 
7031: 97.3064 71.1496 153.339 
7032: 101.005 95.1546 74.2327 
7033: 93.0218 102.401 105.509 
7034: 92.8833 82.963 83.6817 
7035: 79.2978 81.1208 85.2743 
7036: 65.766 102.967 88.3726 
7037: 64.9488 155.466 109.604 
7038: 93.2314 126.325 38.2732 
7039: 85.9978 55.5496 83.074 
7040: 123.84 138.173 77.8477 
7041: 107.025 126.024 70.1341 
7042: 129.274 133.237 77.5918 
7043: 84.9023 153.763 102.293 
7044: 124.136 60.0661 145.943 
7045: 72.6376 87.3935 32.8547 
7046: 92.0426 125.544 117.432 
7047: 104.064 69.2131 104.784 
7048: 120.363 86.8063 117.992 
7049: 23.44 144.207 62.9468 
7050: 108.705 150.816 112.35 
7051: 111.849 95.9017 48.8882 
7052: 87.9789 143.847 75.5417 
7053: 50.8024 92.1718 98.8823 
7054: 99.3457 163.795 110.818 
7055: 35.6682 150.162 78.8591 
7056: 102.03 153.522 80.035 
7057: 117.712 101.512 95.9206 
7058: 65.8978 118.925 146.081 
7059: 75.3552 119.644 122.669 
7060: 57.5632 64.4714 132.588 
7061: 137.834 113.217 94.9909 
7062: 74.9717 96.9519 126.833 
7063: 93.0773 130.034 88.9557 
7064: 112.481 79.3317 114.005 
7065: 20.88 106.675 107.506 
7066: 66.9367 95.2684 93.0492 
7067: 108.008 90.2378 73.8719 
7068: 82.4541 104.226 123.7 
7069: 41.3861 86.8511 94.8065 
7070: 71.065 74.3954 77.8129 
7071: 22.8853 136.747 113.48 
7072: 90.8143 139.329 83.6074 
7073: 106.33 116.053 83.9732 
7074: 97.3533 66.2844 88.9293 
7075: 79.502 64.7919 76.7586 
7076: 23.6451 77.1185 102.487 
7077: 116.632 152.462 59.4093 
7078: 87.3698 108.976 64.3783 
7079: 70.0026 122.517 62.5483 
7080: 70.6347 96.2842 49.9001 
7081: 101.512 89.7393 82.6771 
7082: 80.8123 65.0831 131.516 
7083: 114.632 96.207 41.463 
7084: 69.1962 123.571 64.7496 
7085: 124.646 77.7341 136.572 
7086: 96.0828 66.8559 88.9945 
7087: 87.7802 120.346 121.251 
7088: 107.678 74.7334 51.3804 
7089: 103.591 132.738 59.6392 
7090: 65.4851 62.0902 98.6317 
7091: 72.3361 44.7275 79.7485 
7092: 59.1182 52.8729 134.004 
7093: 127.249 148.429 70.793 
7094: 157.627 82.3887 107.07 
7095: 81.487 69.9227 45.0569 
7096: 121.3 104.678 120.296 
7097: 48.2933 48.2335 104.285 
7098: 59.4644 78.8218 64.8572 
7099: 94.0196 130.868 71.3244 
7100: 92.4307 86.2944 125.749 
7101: 70.689 96.5056 134.373 
7102: 44.0787 93.2642 118.728 
7103: 79.617 77.2992 101.324 
7104: 125.281 113.919 83.8007 
7105: 138.75 113.223 102.119 
7106: 64.6792 114.728 97.2085 
7107: 71.2633 156.189 136.183 
7108: 65.9608 62.971 118.726 
7109: 48.7871 72.7268 117.922 
7110: 99.0907 85.4301 74.6052 
7111: 50.3463 102.165 87.1299 
7112: 84.974 137.279 70.4957 
7113: 86.9493 106.079 128.262 
7114: 75.9456 109.379 75.1487 
7115: 20.7793 104.283 83.8072 
7116: 115.817 152.552 110.57 
7117: 107.627 63.9259 72.2319 
7118: 100.733 118.287 72.7711 
7119: 136.077 72.6507 75.3698 
7120: 126.711 139.805 117.828 
7121: 84.9892 121.874 78.3643 
7122: 109.372 59.1144 78.8714 
7123: 75.2298 71.599 124.353 
7124: 54.3432 149.361 127.978 
7125: 70.7522 127.737 121.612 
7126: 86.0217 57.946 126.351 
7127: 116.753 107.064 95.9571 
7128: 35.7018 62.5797 132.676 
7129: 88.99 141.457 93.7482 
7130: 77.3271 80.2097 100.119 
7131: 94.0968 154.422 115.728 
7132: 144.531 81.3606 109.828 
7133: 29.0535 111.385 83.1103 
7134: 46.1987 110.479 101.756 
7135: 142.263 56.5652 112.36 
7136: 101.142 95.3186 71.5827 
7137: 89.3383 114.158 109.518 
7138: 80.5783 83.4955 134.636 
7139: 79.076 63.398 92.3798 
7140: 114.389 84.6856 63.4081 
7141: 54.6996 107.66 95.0966 
7142: 136.071 100.892 64.4782 
7143: 95.4239 86.5338 59.532 
7144: 107.784 108.154 111.486 
7145: 163.204 110.265 114.717 
7146: 64.7627 75.5204 114.865 
7147: 123.292 137.521 109.331 
7148: 77.6516 106.634 74.5815 
7149: 65.7934 54.6809 52.3132 
7150: 97.7981 89.5774 87.9781 
7151: 68.9882 89.8787 124.043 
7152: 122.751 156.282 130.961 
7153: 98.1667 61.7169 106.027 
7154: 45.986 79.5176 76.7173 
7155: 72.6497 79.8457 134.529 
7156: 140.562 99.1828 95.7974 
7157: 65.921 108.85 50.9935 
7158: 107.567 85.3228 60.061 
7159: 77.191 124.476 124.995 
7160: 103.193 128.161 57.1334 
7161: 119.555 99.5457 78.7798 
7162: 137.194 70.1397 119.454 
7163: 87.3139 76.3271 116.688 
7164: 90 81.9302 61.9167 
7165: 64.9856 115.415 76.4035 
7166: 31.8738 135.637 82.24 
7167: 69.6146 63.2448 54.9265 
7168: 35.594 78.0106 82.5365 
7169: 98.06 131.249 111.548 
7170: 77.592 85.2434 79.9018 
7171: 52.0451 122.134 103.651 
7172: 90.1751 134.921 128.703 
7173: 85.5605 111.897 61.9556 
7174: 89.8758 93.8875 60.5982 
7175: 102.899 76.5296 54.5778 
7176: 68.5053 75.008 80.4329 
7177: 135.311 81.9709 106.723 
7178: 90.5007 84.6407 95.0571 
7179: 57.7467 113.413 75.5194 
7180: 153.236 107.098 85.6695 
7181: 103.041 77.1466 27.6955 
7182: 124.812 60.8865 81.9095 
7183: 81.5382 69.2647 82.7149 
7184: 97.8204 58.3889 78.9032 
7185: 46.4322 111.953 54.9135 
7186: 104.547 124.902 87.4606 
7187: 97.6386 58.1202 144.738 
7188: 81.7652 106.305 119.624 
7189: 71.171 89.2973 71.4485 
7190: 104.718 100.031 121.678 
7191: 108.697 90.386 82.6972 
7192: 119.883 78.7627 99.2466 
7193: 105.986 143.091 107.517 
7194: 83.8773 76.894 136.679 
7195: 61.518 61.2228 111.872 
7196: 98.8 72.6196 107.781 
7197: 98.0667 125.321 114.208 
7198: 90.061 113.302 114.622 
7199: 63.138 101.937 88.089 
7200: 48.2987 75.7252 59.1506 
7201: 122.198 60.9027 108.74 
7202: 89.1061 77.51 98.9782 
7203: 110.288 67.2838 95.9125 
7204: 90.724 102.793 75.9442 
7205: 75.57 117.06 80.4748 
7206: 58.7198 101.209 133.956 
7207: 67.928 95.6745 78.4407 
7208: 116.864 77.6637 78.2391 
7209: 141.831 131.756 121.295 
7210: 117.911 77.4607 61.2942 
7211: 105.731 82.3702 88.5145 
7212: 152.742 63.5147 129.143 
7213: 77.1698 98.6771 140.685 
7214: 135.119 118.44 106.105 
7215: 83.5702 95.4967 68.8339 
7216: 111.78 78.4407 92.6418 
7217: 91.6236 132.766 50.054 
7218: 109.373 75.08 84.0278 
7219: 83.1922 96.1678 142.97 
7220: 113.36 145.626 143.191 
7221: 78.7332 96.7525 80.2349 
7222: 100.93 119.427 96.1902 
7223: 47.8567 148.873 126.94 
7224: 74.6162 70.6475 138.566 
7225: 100.418 60.9956 55.4072 
7226: 90.3243 84.9482 105.038 
7227: 99.6197 70.4544 85.8666 
7228: 107.115 60.376 98.5727 
7229: 80.43 77.5064 106.272 
7230: 106.559 98.694 94.9847 
7231: 95.376 41.1347 132.768 
7232: 70.2293 79.8657 73.7086 
7233: 90.4142 80.3703 89.6007 
7234: 63.7743 102.333 121.229 
7235: 142.837 129.679 82.2356 
7236: 49.863 72.8165 135.347 
7237: 82.212 79.1799 115.144 
7238: 98.89 116.345 48.8376 
7239: 102.27 122.919 67.0941 
7240: 109.246 86.632 94.3067 
7241: 107.828 81.4041 137.068 
7242: 121.375 96.8134 155.543 
7243: 123.033 95.4775 126.913 
7244: 64.3919 90.3539 127.482 
7245: 49.1489 127.279 96.2963 
7246: 13.0609 115.533 95.3297 
7247: 140.103 89.7402 97.7773 
7248: 128.625 105.99 86.8481 
7249: 94.4112 83.4105 58.908 
7250: 113.086 140.704 88.8086 
7251: 110.008 50.8012 98.7775 
7252: 155.514 109.642 120.889 
7253: 42.281 110.823 107.041 
7254: 105.275 83.694 131.105 
7255: 31.6056 78.0058 105.076 
7256: 131.792 103.423 114.166 
7257: 89.7074 69.3319 58.4313 
7258: 81.6258 145.984 85.2213 
7259: 105.036 99.733 140.664 
7260: 89.7818 179.452 76.9941 
7261: 99.9991 124.798 92.4211 
7262: 89.6768 150.346 90.2968 
7263: 105.531 168.529 88.6923 
7264: 104.653 47.5235 84.058 
7265: 93.669 170.828 93.7766 
7266: 81.9817 55.1752 100.332 
7267: 52.25 137.694 120.031 
7268: 52.8993 138.36 123.815 
7269: 103.086 148.818 114.896 
7270: 121.731 117.542 90.8882 
7271: 105.146 83.2993 78.324 
7272: 74.3307 77.4522 106.199 
7273: 118.296 74.88 139.596 
7274: 80.991 67.4041 109.887 
7275: 72.7289 83.844 68.0047 
7276: 67.3451 87.5059 126.856 
7277: 93.1491 53.141 119.852 
7278: 71.0978 178.224 106.26 
7279: 48.8624 117.975 88.2054 
7280: 96.5013 123.945 109.015 
7281: 61.214 129.404 76.919 
7282: 122.706 136.258 93.9421 
7283: 115.515 134.585 134.604 
7284: 78.5683 94.2682 94.0085 
7285: 92.9387 59.556 51.1593 
7286: 109.154 100.518 92.6217 
7287: 92.7454 76.4897 62.988 
7288: 51.2471 113.37 140.353 
7289: 69.527 104.562 96.7171 
7290: 72.4898 107.696 74.2228 
7291: 109.616 90.1843 99.6397 
7292: 52.3007 164.052 97.5649 
7293: 83.2207 111.474 109.862 
7294: 22.8592 126.128 81.522 
7295: 92.1613 110.881 129.718 
7296: 42.0903 84.4879 166.281 
7297: 107.364 56.6264 60.9115 
7298: 99.296 88.5698 96.5223 
7299: 134.788 63.8174 92.1795 
7300: 76.6671 125.768 117.724 
7301: 79.8167 87.5449 77.1621 
7302: 74.0329 111.519 102.056 
7303: 63.145 168.707 91.8711 
7304: 126.462 126.583 59.4015 
7305: 96.5089 65.0636 107.764 
7306: 21.8523 72.9467 99.2035 
7307: 83.7584 84.6857 101.225 
7308: 127.596 81.0011 103.933 
7309: 99.4509 167.555 125.998 
7310: 50.7159 58.9984 88.7749 
7311: 91.3934 109.44 53.953 
7312: 144.795 119.999 111.109 
7313: 105.858 74.7594 145.602 
7314: 134.223 111.906 92.4941 
7315: 74.5567 162.792 111.3 
7316: 124.332 141.282 149.161 
7317: 94.032 123.722 77.3852 
7318: 106.007 55.7757 86.1578 
7319: 62.9162 114.501 79.2892 
7320: 148.568 95.0112 114.562 
7321: 66.7802 142.991 85.1718 
7322: 88.742 170.963 86.696 
7323: 68.4327 87.4549 78.4823 
7324: 76.2619 86.7891 120.612 
7325: 91.4453 106.541 100.799 
7326: 100.192 118.49 46.1119 
7327: 51.376 159.05 68.7397 
7328: 113.569 76.134 65.6718 
7329: 28.1323 116.428 120.013 
7330: 99.52 58.6983 80.1794 
7331: 113.128 114.023 101.971 
7332: 66.6338 130.271 75.9561 
7333: 117.927 77.9077 95.9993 
7334: 136.204 125.784 91.449 
7335: 67.9479 52.1528 108.648 
7336: 27.5833 101.185 100.134 
7337: 110.158 103.88 83.1854 
7338: 124.073 62.474 79.4542 
7339: 83.3204 72.4189 101.994 
7340: 116.834 112.631 138.288 
7341: 83.0154 148.478 95.6449 
7342: 81.8453 116.941 133.15 
7343: 75.8889 118.15 119.052 
7344: 88.1707 101.519 44.6285 
7345: 53.1529 129.334 71.8448 
7346: 76.6089 95.5243 94.9103 
7347: 42.4153 104.887 90.7273 
7348: 111.039 86.9408 77.3824 
7349: 77.6524 80.7829 120.258 
7350: 122.593 111.827 97.0028 
7351: 20.1417 73.6269 78.2702 
7352: 68.8993 75.5913 118.945 
7353: 123.919 149.213 143.355 
7354: 65.0957 122.132 98.1456 
7355: 115.437 41.7061 89.6163 
7356: 96.1242 40.5332 89.0774 
7357: 133.256 73.8896 71.7654 
7358: 61.1316 126.551 105.548 
7359: 63.5511 100.394 54.6289 
7360: 100.104 70.4583 100.057 
7361: 134.003 127.058 103.814 
7362: 140.689 121.638 88.4788 
7363: 72.2157 65.7984 77.8949 
7364: 125.37 112.829 81.8139 
7365: 74.796 86.9174 48.4277 
7366: 103.036 137.892 72.1264 
7367: 69.9996 79.4771 69.6165 
7368: 52.4467 110.226 64.8808 
7369: 23.4414 88.2252 98.9454 
7370: 89.614 37.1105 107.788 
7371: 56.4733 70.5771 50.0912 
7372: 64.12 130.767 100.039 
7373: 89.7536 136.322 59.8258 
7374: 67.6077 103.053 73.3174 
7375: 79.0761 99.1143 105.592 
7376: 24.913 109.043 80.5771 
7377: 124.982 104.033 97.2198 
7378: 62.0996 114.085 69.6607 
7379: 19.6908 118.571 76.7596 
7380: 129.826 137.624 135.958 
7381: 120.232 85.8026 142.332 
7382: 103.486 96.0638 106.656 
7383: 45.6917 96.0654 96.8214 
7384: 80.8796 106.844 81.9092 
7385: 143.381 83.2285 100.258 
7386: 88.92 103.053 89.3049 
7387: 83.251 124.95 70.0666 
7388: 65.8667 117.104 75.4307 
7389: 77.5397 107.3 56.8884 
7390: 73.9311 113.256 61.9998 
7391: 111.103 108.855 116.755 
7392: 47.7473 120.854 134.411 
7393: 116.578 156.561 100.047 
7394: 109.682 105.317 91.3653 
7395: 132.468 57.4567 140.595 
7396: 123.707 70.6839 109.894 
7397: 87.2659 32.1794 124.619 
7398: 91.8587 115.246 91.6702 
7399: 61.8061 163.633 87.0489 
7400: 82.7623 128.674 120.696 
7401: 100.019 105.629 127.288 
7402: 101.552 122.797 88.9108 
7403: 111.763 87.2033 128.012 
7404: 65.3611 160.056 97.5383 
7405: 81.1312 124.623 115.458 
7406: 73.104 134.818 88.7695 
7407: 77.6611 124.399 83.4012 
7408: 108.838 97.1861 73.2608 
7409: 89.8069 137.049 152.643 
7410: 95.44 62.6381 112.217 
7411: 72.3465 62.5293 60.3702 
7412: 106.924 76.0579 85.016 
7413: 113.94 140.581 48.4104 
7414: 74.4901 121.985 117.694 
7415: 35.166 91.9368 129.723 
7416: 122.602 66.3377 143.518 
7417: 103.045 99.267 72.4888 
7418: 155.009 130.18 81.699 
7419: 81.4537 74.2729 124.413 
7420: 97.888 87.4117 79.0711 
7421: 74.9707 74.0421 57.7197 
7422: 106.693 119.872 61.2818 
7423: 86.1173 74.1913 45.6556 
7424: 51.9657 91.4502 121.523 
7425: 82.1436 85.4111 111.046 
7426: 99.4069 49.8123 112.407 
7427: 70.1683 68.0869 63.2848 
7428: 76.6679 93.3926 63.9127 
7429: 46.9583 113.362 106.338 
7430: 75.0329 66.2013 137.754 
7431: 91.7531 75.2519 96.4689 
7432: 80.1273 127.151 53.0471 
7433: 92.2913 90.4784 151.003 
7434: 115.026 80.5462 150.517 
7435: 144.431 116.548 105.422 
7436: 90.1291 125.508 66.3417 
7437: 109.49 33.1375 123.223 
7438: 134.65 117.717 58.6247 
7439: 63.9856 107.024 92.3882 
7440: 25.592 67.142 99.8946 
7441: 68.2004 67.4911 82.3483 
7442: 86.4353 95.6868 70.7904 
7443: 108.794 70.8224 135.72 
7444: 85.1813 115.83 113.918 
7445: 103.485 100.882 93.7346 
7446: 78.8948 68.013 49.0628 
7447: 92.9764 139.528 121.604 
7448: 100.422 119.737 73.2955 
7449: 97.9507 90.6731 75.5532 
7450: 73.7376 95.3002 107.241 
7451: 104.694 58.9794 117.957 
7452: 103.162 127.491 98.2053 
7453: 100.172 133.072 87.3446 
7454: 68.176 120.382 89.5688 
7455: 89.7673 61.4529 71.3967 
7456: 48.1682 149.64 130.638 
7457: 103.167 77.1652 92.7863 
7458: 70.9699 114.436 97.7985 
7459: 59.8868 66.7148 84.7119 
7460: 47.1741 108.009 113.102 
7461: 74.9535 87.8516 56.4409 
7462: 100.101 105.434 88.3341 
7463: 63.3649 78.5207 90.9383 
7464: 99.2863 113.533 95.7022 
7465: 102.122 141.689 90.0021 
7466: 102.801 111.991 110.91 
7467: 84.1829 126.479 92.7723 
7468: 92.5841 85.0341 146.186 
7469: 69.5221 68.9324 86.2993 
7470: 65.4778 119.476 77.1437 
7471: 59.6703 83.4452 117.839 
7472: 126.959 108.706 82.2477 
7473: 110.831 95.5993 86.2036 
7474: 33.9684 130.912 96.5179 
7475: 72.382 53.9616 126.494 
7476: 128.189 109.093 93.7909 
7477: 106.356 137.377 68.3597 
7478: 66.9607 79.2424 119.71 
7479: 89.3828 85.3748 98.3299 
7480: 101.719 91.4229 69.0656 
7481: 90.1736 92.9214 52.9227 
7482: 102.75 144.483 140.919 
7483: 85.8599 116.22 84.6767 
7484: 117.177 130.569 46.8282 
7485: 111.056 113.902 37.3067 
7486: 128.478 103.27 78.7148 
7487: 91.6063 136.793 87.6254 
7488: 34.6891 86.2462 98.8406 
7489: 96.2646 127.5 50.8501 
7490: 116.538 50.5013 94.1567 
7491: 38 122.341 104.488 
7492: 98.3912 143.326 111.683 
7493: 73.2569 87.7039 75.9193 
7494: 84.8387 67.673 62.7449 
7495: 72.6765 93.2926 88.727 
7496: 92.806 124.272 119.452 
7497: 64.344 111.08 99.1802 
7498: 133.916 121.233 123.979 
7499: 82.3513 102.892 73.9668 
7500: 100.558 161.569 113.737 
7501: 44.8604 94.525 85.7811 
7502: 86.3474 96.4727 106.31 
7503: 63.81 112.481 70.553 
7504: 75.414 135.294 94.0056 
7505: 109.856 116.516 75.4145 
7506: 87.4726 101.854 70.0557 
7507: 71.1382 61.1797 98.6939 
7508: 42.744 156.644 76.3956 
7509: 115.989 124.816 94.9022 
7510: 33.2648 130.546 132.751 
7511: 116.473 62.783 61.5545 
7512: 109.642 148.03 102.295 
7513: 68.8016 76.3408 76.5045 
7514: 128.093 71.3453 99.1579 
7515: 114.671 135.826 113.511 
7516: 84.613 132.248 53.7444 
7517: 54.6215 76.0197 104.919 
7518: 68.9858 94.7066 108.031 
7519: 61.5873 104.213 90.7371 
7520: 78.5993 127.639 76.8752 
7521: 81.8503 135.766 140.58 
7522: 57.8704 179.495 90.5548 
7523: 31.594 83.5829 121.558 
7524: 68.5797 108.015 63.6299 
7525: 77.1313 116.612 32.0257 
7526: 122.186 127.862 116.181 
7527: 102.7 46.3775 67.8666 
7528: 126.638 82.6192 74.7128 
7529: 118.434 112.934 91.5187 
7530: 66.7378 116.186 167.707 
7531: 75.4127 82.0086 95.5148 
7532: 96.689 53.7749 131.971 
7533: 138.924 75.2183 123.154 
7534: 53.0411 64.7398 103.656 
7535: 107.704 131.845 158.269 
7536: 105.781 35.9397 84.3048 
7537: 103.089 133.977 104.591 
7538: 110.567 134.941 96.7886 
7539: 94.1803 78.6219 126.253 
7540: 74.5157 104.903 113.491 
7541: 93.601 82.3904 97.2038 
7542: 65.6631 92.2864 135.607 
7543: 148.225 101.766 125.504 
7544: 85.9324 28.6441 105.686 
7545: 71.266 66.5765 131.982 
7546: 65.3421 88.175 103.323 
7547: 102.392 119.876 94.0941 
7548: 116.247 126.71 94.884 
7549: 33.8074 96.6756 89.7955 
7550: 90.5191 59.506 51.6499 
7551: 98.9667 115.856 154.369 
7552: 127.041 52.6312 111.907 
7553: 102.708 73.5929 79.2232 
7554: 55.8599 85.0336 100.439 
7555: 116.983 54.0208 114.93 
7556: 52.1646 72.9407 95.825 
7557: 134.73 62.2041 109.18 
7558: 74.4093 111.502 146.504 
7559: 76.2222 91.0857 86.111 
7560: 110.835 123.352 90.899 
7561: 61.2806 60.916 94.8342 
7562: 103.099 128.421 66.3302 
7563: 124.949 98.3568 72.7263 
7564: 99.963 75.2646 114.112 
7565: 118.596 66.5419 136.496 
7566: 73.1656 79.2283 131.497 
7567: 90.9973 72.4682 104.63 
7568: 136.65 120.512 85.4544 
7569: 50.1858 134.016 125.677 
7570: 90.5288 106.023 141.127 
7571: 143.844 88.4216 121.043 
7572: 101.17 103.336 54.2246 
7573: 93.625 88.9289 56.6817 
7574: 114.117 89.5516 105.856 
7575: 68.2658 126.375 99.9515 
7576: 92.1574 82.0202 108.283 
7577: 100.571 83.9907 118.673 
7578: 88.1126 29.4533 84.3911 
7579: 67.99 109.578 147.899 
7580: 108.945 118.744 113.186 
7581: 52.5739 55.6572 56.3213 
7582: 142.135 99.4171 98.9455 
7583: 124.56 127.348 92.8536 
7584: 113.228 75.0828 37.1772 
7585: 109.618 84.3066 58.1724 
7586: 79.3101 77.1859 101.559 
7587: 48.8346 128.751 93.2997 
7588: 75.9908 77.2404 94.5095 
7589: 133.499 109.4 127.039 
7590: 113.826 138.874 100.182 
7591: 151.441 102.408 138.118 
7592: 63.8185 85.1931 144.188 
7593: 86.2631 83.8579 75.1743 
7594: 66.3014 147.333 87.4017 
7595: 103.585 91.1134 64.4078 
7596: 113.519 119.11 72.573 
7597: 109.429 93.0207 96.9768 
7598: 84.173 117.164 92.2838 
7599: 139.402 136.302 125.711 
7600: 125.598 95.8326 107.393 
7601: 52.9438 74.9629 86.7854 
7602: 92.5955 79.6484 113.514 
7603: 94.7147 134.546 128.106 
7604: 156.807 114.536 79.5994 
7605: 54.2218 99.742 70.8271 
7606: 103.872 78.9171 68.2308 
7607: 63.792 73.7635 85.0597 
7608: 75.2704 152.977 75.1353 
7609: 44.2881 74.3685 151.534 
7610: 125.497 82.2804 118.066 
7611: 32.6819 98.3947 110.487 
7612: 109.662 115.493 64.5606 
7613: 115.563 105.015 109.89 
7614: 65.5672 84.7313 73.2932 
7615: 90.9087 79.3445 91.046 
7616: 73.1961 104.863 82.3268 
7617: 148.995 97.006 115.333 
7618: 56.2368 132.074 146.587 
7619: 123.478 110.006 133.71 
7620: 159.72 96.9153 93.9625 
7621: 95.4447 78.9575 135.23 
7622: 80.6018 75.6612 90.0646 
7623: 115.229 103.598 89.2529 
7624: 44.1678 153.097 70.5089 
7625: 111.193 74.7618 98.6001 
7626: 98.826 78.3462 92.2605 
7627: 136.119 63.5207 83.9235 
7628: 35.027 124.728 119.973 
7629: 153.565 98.13 95.3886 
7630: 108.326 96.361 132.621 
7631: 83.8751 116.54 48.3924 
7632: 67.22 58.028 110.541 
7633: 91.3376 136.955 102.995 
7634: 118.764 118.67 56.2511 
7635: 69.3196 49.2927 60.3856 
7636: 46.7971 101.092 166.98 
7637: 110.572 116.718 43.3275 
7638: 138.959 125.266 75.088 
7639: 102.43 122.732 83.4926 
7640: 65.8247 81.8872 103.817 
7641: 52.0564 90.2639 88.6863 
7642: 75.08 89.271 107.646 
7643: 82.219 123.591 147.151 
7644: 109.232 24.3494 103.871 
7645: 107.005 132.784 134.532 
7646: 108.858 35.152 89.5628 
7647: 49.0318 95.2464 77.3243 
7648: 99.2526 122.767 85.165 
7649: 98.6257 91.2654 85.6481 
7650: 99.7558 54.2343 92.2657 
7651: 72.6764 147.085 124.658 
7652: 106.556 111.887 82.8826 
7653: 82.2773 100.675 115.735 
7654: 147.021 70.7799 131.612 
7655: 86.6724 85.9554 85.072 
7656: 90.8688 123.881 78.5118 
7657: 81.2812 64.5038 76.0576 
7658: 72.7083 113.161 190.179 
7659: 110.801 82.0392 115.375 
7660: 77.42 78.7727 57.0693 
7661: 60.42 74.8271 70.7172 
7662: 23.7789 126.071 121.771 
7663: 96.3149 34.47 80.7658 
7664: 52.9933 123.499 64.6716 
7665: 89.032 98.3868 113.424 
7666: 156.577 93.4767 90.1693 
7667: 53.9702 70.8196 86.922 
7668: 77.4658 107.54 122.551 
7669: 132.984 84.6891 88.8532 
7670: 91.9341 90.0448 173.022 
7671: 77.9787 105.408 43.9757 
7672: 86.26 102.816 122.717 
7673: 84.2427 79.9646 105.501 
7674: 124.823 117.806 66.1808 
7675: 135.153 90.4569 50.4246 
7676: 72.1067 104.262 81.6744 
7677: 17.4355 138.115 127.171 
7678: 119.612 107.808 115.176 
7679: 59.8563 92.1475 70.0725 
7680: 42.4781 133.823 126.701 
7681: 63.7747 72.4254 69.227 
7682: 135.503 51.9298 84.9051 
7683: 88.3138 134.041 83.9071 
7684: 130.666 61.1454 107.455 
7685: 128.592 69.2062 78.0678 
7686: 125.778 134.278 121.741 
7687: 99.4833 101.557 109.744 
7688: 96.9839 83.0396 124.656 
7689: 76.1726 99.5178 62.2045 
7690: 74.9677 103.423 152.461 
7691: 134.322 63.7262 116.998 
7692: 83.02 120.203 69.8435 
7693: 94.9823 131.704 120.742 
7694: 91.7709 80.8135 159.188 
7695: 78.64 77.1367 128.078 
7696: 91.8778 64.3664 89.287 
7697: 93.3253 79.7101 114.104 
7698: 136.505 123.275 114.472 
7699: 40.175 79.7397 60.3816 
7700: 137.046 75.2665 131.624 
7701: 111.535 47.7085 114.844 
7702: 73.8456 90.5445 77.8305 
7703: 93.9771 113.165 109.597 
7704: 98.7569 155.252 101.832 
7705: 76.9999 137.805 133.278 
7706: 100.025 95.7025 43.6205 
7707: 126.959 143.892 117.849 
7708: 79.9876 131.604 68.8772 
7709: 98.0873 88.5026 144.66 
7710: 73.0613 38.8556 111.696 
7711: 85.852 102.79 116.903 
7712: 121.156 127.912 105.195 
7713: 72.6046 110.76 184.907 
7714: 60.2938 115.812 157.292 
7715: 81.9258 106.889 101.778 
7716: 73.4127 89.4371 53.4062 
7717: 82.9333 83.3176 128.048 
7718: 97.3185 77.8579 152.826 
7719: 112.005 120.727 60.4273 
7720: 102.551 124.95 145.517 
7721: 71.6339 105.82 57.0496 
7722: 127.848 54.8879 74.893 
7723: 89.7662 110.754 75.1065 
7724: 121.416 72.8277 150.186 
7725: 43.5272 85.8058 138.277 
7726: 155.5 106.099 115.848 
7727: 115.933 114.002 94.0111 
7728: 113.777 78.4949 74.3966 
7729: 71.955 119.675 51.7658 
7730: 88.2904 128.612 144.328 
7731: 148.332 110.181 92.5796 
7732: 105.765 87.976 83.8234 
7733: 130.286 131.12 138.162 
7734: 81.3117 173.558 98.8433 
7735: 53.6446 96.2957 96.4091 
7736: 80.4417 60.8688 81.403 
7737: 90.9716 114.838 111.479 
7738: 142.176 123.358 122.851 
7739: 94.2458 111.755 116.739 
7740: 101.766 153.468 107.846 
7741: 108.669 67.2144 65.6381 
7742: 65.7802 109.938 160.368 
7743: 58.2839 118.982 133.203 
7744: 100 86.347 107.958 
7745: 115.536 105.011 150.743 
7746: 102.544 86.3915 36.4252 
7747: 90.0611 40.3006 114.507 
7748: 81.6614 121.892 136.273 
7749: 102.154 62.8931 37.2388 
7750: 89.593 135.439 93.6663 
7751: 104.144 134.221 36.2974 
7752: 102.198 51.9013 127.327 
7753: 67.1129 63.8887 127.914 
7754: 102.448 36.8765 123.932 
7755: 84.0937 112.697 88.689 
7756: 74.531 123.124 105.478 
7757: 71.8917 124.666 121.42 
7758: 146.446 111.272 98.3672 
7759: 86.6557 140.854 89.4441 
7760: 93.7333 140.263 72.4622 
7761: 98.0661 72.1456 76.8084 
7762: 61.9579 92.7771 81.6829 
7763: 69.3174 96.1503 108.82 
7764: 88.4386 59.6535 82.5265 
7765: 112.78 90.6477 71.7656 
7766: 85.788 101.887 71.0413 
7767: 86.317 38.9154 62.3223 
7768: 87.9071 98.9956 36.3886 
7769: 88.6307 125.008 125.914 
7770: 85.5063 102.411 104.338 
7771: 89.651 90.2399 97.6921 
7772: 79.6407 68.2325 147.021 
7773: 120.389 151.021 138.202 
7774: 62.7836 107.542 68.5426 
7775: 59.9104 118.81 100.599 
7776: 45.1477 58.8713 118.083 
7777: 77.858 79.2508 90.8152 
7778: 104.989 118.667 66.5207 
7779: 119.039 68.1611 114.829 
7780: 82.3639 132.984 65.7941 
7781: 142.02 90.5675 96.4277 
7782: 88.4253 25.7006 112.926 
7783: 89.3036 95.6143 156.815 
7784: 77.4514 145.229 76.4575 
7785: 45.1221 87.4765 75.5381 
7786: 52.038 109.941 84.1594 
7787: 82.1436 48.4124 142.011 
7788: 64.4369 51.9464 100.424 
7789: 107.545 90.5061 92.6235 
7790: 100.756 113.484 52.0324 
7791: 115.453 120.133 80.3849 
7792: 58.1227 114.613 95.9108 
7793: 36.0562 110.655 94.9177 
7794: 132.78 104.881 110.12 
7795: 86.1683 141.609 103.058 
7796: 143.081 103.879 111.444 
7797: 83.2984 90.8303 119.213 
7798: 78.2074 76.8462 121.896 
7799: 75.1382 160.282 103.667 
7800: 51.0148 127.359 46.1561 
7801: 140.379 100.612 128.652 
7802: 41.3283 122.777 120.864 
7803: 126.48 76.3723 71.8336 
7804: 88.9928 95.0487 127.469 
7805: 150.392 105.302 128.454 
7806: 130.794 135.803 142.575 
7807: 131.776 99.0486 106.968 
7808: 97.6557 126.831 129.592 
7809: 62.7402 63.7157 104.397 
7810: 25.7771 112.244 62.8302 
7811: 143.585 94.1274 82.5723 
7812: 85.0926 92.3395 130.343 
7813: 92.5621 121.769 73.5426 
7814: 79.84 96.407 80.3164 
7815: 66.6188 105.297 102.759 
7816: 87.5137 87.4988 34.6421 
7817: 94.4469 83.0401 109.749 
7818: 89.8044 116.396 90.4593 
7819: 77.3813 52.2324 103.84 
7820: 83.3591 56.7804 120.445 
7821: 51.4302 88.3428 148.079 
7822: 115.15 124.343 118.497 
7823: 118.608 105.584 105.553 
7824: 106.87 65.0428 140.871 
7825: 122.863 60.2728 100.405 
7826: 107.738 99.6203 134.548 
7827: 53.4156 71.1436 104.475 
7828: 100.646 110.423 142.714 
7829: 65.8846 99.4257 80.1513 
7830: 108.936 140.329 135.907 
7831: 96.0724 139.484 81.9298 
7832: 143.814 51.2861 55.2322 
7833: 128.862 76.1702 105.379 
7834: 42.9584 131.253 146.194 
7835: 115.296 127.028 150.802 
7836: 80.2673 161.659 89.6742 
7837: 59.7386 128.025 126.702 
7838: 86.4362 65.5642 121.659 
7839: 76.3233 142.965 97.3551 
7840: 82.9308 88.2177 95.7902 
7841: 128.039 114.224 109.215 
7842: 92.284 127.911 79.0944 
7843: 88.2219 104.21 94.127 
7844: 80.0969 166.947 101.311 
7845: 39.8649 77.9473 77.4924 
7846: 87.7461 124.471 121.136 
7847: 79.9607 66.0294 143.626 
7848: 76.9573 63.7257 79.0787 
7849: 79.4054 117.156 109.565 
7850: 100.58 63.7582 134.844 
7851: 96.8924 137.732 159.073 
7852: 105.59 118.371 99.8198 
7853: 96.5218 118.217 137.508 
7854: 76.461 98.0445 128.73 
7855: 124.125 102.91 98.1589 
7856: 77.3213 85.5324 147.626 
7857: 76.806 77.3466 73.0276 
7858: 78.0014 83.8544 110.015 
7859: 124.658 85.545 38.0235 
7860: 115.764 85.6871 129.902 
7861: 76.8901 187.586 91.947 
7862: 105.918 59.0364 112.594 
7863: 53.7733 156.37 119.193 
7864: 90.1409 103.275 146.572 
7865: 127.608 92.211 98.5941 
7866: 147.785 94.1684 93.058 
7867: 143.628 114.891 137.975 
7868: 70.4935 38.0472 84.5164 
7869: 111.576 103.761 118.555 
7870: 61.3031 97.1744 169.51 
7871: 53.348 117.871 65.1242 
7872: 12.9667 98.8937 103.246 
7873: 85.8973 88.1669 70.1767 
7874: 54.8397 88.3156 101.318 
7875: 69.6362 99.5528 132.75 
7876: 63.212 143.817 85.1347 
7877: 64.608 122.284 81.2574 
7878: 92.2313 156.634 65.713 
7879: 72.8077 115.484 87.812 
7880: 54.8418 103.443 146.732 
7881: 109.06 137.765 94.687 
7882: 128.859 89.0713 132.392 
7883: 48.24 80.1175 62.9731 
7884: 130.693 85.019 142.088 
7885: 50.228 101.708 95.9974 
7886: 77.4483 111.253 108.658 
7887: 80.7771 143.041 132.866 
7888: 116.291 85.1465 90.8989 
7889: 125.263 103.81 89.7816 
7890: 21.176 131.203 100.506 
7891: 106.904 142.656 122.794 
7892: 119.937 80.103 84.4657 
7893: 93.9327 94.5728 50.7016 
7894: 126.166 74.5378 103.025 
7895: 100.354 54.8876 98.8015 
7896: 109.284 74.3162 129.094 
7897: 104.963 129.293 110.173 
7898: 96.6979 86.9321 119.35 
7899: 127.362 139.446 62.1231 
7900: 95.76 134.977 89.1371 
7901: 116.773 95.8909 86.4782 
7902: 109.176 93.7763 72.9064 
7903: 70.9952 161.101 111.8 
7904: 100.207 93.311 114.082 
7905: 65.4688 98.6543 94.5231 
7906: 106.683 147.58 66.9288 
7907: 155.556 105.278 104.128 
7908: 67.2764 86.0293 78.0016 
7909: 122.383 101.538 109.686 
7910: 59.2222 140.674 141.402 
7911: 106.762 171.572 75.1885 
7912: 86.9839 140.726 91.075 
7913: 66.1566 70.8644 86.6294 
7914: 127.107 125.664 127.011 
7915: 98.5264 116.1 89.4881 
7916: 22.2006 110.732 86.4535 
7917: 65.8976 85.0045 97.7108 
7918: 47.4542 126.681 106.652 
7919: 3.597 100.026 99.7765 
7920: 58.768 117.792 104.633 
7921: 106.918 114.441 154.493 
7922: 46.081 120.384 96.5282 
7923: 71.88 121.169 128.82 
7924: 98.9533 42.0723 61.643 
7925: 55.8549 69.4802 101.504 
7926: 137.683 109.604 67.3734 
7927: 128.48 91.763 91.3944 
7928: 71.7729 75.0247 97.9176 
7929: 30.1624 123.833 101.865 
7930: 55.5479 82.7066 141.289 
7931: 66.3901 102.704 125.473 
7932: 104.008 78.693 96.0541 
7933: 131.265 91.4246 110.238 
7934: 54.9867 87.0478 105.548 
7935: 84.5746 92.3262 111.821 
7936: 61.8055 147.989 89.361 
7937: 85.1261 57.9849 96.7075 
7938: 97.7221 117.188 151.433 
7939: 95.2015 128.029 94.4928 
7940: 106.914 90.695 53.1053 
7941: 125.496 145.645 117.346 
7942: 104.648 109.24 95.0312 
7943: 100.368 134.691 36.0269 
7944: 75.8593 47.8615 130.402 
7945: 91.2828 102.471 92.4025 
7946: 79.8432 42.356 119.509 
7947: 123.133 122.64 67.54 
7948: 92.9207 79.4994 120.497 
7949: 98.1114 84.4017 118.254 
7950: 109.231 116.788 123.224 
7951: 40.7 78.9075 91.4114 
7952: 51.962 132.897 91.5196 
7953: 73.6721 67.616 119.793 
7954: 135.358 72.2933 124.617 
7955: 81.6904 140.024 80.1324 
7956: 77.8465 103.643 77.2076 
7957: 87.5197 80.0624 100.549 
7958: 65.6213 48.8764 87.1237 
7959: 148.294 88.6586 98.7949 
7960: 65.162 101.212 77.4635 
7961: 97.0696 102.629 107.973 
7962: 28.8994 74.9844 85.7662 
7963: 125.03 129.478 119.566 
7964: 102.88 80.7556 108.813 
7965: 47.8566 88.3403 68.0035 
7966: 110.162 117.389 110.275 
7967: 95.1644 52.2491 132.196 
7968: 61.296 71.5004 83.3274 
7969: 56.7467 60.066 130.973 
7970: 62.0089 118.642 69.6886 
7971: 58.448 127.698 135.142 
7972: 87.2451 128.642 101.238 
7973: 94.25 106.008 108.955 
7974: 72.0645 113.089 102.308 
7975: 90.2338 80.8261 83.0363 
7976: 98.938 100.667 104.366 
7977: 107.088 162.691 111.751 
7978: 71.5811 125.203 100.123 
7979: 91.6828 122.484 115.868 
7980: 91.5312 113.146 142.212 
7981: 115.466 87.9337 157.35 
7982: 56.6345 82.9645 87.1947 
7983: 112.039 120.359 48.0384 
7984: 94.0246 161.364 103.853 
7985: 108.233 82.7436 123.055 
7986: 93.8825 127.558 127.723 
7987: 47.9207 85.543 71.3579 
7988: 111.499 54.3651 109.766 
7989: 111.023 130.58 123.257 
7990: 102.129 153.032 113.923 
7991: 94.1209 93.9211 33.1224 
7992: 51.5844 130 120.469 
7993: 106.924 77.1585 87.3577 
7994: 101.056 98.714 75.7206 
7995: 87.1644 122.096 37.9843 
7996: 58.1411 68.3758 147.022 
7997: 27.2024 99.256 109.011 
7998: 117.897 90.1276 144.836 
7999: 62.0972 124.995 85.6963 
8000: 44.5022 92.0007 71.629 
8001: 74.85 84.2435 134.643 
8002: 94.2856 123.816 93.7318 
8003: 137.488 119.591 94.0102 
8004: 103.247 101.905 60.0407 
8005: 120.821 103.132 136.854 
8006: 82.5134 104.022 106.838 
8007: 36.5136 101.673 138.911 
8008: 96.2463 88.956 130.228 
8009: 116.512 124.985 71.2848 
8010: 71.7422 68.8721 91.2 
8011: 97.692 95.3224 96.7257 
8012: 134.75 82.3068 128.493 
8013: 62.5672 106.862 64.5084 
8014: 111.629 87.509 132.443 
8015: 106.017 74.2577 114.369 
8016: 55.9274 88.1071 84.7586 
8017: 53.08 97.6051 94.7848 
8018: 135.943 51.8218 141.429 
8019: 77.3912 75.5492 83.8313 
8020: 140.687 45.427 90.5115 
8021: 94.7479 67 39.1405 
8022: 117.913 101.008 89.3923 
8023: 114.502 74.3024 112.64 
8024: 81.9153 104.312 125.876 
8025: 87.4578 59.9806 129.479 
8026: 108.841 146.113 91.6259 
8027: 124.663 107.862 100.624 
8028: 75.7262 116.713 82.0699 
8029: 109.035 99.8461 121.655 
8030: 106.459 103.57 110.348 
8031: 34.281 75.5587 123.061 
8032: 69.1276 99.5562 62.0037 
8033: 75.8956 95.1262 88.6611 
8034: 70.3579 63.7968 125.068 
8035: 63.2733 88.3463 58.3933 
8036: 118.828 137.994 123.96 
8037: 151.063 117.219 75.2669 
8038: 78.0661 116.799 129.47 
8039: 85.5498 48.9283 74.8943 
8040: 51.6347 76.0005 107.255 
8041: 121.461 148.246 117.486 
8042: 67.1118 120.465 140.849 
8043: 73.5985 59.6428 145.046 
8044: 92.8526 90.7407 40.2786 
8045: 104.989 100.804 145.951 
8046: 91.7722 114.056 37.9034 
8047: 95.3077 94.0561 28.0819 
8048: 130.252 108.285 124.349 
8049: 74.8023 128.24 140.036 
8050: 47.3721 87.0456 72.8713 
8051: 73.2 93.4518 119.709 
8052: 68.7728 81.7855 163.017 
8053: 83.0493 157.396 91.0003 
8054: 53.488 113.075 131.124 
8055: 130.547 78.7927 127.258 
8056: 106.508 87.6658 144.499 
8057: 57.5912 29.9474 94.6254 
8058: 97.5164 156.559 100.635 
8059: 68.9191 123.336 139.558 
8060: 102.302 69.623 118.387 
8061: 54.0955 167.688 87.4321 
8062: 79.9492 135.507 83.6742 
8063: 84.9081 97.1689 144.785 
8064: 94.3218 151.012 138.4 
8065: 79.0629 135.222 97.3553 
8066: 75.9053 93.0873 115.04 
8067: 71.3431 100.075 98.4718 
8068: 85.4354 126.165 75.9691 
8069: 77.2797 82.4309 112.158 
8070: 60.461 128.844 117.413 
8071: 73.08 140.202 138.364 
8072: 89.6576 47.4303 135.992 
8073: 84.348 106.542 79.323 
8074: 89.2377 99.8798 154.448 
8075: 119.191 94.1285 118.971 
8076: 3.52833 96.0601 104.626 
8077: 104.208 148.4 84.3356 
8078: 83.8132 116.741 107.973 
8079: 111.307 101.045 114.079 
8080: 99.1229 43.2846 81.3546 
8081: 119.705 58.9541 107.33 
8082: 42.9253 118.86 69.8944 
8083: 39.676 122.798 116.704 
8084: 69.9672 78.6458 65.8499 
8085: 74.2783 107.459 97.378 
8086: 52.8921 131.536 136.967 
8087: 97.8293 58.2935 142.123 
8088: 94.412 120.812 135.49 
8089: 48.3547 88.3099 85.1296 
8090: 92.1552 67.2545 156.024 
8091: 105.51 94.3347 70.4752 
8092: 77.999 120.695 46.9801 
8093: 84.0296 101.602 75.4816 
8094: 73.7598 137.793 76.2399 
8095: 93.642 100.159 62.6289 
8096: 141.62 66.8586 102.997 
8097: 105.13 100.382 131.144 
8098: 101.196 148.524 116.095 
8099: 83.4051 62.9885 92.0763 
8100: 94.6613 75.0083 139.726 
8101: 112.496 144.145 69.2608 
8102: 90.0619 100.136 45.2666 
8103: 91.0441 51.1285 95.2746 
8104: 90.2511 121.889 122.598 
8105: 79.192 128.929 164.625 
8106: 103.24 159.736 98.9813 
8107: 85.2446 73.2696 142.844 
8108: 80.5262 105.25 53.1032 
8109: 54.5223 56.6131 111.586 
8110: 55.5193 91.7079 91.344 
8111: 76.5811 44.9949 147.221 
8112: 101.738 47.4482 94.3887 
8113: 180 96.2245 100.475 
8114: 84.7733 92.9444 35.786 
8115: 82.3785 119.848 89.0462 
8116: 65.7562 64.0043 115.714 
8117: 66.4646 100.95 57.474 
8118: 30.7644 89.3664 121.656 
8119: 97.6707 76.761 52.3408 
8120: 120.469 69.8647 116.283 
8121: 64.0533 103.446 80.4264 
8122: 113.413 74.6991 97.1482 
8123: 119.655 113.648 120.148 
8124: 114.726 112.816 58.0295 
8125: 46.4423 91.9855 105.115 
8126: 12.6848 69.5143 91.5248 
8127: 52.4806 76.8428 77.702 
8128: 94.4817 119.846 50.4116 
8129: 84.03 57.7619 91.8284 
8130: 62.2333 68.9378 77.1193 
8131: 36.3876 60.476 138.435 
8132: 86.6898 144.457 105.375 
8133: 88.614 146.389 131.994 
8134: 128.381 84.3854 143.717 
8135: 103.976 140.277 87.6889 
8136: 109.248 135.49 124.736 
8137: 101.069 166.367 108.409 
8138: 89.0164 83.6502 65.1185 
8139: 51.1823 100.806 134.333 
8140: 96.9913 103.52 140.302 
8141: 85.74 61.8439 139.594 
8142: 84.4718 105.856 106.409 
8143: 87.2029 106.439 82.201 
8144: 103.264 72.8652 57.5786 
8145: 119.152 106.092 24.5726 
8146: 60.6879 81.268 58.4268 
8147: 105.338 113.008 25.9653 
8148: 83.2832 119.59 133.712 
8149: 71.9122 64.7945 66.5945 
8150: 95.1621 116.683 52.8065 
8151: 111.232 126.116 142.325 
8152: 57.204 60.8176 113.036 
8153: 110.014 146.893 59.2623 
8154: 33.0124 124.185 96.529 
8155: 91.133 154.591 107.145 
8156: 84.0747 79.553 104.67 
8157: 134.318 99.4392 58.4579 
8158: 108.835 103.245 124.644 
8159: 76.8856 98.5287 76.0567 
8160: 96.9227 107.457 82.9524 
8161: 103.886 108.353 142.292 
8162: 73.946 116.72 127.583 
8163: 81.006 69.0244 90.6548 
8164: 87.7391 109.04 62.2625 
8165: 93.9776 153.098 154.104 
8166: 119.684 75.6442 84.44 
8167: 122.037 138.305 79.4277 
8168: 102.314 82.861 48.4172 
8169: 91.4675 152.091 93.1901 
8170: 54.3578 125.429 84.4032 
8171: 108.227 55.5874 79.9288 
8172: 71.37 75.8527 124.205 
8173: 60.5921 148.09 92.6212 
8174: 110.818 23.5942 95.8208 
8175: 82.5403 60.9585 102.468 
8176: 126.058 135.609 86.3742 
8177: 127.684 75.2801 62.8574 
8178: 63.8718 98.6677 87.764 
8179: 50.6723 58.2938 108.39 
8180: 90 115.956 80.7406 
8181: 88.814 161.269 84.3004 
8182: 129.806 95.3974 100.446 
8183: 150.233 101.223 60.5029 
8184: 65.9607 110.38 58.974 
8185: 89.4428 131.491 150.815 
8186: 79.6991 102.586 75.182 
8187: 35.5524 61.8635 116.178 
8188: 53.7811 69.6995 112.67 
8189: 124.368 40.4036 78.2259 
8190: 99.0894 64.4001 65.9692 
8191: 59.7414 119.639 74.3857 
8192: 65.1958 83.4384 125.958 
8193: 70.904 84.2307 56.952 
8194: 98.2133 140.695 162.459 
8195: 88.82 109.97 72.7091 
8196: 105.645 137.664 53.3378 
8197: 60.0581 103.512 52.6052 
8198: 56.2578 137.551 93.0857 
8199: 83.9617 107.467 52.9969 
8200: 96.7442 88.678 109.594 
8201: 33.5733 134.898 115.849 
8202: 86.889 99.4885 85.7924 
8203: 77.3723 140.798 87.2607 
8204: 76.8033 126.276 52.7866 
8205: 108.737 104.503 127.05 
8206: 85.2373 110.041 97.3237 
8207: 63.2736 88.029 68.2751 
8208: 122.012 81.5731 124.486 
8209: 70.8479 135.166 138.844 
8210: 57.2729 110.288 134.292 
8211: 74.2736 88.2562 129.298 
8212: 123.343 78.5141 106.306 
8213: 57.2283 104.261 86.3591 
8214: 97.5389 70.1739 118.062 
8215: 14.3103 100.814 79.1121 
8216: 35.5507 130.973 124.207 
8217: 75.0748 114.936 173.931 
8218: 92.4827 83.5878 108.602 
8219: 80.88 76.2416 55.9748 
8220: 102.123 104.232 125.575 
8221: 101.337 95.0111 137.728 
8222: 64.0033 116.016 90.5417 
8223: 81.416 146.47 85.5048 
8224: 61.208 99.9426 119.374 
8225: 145.859 90.6127 58.1641 
8226: 52.714 113.794 91.7791 
8227: 76.7633 110.01 141.843 
8228: 72.4292 40.5421 132.979 
8229: 112.326 134.194 145.88 
8230: 37.7363 99.1247 120.396 
8231: 116.055 87.2088 135.547 
8232: 72.172 123.055 93.03 
8233: 90.2017 100.734 79.8198 
8234: 109.774 99.4127 94.4424 
8235: 80.325 113.459 101.646 
8236: 101.725 112.166 113.505 
8237: 102.25 34.4292 122.167 
8238: 157.759 90.4735 107.201 
8239: 76.7459 136.019 75.9565 
8240: 93.7427 52.6211 108.434 
8241: 68.4618 59.4243 112.788 
8242: 66.9889 100.595 125.634 
8243: 136.64 117.867 101.845 
8244: 50.7393 103.766 123.138 
8245: 85.567 107.689 115.474 
8246: 82.4867 106.143 72.3155 
8247: 113.175 156.251 103.066 
8248: 92.0676 163.797 82.6309 
8249: 122.798 42.1339 132.411 
8250: 96.3632 91.7263 111.427 
8251: 97.3031 103.181 100.572 
8252: 138.123 71.264 114.091 
8253: 60.4363 75.7357 48.523 
8254: 95.2294 96.8423 133.417 
8255: 96.9502 75.1139 130.758 
8256: 88.6811 81.0042 84.9375 
8257: 29.0032 68.7077 83.8364 
8258: 139.816 96.1915 115.31 
8259: 102.931 103.321 113.302 
8260: 85.0076 118.179 101.551 
8261: 81.882 65.5388 69.9908 
8262: 41.3147 124.955 92.1474 
8263: 7.86778 102.744 95.1733 
8264: 65.7329 66.35 135.242 
8265: 60.0767 123.662 88.823 
8266: 134.016 112.305 82.8714 
8267: 74.6456 67.8369 98.8922 
8268: 50.5007 95.9983 128.135 
8269: 55.8987 135.978 142.958 
8270: 84.645 97.5905 122.334 
8271: 53.7522 97.185 64.5812 
8272: 88.6451 106.005 115.294 
8273: 82.7708 110.488 86.9997 
8274: 84.1342 36.2535 106.235 
8275: 28.3004 93.4484 116.958 
8276: 65.2989 79.4907 104.71 
8277: 109.947 91.5514 106.617 
8278: 129.837 72.2776 56.1154 
8279: 120.82 112.237 151.612 
8280: 33.2961 103.825 102.841 
8281: 102.111 165.19 121.072 
8282: 53.304 127.729 90.2544 
8283: 136.308 55.7631 111.489 
8284: 69.4649 106.734 51.4432 
8285: 57.4298 90.6944 157.551 
8286: 43.4171 79.9862 97.6697 
8287: 105.514 67.9092 40.0268 
8288: 68.7884 159.141 69.9652 
8289: 101.971 81.9847 84.7332 
8290: 122.292 106.223 110.722 
8291: 27.1733 88.36 120.384 
8292: 96.1833 130.487 81.2662 
8293: 98.6689 107.802 106.005 
8294: 84.5707 71.4377 119.685 
8295: 62.441 147.786 64.9202 
8296: 77.1858 104.695 144.505 
8297: 114.666 138.045 67.3274 
8298: 101.791 110.216 103.542 
8299: 77.5814 105.107 33.8891 
8300: 61.4578 121.775 113.432 
8301: 64.392 98.5023 165.427 
8302: 120.297 80.9179 130.143 
8303: 112.53 74.6484 153.777 
8304: 110.907 123.514 110.563 
8305: 106.676 69.8983 93.6987 
8306: 82.456 87.529 62.4306 
8307: 90.9515 73.9855 69.5334 
8308: 145.658 116.094 56.3696 
8309: 123.753 129.634 106.657 
8310: 85.1093 116.989 149.18 
8311: 95.898 109.016 77.6584 
8312: 80.8838 78.3567 133.544 
8313: 85.107 170.238 93.9937 
8314: 114.137 79.3 116.338 
8315: 104.571 132.484 93.9713 
8316: 72.4516 96.6992 116.672 
8317: 92.9509 94.08 130.231 
8318: 71.5356 129.385 59.7091 
8319: 75.1885 76.5683 116.689 
8320: 107.556 104.85 15.0518 
8321: 79.0599 123.229 38.5396 
8322: 39.4348 90.2601 129.66 
8323: 37.5667 107.217 152.841 
8324: 87.257 117.593 77.1926 
8325: 119.863 73.2866 87.6824 
8326: 81.6433 134.138 101.871 
8327: 73.141 111.835 77.5386 
8328: 94.2418 124.742 93.8272 
8329: 113.888 101.754 33.9881 
8330: 121.014 120.645 102.655 
8331: 86.412 137.069 105.794 
8332: 109.607 94.2861 129.865 
8333: 70.756 81.1228 125.701 
8334: 67.462 148.342 144.743 
8335: 53.1943 124.131 76.6978 
8336: 103.225 113.664 65.3949 
8337: 76.2893 128.061 140.049 
8338: 58.5413 129.677 106.493 
8339: 108.824 65.8905 91.6965 
8340: 47.7942 83.8129 75.8287 
8341: 104.153 112.185 81.2381 
8342: 147.811 111.407 125.703 
8343: 100.042 97.8391 55.0416 
8344: 94.52 111.265 34.8514 
8345: 84.6499 127.129 82.4416 
8346: 117.744 128.856 120.058 
8347: 79.8968 85.8472 113.351 
8348: 106.453 131.805 131.967 
8349: 76.4148 101.416 86.5291 
8350: 53.8131 120.751 84.3976 
8351: 76.0799 110.659 117.01 
8352: 76.2188 115.688 103.711 
8353: 83.369 170.147 102.441 
8354: 144.355 67.1961 118.031 
8355: 125.53 91.3645 39.7287 
8356: 21.6167 102.188 135.203 
8357: 114.013 117.321 48.335 
8358: 86.423 116.44 126.695 
8359: 45.1004 67.6341 149.617 
8360: 117.505 65.8248 127.508 
8361: 52.6227 43.598 74.4069 
8362: 92.9934 76.0198 103.572 
8363: 47.666 150.034 104.444 
8364: 94.836 29.4647 104.952 
8365: 97.0522 27.9626 81.2827 
8366: 62.0613 135.113 114.843 
8367: 42.9618 125.344 66.2754 
8368: 114.816 86.4563 56.0611 
8369: 76.3547 141.612 98.5347 
8370: 79.1924 131.39 109.689 
8371: 106.091 87.2286 112.057 
8372: 94.8487 91.131 78.6965 
8373: 80.024 87.863 74.5812 
8374: 113.437 98.5482 94.7809 
8375: 143.355 114.642 107.498 
8376: 141.948 89.0015 111.523 
8377: 116.286 97.0731 52.8117 
8378: 97.1907 135.656 94.613 
8379: 90.8829 87.0596 142.511 
8380: 89.5219 153.622 65.3015 
8381: 88.9556 90.9232 68.6987 
8382: 70.6165 89.534 95.0601 
8383: 66.9601 118.272 103.22 
8384: 65.7404 97.4165 58.9405 
8385: 114.034 133.08 85.3314 
8386: 82.8716 84.6887 164.427 
8387: 95.1287 53.7869 84.2226 
8388: 18.2111 105.177 109.737 
8389: 76.9292 93.8545 97.4073 
8390: 79.3299 109.384 112.738 
8391: 83.2019 76.2888 84.8655 
8392: 48.5408 110.918 98.9851 
8393: 41.032 126.926 98.6883 
8394: 128.204 103.659 33.6772 
8395: 129.937 110.878 147.612 
8396: 84.984 50.6216 93.5159 
8397: 108.853 78.9379 136.511 
8398: 69.22 68.7708 85.5476 
8399: 93.584 135.9 109.651 
8400: 159.871 98.6734 86.9965 
8401: 89.8364 76.6925 95.3484 
8402: 139.82 101.395 117.286 
8403: 88.8489 80.7999 114.066 
8404: 68.2812 81.5992 82.8827 
8405: 87.4045 125.954 53.8865 
8406: 94.5516 100.389 100.541 
8407: 43.6738 106.048 104.604 
8408: 81.8987 72.8926 118.722 
8409: 85.4663 64.1742 109.259 
8410: 118.196 105.589 131.77 
8411: 101.682 123.614 118.527 
8412: 84.6891 107.222 79.4991 
8413: 94.584 131.907 116.802 
8414: 77.2032 80.2813 104.607 
8415: 99.43 127.964 94.2279 
8416: 18.8479 81.325 112.466 
8417: 109.852 132.308 79.3899 
8418: 84.0156 48.0325 102.417 
8419: 75.7578 145.47 75.9749 
8420: 133.284 118.134 103.993 
8421: 105.457 141.654 108.46 
8422: 78.7543 95.3996 102.587 
8423: 109.991 89.3403 0 
8424: 33.4929 71.2055 79.965 
8425: 84.6467 109.035 41.6738 
8426: 65.0136 70.2371 139.796 
8427: 23.3379 76.6964 91.5088 
8428: 61.1995 90.2984 116.881 
8429: 70.8447 89.3628 70.245 
8430: 57.955 86.7051 100.162 
8431: 81.2882 53.3447 131.904 
8432: 133.839 82.3826 149.471 
8433: 73.1911 126.548 109.717 
8434: 81.7725 38.3103 120.354 
8435: 50.96 77.2237 171.797 
8436: 72.046 106.509 77.1076 
8437: 110.729 106.593 103.024 
8438: 76.8198 124.832 83.4992 
8439: 126.2 109.517 114.461 
8440: 67.0983 118.135 134.171 
8441: 99.1719 57.6001 77.5082 
8442: 96.384 123.738 79.8643 
8443: 124.669 118.286 123.054 
8444: 50.95 129.509 98.9178 
8445: 145.138 113.235 86.1132 
8446: 79.792 76.5336 123.798 
8447: 36.3467 119.768 128.905 
8448: 135.236 102.669 84.0859 
8449: 63.757 76.7137 129.247 
8450: 105.522 133.007 160.325 
8451: 68.7411 90.1313 64.6499 
8452: 93.8432 92.1908 81.1761 
8453: 56.3067 66.9431 116.586 
8454: 135.919 103.491 98.2724 
8455: 102.03 84.2713 31.3537 
8456: 133.97 142.607 50.3161 
8457: 90.6767 130.756 84.702 
8458: 92.7363 64.8391 107.467 
8459: 106.817 107.332 140.326 
8460: 27.8472 102.193 102.935 
8461: 91.8075 58.8744 68.8743 
8462: 80.9473 122.608 140.251 
8463: 64.8897 100.516 128.773 
8464: 101.65 95.9248 138.167 
8465: 127.25 84.2967 122.974 
8466: 98.6074 84.5402 157.631 
8467: 111.829 65.993 118.455 
8468: 88.964 76.4927 72.5739 
8469: 43.732 108.289 119.835 
8470: 82.9331 64.0286 130.367 
8471: 51.1333 99.9433 87.7893 
8472: 98.8744 74.1678 84.9524 
8473: 134.542 111.14 121.773 
8474: 97.0267 93.6617 110.409 
8475: 96.0123 119.088 79.6166 
8476: 56.2297 122.524 62.3021 
8477: 83.7196 55.9919 109.694 
8478: 112.638 40.844 108.161 
8479: 78.5643 79.5725 97.82 
8480: 65.2102 77.6175 120.658 
8481: 99.7702 117.669 93.8685 
8482: 42.8167 89.4134 78.585 
8483: 71.4292 106.647 101.021 
8484: 90.4764 44.0655 113.208 
8485: 118.892 80.9433 55.1263 
8486: 0 96.2245 100.475 
8487: 102.32 63.5217 103.025 
8488: 98.532 89.6738 97.0765 
8489: 132.112 75.5248 125.657 
8490: 148.175 81.1231 98.8236 
8491: 118.888 115.891 101.134 
8492: 66.925 77.7361 78.1467 
8493: 25.672 102.402 125.624 
8494: 76.1728 54.1099 117.408 
8495: 156.117 117.725 115.243 
8496: 67.9112 74.9884 72.3033 
8497: 107.393 84.1365 50.18 
8498: 42.3727 112.793 120.196 
8499: 89.4823 71.9316 143.891 
8500: 62.1249 99.5845 69.7365 
8501: 55.3279 99.4883 54.1139 
8502: 41.1344 147.226 85.6049 
8503: 124.793 76.0435 115.283 
8504: 118.052 109.296 86.6286 
8505: 92.824 124.57 99.5989 
8506: 92.7881 74.6819 57.1628 
8507: 84.6563 110.092 39.2365 
8508: 67.1578 95.8045 58.6638 
8509: 130.056 48.9556 89.5238 
8510: 81.684 68.2001 121.596 
8511: 135.099 99.0672 97.8636 
8512: 119.264 72.3922 44.62 
8513: 101.593 114.668 98.2593 
8514: 81.8599 163.981 94.1383 
8515: 123.551 102.603 82.7651 
8516: 83.0713 39.1736 97.1408 
8517: 69.6 74.4325 147.185 
8518: 91.0554 160.535 93.001 
8519: 88.7441 74.1606 115.325 
8520: 86.41 117.212 100.774 
8521: 123.106 107.791 47.3386 
8522: 97.7188 132.984 137.375 
8523: 70.0733 66.8786 115.379 
8524: 85.6047 128.401 137.756 
8525: 91.3189 75.612 49.2554 
8526: 101.717 141.098 89.0371 
8527: 106.477 54.9391 79.7471 
8528: 61.6838 78.8596 100.688 
8529: 127.389 132.806 76.462 
8530: 75.0449 127.955 113.401 
8531: 96.0243 70.6502 137.385 
8532: 106.973 126.504 120.564 
8533: 120.888 119.954 66.1241 
8534: 123.41 118.02 98.9381 
8535: 41.6801 122.088 73.7194 
8536: 120.073 131.892 107.306 
8537: 111.339 107.889 119.007 
8538: 72.5014 154.042 65.8221 
8539: 80.0913 100.877 116.311 
8540: 119.822 84.1261 91.3571 
8541: 124.803 102.187 93.2849 
8542: 130.563 83.1063 81.8206 
8543: 122.351 55.9554 108.317 
8544: 99.2767 108.996 99.1706 
8545: 81.9132 110.603 110.349 
8546: 124.973 95.7447 99.671 
8547: 116.589 64.9744 61.7823 
8548: 80.3718 161.041 137.133 
8549: 46.99 106.982 107.988 
8550: 87.4856 122.866 36.9358 
8551: 83.3937 94.9035 101.34 
8552: 19.6667 79.8937 78.7295 
8553: 91.1767 130.961 67.3043 
8554: 102.704 80.2566 107.749 
8555: 119.298 69.6134 116.572 
8556: 106.822 129.438 92.0669 
8557: 127.742 122.826 73.6584 
8558: 91.6312 127.937 123.712 
8559: 78.0678 75.5132 126.291 
8560: 42.6542 122.807 91.0176 
8561: 63.7704 109.205 55.1095 
8562: 71.9222 68.1469 73.007 
8563: 37.4145 127.926 76.8695 
8564: 87.1112 132.311 103.222 
8565: 63.3331 45.2965 129.062 
8566: 70.7283 94.5226 79.3035 
8567: 129.1 100.495 127.835 
8568: 118.971 132.756 116.984 
8569: 32.38 89.5133 109.349 
8570: 123.679 87.911 136.423 
8571: 88.9367 69.1722 113.703 
8572: 175.072 91.9363 96.4398 
8573: 33.4093 124.033 116.185 
8574: 84.2091 95.1741 40.9835 
8575: 125.607 79.5395 111.199 
8576: 120.806 149.723 88.5355 
8577: 98.088 100.317 75.5317 
8578: 69.0809 158.691 68.9394 
8579: 131.556 114.452 111.415 
8580: 76.6267 54.8943 80.4505 
8581: 59.2438 75.1464 117.378 
8582: 46.8169 115.859 112.393 
8583: 75.5475 117.176 79.0698 
8584: 46.5064 108.485 133.626 
8585: 89.6593 131.987 99.7924 
8586: 52.2934 102.667 115.411 
8587: 112.397 136.161 126.744 
8588: 75.9253 106.03 101.378 
8589: 90.2946 137.169 92.4262 
8590: 119.159 38.3976 111.605 
8591: 28.2548 92.8296 101.343 
8592: 130.809 93.4181 88.6909 
8593: 139.571 124.586 74.5187 
8594: 44.9038 72.3115 86.9906 
8595: 84.9156 88.4699 135.186 
8596: 87.8932 43.682 129.702 
8597: 124.74 96.9027 82.1248 
8598: 36.6389 74.3928 72.6242 
8599: 103.836 119.091 81.2916 
8600: 61.3404 124.047 105.184 
8601: 83.3708 127.091 89.4792 
8602: 82.1287 122.613 85.8527 
8603: 77.58 101.575 82.6499 
8604: 34.7363 77.818 102.961 
8605: 86.093 74.4346 84.8799 
8606: 70.4072 105.827 128.392 
8607: 65.7108 83.0565 59.7392 
8608: 56.196 118.479 51.6096 
8609: 110.789 89.7855 148.894 
8610: 69.3552 105.042 122.643 
8611: 87.397 98.0515 104.941 
8612: 98.4078 108.684 107.7 
8613: 57.8756 152.796 106.229 
8614: 71.4039 98.7814 67.5785 
8615: 61.0169 121.673 101.056 
8616: 133.234 91.0674 136.943 
8617: 88.224 90.1776 87.6597 
8618: 88.6449 168.05 114.406 
8619: 128.382 75.5525 119.085 
8620: 103.103 143.774 106.951 
8621: 146.712 112.959 90.4502 
8622: 49.9359 107.152 108.501 
8623: 82.6224 83.0751 75.997 
8624: 65.0086 91.4425 115.27 
8625: 119.605 128.839 73.7259 
8626: 103.138 116.058 43.3237 
8627: 85.9633 142.018 98.5283 
8628: 80.7818 78.5488 129.299 
8629: 44.8993 117.13 142.941 
8630: 116.565 64.2021 65.5809 
8631: 81.72 109.827 144.949 
8632: 135.088 93.1589 108.3 
8633: 67.9303 108.537 94.4292 
8634: 53.8129 130.059 103.412 
8635: 93.78 154.195 123.996 
8636: 126.182 100.884 90.6033 
8637: 106.737 104.586 81.2285 
8638: 82.0927 108.233 44.6489 
8639: 82.7167 83.9503 108.336 
8640: 25.1437 77.074 107.16 
8641: 123.601 118.426 102.957 
8642: 99.8128 103.246 121.209 
8643: 124.23 121.117 92.9348 
8644: 158.392 80.0091 89.875 
8645: 105.302 97.3085 104.218 
8646: 100.98 87.242 107.816 
8647: 128.857 89.666 49.2065 
8648: 71.8206 104.706 125.782 
8649: 44.9651 44.631 140.11 
8650: 78.6591 70.1467 115.393 
8651: 117.924 98.0272 157.785 
8652: 68.7169 86.7626 76.3717 
8653: 109.244 86.6312 117.796 
8654: 91.9374 136.099 61.2815 
8655: 68.1858 117.889 151.694 
8656: 78.7257 109.505 73.6558 
8657: 105.508 113.022 141.479 
8658: 49.8216 101.461 110.161 
8659: 116.508 137.02 125.893 
8660: 95.7526 137.098 67.6826 
8661: 129.024 63.9152 79.6009 
8662: 72.5632 142.459 140.271 
8663: 142.513 74.0742 84.3995 
8664: 129.636 134.121 127.103 
8665: 59.3224 56.9627 142.478 
8666: 59.9007 108.013 124.553 
8667: 121.357 15.2442 92.6135 
8668: 64.0687 108.633 34.4302 
8669: 64.422 125.656 51.8385 
8670: 77.6114 98.9487 76.4682 
8671: 58.545 94.9645 73.3323 
8672: 112.66 126.935 135.44 
8673: 29.2903 71.2252 72.5453 
8674: 100.515 95.2299 76.7909 
8675: 76.9117 87.329 82.8901 
8676: 89.8719 162.416 83.4113 
8677: 19.9978 82.2641 69.1582 
8678: 63.5946 106.369 95.9224 
8679: 126.37 130.271 107.843 
8680: 111.494 128.635 87.1822 
8681: 68.337 51.1573 123.66 
8682: 92.8404 97.8787 129.553 
8683: 110.914 52.8954 63.7986 
8684: 103.179 147.868 89.8712 
8685: 61.5749 113.74 94.2693 
8686: 88.7983 103.569 106.312 
8687: 35.5622 84.8413 89.6817 
8688: 96.0253 135.077 54.295 
8689: 46.7688 156.943 122.639 
8690: 88.169 28.5432 98.7282 
8691: 74.2302 113.369 70.9132 
8692: 125.597 137.2 90.112 
8693: 93.336 93.7111 130.73 
8694: 76.6816 96.1865 81.9501 
8695: 63.6961 83.8164 54.2026 
8696: 134.122 109.855 110.866 
8697: 76.2218 115.121 80.5907 
8698: 93.25 101.336 100.178 
8699: 97.1598 88.273 125.519 
8700: 53.9928 100.513 109.819 
8701: 49.1822 47.7612 127.266 
8702: 73.8836 88.931 147.052 
8703: 89.1396 63.8624 72.2694 
8704: 32.5905 77.4449 118.646 
8705: 119.039 100.299 82.0428 
8706: 136.447 122.459 120.693 
8707: 46.5998 107.464 64.7179 
8708: 90.719 114.823 127.127 
8709: 100.912 93.5126 106.883 
8710: 116.346 132.441 84.2805 
8711: 70.4684 171.467 90.5214 
8712: 109.731 102.821 79.9341 
8713: 90.1384 173.128 86.6129 
8714: 126.16 72.7556 132.161 
8715: 40.5538 52.5507 129.692 
8716: 125.652 108.699 87.5204 
8717: 89.7299 76.3375 89.4646 
8718: 75.617 28.1732 89.2427 
8719: 93.0973 154.512 135.103 
8720: 86.0294 86.4693 145.785 
8721: 118.939 69.6934 140.178 
8722: 71.0271 57.5789 83.9128 
8723: 94.9089 112.06 115.837 
8724: 87.304 84.4703 65.0029 
8725: 84.6592 116.488 140.15 
8726: 69.2209 93.1019 81.368 
8727: 99.7018 96.3109 85.8948 
8728: 56.544 105.337 105.261 
8729: 69.6437 148.062 103.107 
8730: 120.699 84.2358 96.1455 
8731: 59.7299 121.828 88.7684 
8732: 54.0856 111.926 73.2197 
8733: 48.4679 86.509 92.8806 
8734: 67.2021 122.558 82.0362 
8735: 80.5878 95.5901 114.931 
8736: 94.2682 77.9544 119.094 
8737: 68.3016 65.3515 134.531 
8738: 103.482 90.7652 140.582 
8739: 119.982 60.4877 120.958 
8740: 103.301 62.3588 72.2992 
8741: 106.383 82.9108 140.843 
8742: 116.028 63.878 87.7867 
8743: 42.4033 147.71 117.22 
8744: 129.299 140.309 81.8774 
8745: 57.4412 68.5447 118.225 
8746: 115.972 160.411 76.8853 
8747: 98.6644 88.3957 136.498 
8748: 128.117 124.058 73.4158 
8749: 115.713 97.5471 126.741 
8750: 114.027 131.838 64.5968 
8751: 75.435 92.8743 67.8109 
8752: 97.1244 95.5749 137.211 
8753: 91.3487 77.4067 76.1344 
8754: 149.109 89.3026 114.059 
8755: 110.434 78.5855 133.743 
8756: 78.72 72.8918 102.955 
8757: 124.899 104.078 104.438 
8758: 66.0317 111.698 54.689 
8759: 50.8457 106.845 43.7623 
8760: 32.1574 113.118 120.235 
8761: 72.2519 42.8919 121.609 
8762: 101.383 146.611 73.6485 
8763: 92.5811 57.7072 113.216 
8764: 126.876 74.0573 69.1374 
8765: 137.777 89.9161 106.626 
8766: 54.6204 106.328 86.3059 
8767: 125.522 129.365 112.74 
8768: 128.719 43.0141 132.967 
8769: 89.1379 115.145 77.4408 
8770: 111.471 91.5425 62.5092 
8771: 109.888 139.315 65.4223 
8772: 72.1181 143.982 104.636 
8773: 21.9035 104.599 107.716 
8774: 130.364 37.349 82.7711 
8775: 125.994 102.099 118.699 
8776: 105.575 56.4497 82.4677 
8777: 60.1313 85.2846 124.546 
8778: 139.396 127.288 70.4724 
8779: 106.324 100.994 114.758 
8780: 152.701 116.948 108.766 
8781: 106.593 95.4031 137.546 
8782: 56.6016 109.157 63.621 
8783: 109.978 122.056 58.6605 
8784: 78.0673 48.1972 104.404 
8785: 115.012 101.292 73.0611 
8786: 93.3229 68.3463 96.3547 
8787: 73.7878 117.79 75.2443 
8788: 57.7661 66.0047 101.885 
8789: 98.008 101.397 94.9555 
8790: 95.5512 62.5336 120.54 
8791: 128.069 73.1738 100.954 
8792: 116.24 66.2887 99.9387 
8793: 51.8293 95.6371 76.1714 
8794: 93.5251 59.3319 52.3531 
8795: 21.5111 139.136 106.622 
8796: 119.548 84.412 122.709 
8797: 60.0792 84.3599 96.8898 
8798: 102.532 134.026 120.111 
8799: 121.497 86.0749 105.663 
8800: 100.97 158.235 76.0767 
8801: 123.336 61.1839 97.5768 
8802: 64.184 121.409 62.0703 
8803: 75.9751 83.3046 164.586 
8804: 92.8579 131.712 141.56 
8805: 46.7993 74.2921 88.0049 
8806: 38.3947 154.265 92.7322 
8807: 112.715 98.827 112.459 
8808: 59.6673 104.928 58.6825 
8809: 63.1382 54.7068 103.336 
8810: 82.189 104.084 98.2782 
8811: 108.671 108.671 137.801 
8812: 122.517 96.2655 131.168 
8813: 91.1819 94.2845 129.988 
8814: 73.3329 94.4374 56.605 
8815: 113.005 124.9 75.86 
8816: 98.288 89.2963 111.97 
8817: 75.9065 113.671 146.764 
8818: 85.4313 97.0546 92.7084 
8819: 115.675 71.0489 66.1505 
8820: 86.5141 97.5206 148.75 
8821: 98.6036 114.102 73.6203 
8822: 125.844 125.994 75.1999 
8823: 31.8917 81.9719 125.748 
8824: 101.934 119.597 72.1122 
8825: 121.911 83.9489 104.188 
8826: 64.8426 50.208 98.4485 
8827: 131.588 110.955 116.185 
8828: 75.5884 76.0732 91.4805 
8829: 100.747 101.694 126.731 
8830: 36.3392 118.456 72.6161 
8831: 81.3366 120.354 44.1184 
8832: 113.586 127.023 133.377 
8833: 108.165 106.453 90.3403 
8834: 122.335 121.301 76.5224 
8835: 152.893 95.4121 122.741 
8836: 110.427 143.053 145.564 
8837: 81.7427 114.368 56.6933 
8838: 77.9536 126.934 88.0524 
8839: 74.755 53.9837 71.6306 
8840: 111.58 87.8087 53.7793 
8841: 74.0783 74.0763 109.081 
8842: 80.5889 62.5347 110.086 
8843: 101.393 127.855 97.3799 
8844: 97.282 104.314 106.966 
8845: 112.076 77.3232 139.809 
8846: 80.0492 76.7715 110.24 
8847: 146.278 74.245 125.471 
8848: 89.7591 119.394 108.884 
8849: 88.8511 143.545 60.993 
8850: 62.0527 35.5074 113.557 
8851: 65.5556 77.9551 75.9868 
8852: 92.8327 98.305 96.5076 
8853: 113.232 91.2466 130.819 
8854: 98.4844 96.8184 110.671 
8855: 83.4696 132.511 136.682 
8856: 64.1529 141.409 88.5568 
8857: 91.3609 121.109 121.872 
8858: 75.1326 90.9656 114.117 
8859: 107.058 101.154 63.8165 
8860: 110.788 80.6126 61.6125 
8861: 123.93 78.7816 73.0406 
8862: 84.4869 139.163 84.8359 
8863: 102.355 74.8344 134.782 
8864: 64.0806 152.599 112.156 
8865: 58.5074 111.727 109.771 
8866: 84.5663 81.56 86.8998 
8867: 123.934 131.879 47.1551 
8868: 131.581 110.257 118.583 
8869: 157.236 118.886 111.2 
8870: 120.355 100.994 109.596 
8871: 121.853 106.223 97.4663 
8872: 90.5004 160.292 91.5383 
8873: 69.7702 98.7456 64.344 
8874: 122.024 97.5001 114.392 
8875: 82.9818 52.8219 119.919 
8876: 62.4946 135.183 105.194 
8877: 101.307 31.4151 103.855 
8878: 127.312 33.6522 119.093 
8879: 78.0784 122.698 59.6188 
8880: 120.653 93.9495 149.578 
8881: 121.073 138.566 98.3309 
8882: 138.51 57.6382 66.1632 
8883: 101.019 27.5916 93.3223 
8884: 84.1541 111.112 177.364 
8885: 81.832 91.7901 84.2222 
8886: 102.025 115.923 63.8302 
8887: 125.733 80.9127 87.8932 
8888: 41.8193 90.9116 120.119 
8889: 89.6723 87.2342 126.308 
8890: 67.1427 86.9587 100.41 
8891: 103.642 137.723 136.433 
8892: 154.506 108.576 81.4935 
8893: 80.6629 137.746 108.108 
8894: 149.092 110.557 102.195 
8895: 106.22 143.18 59.0908 
8896: 113.704 96.7821 84.178 
8897: 103.925 59.8739 131.982 
8898: 51.0529 146.051 85.0552 
8899: 92.79 100.897 75.7447 
8900: 74.4396 81.7889 124.334 
8901: 94.2109 139.424 59.3635 
8902: 125.158 40.5142 106.222 
8903: 166.613 103.938 100.389 
8904: 48.5449 91.5368 79.5053 
8905: 71.0733 71.0393 95.0308 
8906: 124.306 111.535 103.583 
8907: 30.0756 94.8132 80.2676 
8908: 119.143 63.9452 151.599 
8909: 106.7 101.529 90.4859 
8910: 98.8334 143.1 73.4218 
8911: 88.7544 93.0746 138.996 
8912: 68.5562 88.6225 96.288 
8913: 41.6651 58.1916 112.413 
8914: 110.859 135.822 110.885 
8915: 51.6659 125.66 148.97 
8916: 105.417 85.2543 104.527 
8917: 130.598 54.2171 145.14 
8918: 64.603 147.027 87.7544 
8919: 73.359 122.53 35.4822 
8920: 89.4313 113.504 131.727 
8921: 52.1441 64.2894 110.797 
8922: 128.93 100.024 96.5748 
8923: 117.883 151.313 77.9837 
8924: 116.591 121.547 71.4322 
8925: 99.4914 111.921 45.9668 
8926: 46.7223 94.0638 153.085 
8927: 73.4707 72.289 77.0716 
8928: 80.2704 104.317 160.314 
8929: 100.726 46.6759 78.0567 
8930: 63.3967 129.188 83.0341 
8931: 68.7102 79.9829 45.2375 
8932: 64.286 66.6321 116.955 
8933: 88.9429 84.2972 124.05 
8934: 32.1746 106.669 76.5351 
8935: 77.2332 70.3935 113.749 
8936: 46.6621 62.9259 81.7543 
8937: 76.7757 107.99 153.409 
8938: 87.4905 110.409 135.984 
8939: 124.692 46.5751 90.7964 
8940: 64.176 95.2033 46.3603 
8941: 81.7497 116 62.9545 
8942: 133.876 151.869 133.777 
8943: 76.8033 130.364 74.6234 
8944: 66.3819 88.9771 83.4708 
8945: 160.061 111.427 102.76 
8946: 52.2728 133.317 82.688 
8947: 87.806 131.022 65.0066 
8948: 72.8685 125.482 97.8761 
8949: 104.412 79.2233 144.691 
8950: 101.821 97.5365 103.658 
8951: 112.131 100.603 80.646 
8952: 94.41 145.667 66.2625 
8953: 59.8747 123.114 63.4681 
8954: 101.421 94.8328 87.6529 
8955: 58.875 61.9804 110.926 
8956: 132.398 99.3712 146.47 
8957: 60.3633 77.8209 120.632 
8958: 47.2918 59.7231 97.2028 
8959: 32.6257 77.9504 126.741 
8960: 89.9385 148.715 68.2019 
8961: 94.9177 124.257 145.672 
8962: 63.9491 105.859 142.999 
8963: 73.961 77.3067 117.659 
8964: 88.853 94.9994 97.705 
8965: 107.098 78.3864 44.3051 
8966: 105.855 132.999 105.334 
8967: 96.875 70.3686 108.666 
8968: 80.9454 79.5823 97.4296 
8969: 116.191 133.61 81.2711 
8970: 58.6422 73.0356 68.4724 
8971: 103.184 123.859 97.0595 
8972: 93.8791 45.8867 135.775 
8973: 112.197 79.43 121.7 
8974: 60.0898 88.8647 142.152 
8975: 95.045 109.975 63.3053 
8976: 98.9496 93.0134 117.366 
8977: 68.7307 75.0322 84.2017 
8978: 98.078 152.995 126.399 
8979: 129.101 117.382 96.7612 
8980: 88.5427 50.1843 110.986 
8981: 101.019 123.506 116.432 
8982: 79.6581 121.506 113.233 
8983: 82.65 129.363 67.2408 
8984: 96.8104 132.642 134.951 
8985: 83.3694 121.362 98.1011 
8986: 58.881 90.4368 89.7716 
8987: 90.4996 91.7962 146.525 
8988: 111.46 90.1967 69.4902 
8989: 83.484 81.7134 132.551 
8990: 88.9762 127.767 60.2792 
8991: 97.0194 129.277 92.5814 
8992: 72.5627 73.4158 98.3685 
8993: 72.1578 35.491 124.578 
8994: 114.655 78.9366 99.8799 
8995: 88.4527 104.481 103.567 
8996: 119.058 84.8366 81.6006 
8997: 87.6799 53.6643 107.842 
8998: 89.6173 96.0396 109.27 
8999: 117.504 128.154 119.544 
9000: 65.6066 83.8482 66.1183 
9001: 76.336 94.4806 79.5171 
9002: 114.848 85.8709 96.4768 
9003: 111.291 109.118 74.9617 
9004: 150.72 124.92 83.2603 
9005: 122.672 110.373 143.007 
9006: 89.6613 61.5261 108.034 
9007: 95.568 119.525 74.8584 
9008: 94.2952 51.794 88.7643 
9009: 90.3065 93.0052 162.124 
9010: 79.3529 94.8308 125.318 
9011: 53.9087 87.9511 150.797 
9012: 54.1513 75.065 127.5 
9013: 155.601 101.314 70.473 
9014: 52.8533 78.5273 100.337 
9015: 73.2708 106.76 83.7967 
9016: 102.738 67.812 107.266 
9017: 76.5809 54.96 100.436 
9018: 102.794 98.7438 82.9312 
9019: 76.1511 119.453 37.5121 
9020: 60.394 118.577 113.03 
9021: 93.9253 105.835 105.112 
9022: 52.1169 129.425 125.702 
9023: 81.3456 108.602 56.7344 
9024: 96.6791 162.226 72.9277 
9025: 58.6466 88.7106 120.554 
9026: 94.0787 126.053 149.698 
9027: 88.4771 124.534 31.7161 
9028: 50.292 120.221 62.1643 
9029: 66.944 101.427 82.1842 
9030: 109.312 101.538 85.6808 
9031: 73.3017 68.8912 129.03 
9032: 100.029 86.1202 84.4677 
9033: 78.2093 53.0256 118.224 
9034: 86.1494 122.736 142.09 
9035: 102.958 67.4441 92.6837 
9036: 93.1827 61.8327 92.4974 
9037: 112.209 59.7647 73.6865 
9038: 109.356 164.733 89.0605 
9039: 87.3591 64.5026 101.108 
9040: 146.569 138.537 103.57 
9041: 74.5813 99.1902 112.687 
9042: 119.562 96.6549 63.046 
9043: 128.209 68.6899 113.1 
9044: 73.0187 132.68 129.067 
9045: 68.7133 89.4517 98.9649 
9046: 88.1167 114.4 90.6738 
9047: 89.0381 110.568 142.686 
9048: 83.0692 101.296 80.4997 
9049: 88.5227 139.802 117.21 
9050: 104.839 97.0171 126.4 
9051: 63.2333 44.2411 105.335 
9052: 110.87 90.9567 88.5703 
9053: 73.7098 118.549 74.1136 
9054: 49.4787 127.617 70.2852 
9055: 91.064 120.412 86.8642 
9056: 42.5851 142.655 74.7302 
9057: 52.158 113.578 96.8431 
9058: 68.6495 73.3356 55.924 
9059: 83.0348 152.728 84.5628 
9060: 30.0718 146.467 118.858 
9061: 80.1196 52.8783 82.2143 
9062: 74.76 127.407 128.429 
9063: 71.3329 73.326 101.099 
9064: 97.2226 105.872 127.719 
9065: 68.1796 81.4846 131.005 
9066: 73.6282 154.539 71.589 
9067: 83.4751 122.703 68.2757 
9068: 125.352 85.7309 100.082 
9069: 56.6593 103.64 129.551 
9070: 18.8447 72.7606 118.31 
9071: 99.846 87.257 124.406 
9072: 111.276 161.722 76.2189 
9073: 99.3028 86.0878 94.7234 
9074: 125.541 101.341 80.512 
9075: 116.914 76.1842 145.212 
9076: 54.6356 115.372 97.2261 
9077: 147.828 85.7672 98.9426 
9078: 111.38 83.0927 53.2281 
9079: 92.4453 96.3911 80.7742 
9080: 132.167 122.466 120.538 
9081: 94.5967 85.7234 96.726 
9082: 63.8879 95.2926 113.26 
9083: 126.336 78.7061 104.448 
9084: 148.1 132.854 67.6283 
9085: 38.9467 112.463 138.13 
9086: 63.1462 101.105 91.2701 
9087: 86.0327 139.501 61.2273 
9088: 90 110.344 68.5198 
9089: 87.9929 79.1004 92.5953 
9090: 117.539 94.7763 66.2014 
9091: 90.8446 47.3294 126.212 
9092: 106.208 87.2568 128.553 
9093: 95.8637 129.678 61.294 
9094: 66.417 69.5509 149.552 
9095: 76.4575 67.8898 96.2822 
9096: 97.9975 120.501 108.722 
9097: 44.0932 88.774 113.746 
9098: 88.8124 177.806 86.337 
9099: 87.1962 102.796 40.7527 
9100: 104.727 43.6511 138.17 
9101: 96.2012 116.292 114.939 
9102: 43.6357 100.607 86.8474 
9103: 131.687 101.903 132.461 
9104: 97.3921 60.8662 36.5927 
9105: 103.405 111.84 42.1923 
9106: 29.5869 73.5099 116.045 
9107: 87.6841 55.721 102.463 
9108: 126.704 78.6747 128.719 
9109: 96.1988 96.1925 93.1541 
9110: 83.763 80.0454 133.269 
9111: 103.779 81.4747 107.532 
9112: 124.316 130.415 108.768 
9113: 117.791 85.5966 120.842 
9114: 76.6542 108.127 111.054 
9115: 11.775 107.985 100.547 
9116: 115.893 132.374 94.2274 
9117: 68.991 194.447 102.508 
9118: 92.2429 158.917 95.9837 
9119: 148.758 87.5893 85.709 
9120: 31.01 96.8658 59.2826 
9121: 78.6201 61.346 137.546 
9122: 78.2645 104.73 71.3776 
9123: 111.798 148.71 109.08 
9124: 40.1555 127.499 107.208 
9125: 105.242 96.6281 155.131 
9126: 103.397 138.509 137.455 
9127: 104.962 114.693 125.765 
9128: 108.135 94.7205 154.218 
9129: 118.275 156.187 83.463 
9130: 122.89 84.4062 75.9195 
9131: 52.4055 134.769 102.267 
9132: 110.951 87.8583 136.237 
9133: 76.7878 104.091 109.167 
9134: 97.6289 112.334 144.276 
9135: 91.0254 127.91 98.6886 
9136: 90.346 88.5954 112.235 
9137: 101.315 63.2279 106.187 
9138: 67.0311 108.859 50.8738 
9139: 128.754 121.388 103.09 
9140: 52.5547 94.3755 82.2814 
9141: 92.8613 123.1 86.634 
9142: 104.386 110.941 105.022 
9143: 58.401 162.541 131.634 
9144: 115.75 98.0806 82.9299 
9145: 87.8879 109.479 82.2138 
9146: 33.6317 119.027 120.578 
9147: 78.2471 140.209 102.052 
9148: 98.295 131.84 100.051 
9149: 74.4616 59.8605 129.215 
9150: 86.6907 79.9453 23.574 
9151: 116.391 54.4702 113.947 
9152: 76.962 142.132 143.013 
9153: 78.2558 154.311 113.842 
9154: 102.75 129.661 93.4388 
9155: 103.66 78.1538 83.1772 
9156: 104.947 131.764 143.703 
9157: 81.9333 87.2514 169.926 
9158: 53.648 133.174 67.4161 
9159: 84.1093 78.0552 130.045 
9160: 120.251 97.6467 79.7044 
9161: 47.7258 56.9006 79.0612 
9162: 81.4102 126.738 117.761 
9163: 41.9196 137.117 129.546 
9164: 87.6568 42.1357 95.5925 
9165: 87.9449 95.5249 67.3617 
9166: 91.6909 83.8614 81.6793 
9167: 43.7045 47.134 99.2343 
9168: 40.2633 127.037 92.6355 
9169: 100.744 110.157 120.709 
9170: 145.187 85.056 119.414 
9171: 127.78 121.649 109.207 
9172: 66.8939 75.3257 104.82 
9173: 56.9589 68.6312 152.257 
9174: 90.8537 67.8361 129.638 
9175: 67.8048 119.943 116.8 
9176: 55.639 78.0153 85.237 
9177: 100.827 137.526 78.5424 
9178: 106.788 73.9824 139.343 
9179: 108.372 102.716 61.4803 
9180: 101.714 104.715 28.0191 
9181: 108.624 68.2113 141.396 
9182: 50.7172 129.098 109.971 
9183: 78.1863 117.79 111.313 
9184: 67.7154 63.7073 89.7436 
9185: 79.3254 164.767 105.537 
9186: 73.1578 89.6257 111.796 
9187: 85.1007 118.746 126.439 
9188: 149.493 108.181 116.33 
9189: 50.2222 53.4857 119.93 
9190: 96.0398 115.101 135.052 
9191: 90.7253 124.62 65.3809 
9192: 169.136 122.507 113.921 
9193: 110.117 64.9469 96.8538 
9194: 121.02 131.082 112.682 
9195: 74.92 85.8105 98.3763 
9196: 72.446 129.677 100.168 
9197: 45.2362 83.101 116.189 
9198: 73.2533 129.638 52.2354 
9199: 105.24 101.627 82.6451 
9200: 130.885 52.7637 49.0361 
9201: 128.608 64.2205 98.6371 
9202: 75.2668 67.4053 67.5175 
9203: 104.282 112.317 89.6838 
9204: 127.164 117.109 123.807 
9205: 151.292 95.882 100.758 
9206: 106.042 147.093 87.1938 
9207: 109.131 139.908 73.2059 
9208: 65.751 71.4815 124.695 
9209: 79.125 138.05 56.2878 
9210: 105.537 100.733 112.849 
9211: 81.8038 114.605 125.357 
9212: 70.7586 93.7116 97.7194 
9213: 59.7499 130.171 140.28 
9214: 89.09 127.174 91.2493 
9215: 52.3716 102.559 102.426 
9216: 83.3651 109.827 79.1368 
9217: 49.8503 42.3852 98.7444 
9218: 108.026 110.091 28.8253 
9219: 57.505 74.4608 80.3302 
9220: 54.9541 69.6926 123.36 
9221: 109.564 146.589 82.9775 
9222: 31.2607 90.1145 99.51 
9223: 63.7407 75.5753 81.5666 
9224: 124.023 37.6721 94.657 
9225: 123.379 78.9423 88.9686 
9226: 85.9351 125.446 63.9589 
9227: 144.56 101.112 90.8206 
9228: 121.469 97.8691 102.963 
9229: 103.547 70.2724 97.6379 
9230: 69.6079 110.006 44.8097 
9231: 67.5585 61.261 110.145 
9232: 98.9583 110.437 153.368 
9233: 84.0169 62.7874 108.827 
9234: 93.0824 21.8532 112.805 
9235: 110.937 104.524 121.19 
9236: 104.425 89.6764 100.772 
9237: 95.4076 142.552 96.8464 
9238: 90.5031 143.507 114.737 
9239: 91.6956 69.2772 58.5962 
9240: 170.822 87.2178 95.3098 
9241: 97.7481 103.93 49.1887 
9242: 97.0889 97.2456 168.579 
9243: 117.019 78.2675 126.908 
9244: 60.5114 107.783 84.422 
9245: 53.0446 138.116 115.519 
9246: 73.2021 146.81 111.994 
9247: 74.2892 123.776 99.4984 
9248: 95.828 120.631 136.313 
9249: 98.3088 159.061 79.2859 
9250: 115.293 119.884 83.1853 
9251: 112.669 96.1468 149.252 
9252: 45.6604 103.617 72.0662 
9253: 99.656 53.6885 138.202 
9254: 66.5318 125.067 133.35 
9255: 147.909 109.031 86.9013 
9256: 96.9032 119.614 117.696 
9257: 100.511 78.1969 69.7404 
9258: 99.8193 84.6677 145.796 
9259: 87.0742 103.424 118.905 
9260: 125.894 67.405 125.332 
9261: 51.5626 117.782 127.058 
9262: 128.034 94.958 105.121 
9263: 137.25 72.0996 62.1737 
9264: 69.0104 94.4054 114.679 
9265: 100.845 87.3115 86.4195 
9266: 83.2382 106.714 42.7311 
9267: 39.4376 78.0944 70.1316 
9268: 115.546 112.899 97.7759 
9269: 74.2637 67.6523 81.7178 
9270: 93.2163 110.78 65.0647 
9271: 87.3453 112.077 108.848 
9272: 121.221 75.0464 65.7187 
9273: 86.472 136.126 109.422 
9274: 146.245 121.262 127.463 
9275: 86.9031 80.0328 82.3313 
9276: 145.936 94.6838 95.1798 
9277: 62.1254 88.7321 98.8279 
9278: 124.484 64.9822 89.2849 
9279: 107.527 93.6771 73.0797 
9280: 40.4418 122.094 118.114 
9281: 103.627 103.27 49.6218 
9282: 74.1612 69.8969 130.16 
9283: 99.399 101.236 112.084 
9284: 66.837 132.349 54.6597 
9285: 108.746 90.7834 123.856 
9286: 71.354 36.8783 116.629 
9287: 151.374 93.3389 94.0071 
9288: 134.025 97.8605 88.2346 
9289: 55.23 124.49 126.391 
9290: 55.1031 106.073 105.57 
9291: 87.5935 91.6256 130.543 
9292: 140.544 129.1 122.495 
9293: 107.918 101.415 40.9873 
9294: 65.36 46.8957 131.38 
9295: 95.1483 138.27 84.2322 
9296: 85.4479 167.111 98.3172 
9297: 155.348 82.9856 58.5851 
9298: 103.568 129.95 39.9264 
9299: 51.4943 50.9326 123.877 
9300: 84.048 104.679 69.021 
9301: 84.3582 90.0982 127.383 
9302: 79.9394 68.4076 124.294 
9303: 80.1022 118.617 128.148 
9304: 85.1407 91.4152 80.3508 
9305: 44.0263 124.731 159.613 
9306: 114.676 89.2003 126.845 
9307: 89.5942 63.5178 71.9767 
9308: 87.409 147.066 96.6438 
9309: 133.155 73.6004 85.1851 
9310: 115.479 73.3354 80.0508 
9311: 99.7067 86.6428 141.942 
9312: 104.516 138.27 74.6599 
9313: 80.38 123.186 117.534 
9314: 95.6187 143.308 85.9945 
9315: 35.9971 66.7957 106.263 
9316: 87.9129 158.508 94.0046 
9317: 95.8227 133.993 110.032 
9318: 69.4441 182.807 107.705 
9319: 81.5572 39.9329 120.762 
9320: 92.1892 122.168 41.7162 
9321: 138.449 46.004 109.561 
9322: 77.3036 84.5134 82.3051 
9323: 102.074 91.3455 102.386 
9324: 100.182 92.957 113.034 
9325: 30.8521 106.652 110.024 
9326: 104.668 135.829 86.469 
9327: 35.0453 112.017 97.7457 
9328: 34.7525 101.467 94.7265 
9329: 115.299 61.8233 68.9612 
9330: 89.577 145.572 65.6875 
9331: 120.82 143.754 67.4306 
9332: 80.228 118.884 119.733 
9333: 116.208 82.6342 122.225 
9334: 114.044 95.9579 135.398 
9335: 67.1982 126.046 165.78 
9336: 89.9463 84.6746 100.784 
9337: 35.7663 93.3686 125.452 
9338: 81.6568 116.766 31.892 
9339: 55.1934 119.414 104.739 
9340: 95.2002 80.556 88.9641 
9341: 90 66.838 133.619 
9342: 46.6733 102.037 132.591 
9343: 77.8139 62.6482 81.8424 
9344: 101.775 124.443 119.027 
9345: 96.7828 72.8977 126.289 
9346: 121.131 165.095 72.1684 
9347: 83.7178 84.3353 131.94 
9348: 131.634 106.912 90.1594 
9349: 44.3659 120.198 126.73 
9350: 18.0042 77.449 110.599 
9351: 87.1171 112.263 78.0543 
9352: 66.8873 73.9127 96.6388 
9353: 132.392 113.937 56.7512 
9354: 103.976 50.3701 91.1251 
9355: 129.03 118.317 94.5163 
9356: 111.225 81.3665 124.961 
9357: 85.9004 154.366 66.0153 
9358: 71.4203 113.167 136.231 
9359: 90.342 139.223 108.542 
9360: 128.404 126.303 80.8924 
9361: 133.141 80.2486 34.0543 
9362: 72.3849 108.65 174.715 
9363: 91.2894 70.4353 139.754 
9364: 58.1696 79.1382 141.486 
9365: 109.389 143.645 108.654 
9366: 114.746 135.455 107.135 
9367: 112.649 45.9822 125.851 
9368: 75.3867 101.833 123.729 
9369: 120.676 93.4073 124.027 
9370: 84.635 98.3134 132.109 
9371: 82.1704 100.138 127.684 
9372: 102.71 94.3531 84.595 
9373: 73.3022 117.682 76.6882 
9374: 54.0247 126.716 71.9539 
9375: 123.209 117.24 152.211 
9376: 112.813 132.619 89.7126 
9377: 61.5275 133.215 132.358 
9378: 63.2781 108.456 60.9163 
9379: 51.8086 123.696 162.12 
9380: 103.034 80.1887 98.2957 
9381: 59.8507 93.6104 166.013 
9382: 88.887 105.595 91.141 
9383: 95.7196 126.015 77.171 
9384: 42.4033 100.443 68.6249 
9385: 61.0413 163.641 108.504 
9386: 81.9669 124.766 104.9 
9387: 119.418 104.342 143.413 
9388: 64.5202 127.191 124.881 
9389: 102.472 145.048 74.8598 
9390: 67.1021 85.3956 47.0251 
9391: 109.984 104.03 121.072 
9392: 31.7504 103.166 97.1617 
9393: 60.6803 117.901 133.907 
9394: 79.3133 107.116 87.971 
9395: 59.26 110.948 122.632 
9396: 95.5907 74.554 95.8832 
9397: 83.1727 116.26 94.2483 
9398: 72.1183 85.4906 165.381 
9399: 124.073 132.651 80.4214 
9400: 85.405 59.593 90.1023 
9401: 124.295 111.658 59.2792 
9402: 75.7694 54.7466 97.515 
9403: 81.8028 91.1987 48.0903 
9404: 79.586 84.5691 103.664 
9405: 113.264 118.989 49.35 
9406: 65.0511 96.2579 146.332 
9407: 59.5587 39.0669 128.296 
9408: 116.488 124.981 106.142 
9409: 85.2681 99.1245 122.343 
9410: 133.044 88.9481 107.044 
9411: 122.057 91.7137 141.937 
9412: 99.516 67.8126 112.797 
9413: 136.331 125.581 75.3301 
9414: 132.035 128.85 81.6359 
9415: 139.058 90.7042 98.7495 
9416: 71.3384 142.303 75.2313 
9417: 113.399 99.3838 76.3973 
9418: 65.9179 116.486 116.256 
9419: 91.6132 101.645 91.5869 
9420: 71.344 86.2144 133.637 
9421: 76.6267 57.1893 126.877 
9422: 102.334 79.5369 63.5817 
9423: 65.1046 99.6971 164.766 
9424: 96.6889 144.313 139.648 
9425: 49.8403 82.408 132.399 
9426: 112.622 62.3251 101.059 
9427: 104.306 75.3955 108.734 
9428: 122.955 135.771 140.49 
9429: 51.6182 102.852 104.308 
9430: 80.8687 96.5671 120.606 
9431: 78.3277 76.3741 156.751 
9432: 79.9667 100.562 109.986 
9433: 89.8289 68.7379 124.563 
9434: 112.496 113.361 33.2002 
9435: 123.176 114.179 16.3679 
9436: 34.0293 124.174 125.022 
9437: 64.711 98.8604 64.9936 
9438: 63.5309 104.631 122.54 
9439: 58.4019 75.5782 161.923 
9440: 148.339 103.785 87.4099 
9441: 133.682 88.0241 96.5516 
9442: 59.554 70.6326 125.519 
9443: 156.843 124.123 107.444 
9444: 42.5421 102.819 128.615 
9445: 98.9629 74.0824 85.9221 
9446: 54.2438 74.7648 95.0401 
9447: 111.818 93.6217 116.842 
9448: 73.3989 76.8297 73.6868 
9449: 92.6509 135.195 57.0984 
9450: 27.4309 114.401 75.8711 
9451: 66.4246 80.8134 144.651 
9452: 17.18 122.121 95.6465 
9453: 103.073 94.218 139.547 
9454: 80.972 62.4512 121.197 
9455: 57.3833 87.9323 78.5989 
9456: 85.7188 124.59 89.5255 
9457: 114.544 36.417 89.9115 
9458: 79.0134 117.601 82.6483 
9459: 113.118 133.997 101.475 
9460: 55.0688 97.3212 59.8172 
9461: 84.7611 62.3415 40.5458 
9462: 83.132 79.5316 115.025 
9463: 97.3208 77.7782 87.2878 
9464: 112.706 88.7271 97.9654 
9465: 139.962 80.6926 111.745 
9466: 102.265 109.079 147.987 
9467: 46.0871 139.534 122.407 
9468: 70.8987 62.776 148.486 
9469: 82.9742 93.5902 116.437 
9470: 127.069 96.2489 130.077 
9471: 46.0111 113.961 98.1365 
9472: 115.305 125.101 112.783 
9473: 56.8482 103.324 149.281 
9474: 110.174 126.431 111.1 
9475: 108.408 141.197 146.092 
9476: 112.587 56.2662 109.838 
9477: 84.4609 82.4257 145.038 
9478: 79.6567 44.342 125.27 
9479: 74.8317 148.156 114.636 
9480: 106.69 81.7549 118.447 
9481: 69.6531 158.287 66.669 
9482: 112.305 86.1134 81.6739 
9483: 93.417 80.6156 92.5484 
9484: 112.878 148.143 83.8267 
9485: 42.7697 111.2 123.355 
9486: 23.884 89.5835 76.4514 
9487: 106.57 71.682 38.5445 
9488: 62.3421 176.306 112.279 
9489: 72.1184 65.9956 63.8916 
9490: 65.5927 123.802 67.6213 
9491: 77.681 98.1933 122.866 
9492: 94.0884 123.243 104.634 
9493: 82.6518 88.4391 104.495 
9494: 89.5518 128.827 92.3876 
9495: 111.524 99.4066 97.8224 
9496: 45.9795 115.871 97.185 
9497: 112.245 121.442 57.7331 
9498: 50.3427 115.149 53.0791 
9499: 66.08 129.711 120.261 
9500: 41.359 149.347 129.787 
9501: 95.6084 85.655 73.515 
9502: 74.7467 61.9586 122.603 
9503: 81.418 154.549 81.9576 
9504: 69.3074 96.6967 80.1595 
9505: 55.7751 58.2627 83.6646 
9506: 108.665 25.8712 109.437 
9507: 93.4685 74.3255 123.262 
9508: 100.373 59.6967 133.759 
9509: 35.478 84.469 93.1267 
9510: 87.4756 123.105 54.181 
9511: 47.9483 110.399 66.087 
9512: 67.5724 92.669 148.079 
9513: 120.728 66.6103 114.501 
9514: 106.227 95.0002 126.209 
9515: 46.5386 149.95 118.919 
9516: 114.064 73.7956 133.684 
9517: 90.9429 77.0026 162.158 
9518: 89.6724 134.149 46.3677 
9519: 52.5049 89.5117 111.771 
9520: 164.052 105.496 126.407 
9521: 110.537 50.4489 77.7253 
9522: 47.3593 113.451 101.151 
9523: 142.576 123.852 117.937 
9524: 116.149 45.271 91.2549 
9525: 66.76 102.17 138.549 
9526: 86.4946 166.722 79.7361 
9527: 62.9976 104.399 92.196 
9528: 93.519 110.363 72.7753 
9529: 151.507 112.575 124.564 
9530: 51.1262 90.0814 134.168 
9531: 72.134 91.9117 133.202 
9532: 107.223 50.9349 67.0918 
9533: 116.324 123.233 83.8069 
9534: 128.584 80.1333 104.223 
9535: 94.6238 55.4734 110.235 
9536: 127.441 82.8489 100.581 
9537: 95.5206 72.0673 93.5018 
9538: 93.4413 66.5208 148.43 
9539: 124.642 94.1624 71.704 
9540: 53.14 79.7348 154.84 
9541: 81.7893 83.0097 89.4536 
9542: 114.968 117.89 126.38 
9543: 63.1983 158.37 98.4019 
9544: 67.7349 129.741 73.1027 
9545: 133.578 136.427 113.093 
9546: 116.758 110.363 127.62 
9547: 96.8299 85.153 116.812 
9548: 142.696 116.222 90.2842 
9549: 73.1336 116.413 69.1744 
9550: 123.113 96.4563 112.424 
9551: 132.139 145.9 120.927 
9552: 75.9511 142.282 130.329 
9553: 115.84 44.5598 97.3695 
9554: 86.0409 49.3264 82.1563 
9555: 36.808 99.866 75.4974 
9556: 35.0898 98.5822 59.4266 
9557: 96.6467 97.9674 73.1551 
9558: 94.1185 94.4623 65.3788 
9559: 66.4649 106.704 105.103 
9560: 51.2268 83.9185 57.664 
9561: 112.531 79.4818 46.7039 
9562: 67.1391 61.8166 71.941 
9563: 99.6682 35.085 73.8046 
9564: 71.8856 93.9715 119.353 
9565: 71.6289 41.7633 101.697 
9566: 139.978 118.531 111.862 
9567: 105.764 96.6069 127.741 
9568: 118.225 90.8817 35.5092 
9569: 121.252 82.4034 145.096 
9570: 139.269 74.495 138.002 
9571: 91.6538 109.004 82.6512 
9572: 140.752 105.798 39.6268 
9573: 96.4538 123.115 58.1669 
9574: 48.882 125.977 126.273 
9575: 49.8021 107.09 67.4358 
9576: 106.789 89.2573 73.4032 
9577: 70.7052 104.67 99.4449 
9578: 96.4861 126.668 51.1795 
9579: 112.07 139.601 108.188 
9580: 142.948 93.6187 104.774 
9581: 19.6871 93.128 126.971 
9582: 109.06 112.246 59.012 
9583: 70.4214 103.705 61.2701 
9584: 141.158 88.5079 103.153 
9585: 80.9867 51.7152 101.816 
9586: 95.6951 38.256 68.3384 
9587: 93.6176 69.1362 64.1265 
9588: 155.88 98.5936 82.6812 
9589: 110.361 60.1429 136.746 
9590: 115.092 76.7291 123.935 
9591: 159.044 84.8021 96.0348 
9592: 72.7988 126.042 131.824 
9593: 91.5627 132.393 46.6577 
9594: 94.4059 73.3328 114.977 
9595: 64.032 39.275 101.045 
9596: 68.55 62.1265 90.505 
9597: 114.244 94.4406 77.9509 
9598: 69.4865 83.9004 34.0107 
9599: 95.8771 121.44 123.229 
9600: 4.31 90.6575 85.4412 
9601: 99.6224 103.856 128.961 
9602: 75.9844 83.163 98.4399 
9603: 73.8116 103.106 119.241 
9604: 81.8685 121.776 69.3591 
9605: 118.373 93.1191 131.431 
9606: 109.151 121.059 83.437 
9607: 89.6098 123.289 77.1394 
9608: 86.0217 131.172 84.8345 
9609: 68.624 87.7399 49.8938 
9610: 80.6431 147.799 91.1258 
9611: 60.3556 95.5976 104.901 
9612: 68.0391 91.0812 151.242 
9613: 91.6784 96.3356 41.2751 
9614: 77.1138 120.72 84.7662 
9615: 112.669 99.6286 108.189 
9616: 45.4441 138.558 112.004 
9617: 87.9998 133.377 55.4163 
9618: 71.4299 110.77 177.1 
9619: 140.436 81.0139 105.54 
9620: 63.7327 92.8272 76.5835 
9621: 73.4191 69.0254 128.454 
9622: 84.9606 108.795 97.7491 
9623: 59.4034 160.059 140.19 
9624: 77.5314 81.0324 81.2281 
9625: 131.574 65.4424 132.637 
9626: 147.939 122.433 117.069 
9627: 106.792 91.4138 69.8376 
9628: 102.825 138.07 57.1408 
9629: 88.6334 126.167 73.1456 
9630: 103.685 61.2952 118.19 
9631: 116.716 117.701 46.5676 
9632: 39.8123 105.643 59.0924 
9633: 58.6274 100.597 132.708 
9634: 74.8035 109.424 111.12 
9635: 54.1417 77.2183 85.6473 
9636: 79.6599 117.353 81.8065 
9637: 40.735 62.7493 73.6348 
9638: 149.884 85.7155 106.229 
9639: 67.8517 114.782 103.369 
9640: 125.85 81.5183 125.759 
9641: 102.978 47.0709 118.972 
9642: 92.1533 92.3156 90.6862 
9643: 101.699 75.2389 74.5111 
9644: 90.4511 118.145 99.9701 
9645: 80.5144 129.118 91.571 
9646: 96.004 107.593 78.3773 
9647: 115.896 78.6917 115.278 
9648: 76.7376 79.4707 36.4661 
9649: 108.451 109.347 68.9311 
9650: 88.0998 115.671 111.207 
9651: 105.695 123.966 91.6232 
9652: 37.36 65.0362 91.3886 
9653: 125.701 134.843 130.962 
9654: 51.3774 57.9874 70.5642 
9655: 47.9033 149.211 120.172 
9656: 111.423 131.436 88.0983 
9657: 82.0139 67.7936 131.932 
9658: 75.8534 63.0056 100.387 
9659: 75.2263 55.9942 84.2033 
9660: 78.0996 81.0571 152.773 
9661: 121.583 92.9342 67.4884 
9662: 103.346 74.5367 128.293 
9663: 151.053 94.8282 99.9037 
9664: 93.7267 106.055 130.245 
9665: 49.2335 113.058 139.945 
9666: 58.6242 68.5615 94.6954 
9667: 107.018 140.352 117.713 
9668: 84.6884 121.418 45.4404 
9669: 129.219 114.676 122.8 
9670: 137.4 80.7291 117.828 
9671: 108.096 145.27 95.0535 
9672: 106.359 119.981 120.164 
9673: 66.2005 62.7403 60.2116 
9674: 97.7462 110.051 25.5681 
9675: 79.352 143.136 63.0116 
9676: 113.683 107.507 66.4338 
9677: 85.2748 79.2952 111.132 
9678: 85.2486 20.7265 118.345 
9679: 120.757 93.3192 101.964 
9680: 67.734 60.3498 71.2098 
9681: 76.4213 107.113 129.915 
9682: 73.2846 124.499 139.274 
9683: 83.9131 124.266 81.9169 
9684: 111.125 137.792 119.356 
9685: 82.4084 78.6823 45.0928 
9686: 119.522 95.5216 110.213 
9687: 96.6061 120.159 82.8755 
9688: 69.2416 108.792 69.4357 
9689: 103.197 77.2386 125.21 
9690: 87.7843 98.0741 104.831 
9691: 130.113 96.1591 77.2704 
9692: 71.0489 131.169 82.9662 
9693: 106.076 103.233 117.641 
9694: 91.4478 170.241 82.2655 
9695: 123.895 83.7984 134.021 
9696: 95.453 105.668 76.9507 
9697: 104.957 87.9637 81.8636 
9698: 47.3593 95.6732 134.375 
9699: 72.031 139.762 108.133 
9700: 76.2436 112.876 78.1355 
9701: 120.914 131.401 62.066 
9702: 100.574 164.848 77.5699 
9703: 79.611 138.456 65.1017 
9704: 87.9484 160.254 98.4227 
9705: 80.4562 98.3335 68.9068 
9706: 101.681 76.5897 104.704 
9707: 99.8222 98.9974 70.1323 
9708: 106.597 128.64 120.06 
9709: 115.063 106.589 93.2764 
9710: 85.745 104.379 71.4257 
9711: 90.6773 133.968 124.524 
9712: 116.918 91.8675 123.714 
9713: 86.1683 103.722 146.806 
9714: 96.0662 80.4468 114.87 
9715: 85.4479 87.4211 79.069 
9716: 110.468 80.5617 140.361 
9717: 138.428 135.271 143.367 
9718: 115.161 94.8301 104.615 
9719: 80.3011 94.0367 83.91 
9720: 93.8209 84.2831 123.13 
9721: 72.6971 84.2412 69.2782 
9722: 62.9129 118.845 70.8171 
9723: 72.8556 172.04 115.341 
9724: 80.0055 137.592 67.446 
9725: 75.7204 82.9212 24.7766 
9726: 111.641 58.5354 141.099 
9727: 76.8873 92.171 99.5343 
9728: 56.902 161.722 116.863 
9729: 94.7677 86.4735 74.5516 
9730: 97.7963 118.333 132.023 
9731: 100.173 113.93 140.798 
9732: 90.1804 144.204 108.982 
9733: 117.395 40.1051 123.047 
9734: 46.8067 94.9032 95.47 
9735: 96.3321 54.4124 59.3801 
9736: 63.8249 128.878 100.588 
9737: 133.911 143.596 133.189 
9738: 106.031 81.6612 154.314 
9739: 82.9003 96.5944 55.2647 
9740: 124.056 82.3476 126.491 
9741: 94.324 82.3099 131.246 
9742: 136.107 82.8835 54.1053 
9743: 60.5884 128.947 102.145 
9744: 94.3164 105.339 102.882 
9745: 147.225 88.5809 134.022 
9746: 125.752 141.884 125.213 
9747: 80.982 118.249 64.1042 
9748: 86.311 65.7765 111.981 
9749: 130.347 122.716 133.87 
9750: 74.5827 131.044 75.1329 
9751: 62.6769 109.853 127 
9752: 94.9637 103.295 80.3695 
9753: 65.5433 115.237 85.0156 
9754: 95.6787 127.77 111.96 
9755: 74.7348 94.1475 112.581 
9756: 71.5528 83.3918 98.5848 
9757: 69.7231 87.6815 135.482 
9758: 104.413 62.5884 112.073 
9759: 111.541 139.206 97.7048 
9760: 125.77 103.798 122.046 
9761: 95.3005 76.1592 98.6655 
9762: 106.215 53.8227 112.794 
9763: 36.336 134.772 124.606 
9764: 99.3117 117.528 93.6684 
9765: 104.503 67.6953 111.447 
9766: 127.397 150.051 106.915 
9767: 85.7943 77.4842 125.498 
9768: 92.6188 86.5299 66.4953 
9769: 141.444 53.9352 73.8728 
9770: 115.104 91.1193 139.697 
9771: 107.625 86.0134 13.812 
9772: 75.0417 112.173 151.369 
9773: 124.965 47.7215 88.5724 
9774: 119.598 78.7723 91.275 
9775: 144.143 129.059 120.152 
9776: 111.955 65.1674 79.3098 
9777: 122.103 76.9192 91.7559 
9778: 123.567 95.4836 108.485 
9779: 88.1529 58.4301 85.0353 
9780: 77.5649 133.373 67.3546 
9781: 70.0514 83.5814 137.662 
9782: 112.422 115.181 87.1969 
9783: 53.0535 71.8257 82.4124 
9784: 122.197 127.394 92.4441 
9785: 107.217 134.52 130.954 
9786: 106.878 131.086 120.871 
9787: 106.987 135.383 76.6675 
9788: 71.0549 84.3465 76.4219 
9789: 114.54 147.466 70.7348 
9790: 84.5877 12.6069 105.256 
9791: 32.9688 111.864 96.4912 
9792: 88.0782 92.9475 52.1472 
9793: 55.9816 44.5007 133.974 
9794: 115.158 102.237 101.045 
9795: 149.23 62.3672 110.176 
9796: 79.5383 90.9268 56.3272 
9797: 69.4373 48.1787 90.3589 
9798: 121.243 109.218 126.062 
9799: 87.7833 98.8977 100.843 
9800: 31.884 88.3198 102.152 
9801: 110.653 110.921 81.3093 
9802: 49.9909 103.31 52.0826 
9803: 131.163 117.871 148.352 
9804: 123.081 62.323 121.715 
9805: 95.5556 63.1005 124.186 
9806: 100.733 124.341 138.298 
9807: 34.5842 89.5217 84.0732 
9808: 5.03653 93.8255 110.611 
9809: 77.5485 89.8997 40.4237 
9810: 113.166 106.341 88.1572 
9811: 92.1779 94.5222 69.5343 
9812: 152.232 147.006 110.596 
9813: 119.351 125.436 106.473 
9814: 53.0729 109.531 103.853 
9815: 104.57 127.964 128.793 
9816: 90.8322 68.6031 85.3243 
9817: 107.918 121.039 96.4471 
9818: 93.5547 89.0476 45.1211 
9819: 31.379 113.317 110.463 
9820: 90 132.786 163.162 
9821: 77.361 158.73 89.4189 
9822: 134.513 136.806 115.986 
9823: 111.427 107.734 92.4777 
9824: 66.173 95.7702 112.672 
9825: 51.7067 141.678 87.1119 
9826: 98.8168 110.486 67.424 
9827: 77.3299 145.47 134.477 
9828: 63.6347 126.943 100.867 
9829: 113.403 76.8675 77.3397 
9830: 69.5746 110.981 152.699 
9831: 122.849 87.6893 138.878 
9832: 57.7782 51.719 140.638 
9833: 26.3377 105.521 91.7722 
9834: 76.0437 104.967 39.0578 
9835: 72.5169 117.363 56.9251 
9836: 100.389 117.62 134.512 
9837: 76.4365 105.862 70.7508 
9838: 82.846 74.5966 99.5911 
9839: 97.8578 96.3735 89.9406 
9840: 64.6483 100.539 98.9309 
9841: 106.312 114.945 107.666 
9842: 127.636 78.3482 89.3572 
9843: 47.0873 139.813 68.6626 
9844: 84.4578 39.0994 103.846 
9845: 88.3698 59.9914 71.2215 
9846: 100.313 114.427 95.3405 
9847: 74.1636 119.45 62.5288 
9848: 65.0222 124.937 71.1529 
9849: 58.4868 116.38 141.508 
9850: 63.826 137.002 97.4981 
9851: 105.457 130.978 69.1195 
9852: 49.006 166.319 89.3825 
9853: 85.667 90.2466 154.91 
9854: 80.9259 136.387 81.2593 
9855: 38.516 58.9151 66.5809 
9856: 76.4148 114.77 58.7578 
9857: 85.4253 106.845 75.8585 
9858: 113.976 110.428 91.2288 
9859: 100.856 141.507 105.529 
9860: 59.4335 52.4937 127.669 
9861: 88.7546 79.597 129.38 
9862: 39.5629 66.6145 127.994 
9863: 100.541 144.475 69.0752 
9864: 91.7111 121.862 111.43 
9865: 57.3596 103.968 108.757 
9866: 60.6266 111.076 113.801 
9867: 134.326 85.2404 130.715 
9868: 99.5256 73.8377 71.6064 
9869: 95.25 104.872 140.46 
9870: 69.24 113.907 68.6493 
9871: 105.548 108.857 141.933 
9872: 168.25 101.304 91.2224 
9873: 104.735 115.27 87.8971 
9874: 113.179 111.461 105.072 
9875: 95.6261 87.1595 19.2247 
9876: 102.266 94.4274 97.7865 
9877: 52.3007 83.5531 160.1 
9878: 71.3354 140.812 59.8738 
9879: 79.187 87.3934 90.095 
9880: 91.8402 142.855 116.054 
9881: 118.462 40.8088 98.7341 
9882: 137.881 110.141 92.4123 
9883: 83.6556 109.8 37.335 
9884: 92.1597 114.416 142.265 
9885: 77.4981 90.3883 75.0856 
9886: 82.3071 91.095 106.083 
9887: 133.398 133.398 90.7612 
9888: 87.9163 75.1797 110.838 
9889: 121.144 136.788 90.3544 
9890: 88.4707 130.755 88.6553 
9891: 90.0627 50.6898 88.8823 
9892: 34.4142 104.751 69.6282 
9893: 107.783 107.378 148.352 
9894: 103.125 80.3179 108.972 
9895: 62.4879 64.4206 104.933 
9896: 36.4509 124.105 118.662 
9897: 126.702 111.113 137.773 
9898: 78.2206 160.393 105.731 
9899: 77.9873 68.0238 103.023 
9900: 87.514 107.172 132.438 
9901: 55.7056 132.891 133.668 
9902: 86.23 78.7642 136.636 
9903: 52.2396 105.947 78.7144 
9904: 111.556 98.9832 151.208 
9905: 57.0863 101.415 105.59 
9906: 77.7477 142.196 78.3027 
9907: 58.0483 71.3881 77.4361 
9908: 108.873 143.822 72.3145 
9909: 92.527 113.476 106.391 
9910: 88.79 114.207 51.4409 
9911: 105.957 64.8412 129.45 
9912: 73.0209 30.8148 103.096 
9913: 146.812 89.3771 103.721 
9914: 69.8997 62.8066 132.256 
9915: 86.3483 102.066 114.68 
9916: 118.656 124.202 62.6367 
9917: 72.7847 104.063 151.632 
9918: 83.7505 83.4552 130.414 
9919: 100.516 92.9076 120.718 
9920: 81.0167 161.242 106.745 
9921: 72.3956 69.0169 148.752 
9922: 119.686 134.716 99.3347 
9923: 51.5026 65.6528 140.552 
9924: 109.892 114.603 113.743 
9925: 61.4976 91.6577 136.883 
9926: 81.9844 75.5005 77.3836 
9927: 96.9483 153.616 68.4966 
9928: 110.358 60.0945 132.081 
9929: 107.073 77.2084 160.87 
9930: 106.157 38.8452 120.655 
9931: 22.8049 90.3398 119.116 
9932: 49.3859 90.4398 152.624 
9933: 116.359 122.446 79.2914 
9934: 71.424 89.4543 52.4462 
9935: 54.5532 105.818 71.7334 
9936: 93.865 119.393 153.432 
9937: 86.3257 173.019 114.865 
9938: 31.3882 89.4872 105.109 
9939: 90.8898 56.0034 87.924 
9940: 115.222 110.749 36.2625 
9941: 80.7912 135.942 44.7719 
9942: 80.9636 74.6023 49.3228 
9943: 132.738 94.0175 86.0721 
9944: 84.0817 119.235 83.9786 
9945: 87.0717 54.4634 74.3113 
9946: 106.158 162.568 122.476 
9947: 41.654 87.1451 89.0657 
9948: 104.666 93.7457 129.407 
9949: 43.319 91.8898 97.846 
9950: 78.7662 56.8757 105.996 
9951: 67.8044 133.076 74.8865 
9952: 58.7186 109.241 156.029 
9953: 121.95 103.322 137.739 
9954: 110.175 92.555 67.4008 
9955: 81.6767 99.7633 127.256 
9956: 59.8269 69.2091 118.73 
9957: 152.136 101.815 92.7207 
9958: 63.8125 43.2024 125.896 
9959: 81.5737 145.975 69.4519 
9960: 85.1744 115.861 115.727 
9961: 64.0448 100.344 122.628 
9962: 85.08 36.7307 101.105 
9963: 59.6329 64.068 126.239 
9964: 93.3306 91.4747 98.508 
9965: 81.0145 39.2292 109.784 
9966: 77.5579 153.461 114.745 
9967: 110.164 92.9862 104.863 
9968: 126.182 128.901 69.6132 
9969: 91.566 115.019 144.681 
9970: 83.4856 112.827 66.5058 
9971: 64.9481 93.9531 76.6244 
9972: 132.632 119.247 95.2161 
9973: 114.266 111.267 107.634 
9974: 47.9002 69.3949 140.924 
9975: 107.059 152.749 94.3958 
9976: 84.862 123.333 92.7464 
9977: 87.3877 63.6268 114.771 
9978: 94.9938 122.611 52.221 
9979: 100.854 138.46 159.395 
9980: 109.628 118.761 102.772 
9981: 109.208 138.304 83.1906 
9982: 77.3997 64.5073 86.6994 
9983: 147.356 113.138 114.761 
9984: 57.5106 148.875 97.5683 
9985: 112.184 84.6718 153.656 
9986: 50.4143 53.3038 111.602 
9987: 65.6506 119.315 69.0855 
9988: 73.2109 108.031 147.437 
9989: 111.75 113.008 97.5131 
9990: 44.2427 86.9664 106.065 
9991: 83.2784 45.3767 103.085 
9992: 53.073 62.9155 83.5833 
9993: 96.7761 109.756 124.502 
9994: 147.71 83.3862 93.0911 
9995: 51.7583 131.791 99.9902 
9996: 47.632 64.6333 103.325 
9997: 90.0618 113.626 56.0975 
9998: 98.475 104.229 106.41 
9999: 50.405 132.781 84.9069 

===METRICS===
Execution time: 2949.55 ms
(Averaged over 5 runs)
