Algorithm: K-Means Clustering
K: 10
Point assignments:
0 0
1 6
2 2
3 3
4 4
5 5
6 2
7 0
8 8
9 9
10 1
11 6
12 6
13 5
14 0
15 6
16 1
17 3
18 4
19 7
20 6
21 3
22 0
23 9
24 0
25 9
26 9
27 9
28 2
29 0
30 2
31 0
32 2
33 6
34 7
35 6
36 4
37 0
38 2
39 7
40 7
41 2
42 6
43 2
44 6
45 3
46 8
47 6
48 8
49 8
50 0
51 0
52 0
53 6
54 1
55 1
56 5
57 9
58 8
59 8
60 2
61 8
62 2
63 7
64 8
65 6
66 0
67 4
68 9
69 6
70 5
71 4
72 5
73 1
74 4
75 1
76 1
77 7
78 7
79 3
80 4
81 8
82 3
83 1
84 6
85 4
86 3
87 7
88 2
89 1
90 1
91 3
92 5
93 1
94 5
95 0
96 6
97 3
98 9
99 7
100 8
101 5
102 8
103 3
104 2
105 9
106 1
107 6
108 4
109 4
110 0
111 0
112 4
113 2
114 1
115 5
116 4
117 4
118 1
119 5
120 9
121 6
122 0
123 0
124 9
125 2
126 5
127 6
128 8
129 9
130 0
131 0
132 1
133 4
134 7
135 2
136 3
137 3
138 5
139 6
140 5
141 3
142 9
143 3
144 6
145 4
146 5
147 1
148 6
149 5
150 2
151 9
152 6
153 6
154 4
155 5
156 3
157 3
158 3
159 3
160 4
161 7
162 6
163 9
164 2
165 0
166 2
167 7
168 5
169 7
170 5
171 6
172 9
173 2
174 8
175 8
176 5
177 4
178 7
179 7
180 8
181 6
182 4
183 3
184 8
185 2
186 4
187 7
188 2
189 3
190 5
191 4
192 1
193 1
194 6
195 8
196 7
197 7
198 9
199 0
200 5
201 7
202 5
203 7
204 3
205 7
206 5
207 1
208 6
209 6
210 8
211 4
212 2
213 8
214 5
215 0
216 9
217 7
218 3
219 2
220 7
221 2
222 2
223 7
224 5
225 6
226 5
227 4
228 5
229 8
230 5
231 4
232 8
233 8
234 9
235 9
236 4
237 8
238 5
239 9
240 5
241 0
242 8
243 4
244 3
245 4
246 6
247 0
248 1
249 6
250 6
251 3
252 5
253 4
254 5
255 0
256 6
257 2
258 1
259 2
260 9
261 2
262 8
263 6
264 9
265 5
266 2
267 7
268 5
269 1
270 5
271 8
272 1
273 8
274 1
275 1
276 8
277 6
278 4
279 6
280 6
281 7
282 2
283 4
284 9
285 2
286 4
287 2
288 1
289 2
290 8
291 8
292 6
293 8
294 2
295 0
296 6
297 7
298 1
299 9
300 7
301 6
302 0
303 9
304 1
305 4
306 5
307 0
308 9
309 8
310 0
311 7
312 0
313 3
314 7
315 4
316 6
317 4
318 4
319 2
320 1
321 0
322 3
323 0
324 7
325 0
326 3
327 6
328 6
329 1
330 9
331 3
332 3
333 8
334 7
335 0
336 1
337 1
338 3
339 0
340 2
341 4
342 4
343 7
344 5
345 8
346 1
347 4
348 4
349 8
350 9
351 2
352 2
353 4
354 3
355 0
356 8
357 1
358 6
359 3
360 5
361 3
362 2
363 2
364 4
365 2
366 9
367 5
368 2
369 0
370 6
371 6
372 8
373 0
374 4
375 2
376 5
377 4
378 4
379 0
380 0
381 7
382 6
383 7
384 2
385 6
386 3
387 5
388 8
389 6
390 3
391 3
392 7
393 3
394 5
395 2
396 6
397 8
398 7
399 9
400 6
401 1
402 5
403 0
404 4
405 0
406 6
407 3
408 3
409 4
410 5
411 2
412 6
413 6
414 1
415 0
416 8
417 9
418 5
419 0
420 9
421 5
422 2
423 4
424 1
425 0
426 2
427 8
428 1
429 3
430 6
431 9
432 3
433 0
434 4
435 5
436 3
437 8
438 1
439 0
440 7
441 5
442 2
443 1
444 0
445 0
446 8
447 6
448 3
449 6
450 9
451 2
452 0
453 6
454 9
455 5
456 4
457 0
458 6
459 5
460 6
461 9
462 4
463 6
464 1
465 1
466 9
467 8
468 3
469 4
470 3
471 4
472 3
473 0
474 2
475 3
476 1
477 2
478 5
479 2
480 6
481 6
482 8
483 3
484 3
485 8
486 8
487 7
488 6
489 6
490 8
491 8
492 9
493 3
494 1
495 3
496 0
497 9
498 2
499 9
500 6
501 7
502 9
503 8
504 1
505 1
506 1
507 6
508 6
509 9
510 6
511 1
512 4
513 4
514 0
515 8
516 0
517 2
518 2
519 9
520 4
521 3
522 7
523 4
524 8
525 8
526 8
527 3
528 8
529 9
530 9
531 9
532 8
533 4
534 1
535 0
536 6
537 0
538 2
539 3
540 7
541 0
542 1
543 6
544 4
545 1
546 0
547 7
548 8
549 0
550 6
551 9
552 0
553 2
554 0
555 3
556 1
557 5
558 8
559 3
560 1
561 9
562 6
563 7
564 6
565 6
566 9
567 1
568 3
569 2
570 5
571 2
572 2
573 4
574 9
575 1
576 6
577 1
578 6
579 3
580 4
581 9
582 7
583 6
584 3
585 5
586 4
587 7
588 2
589 4
590 1
591 1
592 0
593 0
594 8
595 3
596 9
597 0
598 6
599 9
600 5
601 9
602 4
603 2
604 3
605 5
606 0
607 2
608 3
609 2
610 3
611 7
612 2
613 0
614 5
615 1
616 6
617 5
618 7
619 3
620 0
621 7
622 2
623 4
624 2
625 6
626 0
627 4
628 9
629 6
630 8
631 0
632 4
633 9
634 2
635 5
636 1
637 4
638 2
639 4
640 1
641 6
642 3
643 8
644 2
645 5
646 9
647 6
648 2
649 5
650 5
651 9
652 5
653 4
654 5
655 3
656 5
657 4
658 4
659 1
660 6
661 3
662 7
663 2
664 2
665 3
666 4
667 2
668 5
669 1
670 1
671 0
672 8
673 0
674 0
675 0
676 7
677 3
678 1
679 3
680 7
681 2
682 6
683 5
684 9
685 9
686 9
687 1
688 3
689 1
690 7
691 7
692 1
693 1
694 9
695 6
696 8
697 5
698 2
699 5
700 7
701 3
702 2
703 8
704 1
705 9
706 2
707 7
708 2
709 7
710 3
711 8
712 2
713 3
714 3
715 7
716 8
717 8
718 5
719 0
720 1
721 2
722 3
723 5
724 8
725 8
726 6
727 9
728 2
729 8
730 9
731 2
732 8
733 8
734 4
735 2
736 4
737 5
738 6
739 9
740 1
741 7
742 1
743 9
744 5
745 8
746 5
747 3
748 8
749 6
750 8
751 1
752 8
753 3
754 9
755 2
756 8
757 7
758 1
759 1
760 4
761 8
762 6
763 9
764 0
765 2
766 3
767 9
768 9
769 9
770 2
771 4
772 7
773 7
774 4
775 4
776 9
777 5
778 0
779 4
780 8
781 4
782 6
783 0
784 5
785 3
786 6
787 1
788 2
789 5
790 3
791 7
792 9
793 4
794 8
795 3
796 6
797 7
798 7
799 5
800 7
801 2
802 5
803 4
804 0
805 4
806 3
807 3
808 7
809 6
810 2
811 4
812 8
813 7
814 2
815 3
816 4
817 9
818 7
819 8
820 7
821 8
822 4
823 1
824 8
825 4
826 9
827 2
828 9
829 4
830 5
831 4
832 1
833 5
834 8
835 6
836 9
837 9
838 4
839 3
840 2
841 6
842 1
843 8
844 8
845 4
846 7
847 7
848 1
849 7
850 2
851 4
852 6
853 3
854 7
855 7
856 5
857 0
858 2
859 3
860 7
861 4
862 6
863 2
864 4
865 0
866 6
867 6
868 9
869 8
870 2
871 1
872 5
873 3
874 5
875 9
876 0
877 5
878 1
879 2
880 4
881 9
882 3
883 1
884 2
885 1
886 5
887 5
888 8
889 7
890 6
891 9
892 1
893 2
894 5
895 5
896 6
897 6
898 4
899 8
900 6
901 1
902 8
903 8
904 8
905 0
906 3
907 2
908 6
909 8
910 6
911 4
912 7
913 2
914 9
915 6
916 6
917 7
918 7
919 5
920 3
921 4
922 1
923 6
924 4
925 4
926 8
927 5
928 1
929 2
930 5
931 8
932 0
933 6
934 8
935 4
936 1
937 0
938 9
939 3
940 1
941 3
942 4
943 5
944 8
945 6
946 4
947 1
948 8
949 5
950 3
951 2
952 8
953 9
954 1
955 2
956 3
957 4
958 9
959 6
960 6
961 6
962 0
963 8
964 6
965 5
966 3
967 5
968 6
969 6
970 9
971 9
972 3
973 9
974 5
975 5
976 1
977 2
978 2
979 2
980 8
981 9
982 8
983 1
984 1
985 9
986 5
987 2
988 6
989 3
990 6
991 4
992 2
993 5
994 2
995 4
996 2
997 5
998 8
999 0
1000 1
1001 5
1002 0
1003 6
1004 6
1005 7
1006 0
1007 1
1008 1
1009 8
1010 3
1011 1
1012 0
1013 9
1014 7
1015 8
1016 0
1017 4
1018 2
1019 9
1020 6
1021 7
1022 3
1023 4
1024 1
1025 0
1026 2
1027 2
1028 5
1029 6
1030 0
1031 3
1032 4
1033 2
1034 6
1035 5
1036 6
1037 6
1038 8
1039 4
1040 4
1041 1
1042 1
1043 1
1044 0
1045 8
1046 6
1047 5
1048 0
1049 7
1050 9
1051 0
1052 4
1053 9
1054 0
1055 8
1056 8
1057 2
1058 9
1059 3
1060 6
1061 7
1062 5
1063 0
1064 6
1065 7
1066 0
1067 1
1068 1
1069 9
1070 2
1071 3
1072 2
1073 2
1074 9
1075 7
1076 5
1077 6
1078 3
1079 3
1080 7
1081 4
1082 1
1083 8
1084 4
1085 9
1086 8
1087 6
1088 9
1089 7
1090 8
1091 5
1092 6
1093 9
1094 6
1095 6
1096 3
1097 6
1098 5
1099 5
1100 3
1101 1
1102 0
1103 1
1104 8
1105 6
1106 6
1107 6
1108 4
1109 9
1110 6
1111 0
1112 1
1113 5
1114 0
1115 1
1116 0
1117 5
1118 2
1119 7
1120 3
1121 2
1122 4
1123 1
1124 3
1125 7
1126 5
1127 1
1128 5
1129 7
1130 1
1131 6
1132 9
1133 8
1134 3
1135 6
1136 6
1137 4
1138 7
1139 9
1140 4
1141 6
1142 5
1143 6
1144 3
1145 1
1146 2
1147 2
1148 8
1149 8
1150 7
1151 7
1152 3
1153 0
1154 9
1155 5
1156 7
1157 2
1158 0
1159 3
1160 5
1161 8
1162 5
1163 4
1164 3
1165 8
1166 7
1167 1
1168 2
1169 0
1170 8
1171 3
1172 2
1173 2
1174 4
1175 4
1176 7
1177 3
1178 1
1179 0
1180 1
1181 7
1182 8
1183 9
1184 4
1185 1
1186 3
1187 8
1188 8
1189 7
1190 6
1191 3
1192 3
1193 2
1194 8
1195 3
1196 6
1197 5
1198 5
1199 2
1200 9
1201 7
1202 8
1203 8
1204 1
1205 1
1206 5
1207 9
1208 5
1209 7
1210 3
1211 9
1212 1
1213 2
1214 6
1215 1
1216 6
1217 7
1218 1
1219 6
1220 0
1221 6
1222 1
1223 8
1224 9
1225 7
1226 9
1227 8
1228 4
1229 9
1230 1
1231 2
1232 5
1233 1
1234 2
1235 8
1236 7
1237 7
1238 3
1239 5
1240 6
1241 7
1242 2
1243 5
1244 2
1245 2
1246 3
1247 5
1248 5
1249 1
1250 3
1251 0
1252 1
1253 1
1254 2
1255 6
1256 5
1257 8
1258 7
1259 9
1260 7
1261 8
1262 9
1263 4
1264 7
1265 1
1266 9
1267 4
1268 6
1269 6
1270 0
1271 7
1272 6
1273 2
1274 1
1275 7
1276 3
1277 6
1278 1
1279 5
1280 6
1281 0
1282 8
1283 5
1284 0
1285 9
1286 4
1287 6
1288 3
1289 1
1290 3
1291 7
1292 9
1293 6
1294 5
1295 4
1296 0
1297 3
1298 3
1299 5
1300 6
1301 7
1302 5
1303 9
1304 3
1305 6
1306 9
1307 3
1308 1
1309 1
1310 4
1311 9
1312 5
1313 5
1314 5
1315 6
1316 6
1317 7
1318 6
1319 5
1320 3
1321 4
1322 1
1323 9
1324 5
1325 7
1326 0
1327 5
1328 5
1329 7
1330 7
1331 0
1332 5
1333 7
1334 5
1335 3
1336 8
1337 1
1338 0
1339 1
1340 0
1341 1
1342 9
1343 1
1344 0
1345 0
1346 9
1347 7
1348 2
1349 8
1350 7
1351 4
1352 2
1353 4
1354 9
1355 4
1356 9
1357 7
1358 9
1359 8
1360 6
1361 5
1362 3
1363 0
1364 7
1365 7
1366 8
1367 2
1368 8
1369 7
1370 7
1371 3
1372 4
1373 8
1374 7
1375 8
1376 8
1377 9
1378 9
1379 6
1380 1
1381 6
1382 2
1383 4
1384 8
1385 4
1386 3
1387 4
1388 9
1389 8
1390 6
1391 2
1392 6
1393 7
1394 4
1395 8
1396 3
1397 2
1398 9
1399 5
1400 3
1401 5
1402 2
1403 9
1404 6
1405 5
1406 7
1407 7
1408 6
1409 0
1410 7
1411 8
1412 9
1413 4
1414 9
1415 5
1416 9
1417 0
1418 1
1419 2
1420 1
1421 3
1422 1
1423 8
1424 3
1425 6
1426 5
1427 7
1428 7
1429 6
1430 7
1431 7
1432 0
1433 3
1434 3
1435 9
1436 0
1437 9
1438 5
1439 1
1440 1
1441 4
1442 4
1443 1
1444 2
1445 3
1446 4
1447 6
1448 9
1449 7
1450 1
1451 6
1452 5
1453 0
1454 4
1455 2
1456 3
1457 4
1458 4
1459 6
1460 4
1461 6
1462 0
1463 8
1464 2
1465 3
1466 2
1467 6
1468 0
1469 3
1470 1
1471 5
1472 4
1473 7
1474 9
1475 6
1476 8
1477 1
1478 1
1479 9
1480 2
1481 3
1482 7
1483 7
1484 6
1485 2
1486 1
1487 9
1488 2
1489 6
1490 5
1491 8
1492 8
1493 9
1494 9
1495 6
1496 6
1497 1
1498 7
1499 3
1500 7
1501 3
1502 9
1503 6
1504 5
1505 9
1506 0
1507 5
1508 7
1509 2
1510 9
1511 9
1512 4
1513 2
1514 7
1515 4
1516 2
1517 5
1518 3
1519 9
1520 2
1521 6
1522 9
1523 5
1524 9
1525 0
1526 8
1527 1
1528 9
1529 5
1530 9
1531 6
1532 0
1533 5
1534 1
1535 1
1536 7
1537 4
1538 6
1539 8
1540 2
1541 2
1542 4
1543 4
1544 4
1545 2
1546 2
1547 7
1548 0
1549 9
1550 6
1551 7
1552 9
1553 6
1554 6
1555 3
1556 6
1557 8
1558 1
1559 1
1560 8
1561 0
1562 6
1563 1
1564 5
1565 1
1566 5
1567 4
1568 4
1569 9
1570 0
1571 2
1572 1
1573 7
1574 9
1575 1
1576 3
1577 8
1578 3
1579 5
1580 9
1581 5
1582 2
1583 5
1584 4
1585 9
1586 3
1587 1
1588 3
1589 7
1590 1
1591 0
1592 9
1593 0
1594 6
1595 7
1596 9
1597 1
1598 0
1599 4
1600 7
1601 0
1602 7
1603 5
1604 0
1605 9
1606 0
1607 5
1608 6
1609 2
1610 0
1611 9
1612 2
1613 8
1614 7
1615 8
1616 5
1617 8
1618 1
1619 0
1620 4
1621 4
1622 5
1623 2
1624 7
1625 0
1626 0
1627 9
1628 8
1629 1
1630 4
1631 2
1632 7
1633 0
1634 4
1635 8
1636 7
1637 1
1638 8
1639 7
1640 6
1641 3
1642 8
1643 6
1644 4
1645 5
1646 2
1647 1
1648 2
1649 6
1650 8
1651 0
1652 7
1653 9
1654 9
1655 3
1656 6
1657 7
1658 9
1659 5
1660 8
1661 6
1662 1
1663 8
1664 1
1665 0
1666 2
1667 4
1668 1
1669 4
1670 3
1671 8
1672 6
1673 1
1674 8
1675 7
1676 0
1677 7
1678 3
1679 3
1680 0
1681 8
1682 1
1683 7
1684 8
1685 0
1686 1
1687 9
1688 0
1689 0
1690 2
1691 3
1692 5
1693 9
1694 9
1695 5
1696 0
1697 3
1698 6
1699 0
1700 3
1701 1
1702 9
1703 0
1704 1
1705 2
1706 4
1707 4
1708 2
1709 7
1710 9
1711 3
1712 8
1713 9
1714 5
1715 8
1716 4
1717 2
1718 8
1719 1
1720 5
1721 1
1722 1
1723 9
1724 2
1725 3
1726 7
1727 6
1728 4
1729 5
1730 8
1731 4
1732 8
1733 6
1734 0
1735 9
1736 5
1737 4
1738 0
1739 0
1740 3
1741 1
1742 4
1743 2
1744 3
1745 5
1746 7
1747 9
1748 9
1749 4
1750 4
1751 7
1752 6
1753 0
1754 5
1755 9
1756 6
1757 4
1758 8
1759 8
1760 2
1761 5
1762 0
1763 4
1764 9
1765 1
1766 4
1767 5
1768 3
1769 5
1770 2
1771 7
1772 0
1773 8
1774 9
1775 6
1776 7
1777 3
1778 3
1779 0
1780 4
1781 3
1782 1
1783 2
1784 9
1785 6
1786 1
1787 6
1788 6
1789 8
1790 4
1791 5
1792 5
1793 9
1794 9
1795 6
1796 4
1797 2
1798 3
1799 4
1800 0
1801 2
1802 4
1803 8
1804 1
1805 3
1806 6
1807 4
1808 2
1809 0
1810 1
1811 6
1812 5
1813 7
1814 0
1815 5
1816 4
1817 4
1818 6
1819 8
1820 8
1821 1
1822 8
1823 7
1824 5
1825 9
1826 9
1827 8
1828 7
1829 3
1830 5
1831 9
1832 8
1833 7
1834 8
1835 2
1836 8
1837 4
1838 2
1839 8
1840 8
1841 5
1842 9
1843 3
1844 8
1845 3
1846 7
1847 2
1848 4
1849 3
1850 1
1851 4
1852 0
1853 8
1854 2
1855 0
1856 7
1857 4
1858 4
1859 0
1860 2
1861 4
1862 4
1863 8
1864 6
1865 0
1866 4
1867 8
1868 5
1869 4
1870 9
1871 3
1872 4
1873 3
1874 9
1875 4
1876 5
1877 9
1878 0
1879 3
1880 3
1881 8
1882 7
1883 5
1884 4
1885 1
1886 6
1887 7
1888 0
1889 6
1890 6
1891 2
1892 7
1893 1
1894 9
1895 9
1896 2
1897 2
1898 5
1899 2
1900 6
1901 5
1902 8
1903 3
1904 8
1905 0
1906 5
1907 9
1908 3
1909 7
1910 0
1911 6
1912 6
1913 0
1914 8
1915 2
1916 2
1917 0
1918 7
1919 3
1920 1
1921 6
1922 0
1923 3
1924 3
1925 8
1926 8
1927 2
1928 6
1929 1
1930 0
1931 6
1932 0
1933 6
1934 1
1935 5
1936 5
1937 7
1938 3
1939 1
1940 3
1941 2
1942 6
1943 5
1944 3
1945 4
1946 1
1947 6
1948 1
1949 1
1950 8
1951 1
1952 7
1953 0
1954 8
1955 2
1956 7
1957 0
1958 1
1959 9
1960 1
1961 3
1962 5
1963 2
1964 3
1965 6
1966 1
1967 2
1968 3
1969 9
1970 1
1971 6
1972 5
1973 2
1974 5
1975 0
1976 8
1977 7
1978 9
1979 3
1980 2
1981 2
1982 9
1983 3
1984 3
1985 7
1986 4
1987 2
1988 1
1989 0
1990 6
1991 4
1992 0
1993 0
1994 5
1995 3
1996 3
1997 1
1998 4
1999 8
2000 9
2001 7
2002 7
2003 9
2004 9
2005 7
2006 0
2007 5
2008 1
2009 7
2010 6
2011 7
2012 4
2013 2
2014 9
2015 1
2016 5
2017 7
2018 7
2019 8
2020 5
2021 9
2022 9
2023 7
2024 8
2025 8
2026 2
2027 6
2028 4
2029 4
2030 9
2031 5
2032 8
2033 9
2034 8
2035 4
2036 2
2037 1
2038 6
2039 3
2040 1
2041 9
2042 0
2043 7
2044 6
2045 8
2046 4
2047 7
2048 4
2049 8
2050 0
2051 2
2052 7
2053 6
2054 0
2055 6
2056 5
2057 2
2058 6
2059 7
2060 2
2061 3
2062 1
2063 7
2064 5
2065 1
2066 7
2067 8
2068 9
2069 1
2070 9
2071 0
2072 2
2073 1
2074 8
2075 5
2076 9
2077 8
2078 9
2079 2
2080 3
2081 9
2082 6
2083 1
2084 5
2085 6
2086 6
2087 3
2088 8
2089 8
2090 0
2091 7
2092 5
2093 1
2094 1
2095 1
2096 2
2097 7
2098 3
2099 9
2100 5
2101 1
2102 2
2103 2
2104 9
2105 5
2106 9
2107 7
2108 9
2109 6
2110 8
2111 9
2112 3
2113 8
2114 6
2115 7
2116 7
2117 8
2118 4
2119 3
2120 4
2121 0
2122 8
2123 5
2124 8
2125 6
2126 0
2127 9
2128 0
2129 4
2130 2
2131 7
2132 2
2133 7
2134 2
2135 3
2136 7
2137 4
2138 4
2139 9
2140 2
2141 2
2142 0
2143 1
2144 9
2145 9
2146 9
2147 8
2148 1
2149 0
2150 5
2151 7
2152 0
2153 9
2154 6
2155 3
2156 0
2157 2
2158 9
2159 9
2160 1
2161 5
2162 6
2163 9
2164 9
2165 2
2166 3
2167 3
2168 0
2169 1
2170 4
2171 3
2172 2
2173 2
2174 7
2175 6
2176 8
2177 7
2178 9
2179 2
2180 1
2181 6
2182 0
2183 6
2184 3
2185 7
2186 3
2187 6
2188 7
2189 6
2190 6
2191 9
2192 2
2193 5
2194 6
2195 0
2196 3
2197 6
2198 4
2199 4
2200 5
2201 8
2202 4
2203 7
2204 9
2205 5
2206 4
2207 8
2208 6
2209 1
2210 0
2211 4
2212 5
2213 4
2214 9
2215 1
2216 6
2217 5
2218 3
2219 7
2220 8
2221 3
2222 5
2223 1
2224 4
2225 4
2226 6
2227 8
2228 9
2229 0
2230 8
2231 7
2232 1
2233 3
2234 2
2235 9
2236 5
2237 9
2238 6
2239 5
2240 6
2241 4
2242 9
2243 1
2244 7
2245 6
2246 5
2247 3
2248 2
2249 4
2250 1
2251 9
2252 6
2253 5
2254 6
2255 3
2256 2
2257 7
2258 6
2259 0
2260 4
2261 4
2262 3
2263 7
2264 2
2265 2
2266 3
2267 8
2268 0
2269 3
2270 5
2271 3
2272 1
2273 0
2274 5
2275 7
2276 0
2277 9
2278 1
2279 5
2280 8
2281 6
2282 2
2283 8
2284 1
2285 7
2286 0
2287 2
2288 5
2289 0
2290 2
2291 6
2292 8
2293 7
2294 3
2295 2
2296 0
2297 4
2298 9
2299 4
2300 4
2301 6
2302 4
2303 4
2304 5
2305 5
2306 9
2307 2
2308 6
2309 1
2310 5
2311 2
2312 4
2313 6
2314 7
2315 6
2316 1
2317 1
2318 4
2319 2
2320 9
2321 9
2322 2
2323 2
2324 7
2325 9
2326 2
2327 4
2328 2
2329 6
2330 8
2331 7
2332 2
2333 6
2334 5
2335 6
2336 2
2337 1
2338 5
2339 1
2340 6
2341 6
2342 9
2343 4
2344 3
2345 4
2346 4
2347 8
2348 7
2349 2
2350 0
2351 4
2352 0
2353 2
2354 5
2355 5
2356 7
2357 7
2358 1
2359 0
2360 9
2361 6
2362 4
2363 9
2364 3
2365 6
2366 0
2367 9
2368 8
2369 2
2370 9
2371 2
2372 5
2373 2
2374 3
2375 1
2376 2
2377 4
2378 8
2379 1
2380 8
2381 9
2382 0
2383 2
2384 4
2385 8
2386 1
2387 2
2388 6
2389 7
2390 6
2391 8
2392 0
2393 4
2394 7
2395 9
2396 9
2397 8
2398 6
2399 5
2400 3
2401 4
2402 1
2403 1
2404 1
2405 0
2406 2
2407 0
2408 7
2409 7
2410 6
2411 1
2412 7
2413 2
2414 8
2415 7
2416 7
2417 4
2418 7
2419 5
2420 4
2421 9
2422 1
2423 4
2424 2
2425 9
2426 8
2427 7
2428 3
2429 2
2430 8
2431 5
2432 6
2433 0
2434 6
2435 5
2436 0
2437 6
2438 6
2439 7
2440 8
2441 6
2442 7
2443 3
2444 6
2445 9
2446 8
2447 8
2448 8
2449 7
2450 9
2451 0
2452 4
2453 8
2454 3
2455 2
2456 1
2457 5
2458 3
2459 9
2460 0
2461 8
2462 9
2463 3
2464 8
2465 5
2466 3
2467 4
2468 9
2469 1
2470 9
2471 6
2472 5
2473 8
2474 2
2475 3
2476 6
2477 2
2478 5
2479 2
2480 8
2481 7
2482 6
2483 2
2484 3
2485 3
2486 8
2487 6
2488 6
2489 7
2490 7
2491 4
2492 6
2493 7
2494 6
2495 8
2496 3
2497 8
2498 1
2499 4
2500 8
2501 6
2502 5
2503 6
2504 0
2505 1
2506 1
2507 1
2508 4
2509 3
2510 3
2511 3
2512 0
2513 9
2514 0
2515 0
2516 0
2517 6
2518 8
2519 5
2520 0
2521 0
2522 1
2523 1
2524 0
2525 3
2526 8
2527 9
2528 8
2529 1
2530 1
2531 9
2532 8
2533 0
2534 8
2535 0
2536 9
2537 3
2538 1
2539 7
2540 8
2541 1
2542 0
2543 9
2544 2
2545 2
2546 4
2547 4
2548 1
2549 0
2550 5
2551 1
2552 4
2553 7
2554 1
2555 2
2556 2
2557 0
2558 9
2559 6
2560 2
2561 6
2562 1
2563 0
2564 0
2565 3
2566 1
2567 0
2568 0
2569 3
2570 0
2571 4
2572 3
2573 1
2574 8
2575 2
2576 1
2577 3
2578 4
2579 6
2580 3
2581 2
2582 0
2583 2
2584 3
2585 9
2586 6
2587 5
2588 7
2589 6
2590 1
2591 3
2592 6
2593 6
2594 1
2595 7
2596 8
2597 6
2598 6
2599 3
2600 3
2601 4
2602 4
2603 5
2604 2
2605 2
2606 2
2607 5
2608 8
2609 6
2610 3
2611 2
2612 7
2613 3
2614 8
2615 0
2616 5
2617 9
2618 3
2619 5
2620 6
2621 3
2622 5
2623 1
2624 7
2625 4
2626 0
2627 8
2628 0
2629 9
2630 6
2631 3
2632 8
2633 3
2634 9
2635 5
2636 8
2637 8
2638 8
2639 3
2640 2
2641 3
2642 5
2643 1
2644 5
2645 2
2646 4
2647 7
2648 9
2649 0
2650 2
2651 2
2652 8
2653 3
2654 1
2655 5
2656 9
2657 3
2658 7
2659 0
2660 3
2661 0
2662 6
2663 3
2664 9
2665 3
2666 9
2667 4
2668 7
2669 2
2670 4
2671 0
2672 7
2673 8
2674 0
2675 5
2676 0
2677 1
2678 1
2679 2
2680 8
2681 5
2682 5
2683 5
2684 0
2685 6
2686 5
2687 4
2688 5
2689 5
2690 6
2691 5
2692 2
2693 0
2694 4
2695 1
2696 9
2697 3
2698 0
2699 1
2700 9
2701 1
2702 7
2703 5
2704 9
2705 7
2706 0
2707 8
2708 1
2709 1
2710 7
2711 6
2712 7
2713 5
2714 7
2715 5
2716 4
2717 9
2718 3
2719 3
2720 2
2721 9
2722 7
2723 9
2724 2
2725 8
2726 5
2727 2
2728 4
2729 0
2730 9
2731 9
2732 8
2733 0
2734 5
2735 4
2736 4
2737 9
2738 4
2739 6
2740 5
2741 0
2742 0
2743 1
2744 5
2745 8
2746 5
2747 5
2748 9
2749 3
2750 8
2751 5
2752 6
2753 1
2754 7
2755 5
2756 6
2757 7
2758 4
2759 4
2760 4
2761 4
2762 6
2763 4
2764 9
2765 1
2766 8
2767 6
2768 6
2769 9
2770 7
2771 3
2772 4
2773 3
2774 3
2775 8
2776 8
2777 6
2778 9
2779 0
2780 0
2781 4
2782 2
2783 0
2784 9
2785 3
2786 3
2787 3
2788 0
2789 0
2790 1
2791 3
2792 9
2793 8
2794 7
2795 3
2796 8
2797 0
2798 7
2799 2
2800 1
2801 1
2802 8
2803 9
2804 0
2805 4
2806 0
2807 4
2808 8
2809 3
2810 3
2811 7
2812 6
2813 7
2814 2
2815 4
2816 1
2817 6
2818 8
2819 8
2820 0
2821 5
2822 0
2823 9
2824 1
2825 2
2826 3
2827 8
2828 2
2829 5
2830 2
2831 4
2832 3
2833 0
2834 3
2835 2
2836 4
2837 3
2838 4
2839 2
2840 5
2841 1
2842 1
2843 5
2844 1
2845 1
2846 2
2847 9
2848 4
2849 7
2850 9
2851 9
2852 9
2853 9
2854 6
2855 9
2856 0
2857 3
2858 2
2859 2
2860 5
2861 3
2862 1
2863 5
2864 9
2865 6
2866 7
2867 9
2868 4
2869 3
2870 3
2871 7
2872 5
2873 1
2874 1
2875 6
2876 6
2877 8
2878 4
2879 7
2880 5
2881 7
2882 9
2883 9
2884 6
2885 8
2886 8
2887 4
2888 8
2889 9
2890 0
2891 4
2892 5
2893 6
2894 0
2895 5
2896 3
2897 9
2898 5
2899 9
2900 0
2901 0
2902 8
2903 6
2904 8
2905 4
2906 9
2907 4
2908 6
2909 8
2910 2
2911 8
2912 4
2913 5
2914 4
2915 6
2916 6
2917 2
2918 7
2919 4
2920 5
2921 7
2922 9
2923 6
2924 3
2925 7
2926 7
2927 4
2928 6
2929 6
2930 1
2931 4
2932 2
2933 5
2934 6
2935 8
2936 5
2937 9
2938 5
2939 7
2940 4
2941 9
2942 3
2943 0
2944 2
2945 0
2946 5
2947 4
2948 7
2949 8
2950 3
2951 5
2952 0
2953 1
2954 4
2955 8
2956 0
2957 0
2958 6
2959 3
2960 7
2961 1
2962 3
2963 3
2964 3
2965 5
2966 4
2967 6
2968 6
2969 5
2970 8
2971 7
2972 2
2973 3
2974 4
2975 3
2976 2
2977 0
2978 3
2979 5
2980 0
2981 5
2982 6
2983 5
2984 9
2985 6
2986 4
2987 5
2988 6
2989 9
2990 2
2991 9
2992 6
2993 2
2994 9
2995 8
2996 5
2997 9
2998 4
2999 2
3000 4
3001 6
3002 3
3003 2
3004 2
3005 8
3006 2
3007 7
3008 1
3009 7
3010 0
3011 1
3012 8
3013 2
3014 9
3015 3
3016 8
3017 0
3018 2
3019 8
3020 6
3021 3
3022 5
3023 8
3024 8
3025 6
3026 5
3027 5
3028 7
3029 6
3030 7
3031 9
3032 0
3033 8
3034 0
3035 7
3036 2
3037 4
3038 7
3039 5
3040 0
3041 0
3042 4
3043 4
3044 3
3045 6
3046 0
3047 5
3048 4
3049 2
3050 0
3051 5
3052 9
3053 1
3054 1
3055 3
3056 9
3057 7
3058 0
3059 5
3060 6
3061 4
3062 2
3063 9
3064 7
3065 8
3066 1
3067 0
3068 7
3069 8
3070 3
3071 8
3072 3
3073 0
3074 3
3075 5
3076 8
3077 4
3078 8
3079 2
3080 4
3081 9
3082 3
3083 8
3084 8
3085 8
3086 8
3087 3
3088 3
3089 0
3090 6
3091 9
3092 6
3093 8
3094 8
3095 9
3096 5
3097 8
3098 2
3099 4
3100 3
3101 2
3102 7
3103 0
3104 4
3105 3
3106 0
3107 8
3108 7
3109 5
3110 0
3111 2
3112 3
3113 9
3114 2
3115 0
3116 7
3117 6
3118 6
3119 3
3120 1
3121 9
3122 6
3123 7
3124 7
3125 9
3126 1
3127 8
3128 4
3129 6
3130 7
3131 8
3132 0
3133 8
3134 4
3135 5
3136 0
3137 0
3138 2
3139 7
3140 0
3141 0
3142 4
3143 3
3144 0
3145 5
3146 1
3147 9
3148 9
3149 5
3150 2
3151 7
3152 0
3153 1
3154 6
3155 6
3156 8
3157 4
3158 2
3159 5
3160 2
3161 1
3162 5
3163 9
3164 8
3165 0
3166 8
3167 3
3168 7
3169 8
3170 1
3171 1
3172 5
3173 9
3174 3
3175 1
3176 1
3177 9
3178 7
3179 7
3180 3
3181 4
3182 4
3183 8
3184 3
3185 2
3186 0
3187 7
3188 0
3189 7
3190 0
3191 4
3192 8
3193 0
3194 5
3195 1
3196 5
3197 1
3198 6
3199 2
3200 3
3201 3
3202 2
3203 0
3204 0
3205 3
3206 9
3207 4
3208 5
3209 8
3210 3
3211 6
3212 7
3213 4
3214 1
3215 1
3216 8
3217 4
3218 8
3219 1
3220 3
3221 4
3222 1
3223 5
3224 2
3225 8
3226 3
3227 4
3228 5
3229 3
3230 2
3231 4
3232 4
3233 3
3234 7
3235 1
3236 9
3237 3
3238 0
3239 4
3240 6
3241 6
3242 1
3243 4
3244 3
3245 6
3246 9
3247 6
3248 8
3249 8
3250 9
3251 9
3252 8
3253 5
3254 8
3255 0
3256 6
3257 7
3258 1
3259 2
3260 8
3261 0
3262 1
3263 7
3264 1
3265 6
3266 2
3267 7
3268 0
3269 6
3270 3
3271 0
3272 3
3273 1
3274 5
3275 3
3276 7
3277 0
3278 7
3279 7
3280 5
3281 5
3282 9
3283 9
3284 9
3285 7
3286 4
3287 2
3288 9
3289 7
3290 5
3291 6
3292 6
3293 5
3294 5
3295 7
3296 2
3297 4
3298 0
3299 9
3300 0
3301 0
3302 7
3303 6
3304 9
3305 0
3306 8
3307 5
3308 7
3309 8
3310 2
3311 1
3312 1
3313 7
3314 9
3315 2
3316 8
3317 8
3318 3
3319 9
3320 7
3321 8
3322 5
3323 5
3324 4
3325 0
3326 6
3327 7
3328 9
3329 6
3330 5
3331 9
3332 9
3333 8
3334 2
3335 2
3336 4
3337 3
3338 2
3339 4
3340 8
3341 4
3342 0
3343 9
3344 2
3345 0
3346 8
3347 5
3348 9
3349 1
3350 4
3351 3
3352 2
3353 0
3354 9
3355 8
3356 7
3357 0
3358 1
3359 5
3360 3
3361 9
3362 6
3363 0
3364 0
3365 2
3366 3
3367 5
3368 3
3369 3
3370 6
3371 4
3372 3
3373 1
3374 8
3375 5
3376 0
3377 8
3378 5
3379 3
3380 8
3381 7
3382 9
3383 3
3384 4
3385 6
3386 6
3387 5
3388 4
3389 1
3390 2
3391 7
3392 1
3393 4
3394 4
3395 9
3396 4
3397 5
3398 0
3399 7
3400 0
3401 0
3402 2
3403 6
3404 8
3405 5
3406 1
3407 7
3408 2
3409 6
3410 6
3411 4
3412 6
3413 0
3414 3
3415 8
3416 9
3417 1
3418 2
3419 0
3420 7
3421 6
3422 0
3423 7
3424 5
3425 9
3426 9
3427 0
3428 9
3429 7
3430 8
3431 0
3432 6
3433 4
3434 1
3435 3
3436 8
3437 9
3438 2
3439 1
3440 2
3441 3
3442 6
3443 6
3444 4
3445 3
3446 7
3447 8
3448 2
3449 8
3450 4
3451 5
3452 7
3453 3
3454 3
3455 0
3456 2
3457 8
3458 9
3459 5
3460 1
3461 2
3462 2
3463 1
3464 8
3465 1
3466 1
3467 7
3468 6
3469 2
3470 3
3471 9
3472 2
3473 5
3474 6
3475 1
3476 0
3477 5
3478 9
3479 7
3480 7
3481 3
3482 4
3483 7
3484 6
3485 6
3486 9
3487 2
3488 8
3489 5
3490 6
3491 3
3492 4
3493 5
3494 4
3495 0
3496 2
3497 5
3498 1
3499 9
3500 3
3501 2
3502 3
3503 4
3504 8
3505 9
3506 1
3507 5
3508 0
3509 6
3510 9
3511 5
3512 9
3513 7
3514 2
3515 5
3516 9
3517 1
3518 3
3519 2
3520 4
3521 6
3522 7
3523 1
3524 9
3525 0
3526 8
3527 1
3528 3
3529 7
3530 3
3531 4
3532 1
3533 7
3534 5
3535 8
3536 9
3537 4
3538 4
3539 6
3540 1
3541 3
3542 1
3543 0
3544 6
3545 7
3546 3
3547 6
3548 8
3549 3
3550 8
3551 6
3552 0
3553 1
3554 8
3555 8
3556 4
3557 2
3558 5
3559 7
3560 3
3561 2
3562 2
3563 2
3564 4
3565 8
3566 3
3567 0
3568 9
3569 0
3570 8
3571 0
3572 8
3573 6
3574 9
3575 9
3576 3
3577 8
3578 0
3579 1
3580 5
3581 5
3582 3
3583 6
3584 0
3585 4
3586 7
3587 2
3588 4
3589 0
3590 2
3591 4
3592 6
3593 9
3594 7
3595 1
3596 2
3597 0
3598 0
3599 6
3600 5
3601 6
3602 8
3603 1
3604 2
3605 8
3606 8
3607 6
3608 3
3609 1
3610 7
3611 4
3612 9
3613 1
3614 8
3615 4
3616 9
3617 3
3618 7
3619 4
3620 1
3621 6
3622 6
3623 5
3624 3
3625 2
3626 4
3627 5
3628 2
3629 2
3630 5
3631 5
3632 2
3633 7
3634 3
3635 2
3636 6
3637 5
3638 6
3639 5
3640 3
3641 4
3642 0
3643 6
3644 5
3645 9
3646 8
3647 6
3648 8
3649 4
3650 2
3651 5
3652 6
3653 6
3654 2
3655 0
3656 2
3657 4
3658 0
3659 3
3660 2
3661 1
3662 5
3663 3
3664 3
3665 1
3666 4
3667 4
3668 2
3669 9
3670 2
3671 6
3672 3
3673 8
3674 0
3675 2
3676 1
3677 0
3678 8
3679 0
3680 1
3681 8
3682 6
3683 6
3684 7
3685 7
3686 0
3687 0
3688 7
3689 3
3690 9
3691 7
3692 9
3693 1
3694 3
3695 3
3696 9
3697 2
3698 0
3699 7
3700 8
3701 9
3702 8
3703 7
3704 6
3705 6
3706 8
3707 1
3708 3
3709 3
3710 7
3711 7
3712 8
3713 8
3714 4
3715 7
3716 7
3717 0
3718 9
3719 1
3720 6
3721 9
3722 8
3723 9
3724 3
3725 5
3726 9
3727 9
3728 7
3729 5
3730 2
3731 4
3732 7
3733 5
3734 1
3735 2
3736 2
3737 9
3738 9
3739 4
3740 4
3741 1
3742 3
3743 4
3744 0
3745 1
3746 4
3747 4
3748 9
3749 2
3750 1
3751 2
3752 4
3753 1
3754 0
3755 7
3756 6
3757 5
3758 4
3759 1
3760 7
3761 2
3762 8
3763 4
3764 7
3765 5
3766 2
3767 3
3768 5
3769 4
3770 4
3771 4
3772 0
3773 2
3774 0
3775 2
3776 7
3777 2
3778 5
3779 5
3780 5
3781 3
3782 7
3783 4
3784 0
3785 3
3786 2
3787 3
3788 5
3789 1
3790 4
3791 3
3792 7
3793 4
3794 8
3795 8
3796 9
3797 4
3798 4
3799 7
3800 7
3801 7
3802 5
3803 3
3804 7
3805 0
3806 8
3807 4
3808 0
3809 6
3810 8
3811 6
3812 4
3813 8
3814 7
3815 3
3816 2
3817 0
3818 7
3819 7
3820 0
3821 7
3822 7
3823 4
3824 0
3825 3
3826 7
3827 9
3828 0
3829 7
3830 6
3831 0
3832 3
3833 6
3834 0
3835 4
3836 6
3837 4
3838 1
3839 8
3840 5
3841 7
3842 8
3843 9
3844 5
3845 6
3846 5
3847 3
3848 3
3849 7
3850 2
3851 0
3852 0
3853 9
3854 7
3855 1
3856 4
3857 9
3858 8
3859 5
3860 5
3861 2
3862 8
3863 4
3864 8
3865 3
3866 0
3867 6
3868 6
3869 8
3870 7
3871 2
3872 3
3873 8
3874 3
3875 6
3876 7
3877 2
3878 4
3879 2
3880 5
3881 8
3882 2
3883 7
3884 9
3885 1
3886 7
3887 8
3888 9
3889 9
3890 1
3891 1
3892 9
3893 8
3894 1
3895 6
3896 1
3897 8
3898 9
3899 3
3900 1
3901 6
3902 6
3903 8
3904 9
3905 3
3906 0
3907 2
3908 8
3909 3
3910 4
3911 1
3912 3
3913 5
3914 7
3915 0
3916 2
3917 9
3918 0
3919 5
3920 2
3921 0
3922 1
3923 8
3924 5
3925 7
3926 1
3927 8
3928 5
3929 5
3930 7
3931 1
3932 1
3933 0
3934 5
3935 4
3936 3
3937 5
3938 9
3939 7
3940 4
3941 4
3942 0
3943 2
3944 9
3945 1
3946 8
3947 6
3948 5
3949 8
3950 4
3951 9
3952 4
3953 0
3954 2
3955 2
3956 3
3957 1
3958 5
3959 1
3960 3
3961 1
3962 0
3963 1
3964 5
3965 1
3966 7
3967 8
3968 1
3969 5
3970 1
3971 9
3972 3
3973 5
3974 3
3975 8
3976 7
3977 4
3978 1
3979 7
3980 7
3981 8
3982 9
3983 1
3984 3
3985 2
3986 5
3987 3
3988 7
3989 0
3990 2
3991 6
3992 1
3993 6
3994 5
3995 2
3996 9
3997 6
3998 8
3999 0
4000 4
4001 3
4002 8
4003 7
4004 2
4005 8
4006 8
4007 5
4008 9
4009 2
4010 6
4011 3
4012 0
4013 1
4014 8
4015 1
4016 8
4017 4
4018 0
4019 0
4020 9
4021 0
4022 9
4023 8
4024 5
4025 8
4026 4
4027 3
4028 9
4029 2
4030 3
4031 1
4032 5
4033 5
4034 1
4035 4
4036 4
4037 5
4038 2
4039 2
4040 6
4041 5
4042 7
4043 3
4044 5
4045 7
4046 5
4047 0
4048 1
4049 3
4050 3
4051 5
4052 1
4053 5
4054 1
4055 9
4056 0
4057 3
4058 0
4059 8
4060 4
4061 1
4062 1
4063 7
4064 7
4065 1
4066 1
4067 0
4068 2
4069 4
4070 5
4071 3
4072 4
4073 1
4074 9
4075 4
4076 0
4077 3
4078 6
4079 6
4080 6
4081 1
4082 4
4083 2
4084 7
4085 1
4086 0
4087 7
4088 8
4089 2
4090 5
4091 3
4092 9
4093 2
4094 2
4095 1
4096 0
4097 5
4098 8
4099 1
4100 9
4101 7
4102 9
4103 9
4104 9
4105 6
4106 0
4107 6
4108 2
4109 0
4110 4
4111 1
4112 0
4113 7
4114 5
4115 4
4116 3
4117 9
4118 5
4119 0
4120 0
4121 7
4122 6
4123 8
4124 5
4125 6
4126 9
4127 0
4128 3
4129 1
4130 5
4131 1
4132 4
4133 9
4134 1
4135 6
4136 5
4137 1
4138 7
4139 1
4140 3
4141 9
4142 5
4143 2
4144 7
4145 0
4146 3
4147 6
4148 2
4149 7
4150 6
4151 1
4152 8
4153 7
4154 8
4155 5
4156 9
4157 0
4158 7
4159 1
4160 3
4161 0
4162 0
4163 0
4164 2
4165 7
4166 9
4167 9
4168 4
4169 7
4170 2
4171 3
4172 2
4173 0
4174 1
4175 2
4176 7
4177 8
4178 8
4179 5
4180 9
4181 7
4182 1
4183 1
4184 8
4185 3
4186 1
4187 8
4188 9
4189 2
4190 2
4191 2
4192 2
4193 2
4194 4
4195 7
4196 2
4197 4
4198 0
4199 2
4200 8
4201 0
4202 2
4203 3
4204 5
4205 3
4206 9
4207 7
4208 7
4209 1
4210 8
4211 9
4212 7
4213 5
4214 4
4215 8
4216 6
4217 7
4218 6
4219 6
4220 1
4221 3
4222 2
4223 6
4224 7
4225 7
4226 9
4227 0
4228 1
4229 8
4230 3
4231 4
4232 3
4233 1
4234 0
4235 1
4236 6
4237 2
4238 5
4239 0
4240 0
4241 3
4242 5
4243 8
4244 7
4245 9
4246 0
4247 8
4248 0
4249 8
4250 7
4251 4
4252 7
4253 6
4254 6
4255 5
4256 8
4257 1
4258 2
4259 1
4260 7
4261 1
4262 9
4263 5
4264 5
4265 1
4266 7
4267 9
4268 5
4269 5
4270 7
4271 5
4272 6
4273 9
4274 4
4275 3
4276 7
4277 2
4278 1
4279 2
4280 2
4281 5
4282 0
4283 3
4284 9
4285 0
4286 7
4287 5
4288 5
4289 7
4290 9
4291 7
4292 2
4293 7
4294 6
4295 0
4296 4
4297 9
4298 1
4299 6
4300 2
4301 4
4302 1
4303 7
4304 5
4305 4
4306 4
4307 8
4308 4
4309 3
4310 5
4311 7
4312 0
4313 7
4314 9
4315 4
4316 5
4317 9
4318 9
4319 2
4320 5
4321 8
4322 6
4323 3
4324 0
4325 6
4326 1
4327 2
4328 3
4329 5
4330 2
4331 3
4332 5
4333 2
4334 1
4335 5
4336 9
4337 4
4338 4
4339 5
4340 8
4341 4
4342 7
4343 9
4344 8
4345 4
4346 8
4347 0
4348 1
4349 0
4350 7
4351 9
4352 4
4353 6
4354 9
4355 4
4356 7
4357 1
4358 8
4359 9
4360 2
4361 0
4362 6
4363 9
4364 0
4365 6
4366 0
4367 2
4368 1
4369 1
4370 8
4371 5
4372 6
4373 2
4374 3
4375 6
4376 3
4377 5
4378 4
4379 2
4380 1
4381 0
4382 3
4383 9
4384 4
4385 6
4386 8
4387 2
4388 2
4389 5
4390 0
4391 3
4392 1
4393 4
4394 9
4395 4
4396 2
4397 9
4398 7
4399 9
4400 9
4401 7
4402 0
4403 4
4404 9
4405 0
4406 7
4407 6
4408 4
4409 4
4410 6
4411 8
4412 1
4413 8
4414 8
4415 3
4416 7
4417 8
4418 2
4419 0
4420 0
4421 5
4422 0
4423 9
4424 8
4425 6
4426 7
4427 9
4428 3
4429 4
4430 6
4431 3
4432 5
4433 1
4434 0
4435 5
4436 0
4437 2
4438 7
4439 9
4440 7
4441 3
4442 7
4443 3
4444 6
4445 5
4446 0
4447 4
4448 3
4449 6
4450 2
4451 1
4452 4
4453 7
4454 9
4455 8
4456 5
4457 3
4458 2
4459 6
4460 5
4461 1
4462 1
4463 9
4464 3
4465 5
4466 4
4467 9
4468 0
4469 3
4470 2
4471 7
4472 8
4473 9
4474 2
4475 0
4476 3
4477 0
4478 7
4479 6
4480 1
4481 3
4482 2
4483 0
4484 2
4485 0
4486 5
4487 0
4488 8
4489 5
4490 6
4491 6
4492 8
4493 8
4494 6
4495 9
4496 4
4497 3
4498 5
4499 1
4500 0
4501 6
4502 1
4503 5
4504 8
4505 8
4506 2
4507 0
4508 5
4509 9
4510 2
4511 2
4512 9
4513 1
4514 8
4515 7
4516 4
4517 1
4518 5
4519 2
4520 4
4521 8
4522 8
4523 2
4524 5
4525 8
4526 8
4527 1
4528 0
4529 8
4530 6
4531 3
4532 5
4533 0
4534 7
4535 4
4536 3
4537 2
4538 7
4539 9
4540 8
4541 2
4542 8
4543 6
4544 0
4545 3
4546 5
4547 9
4548 5
4549 9
4550 8
4551 1
4552 1
4553 5
4554 0
4555 4
4556 6
4557 9
4558 5
4559 5
4560 4
4561 3
4562 7
4563 8
4564 1
4565 6
4566 4
4567 4
4568 4
4569 0
4570 1
4571 0
4572 8
4573 5
4574 0
4575 3
4576 0
4577 9
4578 7
4579 3
4580 9
4581 3
4582 6
4583 6
4584 3
4585 2
4586 3
4587 1
4588 1
4589 4
4590 3
4591 8
4592 0
4593 4
4594 6
4595 8
4596 9
4597 7
4598 8
4599 0
4600 2
4601 1
4602 5
4603 6
4604 7
4605 3
4606 8
4607 0
4608 4
4609 3
4610 3
4611 7
4612 7
4613 3
4614 0
4615 0
4616 7
4617 8
4618 6
4619 1
4620 0
4621 1
4622 0
4623 5
4624 2
4625 9
4626 5
4627 0
4628 7
4629 6
4630 2
4631 1
4632 8
4633 3
4634 4
4635 7
4636 0
4637 8
4638 8
4639 9
4640 1
4641 8
4642 4
4643 9
4644 7
4645 3
4646 3
4647 9
4648 6
4649 4
4650 6
4651 2
4652 1
4653 1
4654 4
4655 9
4656 4
4657 7
4658 3
4659 4
4660 7
4661 6
4662 0
4663 6
4664 4
4665 2
4666 3
4667 2
4668 3
4669 7
4670 2
4671 5
4672 3
4673 5
4674 0
4675 7
4676 5
4677 6
4678 9
4679 8
4680 3
4681 6
4682 4
4683 1
4684 4
4685 1
4686 4
4687 2
4688 9
4689 7
4690 0
4691 0
4692 1
4693 5
4694 8
4695 3
4696 9
4697 6
4698 9
4699 5
4700 3
4701 0
4702 3
4703 6
4704 5
4705 8
4706 9
4707 8
4708 5
4709 5
4710 2
4711 7
4712 0
4713 8
4714 1
4715 1
4716 1
4717 6
4718 5
4719 6
4720 4
4721 5
4722 5
4723 0
4724 6
4725 5
4726 8
4727 5
4728 9
4729 6
4730 5
4731 2
4732 0
4733 4
4734 7
4735 7
4736 4
4737 4
4738 2
4739 3
4740 2
4741 1
4742 9
4743 3
4744 5
4745 1
4746 2
4747 7
4748 1
4749 0
4750 8
4751 5
4752 3
4753 3
4754 7
4755 0
4756 3
4757 5
4758 7
4759 1
4760 6
4761 8
4762 2
4763 7
4764 2
4765 4
4766 2
4767 1
4768 3
4769 4
4770 0
4771 8
4772 0
4773 2
4774 7
4775 3
4776 9
4777 3
4778 0
4779 0
4780 3
4781 2
4782 4
4783 3
4784 0
4785 4
4786 3
4787 2
4788 4
4789 3
4790 4
4791 9
4792 4
4793 9
4794 0
4795 1
4796 7
4797 0
4798 6
4799 7
4800 5
4801 5
4802 3
4803 7
4804 4
4805 7
4806 4
4807 4
4808 8
4809 2
4810 2
4811 7
4812 6
4813 7
4814 0
4815 1
4816 7
4817 5
4818 3
4819 6
4820 9
4821 6
4822 8
4823 4
4824 8
4825 0
4826 3
4827 5
4828 9
4829 3
4830 5
4831 0
4832 4
4833 5
4834 5
4835 3
4836 1
4837 9
4838 0
4839 4
4840 5
4841 2
4842 7
4843 6
4844 4
4845 9
4846 0
4847 1
4848 4
4849 9
4850 0
4851 8
4852 0
4853 2
4854 5
4855 5
4856 2
4857 0
4858 4
4859 3
4860 0
4861 0
4862 5
4863 4
4864 4
4865 6
4866 1
4867 9
4868 5
4869 2
4870 2
4871 7
4872 3
4873 1
4874 7
4875 9
4876 4
4877 6
4878 4
4879 3
4880 9
4881 7
4882 8
4883 6
4884 2
4885 8
4886 8
4887 0
4888 8
4889 9
4890 8
4891 0
4892 3
4893 1
4894 2
4895 0
4896 1
4897 9
4898 8
4899 0
4900 4
4901 7
4902 5
4903 3
4904 8
4905 3
4906 4
4907 8
4908 7
4909 4
4910 2
4911 6
4912 7
4913 6
4914 0
4915 8
4916 5
4917 4
4918 9
4919 4
4920 1
4921 7
4922 8
4923 5
4924 0
4925 8
4926 9
4927 6
4928 7
4929 5
4930 1
4931 0
4932 0
4933 5
4934 5
4935 9
4936 9
4937 2
4938 7
4939 8
4940 8
4941 7
4942 8
4943 4
4944 4
4945 2
4946 4
4947 7
4948 3
4949 6
4950 6
4951 1
4952 4
4953 4
4954 4
4955 6
4956 8
4957 9
4958 9
4959 0
4960 6
4961 1
4962 5
4963 3
4964 5
4965 3
4966 7
4967 9
4968 6
4969 6
4970 8
4971 5
4972 3
4973 2
4974 3
4975 2
4976 8
4977 1
4978 8
4979 1
4980 9
4981 6
4982 2
4983 2
4984 8
4985 3
4986 1
4987 4
4988 4
4989 0
4990 0
4991 2
4992 8
4993 4
4994 1
4995 9
4996 6
4997 2
4998 1
4999 9
5000 7
5001 4
5002 5
5003 8
5004 2
5005 4
5006 2
5007 8
5008 0
5009 6
5010 2
5011 9
5012 4
5013 8
5014 6
5015 4
5016 3
5017 9
5018 8
5019 3
5020 1
5021 4
5022 2
5023 2
5024 6
5025 5
5026 2
5027 3
5028 4
5029 8
5030 9
5031 5
5032 6
5033 1
5034 3
5035 8
5036 8
5037 9
5038 7
5039 5
5040 2
5041 1
5042 6
5043 1
5044 2
5045 6
5046 2
5047 3
5048 9
5049 4
5050 1
5051 9
5052 6
5053 6
5054 9
5055 8
5056 8
5057 0
5058 9
5059 8
5060 9
5061 8
5062 2
5063 8
5064 9
5065 0
5066 7
5067 9
5068 2
5069 2
5070 2
5071 3
5072 2
5073 2
5074 5
5075 3
5076 1
5077 1
5078 1
5079 5
5080 6
5081 6
5082 7
5083 9
5084 4
5085 0
5086 8
5087 3
5088 7
5089 7
5090 7
5091 9
5092 4
5093 5
5094 0
5095 6
5096 6
5097 6
5098 3
5099 7
5100 8
5101 9
5102 4
5103 3
5104 6
5105 0
5106 6
5107 3
5108 5
5109 8
5110 9
5111 8
5112 4
5113 4
5114 2
5115 4
5116 5
5117 1
5118 8
5119 6
5120 5
5121 2
5122 2
5123 7
5124 7
5125 1
5126 7
5127 1
5128 6
5129 2
5130 5
5131 5
5132 4
5133 5
5134 2
5135 3
5136 2
5137 1
5138 3
5139 7
5140 8
5141 9
5142 8
5143 0
5144 1
5145 0
5146 2
5147 3
5148 5
5149 9
5150 2
5151 8
5152 8
5153 6
5154 4
5155 4
5156 5
5157 3
5158 5
5159 1
5160 0
5161 5
5162 6
5163 1
5164 1
5165 4
5166 7
5167 3
5168 5
5169 0
5170 6
5171 5
5172 3
5173 4
5174 6
5175 4
5176 4
5177 3
5178 8
5179 5
5180 0
5181 3
5182 1
5183 7
5184 1
5185 0
5186 0
5187 9
5188 4
5189 4
5190 7
5191 5
5192 1
5193 9
5194 3
5195 1
5196 8
5197 0
5198 8
5199 3
5200 0
5201 0
5202 7
5203 6
5204 0
5205 2
5206 0
5207 5
5208 5
5209 0
5210 0
5211 6
5212 2
5213 3
5214 3
5215 4
5216 7
5217 6
5218 6
5219 3
5220 9
5221 6
5222 0
5223 3
5224 3
5225 4
5226 9
5227 1
5228 3
5229 6
5230 1
5231 5
5232 9
5233 6
5234 5
5235 2
5236 9
5237 5
5238 5
5239 8
5240 2
5241 5
5242 4
5243 8
5244 2
5245 5
5246 5
5247 8
5248 7
5249 8
5250 3
5251 0
5252 0
5253 0
5254 8
5255 7
5256 8
5257 2
5258 9
5259 2
5260 3
5261 9
5262 6
5263 0
5264 8
5265 9
5266 6
5267 1
5268 0
5269 4
5270 1
5271 3
5272 8
5273 2
5274 1
5275 0
5276 4
5277 6
5278 1
5279 7
5280 6
5281 8
5282 9
5283 9
5284 0
5285 5
5286 2
5287 1
5288 0
5289 8
5290 0
5291 1
5292 3
5293 9
5294 9
5295 3
5296 0
5297 1
5298 6
5299 3
5300 5
5301 4
5302 6
5303 4
5304 9
5305 3
5306 9
5307 8
5308 4
5309 7
5310 6
5311 5
5312 7
5313 8
5314 0
5315 2
5316 6
5317 9
5318 0
5319 7
5320 1
5321 4
5322 8
5323 2
5324 0
5325 0
5326 7
5327 2
5328 1
5329 7
5330 1
5331 8
5332 9
5333 8
5334 5
5335 8
5336 8
5337 6
5338 7
5339 3
5340 1
5341 9
5342 6
5343 7
5344 4
5345 3
5346 3
5347 9
5348 3
5349 4
5350 8
5351 6
5352 1
5353 1
5354 5
5355 9
5356 2
5357 4
5358 8
5359 1
5360 4
5361 0
5362 1
5363 5
5364 3
5365 6
5366 0
5367 6
5368 5
5369 3
5370 1
5371 2
5372 5
5373 5
5374 8
5375 6
5376 8
5377 3
5378 5
5379 6
5380 1
5381 4
5382 0
5383 5
5384 2
5385 9
5386 1
5387 9
5388 4
5389 1
5390 7
5391 0
5392 0
5393 9
5394 9
5395 2
5396 0
5397 7
5398 9
5399 1
5400 8
5401 3
5402 4
5403 2
5404 8
5405 7
5406 2
5407 3
5408 3
5409 8
5410 7
5411 1
5412 8
5413 2
5414 7
5415 3
5416 9
5417 2
5418 0
5419 1
5420 3
5421 4
5422 5
5423 2
5424 7
5425 3
5426 4
5427 4
5428 8
5429 7
5430 4
5431 8
5432 7
5433 6
5434 4
5435 0
5436 5
5437 6
5438 7
5439 8
5440 8
5441 4
5442 6
5443 5
5444 8
5445 0
5446 1
5447 6
5448 6
5449 8
5450 9
5451 8
5452 6
5453 9
5454 2
5455 8
5456 8
5457 0
5458 9
5459 8
5460 6
5461 8
5462 4
5463 4
5464 9
5465 0
5466 8
5467 9
5468 7
5469 4
5470 6
5471 7
5472 9
5473 2
5474 3
5475 1
5476 8
5477 0
5478 2
5479 9
5480 6
5481 2
5482 0
5483 1
5484 5
5485 6
5486 4
5487 8
5488 2
5489 8
5490 4
5491 2
5492 0
5493 0
5494 5
5495 6
5496 6
5497 5
5498 2
5499 1
5500 1
5501 4
5502 6
5503 4
5504 2
5505 5
5506 8
5507 9
5508 6
5509 6
5510 0
5511 5
5512 4
5513 1
5514 7
5515 4
5516 8
5517 0
5518 6
5519 4
5520 7
5521 0
5522 6
5523 9
5524 3
5525 0
5526 6
5527 8
5528 1
5529 7
5530 5
5531 9
5532 8
5533 2
5534 5
5535 1
5536 6
5537 4
5538 6
5539 8
5540 5
5541 8
5542 6
5543 5
5544 5
5545 9
5546 5
5547 8
5548 7
5549 6
5550 2
5551 5
5552 1
5553 9
5554 9
5555 1
5556 9
5557 0
5558 4
5559 8
5560 7
5561 2
5562 3
5563 5
5564 9
5565 3
5566 0
5567 2
5568 6
5569 4
5570 7
5571 9
5572 9
5573 9
5574 9
5575 7
5576 9
5577 4
5578 3
5579 3
5580 9
5581 0
5582 9
5583 7
5584 6
5585 0
5586 5
5587 2
5588 7
5589 5
5590 6
5591 6
5592 4
5593 2
5594 5
5595 5
5596 5
5597 7
5598 2
5599 0
5600 8
5601 2
5602 7
5603 8
5604 9
5605 5
5606 9
5607 3
5608 9
5609 2
5610 2
5611 1
5612 5
5613 4
5614 7
5615 4
5616 8
5617 0
5618 1
5619 0
5620 1
5621 5
5622 2
5623 2
5624 0
5625 9
5626 6
5627 4
5628 8
5629 7
5630 1
5631 6
5632 6
5633 4
5634 1
5635 6
5636 3
5637 0
5638 8
5639 8
5640 3
5641 7
5642 2
5643 8
5644 6
5645 5
5646 9
5647 2
5648 4
5649 6
5650 2
5651 1
5652 3
5653 2
5654 1
5655 0
5656 6
5657 7
5658 0
5659 6
5660 2
5661 0
5662 9
5663 8
5664 4
5665 6
5666 1
5667 0
5668 5
5669 5
5670 3
5671 5
5672 2
5673 1
5674 3
5675 3
5676 6
5677 9
5678 2
5679 6
5680 5
5681 3
5682 3
5683 9
5684 6
5685 2
5686 9
5687 7
5688 3
5689 3
5690 9
5691 4
5692 0
5693 9
5694 7
5695 6
5696 8
5697 2
5698 3
5699 9
5700 5
5701 9
5702 6
5703 3
5704 4
5705 3
5706 8
5707 5
5708 3
5709 0
5710 1
5711 2
5712 7
5713 4
5714 1
5715 7
5716 5
5717 8
5718 4
5719 1
5720 3
5721 6
5722 3
5723 5
5724 0
5725 7
5726 0
5727 5
5728 0
5729 6
5730 5
5731 9
5732 3
5733 0
5734 9
5735 5
5736 0
5737 9
5738 2
5739 9
5740 9
5741 1
5742 4
5743 4
5744 1
5745 2
5746 5
5747 0
5748 5
5749 1
5750 8
5751 5
5752 8
5753 6
5754 7
5755 1
5756 5
5757 9
5758 2
5759 8
5760 3
5761 8
5762 6
5763 8
5764 7
5765 1
5766 9
5767 2
5768 1
5769 2
5770 1
5771 1
5772 8
5773 8
5774 0
5775 5
5776 6
5777 5
5778 2
5779 5
5780 1
5781 5
5782 3
5783 2
5784 0
5785 0
5786 7
5787 5
5788 1
5789 4
5790 5
5791 0
5792 4
5793 9
5794 6
5795 1
5796 5
5797 8
5798 2
5799 7
5800 4
5801 1
5802 9
5803 6
5804 3
5805 1
5806 9
5807 8
5808 4
5809 3
5810 1
5811 8
5812 3
5813 5
5814 0
5815 0
5816 3
5817 8
5818 3
5819 4
5820 1
5821 0
5822 1
5823 7
5824 3
5825 3
5826 5
5827 4
5828 4
5829 4
5830 9
5831 2
5832 1
5833 1
5834 0
5835 8
5836 7
5837 0
5838 9
5839 2
5840 3
5841 6
5842 9
5843 4
5844 4
5845 8
5846 7
5847 2
5848 2
5849 1
5850 8
5851 1
5852 7
5853 4
5854 5
5855 9
5856 3
5857 0
5858 3
5859 7
5860 7
5861 4
5862 7
5863 8
5864 2
5865 6
5866 7
5867 7
5868 7
5869 6
5870 2
5871 0
5872 2
5873 2
5874 6
5875 4
5876 3
5877 0
5878 7
5879 1
5880 4
5881 6
5882 4
5883 2
5884 3
5885 7
5886 4
5887 9
5888 8
5889 7
5890 4
5891 7
5892 1
5893 8
5894 5
5895 6
5896 3
5897 4
5898 9
5899 2
5900 1
5901 7
5902 0
5903 9
5904 2
5905 5
5906 9
5907 9
5908 4
5909 6
5910 2
5911 8
5912 5
5913 6
5914 2
5915 4
5916 8
5917 1
5918 1
5919 2
5920 5
5921 6
5922 5
5923 6
5924 1
5925 0
5926 8
5927 4
5928 9
5929 6
5930 6
5931 7
5932 1
5933 5
5934 5
5935 5
5936 4
5937 1
5938 8
5939 6
5940 2
5941 3
5942 0
5943 1
5944 0
5945 3
5946 9
5947 4
5948 9
5949 6
5950 7
5951 1
5952 8
5953 9
5954 2
5955 5
5956 8
5957 3
5958 8
5959 4
5960 9
5961 3
5962 8
5963 7
5964 6
5965 2
5966 5
5967 8
5968 9
5969 5
5970 8
5971 3
5972 6
5973 5
5974 9
5975 8
5976 3
5977 9
5978 6
5979 3
5980 6
5981 1
5982 4
5983 1
5984 6
5985 6
5986 9
5987 5
5988 7
5989 3
5990 8
5991 4
5992 2
5993 1
5994 9
5995 2
5996 2
5997 1
5998 6
5999 9
6000 3
6001 3
6002 4
6003 5
6004 3
6005 6
6006 6
6007 7
6008 8
6009 2
6010 9
6011 1
6012 6
6013 2
6014 8
6015 6
6016 2
6017 3
6018 4
6019 0
6020 7
6021 5
6022 1
6023 0
6024 3
6025 2
6026 0
6027 8
6028 9
6029 5
6030 3
6031 5
6032 2
6033 1
6034 9
6035 7
6036 8
6037 1
6038 8
6039 0
6040 2
6041 5
6042 7
6043 2
6044 1
6045 9
6046 8
6047 1
6048 9
6049 8
6050 0
6051 2
6052 9
6053 7
6054 1
6055 7
6056 2
6057 7
6058 2
6059 3
6060 1
6061 1
6062 0
6063 9
6064 4
6065 3
6066 0
6067 0
6068 3
6069 0
6070 9
6071 0
6072 8
6073 3
6074 4
6075 0
6076 6
6077 6
6078 1
6079 2
6080 4
6081 0
6082 2
6083 1
6084 5
6085 1
6086 9
6087 1
6088 1
6089 8
6090 5
6091 5
6092 9
6093 4
6094 8
6095 6
6096 8
6097 1
6098 2
6099 0
6100 6
6101 2
6102 9
6103 4
6104 2
6105 6
6106 5
6107 7
6108 1
6109 5
6110 2
6111 1
6112 0
6113 6
6114 9
6115 7
6116 5
6117 7
6118 0
6119 1
6120 2
6121 6
6122 7
6123 6
6124 4
6125 0
6126 1
6127 4
6128 8
6129 1
6130 7
6131 1
6132 3
6133 6
6134 6
6135 2
6136 3
6137 6
6138 0
6139 5
6140 4
6141 2
6142 7
6143 5
6144 5
6145 3
6146 2
6147 8
6148 9
6149 5
6150 5
6151 0
6152 3
6153 0
6154 4
6155 9
6156 5
6157 5
6158 0
6159 0
6160 6
6161 8
6162 6
6163 0
6164 0
6165 9
6166 1
6167 7
6168 0
6169 4
6170 6
6171 8
6172 8
6173 1
6174 8
6175 3
6176 5
6177 3
6178 1
6179 8
6180 6
6181 5
6182 8
6183 0
6184 4
6185 5
6186 7
6187 4
6188 7
6189 4
6190 8
6191 1
6192 7
6193 8
6194 4
6195 7
6196 7
6197 8
6198 7
6199 0
6200 7
6201 4
6202 0
6203 2
6204 2
6205 2
6206 2
6207 0
6208 3
6209 9
6210 0
6211 0
6212 2
6213 7
6214 8
6215 2
6216 8
6217 0
6218 2
6219 1
6220 9
6221 8
6222 6
6223 5
6224 8
6225 7
6226 1
6227 6
6228 3
6229 9
6230 6
6231 9
6232 3
6233 8
6234 4
6235 5
6236 0
6237 4
6238 9
6239 1
6240 3
6241 1
6242 3
6243 5
6244 1
6245 0
6246 2
6247 3
6248 4
6249 3
6250 7
6251 3
6252 5
6253 8
6254 4
6255 9
6256 7
6257 0
6258 4
6259 1
6260 9
6261 7
6262 9
6263 9
6264 7
6265 2
6266 1
6267 9
6268 1
6269 3
6270 1
6271 9
6272 2
6273 5
6274 3
6275 0
6276 8
6277 0
6278 6
6279 4
6280 4
6281 9
6282 0
6283 1
6284 7
6285 4
6286 6
6287 3
6288 4
6289 5
6290 0
6291 9
6292 0
6293 6
6294 0
6295 9
6296 5
6297 2
6298 7
6299 5
6300 4
6301 3
6302 8
6303 3
6304 5
6305 4
6306 2
6307 8
6308 4
6309 3
6310 9
6311 7
6312 2
6313 1
6314 2
6315 9
6316 7
6317 9
6318 2
6319 5
6320 3
6321 4
6322 0
6323 4
6324 9
6325 8
6326 0
6327 2
6328 3
6329 2
6330 0
6331 1
6332 2
6333 6
6334 9
6335 3
6336 2
6337 3
6338 6
6339 8
6340 7
6341 0
6342 9
6343 4
6344 6
6345 6
6346 2
6347 7
6348 0
6349 2
6350 3
6351 8
6352 4
6353 8
6354 5
6355 6
6356 7
6357 0
6358 7
6359 1
6360 4
6361 1
6362 0
6363 9
6364 9
6365 1
6366 7
6367 6
6368 4
6369 6
6370 3
6371 3
6372 5
6373 9
6374 8
6375 3
6376 8
6377 8
6378 8
6379 8
6380 1
6381 4
6382 1
6383 1
6384 2
6385 3
6386 3
6387 1
6388 3
6389 2
6390 8
6391 0
6392 2
6393 8
6394 4
6395 8
6396 2
6397 4
6398 3
6399 9
6400 7
6401 7
6402 8
6403 6
6404 6
6405 5
6406 0
6407 8
6408 5
6409 5
6410 8
6411 4
6412 9
6413 8
6414 2
6415 4
6416 5
6417 3
6418 8
6419 9
6420 7
6421 0
6422 4
6423 1
6424 6
6425 2
6426 9
6427 9
6428 6
6429 0
6430 8
6431 0
6432 8
6433 1
6434 9
6435 4
6436 7
6437 7
6438 1
6439 9
6440 9
6441 7
6442 1
6443 3
6444 1
6445 3
6446 3
6447 1
6448 3
6449 6
6450 5
6451 7
6452 9
6453 3
6454 8
6455 9
6456 0
6457 1
6458 6
6459 5
6460 0
6461 7
6462 4
6463 1
6464 1
6465 1
6466 7
6467 2
6468 5
6469 6
6470 6
6471 6
6472 5
6473 1
6474 6
6475 6
6476 5
6477 5
6478 9
6479 6
6480 2
6481 0
6482 5
6483 7
6484 2
6485 6
6486 8
6487 2
6488 4
6489 4
6490 2
6491 8
6492 9
6493 9
6494 9
6495 6
6496 7
6497 0
6498 7
6499 2
6500 4
6501 1
6502 2
6503 5
6504 3
6505 4
6506 2
6507 4
6508 7
6509 6
6510 9
6511 7
6512 1
6513 8
6514 4
6515 9
6516 0
6517 9
6518 4
6519 2
6520 6
6521 8
6522 3
6523 2
6524 4
6525 1
6526 7
6527 9
6528 0
6529 7
6530 4
6531 8
6532 8
6533 0
6534 3
6535 4
6536 9
6537 1
6538 0
6539 5
6540 5
6541 8
6542 7
6543 5
6544 7
6545 2
6546 2
6547 7
6548 0
6549 4
6550 3
6551 0
6552 6
6553 2
6554 0
6555 4
6556 0
6557 9
6558 8
6559 4
6560 9
6561 1
6562 1
6563 6
6564 9
6565 1
6566 4
6567 2
6568 8
6569 5
6570 9
6571 2
6572 9
6573 7
6574 5
6575 5
6576 2
6577 9
6578 2
6579 5
6580 5
6581 3
6582 6
6583 4
6584 6
6585 1
6586 6
6587 1
6588 1
6589 8
6590 2
6591 0
6592 8
6593 7
6594 1
6595 1
6596 9
6597 3
6598 9
6599 2
6600 0
6601 6
6602 9
6603 6
6604 9
6605 4
6606 6
6607 3
6608 2
6609 6
6610 0
6611 0
6612 1
6613 4
6614 6
6615 4
6616 0
6617 7
6618 3
6619 2
6620 6
6621 7
6622 4
6623 6
6624 8
6625 0
6626 5
6627 6
6628 1
6629 9
6630 5
6631 9
6632 4
6633 4
6634 9
6635 3
6636 3
6637 6
6638 5
6639 5
6640 1
6641 7
6642 9
6643 6
6644 8
6645 2
6646 9
6647 9
6648 5
6649 0
6650 3
6651 7
6652 2
6653 8
6654 7
6655 0
6656 6
6657 7
6658 1
6659 0
6660 8
6661 0
6662 9
6663 4
6664 8
6665 9
6666 4
6667 4
6668 4
6669 0
6670 1
6671 5
6672 1
6673 4
6674 3
6675 0
6676 4
6677 5
6678 3
6679 8
6680 8
6681 4
6682 9
6683 3
6684 0
6685 3
6686 0
6687 0
6688 0
6689 5
6690 8
6691 0
6692 7
6693 8
6694 1
6695 1
6696 7
6697 7
6698 9
6699 2
6700 5
6701 0
6702 5
6703 0
6704 6
6705 8
6706 4
6707 1
6708 2
6709 6
6710 4
6711 9
6712 1
6713 5
6714 3
6715 8
6716 0
6717 8
6718 5
6719 5
6720 8
6721 5
6722 0
6723 5
6724 5
6725 4
6726 1
6727 5
6728 6
6729 4
6730 8
6731 3
6732 3
6733 0
6734 9
6735 8
6736 3
6737 9
6738 7
6739 0
6740 0
6741 1
6742 8
6743 9
6744 4
6745 8
6746 5
6747 9
6748 7
6749 7
6750 5
6751 0
6752 1
6753 2
6754 0
6755 3
6756 8
6757 0
6758 0
6759 4
6760 1
6761 6
6762 8
6763 8
6764 3
6765 0
6766 9
6767 9
6768 2
6769 7
6770 7
6771 9
6772 5
6773 9
6774 4
6775 1
6776 5
6777 2
6778 7
6779 3
6780 0
6781 8
6782 6
6783 2
6784 8
6785 3
6786 8
6787 3
6788 1
6789 6
6790 2
6791 7
6792 8
6793 0
6794 8
6795 1
6796 3
6797 2
6798 5
6799 5
6800 1
6801 9
6802 9
6803 3
6804 7
6805 0
6806 4
6807 0
6808 3
6809 6
6810 0
6811 6
6812 6
6813 9
6814 5
6815 3
6816 5
6817 4
6818 2
6819 7
6820 1
6821 2
6822 6
6823 1
6824 8
6825 3
6826 8
6827 4
6828 3
6829 8
6830 1
6831 7
6832 9
6833 4
6834 3
6835 4
6836 6
6837 9
6838 9
6839 2
6840 4
6841 5
6842 6
6843 6
6844 3
6845 8
6846 1
6847 5
6848 6
6849 8
6850 8
6851 6
6852 3
6853 5
6854 6
6855 0
6856 7
6857 9
6858 8
6859 2
6860 6
6861 2
6862 1
6863 8
6864 9
6865 3
6866 2
6867 2
6868 0
6869 3
6870 2
6871 9
6872 1
6873 5
6874 5
6875 3
6876 8
6877 2
6878 5
6879 6
6880 7
6881 9
6882 8
6883 9
6884 4
6885 4
6886 1
6887 2
6888 8
6889 6
6890 7
6891 0
6892 8
6893 5
6894 9
6895 0
6896 4
6897 2
6898 9
6899 4
6900 7
6901 2
6902 6
6903 5
6904 7
6905 6
6906 7
6907 0
6908 1
6909 9
6910 2
6911 6
6912 5
6913 3
6914 3
6915 2
6916 6
6917 8
6918 7
6919 3
6920 0
6921 7
6922 1
6923 9
6924 6
6925 8
6926 2
6927 1
6928 6
6929 0
6930 9
6931 2
6932 1
6933 5
6934 9
6935 8
6936 7
6937 8
6938 6
6939 9
6940 6
6941 3
6942 2
6943 1
6944 0
6945 7
6946 9
6947 5
6948 5
6949 6
6950 4
6951 8
6952 1
6953 2
6954 0
6955 2
6956 3
6957 6
6958 9
6959 3
6960 3
6961 6
6962 0
6963 7
6964 6
6965 1
6966 4
6967 7
6968 6
6969 7
6970 8
6971 5
6972 9
6973 5
6974 5
6975 1
6976 2
6977 5
6978 0
6979 8
6980 9
6981 8
6982 5
6983 5
6984 2
6985 1
6986 6
6987 7
6988 9
6989 8
6990 3
6991 9
6992 0
6993 8
6994 1
6995 1
6996 5
6997 5
6998 6
6999 6
7000 5
7001 0
7002 9
7003 4
7004 0
7005 0
7006 6
7007 4
7008 1
7009 8
7010 3
7011 3
7012 5
7013 4
7014 1
7015 1
7016 1
7017 1
7018 4
7019 2
7020 4
7021 6
7022 6
7023 5
7024 8
7025 9
7026 4
7027 9
7028 6
7029 9
7030 1
7031 9
7032 5
7033 6
7034 0
7035 6
7036 6
7037 4
7038 7
7039 2
7040 7
7041 2
7042 7
7043 3
7044 1
7045 0
7046 1
7047 3
7048 7
7049 5
7050 1
7051 6
7052 3
7053 0
7054 8
7055 8
7056 4
7057 0
7058 2
7059 9
7060 7
7061 8
7062 3
7063 2
7064 4
7065 9
7066 6
7067 6
7068 7
7069 3
7070 3
7071 1
7072 8
7073 2
7074 4
7075 4
7076 1
7077 7
7078 5
7079 1
7080 2
7081 9
7082 9
7083 4
7084 8
7085 2
7086 0
7087 1
7088 8
7089 7
7090 7
7091 4
7092 1
7093 4
7094 6
7095 3
7096 4
7097 8
7098 8
7099 0
7100 1
7101 5
7102 7
7103 2
7104 0
7105 1
7106 6
7107 6
7108 2
7109 4
7110 0
7111 9
7112 8
7113 6
7114 7
7115 3
7116 7
7117 3
7118 7
7119 2
7120 6
7121 2
7122 2
7123 7
7124 1
7125 4
7126 8
7127 7
7128 3
7129 4
7130 0
7131 2
7132 5
7133 7
7134 4
7135 7
7136 9
7137 0
7138 5
7139 6
7140 4
7141 7
7142 7
7143 5
7144 3
7145 6
7146 2
7147 5
7148 4
7149 6
7150 9
7151 1
7152 1
7153 7
7154 6
7155 8
7156 6
7157 1
7158 6
7159 6
7160 4
7161 7
7162 2
7163 4
7164 8
7165 2
7166 2
7167 5
7168 3
7169 6
7170 7
7171 2
7172 1
7173 8
7174 3
7175 2
7176 1
7177 1
7178 5
7179 3
7180 1
7181 9
7182 5
7183 1
7184 5
7185 8
7186 8
7187 1
7188 6
7189 0
7190 6
7191 9
7192 5
7193 7
7194 8
7195 4
7196 8
7197 8
7198 1
7199 2
7200 6
7201 7
7202 5
7203 9
7204 8
7205 6
7206 9
7207 2
7208 2
7209 1
7210 6
7211 6
7212 5
7213 9
7214 6
7215 2
7216 3
7217 9
7218 0
7219 7
7220 7
7221 7
7222 1
7223 4
7224 0
7225 8
7226 4
7227 0
7228 9
7229 5
7230 6
7231 9
7232 4
7233 0
7234 2
7235 4
7236 2
7237 4
7238 2
7239 3
7240 2
7241 3
7242 4
7243 4
7244 9
7245 9
7246 1
7247 6
7248 9
7249 7
7250 2
7251 7
7252 6
7253 2
7254 4
7255 9
7256 2
7257 4
7258 8
7259 1
7260 0
7261 7
7262 2
7263 6
7264 8
7265 4
7266 8
7267 7
7268 3
7269 1
7270 5
7271 4
7272 8
7273 3
7274 2
7275 7
7276 6
7277 8
7278 4
7279 8
7280 0
7281 5
7282 6
7283 6
7284 1
7285 3
7286 0
7287 0
7288 6
7289 4
7290 2
7291 3
7292 4
7293 7
7294 0
7295 8
7296 2
7297 2
7298 2
7299 8
7300 3
7301 1
7302 1
7303 3
7304 3
7305 7
7306 2
7307 4
7308 4
7309 6
7310 5
7311 8
7312 1
7313 6
7314 4
7315 4
7316 2
7317 7
7318 7
7319 4
7320 1
7321 3
7322 3
7323 5
7324 4
7325 8
7326 9
7327 0
7328 0
7329 5
7330 3
7331 9
7332 0
7333 1
7334 8
7335 0
7336 5
7337 8
7338 0
7339 3
7340 1
7341 9
7342 4
7343 4
7344 8
7345 0
7346 4
7347 1
7348 0
7349 6
7350 8
7351 1
7352 2
7353 9
7354 0
7355 8
7356 1
7357 1
7358 0
7359 7
7360 9
7361 2
7362 7
7363 5
7364 9
7365 0
7366 7
7367 1
7368 4
7369 4
7370 2
7371 4
7372 6
7373 3
7374 0
7375 7
7376 2
7377 7
7378 0
7379 0
7380 2
7381 4
7382 0
7383 0
7384 6
7385 8
7386 5
7387 7
7388 1
7389 4
7390 5
7391 5
7392 3
7393 4
7394 7
7395 0
7396 8
7397 5
7398 8
7399 9
7400 4
7401 7
7402 4
7403 0
7404 5
7405 7
7406 4
7407 0
7408 2
7409 8
7410 3
7411 6
7412 5
7413 7
7414 7
7415 8
7416 7
7417 6
7418 0
7419 8
7420 8
7421 5
7422 4
7423 5
7424 2
7425 7
7426 7
7427 9
7428 0
7429 7
7430 9
7431 2
7432 0
7433 8
7434 0
7435 6
7436 3
7437 2
7438 7
7439 5
7440 1
7441 0
7442 5
7443 4
7444 0
7445 0
7446 3
7447 5
7448 1
7449 6
7450 4
7451 7
7452 9
7453 2
7454 0
7455 0
7456 1
7457 9
7458 9
7459 7
7460 1
7461 7
7462 9
7463 5
7464 3
7465 6
7466 0
7467 4
7468 6
7469 7
7470 3
7471 8
7472 9
7473 2
7474 7
7475 2
7476 2
7477 9
7478 2
7479 2
7480 9
7481 4
7482 7
7483 3
7484 3
7485 6
7486 4
7487 7
7488 1
7489 3
7490 3
7491 0
7492 3
7493 6
7494 6
7495 3
7496 9
7497 0
7498 8
7499 3
7500 9
7501 5
7502 6
7503 3
7504 4
7505 5
7506 6
7507 7
7508 9
7509 0
7510 0
7511 4
7512 2
7513 7
7514 2
7515 3
7516 3
7517 6
7518 0
7519 0
7520 6
7521 7
7522 2
7523 9
7524 1
7525 0
7526 3
7527 1
7528 4
7529 8
7530 9
7531 0
7532 7
7533 8
7534 7
7535 2
7536 1
7537 9
7538 7
7539 0
7540 8
7541 4
7542 8
7543 2
7544 5
7545 7
7546 0
7547 9
7548 4
7549 1
7550 4
7551 4
7552 2
7553 3
7554 9
7555 7
7556 7
7557 7
7558 7
7559 5
7560 8
7561 6
7562 4
7563 0
7564 9
7565 0
7566 9
7567 8
7568 9
7569 2
7570 7
7571 7
7572 2
7573 1
7574 4
7575 2
7576 7
7577 9
7578 6
7579 1
7580 5
7581 6
7582 6
7583 2
7584 7
7585 5
7586 5
7587 4
7588 1
7589 5
7590 1
7591 4
7592 3
7593 2
7594 2
7595 9
7596 1
7597 3
7598 3
7599 9
7600 4
7601 8
7602 9
7603 4
7604 5
7605 5
7606 5
7607 1
7608 7
7609 8
7610 5
7611 0
7612 6
7613 4
7614 9
7615 5
7616 0
7617 6
7618 0
7619 0
7620 2
7621 7
7622 2
7623 4
7624 2
7625 4
7626 2
7627 6
7628 9
7629 7
7630 5
7631 6
7632 0
7633 6
7634 8
7635 4
7636 4
7637 4
7638 3
7639 0
7640 5
7641 7
7642 2
7643 6
7644 5
7645 4
7646 0
7647 6
7648 5
7649 8
7650 1
7651 8
7652 0
7653 5
7654 9
7655 6
7656 1
7657 3
7658 4
7659 1
7660 2
7661 7
7662 0
7663 3
7664 3
7665 1
7666 7
7667 8
7668 6
7669 3
7670 1
7671 1
7672 0
7673 6
7674 1
7675 2
7676 3
7677 8
7678 4
7679 5
7680 7
7681 8
7682 2
7683 4
7684 1
7685 0
7686 8
7687 6
7688 9
7689 9
7690 1
7691 5
7692 0
7693 8
7694 5
7695 5
7696 3
7697 1
7698 7
7699 6
7700 3
7701 3
7702 5
7703 5
7704 3
7705 5
7706 5
7707 6
7708 2
7709 6
7710 9
7711 0
7712 6
7713 8
7714 3
7715 4
7716 7
7717 7
7718 7
7719 3
7720 3
7721 1
7722 6
7723 0
7724 5
7725 8
7726 5
7727 7
7728 0
7729 5
7730 7
7731 1
7732 9
7733 1
7734 4
7735 3
7736 3
7737 8
7738 7
7739 6
7740 7
7741 8
7742 4
7743 2
7744 5
7745 8
7746 5
7747 5
7748 2
7749 9
7750 4
7751 1
7752 9
7753 4
7754 6
7755 7
7756 0
7757 3
7758 3
7759 0
7760 7
7761 1
7762 5
7763 7
7764 8
7765 9
7766 7
7767 0
7768 3
7769 3
7770 5
7771 0
7772 9
7773 6
7774 5
7775 2
7776 2
7777 5
7778 8
7779 4
7780 0
7781 0
7782 0
7783 8
7784 8
7785 4
7786 1
7787 5
7788 4
7789 7
7790 9
7791 9
7792 9
7793 4
7794 2
7795 8
7796 2
7797 0
7798 4
7799 3
7800 4
7801 8
7802 3
7803 1
7804 1
7805 9
7806 0
7807 8
7808 8
7809 8
7810 1
7811 8
7812 1
7813 2
7814 8
7815 0
7816 5
7817 2
7818 0
7819 1
7820 0
7821 4
7822 0
7823 1
7824 6
7825 8
7826 1
7827 1
7828 1
7829 3
7830 4
7831 0
7832 5
7833 5
7834 7
7835 7
7836 4
7837 0
7838 8
7839 6
7840 7
7841 2
7842 2
7843 8
7844 0
7845 5
7846 8
7847 5
7848 6
7849 3
7850 6
7851 6
7852 7
7853 8
7854 2
7855 7
7856 8
7857 3
7858 5
7859 8
7860 0
7861 0
7862 9
7863 0
7864 3
7865 9
7866 2
7867 9
7868 0
7869 7
7870 3
7871 5
7872 1
7873 8
7874 2
7875 9
7876 2
7877 7
7878 7
7879 0
7880 8
7881 1
7882 9
7883 2
7884 2
7885 0
7886 8
7887 3
7888 5
7889 4
7890 5
7891 4
7892 4
7893 4
7894 9
7895 4
7896 4
7897 2
7898 3
7899 8
7900 0
7901 3
7902 3
7903 1
7904 9
7905 6
7906 8
7907 6
7908 7
7909 3
7910 5
7911 0
7912 4
7913 9
7914 6
7915 6
7916 5
7917 1
7918 8
7919 1
7920 8
7921 5
7922 7
7923 2
7924 8
7925 7
7926 3
7927 0
7928 0
7929 3
7930 4
7931 9
7932 0
7933 5
7934 8
7935 7
7936 1
7937 2
7938 0
7939 8
7940 9
7941 4
7942 7
7943 8
7944 5
7945 9
7946 1
7947 0
7948 6
7949 2
7950 2
7951 5
7952 3
7953 1
7954 9
7955 4
7956 2
7957 8
7958 8
7959 9
7960 9
7961 4
7962 4
7963 0
7964 2
7965 6
7966 9
7967 2
7968 9
7969 0
7970 8
7971 9
7972 6
7973 3
7974 2
7975 4
7976 2
7977 5
7978 1
7979 5
7980 3
7981 2
7982 2
7983 3
7984 6
7985 0
7986 4
7987 7
7988 6
7989 3
7990 7
7991 8
7992 6
7993 2
7994 0
7995 0
7996 1
7997 6
7998 6
7999 0
8000 5
8001 3
8002 6
8003 1
8004 9
8005 0
8006 6
8007 4
8008 7
8009 7
8010 1
8011 7
8012 8
8013 1
8014 5
8015 2
8016 5
8017 7
8018 4
8019 0
8020 9
8021 7
8022 8
8023 5
8024 2
8025 5
8026 5
8027 2
8028 3
8029 0
8030 2
8031 0
8032 8
8033 5
8034 1
8035 5
8036 4
8037 1
8038 7
8039 0
8040 6
8041 3
8042 1
8043 6
8044 5
8045 7
8046 1
8047 7
8048 5
8049 4
8050 4
8051 3
8052 1
8053 4
8054 8
8055 5
8056 0
8057 0
8058 1
8059 2
8060 3
8061 1
8062 1
8063 5
8064 2
8065 9
8066 5
8067 8
8068 5
8069 5
8070 6
8071 4
8072 6
8073 9
8074 0
8075 4
8076 8
8077 3
8078 2
8079 9
8080 6
8081 8
8082 5
8083 4
8084 6
8085 0
8086 0
8087 5
8088 8
8089 6
8090 3
8091 0
8092 4
8093 8
8094 8
8095 8
8096 0
8097 7
8098 9
8099 3
8100 9
8101 7
8102 2
8103 7
8104 3
8105 3
8106 0
8107 7
8108 0
8109 7
8110 0
8111 8
8112 9
8113 3
8114 4
8115 0
8116 6
8117 9
8118 6
8119 0
8120 9
8121 2
8122 2
8123 0
8124 3
8125 3
8126 0
8127 6
8128 5
8129 2
8130 3
8131 3
8132 0
8133 1
8134 0
8135 4
8136 1
8137 0
8138 6
8139 7
8140 0
8141 2
8142 6
8143 9
8144 8
8145 2
8146 1
8147 8
8148 2
8149 0
8150 3
8151 0
8152 2
8153 3
8154 5
8155 9
8156 1
8157 5
8158 8
8159 2
8160 1
8161 7
8162 1
8163 8
8164 6
8165 0
8166 7
8167 8
8168 3
8169 3
8170 7
8171 4
8172 9
8173 7
8174 7
8175 4
8176 8
8177 2
8178 7
8179 2
8180 7
8181 0
8182 6
8183 5
8184 4
8185 0
8186 8
8187 3
8188 7
8189 1
8190 1
8191 4
8192 2
8193 5
8194 2
8195 0
8196 2
8197 1
8198 9
8199 2
8200 1
8201 3
8202 9
8203 8
8204 4
8205 7
8206 4
8207 2
8208 3
8209 7
8210 7
8211 3
8212 4
8213 9
8214 3
8215 1
8216 0
8217 9
8218 0
8219 7
8220 7
8221 9
8222 9
8223 0
8224 1
8225 8
8226 3
8227 6
8228 3
8229 4
8230 1
8231 2
8232 9
8233 1
8234 9
8235 0
8236 3
8237 4
8238 3
8239 5
8240 6
8241 2
8242 0
8243 8
8244 4
8245 1
8246 2
8247 5
8248 1
8249 3
8250 7
8251 4
8252 8
8253 8
8254 5
8255 2
8256 9
8257 5
8258 9
8259 7
8260 8
8261 8
8262 7
8263 6
8264 9
8265 7
8266 2
8267 0
8268 1
8269 3
8270 5
8271 7
8272 5
8273 6
8274 9
8275 0
8276 6
8277 6
8278 2
8279 7
8280 2
8281 3
8282 6
8283 6
8284 7
8285 0
8286 1
8287 8
8288 5
8289 7
8290 4
8291 5
8292 8
8293 5
8294 3
8295 7
8296 4
8297 6
8298 1
8299 4
8300 3
8301 4
8302 0
8303 6
8304 4
8305 1
8306 6
8307 8
8308 8
8309 3
8310 8
8311 2
8312 2
8313 0
8314 5
8315 8
8316 0
8317 8
8318 5
8319 7
8320 1
8321 7
8322 2
8323 2
8324 2
8325 6
8326 6
8327 7
8328 8
8329 3
8330 4
8331 9
8332 9
8333 6
8334 6
8335 9
8336 2
8337 6
8338 2
8339 0
8340 5
8341 0
8342 8
8343 7
8344 4
8345 5
8346 6
8347 3
8348 2
8349 6
8350 0
8351 6
8352 9
8353 6
8354 4
8355 2
8356 6
8357 4
8358 0
8359 2
8360 2
8361 3
8362 7
8363 0
8364 5
8365 3
8366 4
8367 6
8368 9
8369 0
8370 9
8371 3
8372 3
8373 6
8374 5
8375 0
8376 2
8377 3
8378 2
8379 0
8380 1
8381 1
8382 1
8383 0
8384 3
8385 3
8386 8
8387 2
8388 4
8389 6
8390 0
8391 0
8392 8
8393 0
8394 2
8395 6
8396 2
8397 8
8398 2
8399 4
8400 0
8401 0
8402 2
8403 0
8404 3
8405 8
8406 2
8407 1
8408 3
8409 9
8410 3
8411 4
8412 5
8413 0
8414 4
8415 9
8416 5
8417 5
8418 0
8419 5
8420 0
8421 2
8422 5
8423 2
8424 8
8425 7
8426 3
8427 5
8428 9
8429 3
8430 2
8431 2
8432 1
8433 9
8434 1
8435 2
8436 8
8437 1
8438 6
8439 1
8440 4
8441 9
8442 0
8443 6
8444 5
8445 0
8446 1
8447 5
8448 7
8449 0
8450 2
8451 2
8452 3
8453 3
8454 5
8455 0
8456 4
8457 1
8458 3
8459 6
8460 1
8461 1
8462 7
8463 6
8464 5
8465 2
8466 8
8467 3
8468 6
8469 4
8470 5
8471 0
8472 6
8473 5
8474 4
8475 2
8476 6
8477 8
8478 2
8479 4
8480 3
8481 5
8482 7
8483 3
8484 4
8485 9
8486 3
8487 3
8488 9
8489 1
8490 8
8491 7
8492 4
8493 3
8494 9
8495 8
8496 7
8497 6
8498 2
8499 7
8500 4
8501 2
8502 7
8503 8
8504 4
8505 4
8506 6
8507 3
8508 7
8509 3
8510 9
8511 1
8512 0
8513 6
8514 5
8515 9
8516 0
8517 5
8518 7
8519 3
8520 9
8521 7
8522 5
8523 8
8524 1
8525 8
8526 5
8527 6
8528 4
8529 2
8530 4
8531 2
8532 3
8533 9
8534 0
8535 4
8536 5
8537 0
8538 1
8539 5
8540 2
8541 8
8542 1
8543 9
8544 1
8545 7
8546 7
8547 1
8548 7
8549 9
8550 9
8551 7
8552 1
8553 2
8554 1
8555 8
8556 3
8557 8
8558 7
8559 9
8560 7
8561 3
8562 1
8563 2
8564 8
8565 1
8566 6
8567 0
8568 3
8569 3
8570 9
8571 6
8572 4
8573 1
8574 1
8575 1
8576 6
8577 5
8578 0
8579 0
8580 4
8581 2
8582 6
8583 1
8584 6
8585 1
8586 0
8587 5
8588 8
8589 6
8590 9
8591 8
8592 9
8593 9
8594 4
8595 8
8596 8
8597 9
8598 7
8599 1
8600 2
8601 2
8602 6
8603 1
8604 4
8605 2
8606 7
8607 1
8608 8
8609 6
8610 3
8611 6
8612 1
8613 7
8614 5
8615 1
8616 8
8617 2
8618 8
8619 1
8620 5
8621 9
8622 8
8623 3
8624 7
8625 2
8626 7
8627 3
8628 2
8629 2
8630 7
8631 7
8632 4
8633 3
8634 3
8635 2
8636 5
8637 2
8638 2
8639 0
8640 2
8641 4
8642 5
8643 2
8644 2
8645 2
8646 5
8647 5
8648 6
8649 4
8650 3
8651 2
8652 1
8653 1
8654 1
8655 1
8656 3
8657 5
8658 7
8659 8
8660 3
8661 3
8662 2
8663 5
8664 2
8665 2
8666 4
8667 4
8668 3
8669 7
8670 6
8671 4
8672 8
8673 0
8674 4
8675 8
8676 2
8677 3
8678 0
8679 8
8680 7
8681 8
8682 5
8683 1
8684 0
8685 0
8686 5
8687 5
8688 7
8689 9
8690 7
8691 4
8692 5
8693 3
8694 3
8695 4
8696 1
8697 6
8698 4
8699 9
8700 4
8701 0
8702 6
8703 9
8704 6
8705 8
8706 5
8707 2
8708 5
8709 7
8710 5
8711 7
8712 1
8713 0
8714 5
8715 1
8716 5
8717 1
8718 9
8719 4
8720 7
8721 4
8722 6
8723 4
8724 6
8725 3
8726 1
8727 4
8728 2
8729 6
8730 1
8731 8
8732 6
8733 0
8734 5
8735 9
8736 4
8737 8
8738 2
8739 8
8740 8
8741 2
8742 1
8743 5
8744 7
8745 3
8746 5
8747 2
8748 5
8749 6
8750 3
8751 5
8752 4
8753 2
8754 3
8755 6
8756 6
8757 8
8758 7
8759 4
8760 6
8761 6
8762 3
8763 1
8764 4
8765 2
8766 3
8767 6
8768 1
8769 6
8770 5
8771 6
8772 4
8773 9
8774 1
8775 2
8776 2
8777 4
8778 1
8779 9
8780 5
8781 4
8782 4
8783 8
8784 2
8785 7
8786 1
8787 2
8788 6
8789 8
8790 2
8791 5
8792 1
8793 1
8794 2
8795 8
8796 8
8797 7
8798 7
8799 3
8800 8
8801 0
8802 9
8803 3
8804 0
8805 2
8806 0
8807 1
8808 5
8809 0
8810 4
8811 9
8812 0
8813 1
8814 3
8815 4
8816 2
8817 7
8818 9
8819 8
8820 8
8821 5
8822 5
8823 7
8824 8
8825 0
8826 2
8827 1
8828 4
8829 0
8830 8
8831 3
8832 9
8833 4
8834 4
8835 3
8836 0
8837 9
8838 4
8839 4
8840 3
8841 2
8842 7
8843 7
8844 7
8845 8
8846 2
8847 9
8848 8
8849 4
8850 3
8851 9
8852 1
8853 0
8854 2
8855 4
8856 6
8857 8
8858 3
8859 9
8860 3
8861 8
8862 7
8863 6
8864 9
8865 1
8866 8
8867 3
8868 8
8869 4
8870 9
8871 3
8872 1
8873 9
8874 2
8875 4
8876 1
8877 7
8878 2
8879 8
8880 4
8881 6
8882 7
8883 7
8884 9
8885 1
8886 3
8887 8
8888 0
8889 7
8890 1
8891 8
8892 4
8893 8
8894 9
8895 6
8896 7
8897 4
8898 8
8899 3
8900 7
8901 3
8902 7
8903 1
8904 6
8905 0
8906 8
8907 6
8908 0
8909 4
8910 5
8911 3
8912 1
8913 2
8914 7
8915 9
8916 9
8917 6
8918 5
8919 7
8920 6
8921 8
8922 4
8923 9
8924 7
8925 3
8926 8
8927 4
8928 6
8929 4
8930 6
8931 5
8932 7
8933 3
8934 1
8935 6
8936 4
8937 7
8938 8
8939 7
8940 6
8941 4
8942 1
8943 6
8944 1
8945 1
8946 1
8947 6
8948 2
8949 3
8950 7
8951 5
8952 8
8953 5
8954 3
8955 2
8956 2
8957 2
8958 6
8959 1
8960 5
8961 5
8962 4
8963 7
8964 3
8965 1
8966 8
8967 4
8968 9
8969 6
8970 1
8971 1
8972 1
8973 2
8974 9
8975 0
8976 6
8977 7
8978 5
8979 8
8980 2
8981 7
8982 6
8983 7
8984 3
8985 3
8986 7
8987 9
8988 0
8989 6
8990 1
8991 0
8992 4
8993 6
8994 3
8995 0
8996 8
8997 9
8998 6
8999 4
9000 5
9001 8
9002 0
9003 9
9004 2
9005 4
9006 5
9007 0
9008 2
9009 7
9010 6
9011 3
9012 0
9013 0
9014 0
9015 0
9016 4
9017 5
9018 7
9019 8
9020 1
9021 5
9022 9
9023 4
9024 5
9025 4
9026 4
9027 4
9028 9
9029 2
9030 1
9031 1
9032 3
9033 1
9034 2
9035 3
9036 0
9037 7
9038 0
9039 1
9040 2
9041 0
9042 4
9043 7
9044 8
9045 8
9046 0
9047 4
9048 9
9049 1
9050 6
9051 2
9052 9
9053 8
9054 5
9055 8
9056 6
9057 6
9058 6
9059 6
9060 3
9061 1
9062 0
9063 1
9064 7
9065 3
9066 0
9067 5
9068 5
9069 8
9070 0
9071 7
9072 7
9073 1
9074 4
9075 9
9076 8
9077 8
9078 0
9079 4
9080 2
9081 3
9082 1
9083 0
9084 1
9085 5
9086 4
9087 5
9088 6
9089 7
9090 9
9091 7
9092 6
9093 2
9094 3
9095 4
9096 2
9097 3
9098 8
9099 2
9100 5
9101 0
9102 0
9103 5
9104 8
9105 4
9106 1
9107 7
9108 5
9109 4
9110 7
9111 8
9112 9
9113 8
9114 3
9115 0
9116 5
9117 1
9118 6
9119 5
9120 2
9121 1
9122 7
9123 0
9124 1
9125 3
9126 7
9127 9
9128 6
9129 4
9130 5
9131 1
9132 4
9133 3
9134 0
9135 0
9136 8
9137 5
9138 8
9139 6
9140 8
9141 5
9142 6
9143 2
9144 2
9145 9
9146 1
9147 9
9148 5
9149 3
9150 3
9151 9
9152 6
9153 6
9154 0
9155 8
9156 3
9157 8
9158 7
9159 0
9160 5
9161 5
9162 5
9163 4
9164 5
9165 7
9166 0
9167 8
9168 4
9169 2
9170 1
9171 4
9172 6
9173 0
9174 5
9175 7
9176 2
9177 6
9178 0
9179 3
9180 3
9181 5
9182 1
9183 1
9184 5
9185 8
9186 0
9187 1
9188 3
9189 7
9190 7
9191 8
9192 4
9193 3
9194 7
9195 1
9196 9
9197 2
9198 8
9199 5
9200 9
9201 1
9202 3
9203 9
9204 0
9205 3
9206 0
9207 0
9208 7
9209 2
9210 9
9211 7
9212 9
9213 1
9214 0
9215 4
9216 8
9217 1
9218 3
9219 6
9220 3
9221 6
9222 2
9223 9
9224 5
9225 1
9226 6
9227 4
9228 7
9229 9
9230 1
9231 3
9232 2
9233 8
9234 8
9235 7
9236 8
9237 4
9238 7
9239 8
9240 2
9241 6
9242 8
9243 7
9244 2
9245 6
9246 8
9247 5
9248 5
9249 6
9250 0
9251 6
9252 2
9253 6
9254 1
9255 9
9256 7
9257 1
9258 6
9259 9
9260 4
9261 8
9262 3
9263 5
9264 0
9265 5
9266 8
9267 6
9268 6
9269 5
9270 6
9271 7
9272 3
9273 6
9274 4
9275 6
9276 2
9277 8
9278 3
9279 9
9280 9
9281 3
9282 2
9283 0
9284 0
9285 0
9286 6
9287 2
9288 1
9289 2
9290 9
9291 4
9292 1
9293 2
9294 1
9295 1
9296 4
9297 2
9298 8
9299 6
9300 0
9301 0
9302 0
9303 5
9304 0
9305 6
9306 6
9307 2
9308 0
9309 7
9310 1
9311 9
9312 9
9313 8
9314 1
9315 8
9316 3
9317 7
9318 6
9319 7
9320 3
9321 9
9322 0
9323 5
9324 2
9325 5
9326 6
9327 6
9328 3
9329 2
9330 0
9331 6
9332 3
9333 3
9334 3
9335 1
9336 9
9337 1
9338 3
9339 9
9340 4
9341 1
9342 6
9343 7
9344 1
9345 9
9346 7
9347 0
9348 3
9349 2
9350 2
9351 1
9352 2
9353 3
9354 3
9355 7
9356 4
9357 5
9358 2
9359 0
9360 0
9361 0
9362 0
9363 8
9364 0
9365 8
9366 5
9367 8
9368 3
9369 6
9370 7
9371 6
9372 6
9373 7
9374 1
9375 7
9376 0
9377 6
9378 2
9379 3
9380 3
9381 7
9382 3
9383 8
9384 6
9385 2
9386 3
9387 9
9388 8
9389 9
9390 1
9391 1
9392 0
9393 1
9394 9
9395 4
9396 1
9397 5
9398 2
9399 2
9400 0
9401 9
9402 2
9403 4
9404 0
9405 1
9406 0
9407 2
9408 5
9409 0
9410 2
9411 5
9412 6
9413 5
9414 4
9415 8
9416 4
9417 1
9418 2
9419 8
9420 0
9421 9
9422 2
9423 0
9424 2
9425 2
9426 1
9427 6
9428 1
9429 7
9430 5
9431 1
9432 0
9433 6
9434 4
9435 5
9436 5
9437 5
9438 8
9439 9
9440 4
9441 5
9442 5
9443 0
9444 4
9445 0
9446 2
9447 0
9448 0
9449 6
9450 4
9451 1
9452 3
9453 4
9454 0
9455 9
9456 5
9457 8
9458 9
9459 5
9460 4
9461 4
9462 3
9463 2
9464 0
9465 3
9466 0
9467 3
9468 2
9469 0
9470 2
9471 0
9472 6
9473 4
9474 9
9475 2
9476 1
9477 9
9478 8
9479 5
9480 5
9481 9
9482 8
9483 6
9484 6
9485 4
9486 9
9487 5
9488 6
9489 6
9490 3
9491 4
9492 8
9493 6
9494 3
9495 3
9496 8
9497 0
9498 3
9499 1
9500 2
9501 5
9502 6
9503 9
9504 6
9505 2
9506 4
9507 2
9508 8
9509 5
9510 7
9511 4
9512 1
9513 7
9514 0
9515 9
9516 3
9517 8
9518 1
9519 7
9520 3
9521 5
9522 6
9523 2
9524 5
9525 5
9526 4
9527 7
9528 8
9529 6
9530 5
9531 0
9532 8
9533 4
9534 2
9535 1
9536 3
9537 6
9538 7
9539 8
9540 9
9541 7
9542 7
9543 5
9544 9
9545 9
9546 5
9547 7
9548 2
9549 1
9550 7
9551 8
9552 3
9553 1
9554 6
9555 1
9556 6
9557 0
9558 4
9559 4
9560 6
9561 4
9562 4
9563 7
9564 3
9565 4
9566 4
9567 9
9568 7
9569 0
9570 2
9571 5
9572 6
9573 9
9574 6
9575 5
9576 2
9577 6
9578 9
9579 4
9580 5
9581 9
9582 7
9583 0
9584 0
9585 1
9586 2
9587 0
9588 1
9589 3
9590 2
9591 8
9592 2
9593 7
9594 9
9595 2
9596 9
9597 8
9598 0
9599 0
9600 9
9601 8
9602 6
9603 6
9604 8
9605 3
9606 6
9607 2
9608 0
9609 7
9610 4
9611 2
9612 0
9613 2
9614 8
9615 0
9616 7
9617 0
9618 9
9619 9
9620 4
9621 2
9622 1
9623 3
9624 8
9625 7
9626 1
9627 3
9628 9
9629 7
9630 1
9631 8
9632 8
9633 4
9634 7
9635 4
9636 4
9637 5
9638 7
9639 8
9640 2
9641 4
9642 7
9643 3
9644 6
9645 8
9646 7
9647 6
9648 6
9649 3
9650 2
9651 4
9652 4
9653 2
9654 0
9655 4
9656 0
9657 5
9658 3
9659 4
9660 5
9661 0
9662 9
9663 5
9664 8
9665 1
9666 8
9667 3
9668 3
9669 1
9670 9
9671 9
9672 9
9673 9
9674 3
9675 4
9676 8
9677 2
9678 0
9679 0
9680 9
9681 1
9682 6
9683 4
9684 4
9685 4
9686 0
9687 0
9688 9
9689 2
9690 3
9691 5
9692 8
9693 1
9694 0
9695 1
9696 2
9697 6
9698 9
9699 7
9700 9
9701 4
9702 8
9703 6
9704 3
9705 7
9706 6
9707 5
9708 5
9709 1
9710 2
9711 7
9712 7
9713 9
9714 8
9715 1
9716 0
9717 6
9718 7
9719 4
9720 7
9721 0
9722 7
9723 2
9724 9
9725 2
9726 7
9727 5
9728 0
9729 1
9730 5
9731 9
9732 6
9733 1
9734 4
9735 5
9736 6
9737 4
9738 0
9739 1
9740 1
9741 3
9742 1
9743 0
9744 3
9745 0
9746 9
9747 0
9748 5
9749 3
9750 2
9751 8
9752 2
9753 9
9754 1
9755 5
9756 2
9757 8
9758 8
9759 3
9760 2
9761 5
9762 1
9763 0
9764 3
9765 5
9766 6
9767 3
9768 2
9769 6
9770 6
9771 1
9772 7
9773 7
9774 5
9775 4
9776 4
9777 5
9778 0
9779 1
9780 9
9781 5
9782 3
9783 4
9784 4
9785 2
9786 6
9787 4
9788 9
9789 7
9790 8
9791 7
9792 3
9793 5
9794 1
9795 2
9796 8
9797 6
9798 3
9799 7
9800 5
9801 6
9802 5
9803 0
9804 8
9805 2
9806 8
9807 5
9808 9
9809 8
9810 1
9811 1
9812 6
9813 1
9814 3
9815 3
9816 7
9817 2
9818 2
9819 0
9820 9
9821 4
9822 5
9823 7
9824 0
9825 7
9826 3
9827 1
9828 3
9829 1
9830 8
9831 0
9832 6
9833 0
9834 7
9835 9
9836 6
9837 0
9838 3
9839 8
9840 3
9841 6
9842 6
9843 5
9844 7
9845 4
9846 8
9847 0
9848 1
9849 3
9850 8
9851 0
9852 0
9853 7
9854 0
9855 2
9856 7
9857 7
9858 1
9859 5
9860 4
9861 8
9862 8
9863 9
9864 5
9865 9
9866 9
9867 4
9868 5
9869 5
9870 2
9871 6
9872 8
9873 7
9874 4
9875 9
9876 3
9877 1
9878 7
9879 1
9880 6
9881 0
9882 4
9883 3
9884 6
9885 5
9886 5
9887 3
9888 5
9889 9
9890 6
9891 0
9892 3
9893 3
9894 9
9895 2
9896 1
9897 3
9898 1
9899 2
9900 6
9901 5
9902 9
9903 2
9904 4
9905 3
9906 4
9907 4
9908 0
9909 9
9910 5
9911 1
9912 6
9913 5
9914 8
9915 4
9916 3
9917 8
9918 9
9919 1
9920 9
9921 2
9922 7
9923 3
9924 2
9925 4
9926 1
9927 6
9928 7
9929 3
9930 0
9931 8
9932 2
9933 4
9934 3
9935 6
9936 5
9937 5
9938 9
9939 7
9940 4
9941 2
9942 9
9943 5
9944 7
9945 7
9946 4
9947 6
9948 5
9949 5
9950 1
9951 3
9952 1
9953 4
9954 7
9955 7
9956 7
9957 3
9958 5
9959 3
9960 0
9961 7
9962 6
9963 6
9964 9
9965 7
9966 6
9967 1
9968 5
9969 8
9970 6
9971 7
9972 0
9973 9
9974 1
9975 2
9976 5
9977 4
9978 5
9979 1
9980 6
9981 4
9982 9
9983 0
9984 8
9985 7
9986 9
9987 0
9988 7
9989 9
9990 8
9991 6
9992 5
9993 7
9994 2
9995 5
9996 2
9997 4
9998 1
9999 5
10000 9
10001 0
10002 6
10003 5
10004 0
10005 3
10006 6
10007 1
10008 2
10009 4
10010 9
10011 4
10012 9
10013 6
10014 0
10015 2
10016 9
10017 5
10018 7
10019 9
10020 2
10021 8
10022 2
10023 6
10024 1
10025 4
10026 3
10027 8
10028 5
10029 9
10030 4
10031 6
10032 2
10033 2
10034 5
10035 2
10036 5
10037 7
10038 7
10039 8
10040 9
10041 2
10042 6
10043 9
10044 4
10045 1
10046 3
10047 0
10048 4
10049 8
10050 5
10051 4
10052 2
10053 0
10054 7
10055 8
10056 7
10057 6
10058 1
10059 7
10060 9
10061 1
10062 9
10063 7
10064 6
10065 8
10066 2
10067 2
10068 6
10069 9
10070 7
10071 2
10072 1
10073 6
10074 9
10075 1
10076 1
10077 6
10078 8
10079 2
10080 4
10081 8
10082 5
10083 6
10084 9
10085 1
10086 5
10087 8
10088 2
10089 4
10090 5
10091 3
10092 8
10093 9
10094 7
10095 3
10096 4
10097 6
10098 1
10099 2
10100 3
10101 2
10102 4
10103 7
10104 3
10105 3
10106 9
10107 3
10108 9
10109 1
10110 4
10111 9
10112 9
10113 0
10114 8
10115 0
10116 3
10117 9
10118 9
10119 5
10120 9
10121 2
10122 4
10123 7
10124 3
10125 3
10126 6
10127 6
10128 6
10129 3
10130 5
10131 9
10132 4
10133 1
10134 9
10135 0
10136 4
10137 3
10138 6
10139 3
10140 5
10141 0
10142 3
10143 7
10144 4
10145 0
10146 4
10147 8
10148 7
10149 6
10150 1
10151 3
10152 3
10153 8
10154 4
10155 6
10156 2
10157 9
10158 1
10159 5
10160 2
10161 0
10162 8
10163 4
10164 2
10165 3
10166 0
10167 4
10168 8
10169 1
10170 2
10171 9
10172 9
10173 2
10174 2
10175 0
10176 3
10177 0
10178 2
10179 6
10180 8
10181 4
10182 7
10183 2
10184 4
10185 3
10186 7
10187 3
10188 6
10189 8
10190 4
10191 3
10192 3
10193 4
10194 6
10195 1
10196 1
10197 7
10198 5
10199 4
10200 1
10201 9
10202 2
10203 5
10204 3
10205 2
10206 8
10207 4
10208 9
10209 7
10210 4
10211 2
10212 5
10213 3
10214 8
10215 6
10216 7
10217 8
10218 7
10219 4
10220 2
10221 6
10222 1
10223 3
10224 0
10225 2
10226 0
10227 0
10228 9
10229 3
10230 2
10231 2
10232 0
10233 8
10234 5
10235 0
10236 0
10237 8
10238 0
10239 3
10240 9
10241 2
10242 4
10243 9
10244 5
10245 7
10246 7
10247 8
10248 9
10249 5
10250 1
10251 6
10252 2
10253 7
10254 2
10255 8
10256 9
10257 0
10258 0
10259 1
10260 9
10261 4
10262 6
10263 8
10264 8
10265 7
10266 3
10267 1
10268 6
10269 5
10270 0
10271 4
10272 2
10273 8
10274 0
10275 2
10276 7
10277 4
10278 4
10279 2
10280 5
10281 3
10282 0
10283 7
10284 6
10285 8
10286 7
10287 0
10288 1
10289 9
10290 3
10291 9
10292 3
10293 2
10294 8
10295 4
10296 6
10297 4
10298 8
10299 1
10300 1
10301 9
10302 3
10303 6
10304 8
10305 4
10306 3
10307 7
10308 6
10309 8
10310 6
10311 5
10312 7
10313 3
10314 5
10315 4
10316 0
10317 8
10318 1
10319 3
10320 0
10321 5
10322 9
10323 2
10324 0
10325 1
10326 7
10327 6
10328 6
10329 5
10330 9
10331 8
10332 0
10333 5
10334 8
10335 6
10336 4
10337 4
10338 0
10339 7
10340 3
10341 6
10342 9
10343 2
10344 6
10345 0
10346 7
10347 4
10348 9
10349 9
10350 9
10351 9
10352 6
10353 2
10354 1
10355 2
10356 0
10357 5
10358 7
10359 6
10360 3
10361 0
10362 6
10363 0
10364 3
10365 8
10366 8
10367 9
10368 7
10369 8
10370 2
10371 3
10372 2
10373 6
10374 0
10375 7
10376 3
10377 2
10378 4
10379 9
10380 6
10381 2
10382 1
10383 6
10384 0
10385 0
10386 8
10387 8
10388 3
10389 9
10390 4
10391 3
10392 4
10393 7
10394 7
10395 8
10396 4
10397 9
10398 2
10399 6
10400 8
10401 6
10402 6
10403 1
10404 0
10405 5
10406 3
10407 1
10408 5
10409 0
10410 9
10411 2
10412 3
10413 7
10414 9
10415 6
10416 9
10417 2
10418 2
10419 5
10420 2
10421 0
10422 3
10423 1
10424 8
10425 7
10426 3
10427 2
10428 7
10429 5
10430 1
10431 3
10432 3
10433 6
10434 7
10435 1
10436 1
10437 3
10438 6
10439 6
10440 0
10441 2
10442 5
10443 0
10444 0
10445 3
10446 7
10447 3
10448 1
10449 6
10450 0
10451 1
10452 7
10453 8
10454 2
10455 1
10456 8
10457 0
10458 0
10459 1
10460 4
10461 2
10462 2
10463 8
10464 1
10465 2
10466 7
10467 8
10468 0
10469 4
10470 6
10471 1
10472 1
10473 9
10474 7
10475 8
10476 1
10477 0
10478 8
10479 9
10480 5
10481 7
10482 6
10483 1
10484 0
10485 3
10486 2
10487 5
10488 7
10489 4
10490 6
10491 6
10492 0
10493 2
10494 9
10495 2
10496 5
10497 3
10498 6
10499 7
10500 9
10501 2
10502 0
10503 6
10504 0
10505 1
10506 9
10507 9
10508 4
10509 0
10510 5
10511 5
10512 2
10513 6
10514 9
10515 0
10516 0
10517 8
10518 0
10519 4
10520 2
10521 1
10522 2
10523 7
10524 6
10525 9
10526 8
10527 0
10528 2
10529 3
10530 7
10531 5
10532 4
10533 0
10534 9
10535 2
10536 2
10537 2
10538 5
10539 8
10540 9
10541 8
10542 0
10543 1
10544 0
10545 9
10546 2
10547 0
10548 3
10549 4
10550 2
10551 9
10552 7
10553 1
10554 9
10555 8
10556 5
10557 8
10558 1
10559 6
10560 7
10561 1
10562 7
10563 4
10564 3
10565 6
10566 5
10567 6
10568 7
10569 4
10570 1
10571 1
10572 0
10573 7
10574 5
10575 9
10576 6
10577 2
10578 0
10579 4
10580 9
10581 2
10582 8
10583 0
10584 4
10585 1
10586 0
10587 4
10588 4
10589 1
10590 2
10591 2
10592 2
10593 8
10594 6
10595 2
10596 7
10597 4
10598 8
10599 7
10600 2
10601 6
10602 1
10603 7
10604 7
10605 1
10606 9
10607 3
10608 1
10609 9
10610 0
10611 1
10612 2
10613 1
10614 2
10615 9
10616 9
10617 8
10618 8
10619 3
10620 8
10621 0
10622 7
10623 8
10624 6
10625 9
10626 1
10627 5
10628 6
10629 3
10630 5
10631 0
10632 4
10633 6
10634 0
10635 9
10636 0
10637 6
10638 1
10639 1
10640 3
10641 6
10642 5
10643 3
10644 8
10645 4
10646 3
10647 5
10648 5
10649 0
10650 6
10651 3
10652 1
10653 9
10654 8
10655 8
10656 8
10657 2
10658 5
10659 3
10660 5
10661 6
10662 9
10663 3
10664 9
10665 8
10666 8
10667 1
10668 2
10669 4
10670 4
10671 9
10672 6
10673 3
10674 1
10675 7
10676 1
10677 6
10678 0
10679 4
10680 7
10681 4
10682 3
10683 3
10684 2
10685 8
10686 6
10687 9
10688 0
10689 3
10690 4
10691 2
10692 5
10693 8
10694 1
10695 9
10696 4
10697 3
10698 3
10699 5
10700 7
10701 0
10702 6
10703 5
10704 0
10705 0
10706 7
10707 3
10708 2
10709 2
10710 1
10711 7
10712 5
10713 8
10714 7
10715 1
10716 4
10717 8
10718 2
10719 2
10720 9
10721 1
10722 3
10723 4
10724 8
10725 7
10726 4
10727 2
10728 6
10729 6
10730 2
10731 8
10732 8
10733 7
10734 5
10735 4
10736 0
10737 4
10738 7
10739 1
10740 3
10741 9
10742 0
10743 8
10744 3
10745 1
10746 9
10747 3
10748 5
10749 2
10750 4
10751 8
10752 1
10753 6
10754 7
10755 7
10756 0
10757 1
10758 4
10759 4
10760 0
10761 3
10762 3
10763 1
10764 1
10765 1
10766 6
10767 4
10768 5
10769 5
10770 3
10771 8
10772 5
10773 5
10774 9
10775 2
10776 8
10777 0
10778 5
10779 9
10780 2
10781 9
10782 9
10783 5
10784 7
10785 3
10786 1
10787 5
10788 2
10789 9
10790 6
10791 5
10792 5
10793 9
10794 6
10795 9
10796 2
10797 7
10798 3
10799 2
10800 7
10801 7
10802 4
10803 1
10804 3
10805 1
10806 2
10807 5
10808 2
10809 7
10810 6
10811 9
10812 0
10813 2
10814 6
10815 9
10816 3
10817 8
10818 9
10819 1
10820 3
10821 4
10822 4
10823 7
10824 7
10825 0
10826 6
10827 7
10828 0
10829 7
10830 0
10831 2
10832 5
10833 2
10834 3
10835 1
10836 9
10837 0
10838 8
10839 1
10840 1
10841 7
10842 1
10843 1
10844 1
10845 2
10846 8
10847 0
10848 4
10849 7
10850 0
10851 1
10852 9
10853 9
10854 1
10855 5
10856 3
10857 8
10858 9
10859 1
10860 9
10861 5
10862 4
10863 6
10864 4
10865 7
10866 1
10867 3
10868 8
10869 8
10870 4
10871 1
10872 1
10873 2
10874 2
10875 7
10876 2
10877 4
10878 2
10879 4
10880 1
10881 5
10882 2
10883 6
10884 0
10885 2
10886 5
10887 3
10888 0
10889 1
10890 8
10891 4
10892 2
10893 1
10894 6
10895 2
10896 2
10897 4
10898 8
10899 0
10900 0
10901 2
10902 0
10903 0
10904 0
10905 6
10906 0
10907 7
10908 7
10909 7
10910 4
10911 9
10912 2
10913 3
10914 4
10915 6
10916 3
10917 4
10918 2
10919 6
10920 8
10921 6
10922 7
10923 5
10924 3
10925 0
10926 0
10927 3
10928 5
10929 1
10930 1
10931 9
10932 3
10933 7
10934 4
10935 8
10936 1
10937 3
10938 9
10939 7
10940 9
10941 2
10942 5
10943 3
10944 5
10945 9
10946 2
10947 2
10948 2
10949 1
10950 1
10951 8
10952 3
10953 1
10954 6
10955 2
10956 2
10957 1
10958 9
10959 3
10960 9
10961 9
10962 5
10963 8
10964 3
10965 5
10966 0
10967 4
10968 0
10969 5
10970 0
10971 2
10972 9
10973 9
10974 7
10975 2
10976 2
10977 9
10978 9
10979 8
10980 7
10981 7
10982 6
10983 6
10984 7
10985 0
10986 0
10987 9
10988 0
10989 1
10990 1
10991 2
10992 4
10993 7
10994 0
10995 8
10996 1
10997 5
10998 8
10999 0
11000 6
11001 8
11002 8
11003 7
11004 6
11005 4
11006 5
11007 3
11008 8
11009 9
11010 1
11011 3
11012 5
11013 8
11014 5
11015 0
11016 2
11017 1
11018 2
11019 3
11020 3
11021 7
11022 4
11023 5
11024 1
11025 0
11026 5
11027 9
11028 9
11029 5
11030 6
11031 4
11032 8
11033 2
11034 8
11035 9
11036 6
11037 0
11038 4
11039 8
11040 8
11041 5
11042 1
11043 6
11044 6
11045 4
11046 8
11047 7
11048 2
11049 7
11050 4
11051 9
11052 4
11053 5
11054 6
11055 4
11056 9
11057 6
11058 6
11059 5
11060 3
11061 6
11062 3
11063 1
11064 0
11065 7
11066 5
11067 3
11068 3
11069 2
11070 8
11071 6
11072 7
11073 3
11074 9
11075 1
11076 7
11077 1
11078 2
11079 7
11080 8
11081 2
11082 7
11083 1
11084 6
11085 3
11086 1
11087 0
11088 8
11089 9
11090 7
11091 4
11092 8
11093 9
11094 1
11095 8
11096 9
11097 1
11098 0
11099 6
11100 4
11101 2
11102 7
11103 8
11104 2
11105 7
11106 9
11107 2
11108 9
11109 1
11110 6
11111 4
11112 3
11113 9
11114 8
11115 9
11116 2
11117 7
11118 2
11119 6
11120 0
11121 2
11122 8
11123 8
11124 3
11125 5
11126 9
11127 0
11128 4
11129 2
11130 5
11131 3
11132 7
11133 4
11134 9
11135 5
11136 9
11137 6
11138 5
11139 7
11140 9
11141 8
11142 3
11143 7
11144 9
11145 9
11146 9
11147 6
11148 1
11149 2
11150 0
11151 9
11152 7
11153 8
11154 3
11155 9
11156 6
11157 0
11158 3
11159 6
11160 0
11161 3
11162 0
11163 5
11164 7
11165 9
11166 8
11167 0
11168 5
11169 3
11170 8
11171 7
11172 7
11173 5
11174 7
11175 5
11176 3
11177 4
11178 2
11179 4
11180 5
11181 0
11182 2
11183 5
11184 7
11185 8
11186 8
11187 7
11188 7
11189 1
11190 0
11191 8
11192 3
11193 6
11194 9
11195 5
11196 3
11197 8
11198 3
11199 5
11200 7
11201 6
11202 4
11203 9
11204 7
11205 7
11206 1
11207 9
11208 7
11209 7
11210 9
11211 7
11212 0
11213 9
11214 0
11215 2
11216 9
11217 1
11218 2
11219 0
11220 9
11221 3
11222 2
11223 0
11224 0
11225 7
11226 9
11227 8
11228 9
11229 0
11230 1
11231 3
11232 6
11233 8
11234 2
11235 0
11236 2
11237 7
11238 8
11239 7
11240 5
11241 7
11242 8
11243 6
11244 9
11245 2
11246 0
11247 6
11248 1
11249 0
11250 8
11251 2
11252 6
11253 5
11254 9
11255 2
11256 5
11257 4
11258 6
11259 0
11260 0
11261 2
11262 4
11263 5
11264 4
11265 7
11266 5
11267 3
11268 2
11269 0
11270 7
11271 2
11272 2
11273 4
11274 8
11275 7
11276 2
11277 6
11278 8
11279 7
11280 9
11281 3
11282 5
11283 2
11284 9
11285 3
11286 6
11287 1
11288 4
11289 2
11290 8
11291 1
11292 5
11293 7
11294 6
11295 5
11296 1
11297 1
11298 2
11299 4
11300 3
11301 4
11302 0
11303 1
11304 2
11305 4
11306 4
11307 0
11308 6
11309 4
11310 7
11311 1
11312 0
11313 7
11314 3
11315 5
11316 2
11317 5
11318 2
11319 7
11320 9
11321 0
11322 8
11323 4
11324 2
11325 4
11326 9
11327 1
11328 2
11329 9
11330 7
11331 4
11332 7
11333 9
11334 2
11335 2
11336 8
11337 9
11338 8
11339 3
11340 3
11341 2
11342 6
11343 3
11344 3
11345 6
11346 5
11347 7
11348 3
11349 7
11350 5
11351 5
11352 9
11353 3
11354 1
11355 2
11356 5
11357 4
11358 6
11359 9
11360 3
11361 0
11362 7
11363 2
11364 2
11365 7
11366 1
11367 5
11368 7
11369 6
11370 1
11371 8
11372 3
11373 0
11374 4
11375 4
11376 9
11377 6
11378 6
11379 6
11380 9
11381 3
11382 3
11383 8
11384 5
11385 4
11386 0
11387 8
11388 6
11389 2
11390 6
11391 6
11392 0
11393 9
11394 1
11395 9
11396 2
11397 9
11398 2
11399 7
11400 7
11401 4
11402 0
11403 8
11404 6
11405 7
11406 1
11407 8
11408 2
11409 2
11410 8
11411 1
11412 9
11413 7
11414 4
11415 0
11416 1
11417 5
11418 7
11419 5
11420 6
11421 7
11422 0
11423 4
11424 2
11425 1
11426 1
11427 3
11428 9
11429 6
11430 8
11431 1
11432 1
11433 3
11434 4
11435 6
11436 9
11437 3
11438 7
11439 4
11440 5
11441 8
11442 8
11443 2
11444 9
11445 3
11446 6
11447 7
11448 2
11449 7
11450 9
11451 6
11452 7
11453 4
11454 2
11455 9
11456 7
11457 8
11458 6
11459 2
11460 8
11461 1
11462 0
11463 0
11464 8
11465 5
11466 2
11467 8
11468 4
11469 7
11470 2
11471 1
11472 1
11473 0
11474 4
11475 3
11476 7
11477 8
11478 6
11479 9
11480 7
11481 3
11482 6
11483 0
11484 9
11485 0
11486 1
11487 3
11488 3
11489 5
11490 3
11491 4
11492 5
11493 4
11494 2
11495 3
11496 9
11497 9
11498 7
11499 6
11500 5
11501 8
11502 2
11503 8
11504 2
11505 6
11506 0
11507 0
11508 4
11509 8
11510 9
11511 4
11512 8
11513 8
11514 5
11515 1
11516 2
11517 1
11518 4
11519 3
11520 8
11521 0
11522 0
11523 7
11524 7
11525 9
11526 8
11527 8
11528 7
11529 7
11530 7
11531 3
11532 4
11533 1
11534 5
11535 1
11536 3
11537 5
11538 3
11539 3
11540 2
11541 4
11542 3
11543 7
11544 8
11545 2
11546 1
11547 0
11548 2
11549 0
11550 2
11551 9
11552 1
11553 3
11554 9
11555 5
11556 1
11557 5
11558 0
11559 6
11560 7
11561 9
11562 7
11563 5
11564 3
11565 2
11566 1
11567 4
11568 1
11569 5
11570 1
11571 9
11572 0
11573 4
11574 5
11575 0
11576 9
11577 8
11578 8
11579 2
11580 8
11581 5
11582 7
11583 5
11584 8
11585 3
11586 5
11587 5
11588 8
11589 7
11590 9
11591 7
11592 2
11593 2
11594 3
11595 0
11596 0
11597 1
11598 3
11599 9
11600 9
11601 0
11602 9
11603 6
11604 1
11605 2
11606 3
11607 2
11608 0
11609 5
11610 0
11611 9
11612 4
11613 7
11614 2
11615 9
11616 4
11617 1
11618 6
11619 8
11620 9
11621 2
11622 8
11623 2
11624 3
11625 2
11626 8
11627 3
11628 5
11629 9
11630 3
11631 1
11632 7
11633 7
11634 0
11635 8
11636 9
11637 4
11638 8
11639 6
11640 9
11641 3
11642 8
11643 5
11644 7
11645 3
11646 1
11647 5
11648 9
11649 6
11650 2
11651 1
11652 7
11653 2
11654 7
11655 4
11656 2
11657 2
11658 0
11659 1
11660 0
11661 3
11662 4
11663 7
11664 3
11665 5
11666 9
11667 2
11668 6
11669 0
11670 4
11671 1
11672 8
11673 2
11674 0
11675 4
11676 6
11677 8
11678 2
11679 8
11680 8
11681 4
11682 1
11683 1
11684 1
11685 0
11686 5
11687 5
11688 1
11689 1
11690 6
11691 6
11692 9
11693 7
11694 3
11695 9
11696 3
11697 8
11698 0
11699 0
11700 1
11701 6
11702 5
11703 5
11704 4
11705 4
11706 5
11707 7
11708 5
11709 5
11710 5
11711 9
11712 4
11713 4
11714 9
11715 8
11716 9
11717 1
11718 0
11719 3
11720 2
11721 4
11722 1
11723 4
11724 2
11725 3
11726 3
11727 2
11728 9
11729 2
11730 6
11731 6
11732 1
11733 0
11734 1
11735 8
11736 9
11737 4
11738 5
11739 3
11740 4
11741 6
11742 3
11743 1
11744 4
11745 0
11746 7
11747 5
11748 0
11749 3
11750 6
11751 5
11752 7
11753 3
11754 7
11755 3
11756 8
11757 7
11758 9
11759 9
11760 6
11761 7
11762 0
11763 8
11764 9
11765 8
11766 0
11767 6
11768 4
11769 2
11770 3
11771 0
11772 2
11773 9
11774 0
11775 3
11776 4
11777 2
11778 2
11779 3
11780 7
11781 5
11782 4
11783 5
11784 7
11785 0
11786 8
11787 0
11788 4
11789 1
11790 7
11791 0
11792 7
11793 1
11794 6
11795 5
11796 8
11797 9
11798 9
11799 8
11800 3
11801 5
11802 5
11803 9
11804 1
11805 0
11806 3
11807 6
11808 3
11809 0
11810 1
11811 6
11812 7
11813 0
11814 9
11815 5
11816 2
11817 3
11818 4
11819 4
11820 6
11821 4
11822 9
11823 6
11824 7
11825 9
11826 1
11827 4
11828 9
11829 9
11830 0
11831 3
11832 6
11833 2
11834 1
11835 9
11836 2
11837 8
11838 9
11839 3
11840 7
11841 7
11842 7
11843 3
11844 0
11845 0
11846 4
11847 0
11848 2
11849 1
11850 6
11851 7
11852 7
11853 5
11854 0
11855 6
11856 5
11857 0
11858 4
11859 3
11860 5
11861 6
11862 2
11863 1
11864 8
11865 2
11866 6
11867 0
11868 0
11869 3
11870 6
11871 8
11872 1
11873 1
11874 0
11875 9
11876 7
11877 0
11878 1
11879 3
11880 8
11881 5
11882 8
11883 4
11884 0
11885 4
11886 4
11887 1
11888 6
11889 0
11890 7
11891 5
11892 2
11893 4
11894 4
11895 5
11896 1
11897 3
11898 6
11899 3
11900 0
11901 5
11902 6
11903 5
11904 2
11905 9
11906 1
11907 3
11908 8
11909 0
11910 4
11911 8
11912 3
11913 1
11914 0
11915 8
11916 5
11917 8
11918 1
11919 6
11920 2
11921 9
11922 0
11923 7
11924 9
11925 4
11926 1
11927 0
11928 3
11929 9
11930 4
11931 8
11932 9
11933 7
11934 1
11935 8
11936 7
11937 4
11938 8
11939 9
11940 4
11941 1
11942 1
11943 9
11944 9
11945 3
11946 7
11947 1
11948 4
11949 7
11950 9
11951 9
11952 5
11953 0
11954 9
11955 1
11956 2
11957 1
11958 8
11959 3
11960 6
11961 9
11962 6
11963 3
11964 1
11965 8
11966 3
11967 1
11968 8
11969 1
11970 2
11971 8
11972 2
11973 0
11974 5
11975 0
11976 9
11977 1
11978 0
11979 6
11980 2
11981 2
11982 2
11983 9
11984 4
11985 1
11986 0
11987 2
11988 8
11989 8
11990 6
11991 8
11992 2
11993 3
11994 3
11995 6
11996 7
11997 2
11998 5
11999 3
12000 0
12001 0
12002 6
12003 4
12004 8
12005 8
12006 7
12007 9
12008 3
12009 4
12010 4
12011 6
12012 2
12013 4
12014 2
12015 5
12016 5
12017 8
12018 1
12019 2
12020 7
12021 1
12022 9
12023 4
12024 9
12025 0
12026 8
12027 7
12028 9
12029 0
12030 3
12031 6
12032 3
12033 5
12034 4
12035 4
12036 8
12037 6
12038 7
12039 1
12040 1
12041 0
12042 8
12043 7
12044 9
12045 4
12046 6
12047 6
12048 1
12049 9
12050 4
12051 4
12052 2
12053 5
12054 4
12055 4
12056 2
12057 2
12058 1
12059 6
12060 1
12061 1
12062 5
12063 0
12064 2
12065 8
12066 3
12067 9
12068 0
12069 4
12070 3
12071 7
12072 7
12073 7
12074 8
12075 7
12076 6
12077 8
12078 7
12079 6
12080 8
12081 8
12082 4
12083 7
12084 7
12085 1
12086 7
12087 6
12088 0
12089 3
12090 9
12091 3
12092 2
12093 0
12094 6
12095 7
12096 0
12097 2
12098 8
12099 6
12100 3
12101 6
12102 1
12103 5
12104 3
12105 0
12106 8
12107 1
12108 6
12109 3
12110 9
12111 0
12112 3
12113 6
12114 9
12115 9
12116 1
12117 3
12118 8
12119 5
12120 5
12121 3
12122 8
12123 2
12124 2
12125 3
12126 9
12127 4
12128 8
12129 3
12130 9
12131 5
12132 1
12133 0
12134 4
12135 7
12136 9
12137 3
12138 6
12139 5
12140 9
12141 1
12142 9
12143 7
12144 5
12145 6
12146 5
12147 3
12148 7
12149 5
12150 9
12151 8
12152 1
12153 7
12154 4
12155 3
12156 7
12157 5
12158 7
12159 9
12160 1
12161 1
12162 1
12163 8
12164 9
12165 3
12166 0
12167 7
12168 5
12169 4
12170 7
12171 7
12172 8
12173 7
12174 5
12175 4
12176 0
12177 7
12178 5
12179 3
12180 9
12181 0
12182 5
12183 5
12184 0
12185 9
12186 1
12187 3
12188 6
12189 6
12190 6
12191 5
12192 4
12193 2
12194 0
12195 3
12196 2
12197 2
12198 4
12199 9
12200 4
12201 8
12202 4
12203 1
12204 8
12205 0
12206 5
12207 8
12208 4
12209 7
12210 3
12211 5
12212 1
12213 7
12214 6
12215 5
12216 1
12217 2
12218 0
12219 5
12220 1
12221 1
12222 8
12223 4
12224 2
12225 2
12226 3
12227 9
12228 5
12229 0
12230 3
12231 0
12232 1
12233 8
12234 0
12235 8
12236 7
12237 1
12238 2
12239 4
12240 6
12241 5
12242 9
12243 9
12244 8
12245 3
12246 5
12247 3
12248 6
12249 1
12250 5
12251 5
12252 9
12253 3
12254 6
12255 3
12256 7
12257 7
12258 4
12259 0
12260 0
12261 0
12262 3
12263 2
12264 9
12265 7
12266 9
12267 7
12268 4
12269 6
12270 9
12271 5
12272 1
12273 3
12274 7
12275 1
12276 0
12277 3
12278 6
12279 9
12280 2
12281 1
12282 2
12283 7
12284 0
12285 3
12286 1
12287 2
12288 2
12289 0
12290 3
12291 4
12292 5
12293 5
12294 4
12295 9
12296 8
12297 2
12298 6
12299 5
12300 2
12301 6
12302 9
12303 1
12304 6
12305 4
12306 3
12307 1
12308 0
12309 7
12310 6
12311 0
12312 9
12313 7
12314 1
12315 6
12316 9
12317 0
12318 4
12319 4
12320 7
12321 7
12322 1
12323 5
12324 8
12325 1
12326 3
12327 7
12328 6
12329 6
12330 0
12331 9
12332 4
12333 6
12334 9
12335 6
12336 5
12337 2
12338 1
12339 3
12340 2
12341 4
12342 1
12343 7
12344 5
12345 3
12346 3
12347 3
12348 7
12349 1
12350 9
12351 7
12352 9
12353 0
12354 3
12355 9
12356 0
12357 2
12358 1
12359 5
12360 5
12361 7
12362 6
12363 0
12364 3
12365 7
12366 6
12367 1
12368 1
12369 9
12370 8
12371 1
12372 9
12373 3
12374 3
12375 6
12376 1
12377 9
12378 8
12379 8
12380 2
12381 5
12382 3
12383 1
12384 9
12385 6
12386 0
12387 8
12388 2
12389 2
12390 2
12391 0
12392 3
12393 4
12394 9
12395 6
12396 5
12397 7
12398 0
12399 7
12400 2
12401 7
12402 4
12403 6
12404 3
12405 0
12406 6
12407 5
12408 4
12409 7
12410 5
12411 1
12412 0
12413 9
12414 4
12415 2
12416 4
12417 3
12418 3
12419 1
12420 3
12421 6
12422 5
12423 1
12424 5
12425 9
12426 1
12427 9
12428 4
12429 4
12430 7
12431 6
12432 5
12433 7
12434 2
12435 2
12436 4
12437 1
12438 6
12439 6
12440 6
12441 7
12442 5
12443 2
12444 1
12445 5
12446 8
12447 1
12448 5
12449 7
12450 5
12451 4
12452 7
12453 7
12454 8
12455 2
12456 3
12457 3
12458 4
12459 9
12460 7
12461 9
12462 3
12463 8
12464 8
12465 6
12466 5
12467 8
12468 1
12469 2
12470 7
12471 4
12472 2
12473 2
12474 4
12475 1
12476 9
12477 7
12478 0
12479 4
12480 9
12481 9
12482 3
12483 5
12484 3
12485 8
12486 2
12487 6
12488 4
12489 0
12490 3
12491 0
12492 3
12493 7
12494 6
12495 1
12496 4
12497 3
12498 6
12499 4
12500 9
12501 6
12502 0
12503 3
12504 0
12505 5
12506 3
12507 0
12508 1
12509 8
12510 9
12511 8
12512 1
12513 2
12514 6
12515 7
12516 3
12517 7
12518 5
12519 3
12520 6
12521 3
12522 1
12523 0
12524 4
12525 0
12526 2
12527 1
12528 6
12529 6
12530 2
12531 0
12532 3
12533 3
12534 6
12535 6
12536 9
12537 9
12538 7
12539 6
12540 1
12541 5
12542 8
12543 4
12544 8
12545 5
12546 2
12547 4
12548 6
12549 9
12550 3
12551 0
12552 5
12553 7
12554 6
12555 3
12556 4
12557 9
12558 2
12559 5
12560 0
12561 7
12562 3
12563 7
12564 5
12565 7
12566 2
12567 1
12568 9
12569 6
12570 1
12571 8
12572 7
12573 1
12574 4
12575 1
12576 6
12577 8
12578 8
12579 6
12580 3
12581 9
12582 4
12583 0
12584 4
12585 5
12586 9
12587 3
12588 3
12589 6
12590 5
12591 7
12592 9
12593 1
12594 6
12595 1
12596 0
12597 4
12598 0
12599 0
12600 9
12601 0
12602 4
12603 6
12604 0
12605 3
12606 6
12607 9
12608 0
12609 0
12610 7
12611 7
12612 6
12613 6
12614 6
12615 7
12616 3
12617 6
12618 7
12619 3
12620 3
12621 9
12622 7
12623 9
12624 4
12625 2
12626 7
12627 2
12628 9
12629 4
12630 8
12631 3
12632 6
12633 8
12634 5
12635 8
12636 9
12637 2
12638 4
12639 0
12640 8
12641 1
12642 6
12643 9
12644 0
12645 9
12646 3
12647 7
12648 2
12649 5
12650 6
12651 3
12652 0
12653 2
12654 1
12655 1
12656 3
12657 1
12658 9
12659 4
12660 7
12661 4
12662 6
12663 8
12664 1
12665 5
12666 5
12667 6
12668 7
12669 9
12670 6
12671 7
12672 1
12673 3
12674 7
12675 8
12676 1
12677 1
12678 4
12679 8
12680 4
12681 5
12682 7
12683 9
12684 3
12685 7
12686 9
12687 2
12688 0
12689 7
12690 4
12691 2
12692 3
12693 9
12694 4
12695 1
12696 8
12697 8
12698 9
12699 9
12700 4
12701 7
12702 2
12703 5
12704 5
12705 2
12706 5
12707 8
12708 6
12709 4
12710 8
12711 5
12712 4
12713 9
12714 8
12715 9
12716 4
12717 0
12718 1
12719 9
12720 9
12721 1
12722 4
12723 1
12724 3
12725 1
12726 4
12727 3
12728 8
12729 0
12730 9
12731 6
12732 5
12733 3
12734 1
12735 5
12736 9
12737 3
12738 7
12739 5
12740 8
12741 1
12742 0
12743 4
12744 1
12745 6
12746 1
12747 9
12748 9
12749 8
12750 6
12751 0
12752 9
12753 6
12754 6
12755 8
12756 3
12757 3
12758 7
12759 0
12760 2
12761 9
12762 2
12763 0
12764 0
12765 4
12766 9
12767 1
12768 3
12769 8
12770 9
12771 9
12772 6
12773 9
12774 5
12775 8
12776 3
12777 9
12778 5
12779 0
12780 2
12781 8
12782 7
12783 1
12784 4
12785 4
12786 1
12787 3
12788 7
12789 2
12790 3
12791 6
12792 4
12793 3
12794 2
12795 6
12796 3
12797 8
12798 9
12799 4
12800 4
12801 6
12802 3
12803 9
12804 3
12805 5
12806 2
12807 8
12808 0
12809 6
12810 6
12811 1
12812 7
12813 0
12814 1
12815 2
12816 2
12817 5
12818 6
12819 9
12820 0
12821 2
12822 2
12823 0
12824 1
12825 7
12826 5
12827 2
12828 1
12829 1
12830 0
12831 0
12832 3
12833 5
12834 4
12835 8
12836 4
12837 7
12838 6
12839 9
12840 1
12841 9
12842 5
12843 4
12844 2
12845 7
12846 7
12847 8
12848 6
12849 8
12850 2
12851 8
12852 7
12853 0
12854 8
12855 0
12856 7
12857 0
12858 5
12859 1
12860 4
12861 0
12862 8
12863 7
12864 8
12865 3
12866 3
12867 1
12868 0
12869 4
12870 3
12871 4
12872 2
12873 1
12874 1
12875 5
12876 8
12877 5
12878 8
12879 6
12880 4
12881 5
12882 6
12883 6
12884 4
12885 4
12886 3
12887 0
12888 2
12889 0
12890 6
12891 2
12892 8
12893 1
12894 1
12895 6
12896 0
12897 6
12898 9
12899 8
12900 6
12901 1
12902 9
12903 7
12904 9
12905 7
12906 6
12907 0
12908 8
12909 7
12910 9
12911 6
12912 8
12913 7
12914 5
12915 1
12916 4
12917 2
12918 5
12919 5
12920 5
12921 6
12922 5
12923 4
12924 3
12925 8
12926 7
12927 7
12928 5
12929 7
12930 3
12931 7
12932 3
12933 2
12934 8
12935 1
12936 5
12937 0
12938 3
12939 8
12940 9
12941 9
12942 1
12943 5
12944 1
12945 6
12946 8
12947 4
12948 8
12949 9
12950 2
12951 4
12952 5
12953 2
12954 4
12955 5
12956 8
12957 0
12958 5
12959 1
12960 5
12961 6
12962 8
12963 3
12964 6
12965 5
12966 9
12967 2
12968 0
12969 1
12970 7
12971 5
12972 8
12973 7
12974 2
12975 8
12976 8
12977 4
12978 1
12979 6
12980 3
12981 9
12982 1
12983 4
12984 7
12985 5
12986 7
12987 4
12988 0
12989 8
12990 1
12991 2
12992 8
12993 4
12994 6
12995 2
12996 0
12997 9
12998 3
12999 4
13000 7
13001 7
13002 3
13003 0
13004 1
13005 6
13006 7
13007 8
13008 7
13009 9
13010 8
13011 3
13012 0
13013 2
13014 2
13015 3
13016 0
13017 2
13018 1
13019 0
13020 5
13021 5
13022 3
13023 4
13024 8
13025 1
13026 6
13027 6
13028 1
13029 1
13030 3
13031 3
13032 8
13033 0
13034 6
13035 6
13036 2
13037 8
13038 8
13039 5
13040 5
13041 7
13042 9
13043 5
13044 8
13045 4
13046 0
13047 6
13048 3
13049 8
13050 4
13051 9
13052 8
13053 6
13054 4
13055 0
13056 4
13057 2
13058 9
13059 7
13060 3
13061 5
13062 7
13063 9
13064 0
13065 8
13066 5
13067 4
13068 3
13069 4
13070 6
13071 4
13072 4
13073 7
13074 9
13075 5
13076 3
13077 5
13078 7
13079 8
13080 3
13081 9
13082 1
13083 5
13084 7
13085 1
13086 9
13087 8
13088 7
13089 2
13090 4
13091 4
13092 7
13093 2
13094 6
13095 1
13096 6
13097 4
13098 8
13099 0
13100 1
13101 8
13102 7
13103 4
13104 7
13105 8
13106 6
13107 6
13108 7
13109 0
13110 7
13111 1
13112 4
13113 2
13114 5
13115 0
13116 7
13117 7
13118 2
13119 2
13120 8
13121 4
13122 2
13123 7
13124 2
13125 2
13126 5
13127 7
13128 6
13129 6
13130 7
13131 7
13132 0
13133 6
13134 0
13135 8
13136 1
13137 2
13138 0
13139 4
13140 2
13141 7
13142 7
13143 0
13144 6
13145 9
13146 3
13147 4
13148 9
13149 8
13150 2
13151 2
13152 6
13153 8
13154 7
13155 9
13156 1
13157 6
13158 0
13159 0
13160 4
13161 3
13162 7
13163 3
13164 5
13165 4
13166 4
13167 2
13168 4
13169 0
13170 2
13171 4
13172 6
13173 6
13174 7
13175 0
13176 3
13177 0
13178 0
13179 5
13180 1
13181 2
13182 1
13183 2
13184 3
13185 0
13186 3
13187 4
13188 3
13189 6
13190 0
13191 6
13192 4
13193 1
13194 1
13195 7
13196 8
13197 7
13198 2
13199 4
13200 1
13201 9
13202 2
13203 1
13204 8
13205 2
13206 9
13207 3
13208 0
13209 9
13210 0
13211 2
13212 1
13213 2
13214 8
13215 9
13216 8
13217 5
13218 1
13219 6
13220 2
13221 9
13222 9
13223 2
13224 1
13225 7
13226 7
13227 2
13228 6
13229 9
13230 2
13231 1
13232 4
13233 0
13234 6
13235 6
13236 1
13237 7
13238 1
13239 7
13240 0
13241 4
13242 0
13243 3
13244 6
13245 0
13246 0
13247 0
13248 4
13249 9
13250 0
13251 1
13252 5
13253 5
13254 2
13255 2
13256 8
13257 3
13258 8
13259 5
13260 4
13261 4
13262 4
13263 7
13264 2
13265 7
13266 3
13267 2
13268 3
13269 2
13270 9
13271 0
13272 8
13273 4
13274 6
13275 4
13276 0
13277 8
13278 4
13279 8
13280 0
13281 8
13282 8
13283 5
13284 9
13285 6
13286 5
13287 7
13288 9
13289 3
13290 8
13291 6
13292 9
13293 1
13294 8
13295 4
13296 0
13297 6
13298 7
13299 3
13300 0
13301 5
13302 8
13303 0
13304 6
13305 9
13306 0
13307 7
13308 3
13309 3
13310 9
13311 9
13312 7
13313 1
13314 3
13315 4
13316 0
13317 1
13318 5
13319 2
13320 9
13321 9
13322 6
13323 2
13324 9
13325 3
13326 2
13327 0
13328 5
13329 3
13330 3
13331 5
13332 4
13333 5
13334 4
13335 0
13336 5
13337 5
13338 4
13339 2
13340 7
13341 7
13342 8
13343 6
13344 4
13345 0
13346 9
13347 3
13348 8
13349 2
13350 7
13351 1
13352 2
13353 1
13354 7
13355 3
13356 8
13357 3
13358 4
13359 1
13360 2
13361 5
13362 2
13363 5
13364 5
13365 3
13366 5
13367 9
13368 7
13369 1
13370 4
13371 2
13372 8
13373 6
13374 2
13375 6
13376 0
13377 2
13378 0
13379 4
13380 8
13381 8
13382 7
13383 6
13384 9
13385 8
13386 5
13387 3
13388 9
13389 8
13390 9
13391 5
13392 2
13393 3
13394 4
13395 9
13396 1
13397 6
13398 8
13399 0
13400 7
13401 0
13402 3
13403 0
13404 0
13405 4
13406 6
13407 8
13408 6
13409 1
13410 1
13411 3
13412 9
13413 4
13414 6
13415 6
13416 5
13417 0
13418 8
13419 9
13420 7
13421 2
13422 4
13423 2
13424 8
13425 0
13426 4
13427 5
13428 8
13429 6
13430 0
13431 3
13432 6
13433 4
13434 5
13435 8
13436 6
13437 2
13438 9
13439 5
13440 4
13441 7
13442 0
13443 6
13444 1
13445 8
13446 0
13447 6
13448 8
13449 5
13450 5
13451 9
13452 7
13453 0
13454 4
13455 5
13456 0
13457 7
13458 5
13459 6
13460 9
13461 9
13462 6
13463 2
13464 5
13465 1
13466 1
13467 9
13468 1
13469 1
13470 9
13471 9
13472 3
13473 2
13474 2
13475 8
13476 8
13477 5
13478 1
13479 5
13480 5
13481 9
13482 0
13483 0
13484 6
13485 4
13486 7
13487 4
13488 8
13489 3
13490 2
13491 1
13492 4
13493 5
13494 6
13495 8
13496 6
13497 4
13498 8
13499 6
13500 1
13501 5
13502 0
13503 1
13504 9
13505 5
13506 8
13507 8
13508 9
13509 5
13510 1
13511 9
13512 8
13513 0
13514 3
13515 4
13516 7
13517 5
13518 8
13519 1
13520 9
13521 7
13522 2
13523 7
13524 6
13525 8
13526 7
13527 7
13528 9
13529 8
13530 3
13531 4
13532 0
13533 4
13534 6
13535 8
13536 5
13537 9
13538 2
13539 7
13540 5
13541 0
13542 8
13543 3
13544 4
13545 8
13546 7
13547 1
13548 4
13549 1
13550 3
13551 4
13552 3
13553 8
13554 2
13555 8
13556 0
13557 9
13558 5
13559 9
13560 9
13561 2
13562 4
13563 2
13564 1
13565 5
13566 0
13567 5
13568 8
13569 1
13570 5
13571 3
13572 5
13573 7
13574 0
13575 9
13576 5
13577 5
13578 3
13579 7
13580 7
13581 0
13582 0
13583 2
13584 4
13585 8
13586 1
13587 6
13588 4
13589 0
13590 1
13591 5
13592 9
13593 8
13594 8
13595 1
13596 1
13597 6
13598 2
13599 6
13600 0
13601 3
13602 2
13603 4
13604 5
13605 4
13606 8
13607 6
13608 2
13609 8
13610 0
13611 0
13612 3
13613 4
13614 7
13615 6
13616 7
13617 9
13618 2
13619 2
13620 7
13621 0
13622 7
13623 9
13624 2
13625 9
13626 5
13627 2
13628 4
13629 2
13630 7
13631 2
13632 8
13633 8
13634 3
13635 7
13636 7
13637 6
13638 1
13639 2
13640 1
13641 4
13642 7
13643 5
13644 6
13645 9
13646 4
13647 1
13648 7
13649 4
13650 9
13651 6
13652 4
13653 2
13654 4
13655 8
13656 4
13657 1
13658 9
13659 3
13660 5
13661 3
13662 1
13663 3
13664 1
13665 8
13666 0
13667 3
13668 2
13669 9
13670 7
13671 3
13672 2
13673 6
13674 3
13675 6
13676 7
13677 8
13678 0
13679 7
13680 7
13681 5
13682 3
13683 7
13684 5
13685 6
13686 1
13687 2
13688 4
13689 3
13690 7
13691 3
13692 5
13693 3
13694 5
13695 5
13696 7
13697 1
13698 4
13699 7
13700 7
13701 8
13702 1
13703 1
13704 9
13705 7
13706 4
13707 6
13708 7
13709 4
13710 6
13711 5
13712 4
13713 8
13714 9
13715 9
13716 7
13717 1
13718 2
13719 4
13720 3
13721 4
13722 7
13723 1
13724 0
13725 5
13726 7
13727 5
13728 0
13729 0
13730 1
13731 9
13732 2
13733 8
13734 4
13735 3
13736 2
13737 9
13738 7
13739 5
13740 6
13741 3
13742 4
13743 0
13744 9
13745 7
13746 0
13747 0
13748 8
13749 6
13750 5
13751 6
13752 2
13753 6
13754 9
13755 9
13756 6
13757 0
13758 9
13759 8
13760 9
13761 6
13762 4
13763 6
13764 0
13765 8
13766 2
13767 6
13768 4
13769 7
13770 6
13771 7
13772 4
13773 7
13774 2
13775 9
13776 5
13777 2
13778 3
13779 2
13780 9
13781 7
13782 4
13783 9
13784 5
13785 3
13786 7
13787 8
13788 2
13789 0
13790 8
13791 2
13792 2
13793 9
13794 3
13795 3
13796 4
13797 6
13798 1
13799 8
13800 9
13801 7
13802 4
13803 0
13804 9
13805 0
13806 9
13807 6
13808 3
13809 8
13810 4
13811 8
13812 9
13813 9
13814 3
13815 7
13816 9
13817 1
13818 2
13819 5
13820 8
13821 7
13822 1
13823 0
13824 8
13825 7
13826 5
13827 2
13828 6
13829 9
13830 2
13831 0
13832 9
13833 7
13834 2
13835 8
13836 9
13837 6
13838 9
13839 8
13840 8
13841 4
13842 6
13843 7
13844 5
13845 8
13846 1
13847 4
13848 2
13849 9
13850 7
13851 4
13852 0
13853 7
13854 6
13855 3
13856 6
13857 7
13858 9
13859 4
13860 8
13861 5
13862 2
13863 2
13864 5
13865 6
13866 8
13867 4
13868 4
13869 3
13870 3
13871 2
13872 5
13873 1
13874 6
13875 9
13876 1
13877 2
13878 4
13879 6
13880 6
13881 4
13882 0
13883 0
13884 5
13885 3
13886 3
13887 5
13888 3
13889 3
13890 8
13891 7
13892 1
13893 0
13894 1
13895 6
13896 6
13897 0
13898 6
13899 7
13900 9
13901 7
13902 9
13903 3
13904 1
13905 1
13906 3
13907 9
13908 6
13909 8
13910 0
13911 3
13912 3
13913 2
13914 6
13915 6
13916 8
13917 4
13918 9
13919 3
13920 6
13921 4
13922 2
13923 0
13924 5
13925 7
13926 7
13927 7
13928 5
13929 0
13930 3
13931 2
13932 3
13933 8
13934 1
13935 3
13936 6
13937 9
13938 5
13939 7
13940 2
13941 9
13942 7
13943 0
13944 6
13945 2
13946 5
13947 4
13948 3
13949 0
13950 7
13951 7
13952 4
13953 2
13954 5
13955 5
13956 0
13957 9
13958 2
13959 8
13960 3
13961 0
13962 7
13963 0
13964 8
13965 8
13966 6
13967 9
13968 7
13969 3
13970 8
13971 7
13972 0
13973 1
13974 8
13975 3
13976 8
13977 9
13978 6
13979 5
13980 2
13981 3
13982 3
13983 8
13984 9
13985 9
13986 2
13987 0
13988 2
13989 0
13990 9
13991 5
13992 9
13993 5
13994 3
13995 7
13996 0
13997 3
13998 4
13999 4
14000 9
14001 1
14002 2
14003 0
14004 5
14005 0
14006 8
14007 4
14008 3
14009 9
14010 0
14011 6
14012 4
14013 2
14014 5
14015 3
14016 9
14017 0
14018 3
14019 9
14020 6
14021 6
14022 3
14023 3
14024 6
14025 8
14026 1
14027 2
14028 6
14029 2
14030 7
14031 5
14032 3
14033 1
14034 3
14035 2
14036 9
14037 8
14038 7
14039 3
14040 0
14041 3
14042 2
14043 5
14044 0
14045 7
14046 1
14047 0
14048 2
14049 7
14050 2
14051 0
14052 2
14053 2
14054 6
14055 6
14056 3
14057 4
14058 4
14059 7
14060 3
14061 7
14062 3
14063 6
14064 7
14065 5
14066 3
14067 9
14068 7
14069 1
14070 8
14071 1
14072 2
14073 1
14074 4
14075 8
14076 2
14077 7
14078 9
14079 7
14080 3
14081 2
14082 2
14083 5
14084 5
14085 4
14086 8
14087 8
14088 8
14089 8
14090 0
14091 2
14092 2
14093 5
14094 7
14095 6
14096 8
14097 8
14098 5
14099 9
14100 2
14101 4
14102 9
14103 7
14104 0
14105 9
14106 2
14107 8
14108 0
14109 8
14110 8
14111 4
14112 7
14113 1
14114 3
14115 8
14116 5
14117 5
14118 9
14119 9
14120 8
14121 9
14122 3
14123 1
14124 3
14125 0
14126 7
14127 7
14128 2
14129 4
14130 0
14131 4
14132 2
14133 5
14134 0
14135 0
14136 8
14137 0
14138 6
14139 8
14140 2
14141 3
14142 5
14143 0
14144 9
14145 7
14146 8
14147 7
14148 8
14149 4
14150 6
14151 2
14152 3
14153 0
14154 6
14155 2
14156 8
14157 5
14158 7
14159 3
14160 7
14161 2
14162 7
14163 3
14164 2
14165 5
14166 2
14167 6
14168 8
14169 4
14170 6
14171 0
14172 7
14173 5
14174 0
14175 1
14176 0
14177 7
14178 5
14179 5
14180 4
14181 2
14182 3
14183 4
14184 1
14185 3
14186 6
14187 5
14188 5
14189 7
14190 9
14191 5
14192 6
14193 6
14194 3
14195 3
14196 3
14197 2
14198 9
14199 0
14200 1
14201 1
14202 1
14203 3
14204 3
14205 6
14206 2
14207 2
14208 9
14209 6
14210 0
14211 4
14212 4
14213 9
14214 4
14215 4
14216 8
14217 1
14218 9
14219 4
14220 2
14221 7
14222 2
14223 0
14224 5
14225 3
14226 0
14227 8
14228 7
14229 9
14230 9
14231 5
14232 3
14233 4
14234 3
14235 1
14236 1
14237 3
14238 0
14239 8
14240 2
14241 5
14242 4
14243 5
14244 9
14245 4
14246 8
14247 7
14248 2
14249 6
14250 8
14251 7
14252 9
14253 0
14254 6
14255 5
14256 9
14257 3
14258 0
14259 9
14260 0
14261 5
14262 0
14263 9
14264 4
14265 1
14266 9
14267 4
14268 0
14269 4
14270 1
14271 7
14272 2
14273 8
14274 4
14275 0
14276 6
14277 0
14278 5
14279 0
14280 4
14281 8
14282 8
14283 4
14284 6
14285 4
14286 9
14287 2
14288 9
14289 1
14290 1
14291 7
14292 0
14293 2
14294 1
14295 0
14296 4
14297 1
14298 4
14299 9
14300 8
14301 0
14302 8
14303 4
14304 3
14305 2
14306 7
14307 0
14308 8
14309 4
14310 7
14311 5
14312 7
14313 8
14314 6
14315 3
14316 1
14317 3
14318 3
14319 9
14320 0
14321 9
14322 9
14323 0
14324 5
14325 6
14326 0
14327 6
14328 4
14329 0
14330 9
14331 5
14332 2
14333 4
14334 5
14335 4
14336 8
14337 4
14338 9
14339 3
14340 1
14341 5
14342 7
14343 6
14344 5
14345 7
14346 9
14347 1
14348 7
14349 6
14350 9
14351 0
14352 8
14353 9
14354 9
14355 4
14356 6
14357 8
14358 6
14359 8
14360 0
14361 8
14362 7
14363 9
14364 5
14365 5
14366 9
14367 6
14368 3
14369 3
14370 3
14371 0
14372 9
14373 5
14374 9
14375 9
14376 6
14377 2
14378 7
14379 6
14380 0
14381 1
14382 8
14383 1
14384 7
14385 4
14386 9
14387 7
14388 2
14389 0
14390 3
14391 7
14392 3
14393 4
14394 9
14395 7
14396 3
14397 7
14398 6
14399 7
14400 8
14401 2
14402 5
14403 8
14404 1
14405 4
14406 6
14407 6
14408 3
14409 1
14410 9
14411 9
14412 2
14413 1
14414 9
14415 7
14416 5
14417 2
14418 3
14419 6
14420 3
14421 2
14422 3
14423 6
14424 4
14425 7
14426 4
14427 0
14428 6
14429 5
14430 9
14431 5
14432 8
14433 1
14434 0
14435 1
14436 3
14437 1
14438 5
14439 0
14440 0
14441 2
14442 3
14443 0
14444 5
14445 0
14446 1
14447 9
14448 5
14449 0
14450 8
14451 1
14452 8
14453 7
14454 8
14455 3
14456 9
14457 6
14458 0
14459 1
14460 0
14461 4
14462 6
14463 2
14464 1
14465 6
14466 5
14467 8
14468 2
14469 1
14470 1
14471 0
14472 9
14473 4
14474 3
14475 0
14476 7
14477 4
14478 2
14479 2
14480 7
14481 4
14482 4
14483 3
14484 9
14485 2
14486 6
14487 8
14488 5
14489 3
14490 2
14491 0
14492 4
14493 5
14494 5
14495 3
14496 5
14497 4
14498 6
14499 1
14500 6
14501 1
14502 5
14503 4
14504 5
14505 7
14506 9
14507 0
14508 0
14509 3
14510 7
14511 1
14512 8
14513 2
14514 7
14515 7
14516 7
14517 9
14518 5
14519 2
14520 5
14521 2
14522 6
14523 3
14524 6
14525 1
14526 4
14527 8
14528 7
14529 1
14530 2
14531 8
14532 3
14533 1
14534 9
14535 0
14536 0
14537 4
14538 1
14539 5
14540 5
14541 2
14542 7
14543 3
14544 1
14545 5
14546 8
14547 2
14548 1
14549 8
14550 3
14551 8
14552 7
14553 8
14554 3
14555 2
14556 9
14557 6
14558 1
14559 2
14560 1
14561 8
14562 3
14563 5
14564 0
14565 6
14566 3
14567 2
14568 5
14569 5
14570 4
14571 8
14572 1
14573 4
14574 3
14575 4
14576 1
14577 8
14578 2
14579 0
14580 9
14581 0
14582 4
14583 4
14584 4
14585 8
14586 7
14587 7
14588 1
14589 2
14590 6
14591 2
14592 9
14593 8
14594 0
14595 8
14596 8
14597 1
14598 6
14599 3
14600 0
14601 2
14602 5
14603 5
14604 1
14605 8
14606 0
14607 1
14608 2
14609 4
14610 2
14611 9
14612 7
14613 8
14614 2
14615 1
14616 8
14617 2
14618 2
14619 3
14620 7
14621 5
14622 6
14623 1
14624 9
14625 1
14626 2
14627 5
14628 9
14629 1
14630 9
14631 4
14632 6
14633 6
14634 0
14635 3
14636 1
14637 7
14638 5
14639 3
14640 8
14641 8
14642 1
14643 9
14644 7
14645 1
14646 5
14647 9
14648 0
14649 7
14650 3
14651 9
14652 9
14653 8
14654 5
14655 9
14656 0
14657 8
14658 4
14659 5
14660 9
14661 7
14662 8
14663 4
14664 0
14665 1
14666 0
14667 8
14668 1
14669 7
14670 7
14671 5
14672 1
14673 7
14674 8
14675 6
14676 0
14677 9
14678 4
14679 4
14680 7
14681 3
14682 7
14683 0
14684 2
14685 6
14686 9
14687 9
14688 3
14689 2
14690 3
14691 2
14692 5
14693 5
14694 8
14695 8
14696 8
14697 9
14698 0
14699 3
14700 2
14701 9
14702 3
14703 7
14704 9
14705 6
14706 7
14707 6
14708 2
14709 3
14710 6
14711 7
14712 8
14713 7
14714 1
14715 2
14716 7
14717 4
14718 6
14719 4
14720 5
14721 0
14722 1
14723 1
14724 4
14725 4
14726 1
14727 2
14728 7
14729 4
14730 2
14731 7
14732 4
14733 8
14734 3
14735 5
14736 4
14737 5
14738 5
14739 9
14740 9
14741 3
14742 4
14743 1
14744 2
14745 2
14746 6
14747 2
14748 2
14749 7
14750 9
14751 1
14752 5
14753 5
14754 4
14755 0
14756 6
14757 4
14758 8
14759 9
14760 5
14761 6
14762 0
14763 1
14764 2
14765 5
14766 3
14767 4
14768 0
14769 1
14770 6
14771 9
14772 9
14773 6
14774 5
14775 3
14776 0
14777 4
14778 8
14779 9
14780 9
14781 8
14782 5
14783 3
14784 5
14785 9
14786 3
14787 2
14788 5
14789 7
14790 6
14791 4
14792 5
14793 5
14794 5
14795 5
14796 2
14797 8
14798 5
14799 1
14800 4
14801 0
14802 1
14803 1
14804 2
14805 4
14806 5
14807 7
14808 7
14809 0
14810 4
14811 8
14812 8
14813 6
14814 4
14815 5
14816 4
14817 4
14818 2
14819 6
14820 2
14821 3
14822 9
14823 4
14824 0
14825 6
14826 6
14827 0
14828 8
14829 9
14830 5
14831 2
14832 2
14833 6
14834 7
14835 6
14836 7
14837 9
14838 7
14839 1
14840 4
14841 0
14842 1
14843 3
14844 1
14845 2
14846 7
14847 2
14848 4
14849 6
14850 7
14851 5
14852 0
14853 6
14854 7
14855 3
14856 3
14857 6
14858 6
14859 0
14860 9
14861 1
14862 3
14863 9
14864 1
14865 1
14866 0
14867 6
14868 6
14869 8
14870 1
14871 7
14872 1
14873 6
14874 4
14875 7
14876 9
14877 9
14878 2
14879 9
14880 0
14881 6
14882 7
14883 8
14884 8
14885 0
14886 4
14887 3
14888 5
14889 5
14890 1
14891 4
14892 5
14893 3
14894 3
14895 6
14896 1
14897 0
14898 4
14899 5
14900 7
14901 1
14902 8
14903 4
14904 3
14905 2
14906 2
14907 2
14908 0
14909 3
14910 2
14911 1
14912 7
14913 1
14914 9
14915 6
14916 4
14917 0
14918 1
14919 7
14920 5
14921 9
14922 3
14923 9
14924 4
14925 3
14926 7
14927 4
14928 6
14929 6
14930 7
14931 5
14932 1
14933 3
14934 4
14935 6
14936 7
14937 0
14938 2
14939 3
14940 8
14941 2
14942 5
14943 9
14944 4
14945 8
14946 6
14947 7
14948 1
14949 6
14950 2
14951 2
14952 3
14953 3
14954 7
14955 6
14956 3
14957 9
14958 5
14959 7
14960 5
14961 2
14962 6
14963 6
14964 8
14965 5
14966 9
14967 2
14968 9
14969 6
14970 9
14971 5
14972 7
14973 3
14974 6
14975 8
14976 4
14977 2
14978 3
14979 8
14980 6
14981 4
14982 5
14983 7
14984 5
14985 3
14986 1
14987 1
14988 5
14989 9
14990 6
14991 1
14992 4
14993 8
14994 0
14995 1
14996 2
14997 6
14998 5
14999 3
15000 8
15001 7
15002 7
15003 3
15004 1
15005 8
15006 2
15007 6
15008 4
15009 1
15010 1
15011 9
15012 6
15013 9
15014 5
15015 1
15016 4
15017 2
15018 6
15019 7
15020 9
15021 0
15022 8
15023 1
15024 6
15025 3
15026 2
15027 8
15028 3
15029 3
15030 7
15031 4
15032 5
15033 4
15034 2
15035 6
15036 9
15037 1
15038 5
15039 3
15040 4
15041 0
15042 6
15043 2
15044 4
15045 5
15046 9
15047 4
15048 5
15049 3
15050 2
15051 6
15052 7
15053 6
15054 8
15055 8
15056 0
15057 4
15058 9
15059 8
15060 4
15061 0
15062 3
15063 2
15064 5
15065 0
15066 6
15067 1
15068 8
15069 1
15070 2
15071 6
15072 3
15073 1
15074 0
15075 7
15076 3
15077 6
15078 3
15079 4
15080 0
15081 5
15082 3
15083 3
15084 7
15085 7
15086 9
15087 0
15088 8
15089 5
15090 6
15091 9
15092 9
15093 4
15094 0
15095 2
15096 5
15097 5
15098 1
15099 9
15100 6
15101 2
15102 3
15103 3
15104 0
15105 0
15106 8
15107 5
15108 9
15109 5
15110 2
15111 0
15112 8
15113 2
15114 0
15115 6
15116 6
15117 3
15118 5
15119 3
15120 4
15121 0
15122 3
15123 8
15124 1
15125 0
15126 7
15127 9
15128 0
15129 8
15130 7
15131 1
15132 8
15133 0
15134 9
15135 3
15136 4
15137 5
15138 6
15139 1
15140 4
15141 3
15142 8
15143 4
15144 9
15145 0
15146 8
15147 4
15148 3
15149 8
15150 4
15151 2
15152 4
15153 5
15154 7
15155 2
15156 3
15157 5
15158 9
15159 4
15160 7
15161 1
15162 6
15163 3
15164 4
15165 6
15166 1
15167 4
15168 4
15169 4
15170 8
15171 4
15172 0
15173 3
15174 2
15175 1
15176 9
15177 6
15178 4
15179 0
15180 4
15181 2
15182 0
15183 0
15184 3
15185 3
15186 1
15187 5
15188 2
15189 1
15190 5
15191 0
15192 7
15193 1
15194 0
15195 3
15196 8
15197 2
15198 8
15199 2
15200 7
15201 0
15202 3
15203 6
15204 6
15205 2
15206 8
15207 9
15208 1
15209 0
15210 2
15211 6
15212 1
15213 5
15214 4
15215 7
15216 0
15217 5
15218 8
15219 9
15220 7
15221 4
15222 4
15223 8
15224 6
15225 2
15226 1
15227 1
15228 8
15229 7
15230 2
15231 0
15232 6
15233 5
15234 6
15235 7
15236 0
15237 6
15238 3
15239 1
15240 5
15241 7
15242 2
15243 7
15244 0
15245 6
15246 3
15247 2
15248 8
15249 8
15250 1
15251 4
15252 4
15253 3
15254 3
15255 7
15256 7
15257 8
15258 7
15259 7
15260 8
15261 1
15262 8
15263 6
15264 0
15265 9
15266 0
15267 8
15268 8
15269 7
15270 3
15271 0
15272 5
15273 6
15274 5
15275 6
15276 2
15277 3
15278 8
15279 5
15280 3
15281 5
15282 1
15283 7
15284 1
15285 3
15286 9
15287 5
15288 2
15289 9
15290 7
15291 2
15292 5
15293 6
15294 0
15295 1
15296 8
15297 2
15298 6
15299 6
15300 7
15301 9
15302 8
15303 9
15304 5
15305 3
15306 3
15307 9
15308 1
15309 9
15310 4
15311 0
15312 1
15313 1
15314 0
15315 6
15316 3
15317 7
15318 5
15319 4
15320 2
15321 9
15322 6
15323 5
15324 6
15325 5
15326 2
15327 1
15328 8
15329 7
15330 6
15331 4
15332 3
15333 6
15334 6
15335 8
15336 5
15337 8
15338 4
15339 2
15340 8
15341 3
15342 5
15343 4
15344 7
15345 8
15346 9
15347 1
15348 0
15349 1
15350 1
15351 7
15352 0
15353 5
15354 1
15355 9
15356 6
15357 2
15358 6
15359 5
15360 4
15361 7
15362 5
15363 6
15364 6
15365 7
15366 0
15367 7
15368 3
15369 5
15370 4
15371 8
15372 5
15373 5
15374 6
15375 4
15376 4
15377 4
15378 9
15379 3
15380 4
15381 3
15382 9
15383 6
15384 0
15385 8
15386 3
15387 8
15388 3
15389 3
15390 1
15391 1
15392 0
15393 8
15394 6
15395 3
15396 7
15397 8
15398 5
15399 0
15400 5
15401 0
15402 7
15403 5
15404 5
15405 5
15406 9
15407 4
15408 0
15409 2
15410 8
15411 7
15412 4
15413 2
15414 2
15415 7
15416 6
15417 2
15418 4
15419 7
15420 7
15421 3
15422 3
15423 6
15424 5
15425 9
15426 6
15427 0
15428 2
15429 7
15430 1
15431 9
15432 3
15433 9
15434 0
15435 6
15436 6
15437 9
15438 2
15439 6
15440 6
15441 7
15442 4
15443 6
15444 1
15445 8
15446 1
15447 4
15448 7
15449 5
15450 3
15451 5
15452 6
15453 2
15454 1
15455 5
15456 9
15457 3
15458 8
15459 8
15460 3
15461 3
15462 2
15463 0
15464 8
15465 3
15466 2
15467 8
15468 9
15469 1
15470 3
15471 8
15472 5
15473 8
15474 0
15475 8
15476 2
15477 8
15478 3
15479 5
15480 7
15481 7
15482 9
15483 2
15484 9
15485 7
15486 9
15487 9
15488 4
15489 1
15490 7
15491 7
15492 1
15493 1
15494 4
15495 2
15496 9
15497 3
15498 9
15499 6
15500 3
15501 1
15502 6
15503 2
15504 4
15505 4
15506 7
15507 1
15508 7
15509 6
15510 9
15511 7
15512 3
15513 9
15514 8
15515 4
15516 3
15517 3
15518 1
15519 6
15520 2
15521 0
15522 7
15523 6
15524 8
15525 6
15526 2
15527 0
15528 9
15529 6
15530 0
15531 0
15532 2
15533 2
15534 9
15535 9
15536 1
15537 2
15538 9
15539 9
15540 4
15541 4
15542 3
15543 4
15544 1
15545 0
15546 4
15547 8
15548 0
15549 5
15550 4
15551 6
15552 5
15553 1
15554 3
15555 4
15556 1
15557 9
15558 6
15559 2
15560 9
15561 0
15562 4
15563 7
15564 4
15565 6
15566 6
15567 4
15568 3
15569 1
15570 0
15571 5
15572 1
15573 3
15574 1
15575 7
15576 6
15577 5
15578 3
15579 6
15580 8
15581 2
15582 7
15583 0
15584 6
15585 9
15586 4
15587 4
15588 4
15589 5
15590 4
15591 1
15592 8
15593 1
15594 5
15595 4
15596 1
15597 8
15598 5
15599 4
15600 2
15601 0
15602 4
15603 3
15604 4
15605 0
15606 4
15607 6
15608 2
15609 2
15610 0
15611 4
15612 4
15613 6
15614 4
15615 5
15616 5
15617 2
15618 6
15619 4
15620 2
15621 3
15622 6
15623 4
15624 0
15625 1
15626 1
15627 1
15628 3
15629 8
15630 6
15631 6
15632 8
15633 6
15634 3
15635 1
15636 4
15637 3
15638 1
15639 9
15640 1
15641 1
15642 8
15643 1
15644 4
15645 5
15646 7
15647 5
15648 5
15649 3
15650 2
15651 5
15652 1
15653 3
15654 7
15655 7
15656 5
15657 9
15658 5
15659 7
15660 0
15661 4
15662 8
15663 6
15664 2
15665 1
15666 0
15667 4
15668 7
15669 7
15670 4
15671 7
15672 6
15673 3
15674 1
15675 4
15676 7
15677 7
15678 7
15679 9
15680 4
15681 9
15682 7
15683 2
15684 8
15685 3
15686 9
15687 6
15688 5
15689 5
15690 0
15691 3
15692 1
15693 7
15694 6
15695 1
15696 5
15697 9
15698 0
15699 9
15700 2
15701 9
15702 8
15703 0
15704 7
15705 5
15706 4
15707 2
15708 0
15709 8
15710 0
15711 0
15712 2
15713 3
15714 0
15715 3
15716 1
15717 3
15718 6
15719 3
15720 7
15721 0
15722 3
15723 8
15724 6
15725 3
15726 3
15727 1
15728 6
15729 8
15730 9
15731 3
15732 7
15733 9
15734 8
15735 6
15736 4
15737 3
15738 3
15739 9
15740 5
15741 8
15742 9
15743 6
15744 4
15745 8
15746 4
15747 3
15748 3
15749 0
15750 4
15751 2
15752 8
15753 7
15754 9
15755 4
15756 8
15757 6
15758 2
15759 8
15760 2
15761 1
15762 2
15763 9
15764 4
15765 7
15766 9
15767 7
15768 9
15769 2
15770 7
15771 0
15772 4
15773 2
15774 6
15775 7
15776 1
15777 8
15778 7
15779 5
15780 6
15781 4
15782 6
15783 2
15784 0
15785 8
15786 2
15787 2
15788 6
15789 2
15790 0
15791 1
15792 2
15793 4
15794 2
15795 6
15796 5
15797 3
15798 0
15799 3
15800 3
15801 7
15802 6
15803 5
15804 3
15805 4
15806 1
15807 0
15808 9
15809 5
15810 5
15811 9
15812 3
15813 8
15814 2
15815 8
15816 9
15817 7
15818 6
15819 2
15820 8
15821 9
15822 5
15823 1
15824 0
15825 7
15826 1
15827 7
15828 4
15829 9
15830 8
15831 5
15832 2
15833 6
15834 4
15835 1
15836 9
15837 7
15838 7
15839 4
15840 8
15841 9
15842 3
15843 1
15844 1
15845 0
15846 2
15847 8
15848 7
15849 3
15850 4
15851 6
15852 7
15853 7
15854 4
15855 0
15856 7
15857 9
15858 7
15859 1
15860 4
15861 6
15862 2
15863 6
15864 4
15865 7
15866 4
15867 5
15868 2
15869 0
15870 0
15871 2
15872 9
15873 9
15874 6
15875 1
15876 6
15877 8
15878 4
15879 3
15880 9
15881 5
15882 3
15883 1
15884 5
15885 1
15886 4
15887 3
15888 4
15889 6
15890 4
15891 5
15892 6
15893 1
15894 5
15895 7
15896 4
15897 3
15898 5
15899 6
15900 5
15901 8
15902 3
15903 5
15904 2
15905 5
15906 4
15907 4
15908 8
15909 3
15910 0
15911 8
15912 7
15913 0
15914 2
15915 4
15916 9
15917 5
15918 0
15919 3
15920 6
15921 7
15922 2
15923 7
15924 9
15925 3
15926 2
15927 1
15928 9
15929 8
15930 5
15931 5
15932 6
15933 9
15934 5
15935 0
15936 1
15937 8
15938 3
15939 8
15940 7
15941 9
15942 5
15943 0
15944 6
15945 0
15946 3
15947 4
15948 3
15949 5
15950 2
15951 9
15952 3
15953 1
15954 5
15955 6
15956 5
15957 1
15958 5
15959 6
15960 9
15961 3
15962 1
15963 5
15964 5
15965 2
15966 0
15967 2
15968 8
15969 5
15970 6
15971 1
15972 3
15973 3
15974 9
15975 2
15976 6
15977 9
15978 3
15979 3
15980 8
15981 7
15982 5
15983 1
15984 8
15985 3
15986 9
15987 4
15988 0
15989 6
15990 4
15991 2
15992 9
15993 5
15994 9
15995 4
15996 2
15997 2
15998 9
15999 7
16000 1
16001 5
16002 4
16003 8
16004 2
16005 5
16006 2
16007 7
16008 7
16009 6
16010 0
16011 8
16012 5
16013 2
16014 2
16015 1
16016 0
16017 1
16018 9
16019 2
16020 3
16021 8
16022 0
16023 3
16024 2
16025 8
16026 3
16027 5
16028 4
16029 9
16030 4
16031 7
16032 2
16033 9
16034 3
16035 6
16036 5
16037 0
16038 0
16039 6
16040 9
16041 5
16042 6
16043 9
16044 0
16045 9
16046 9
16047 9
16048 6
16049 3
16050 3
16051 5
16052 2
16053 7
16054 0
16055 2
16056 7
16057 2
16058 4
16059 2
16060 0
16061 4
16062 3
16063 1
16064 7
16065 0
16066 8
16067 4
16068 8
16069 9
16070 4
16071 4
16072 9
16073 3
16074 8
16075 7
16076 0
16077 2
16078 6
16079 1
16080 4
16081 5
16082 3
16083 6
16084 8
16085 8
16086 4
16087 2
16088 7
16089 2
16090 0
16091 7
16092 1
16093 6
16094 0
16095 4
16096 2
16097 2
16098 1
16099 0
16100 1
16101 5
16102 1
16103 2
16104 5
16105 8
16106 5
16107 1
16108 6
16109 7
16110 0
16111 7
16112 2
16113 8
16114 2
16115 8
16116 6
16117 9
16118 5
16119 5
16120 1
16121 2
16122 2
16123 4
16124 1
16125 4
16126 6
16127 5
16128 6
16129 8
16130 7
16131 4
16132 4
16133 0
16134 0
16135 1
16136 2
16137 4
16138 4
16139 8
16140 7
16141 9
16142 9
16143 0
16144 3
16145 4
16146 9
16147 2
16148 7
16149 6
16150 7
16151 0
16152 2
16153 6
16154 3
16155 0
16156 8
16157 9
16158 1
16159 8
16160 6
16161 2
16162 7
16163 2
16164 2
16165 0
16166 0
16167 0
16168 2
16169 3
16170 6
16171 4
16172 8
16173 5
16174 0
16175 5
16176 1
16177 4
16178 7
16179 7
16180 9
16181 6
16182 6
16183 9
16184 1
16185 0
16186 3
16187 7
16188 1
16189 3
16190 6
16191 0
16192 2
16193 8
16194 0
16195 6
16196 3
16197 3
16198 5
16199 2
16200 7
16201 3
16202 8
16203 1
16204 4
16205 1
16206 3
16207 2
16208 6
16209 8
16210 9
16211 2
16212 7
16213 9
16214 3
16215 5
16216 1
16217 0
16218 8
16219 1
16220 7
16221 3
16222 7
16223 9
16224 2
16225 9
16226 5
16227 2
16228 9
16229 4
16230 5
16231 0
16232 2
16233 1
16234 0
16235 5
16236 5
16237 4
16238 8
16239 8
16240 6
16241 1
16242 3
16243 2
16244 1
16245 7
16246 0
16247 0
16248 3
16249 0
16250 8
16251 5
16252 0
16253 3
16254 8
16255 0
16256 3
16257 5
16258 8
16259 2
16260 8
16261 2
16262 8
16263 9
16264 3
16265 8
16266 9
16267 2
16268 8
16269 6
16270 1
16271 0
16272 5
16273 3
16274 3
16275 6
16276 4
16277 3
16278 3
16279 2
16280 8
16281 3
16282 1
16283 9
16284 1
16285 3
16286 9
16287 5
16288 0
16289 5
16290 9
16291 5
16292 1
16293 9
16294 4
16295 2
16296 4
16297 6
16298 8
16299 9
16300 9
16301 9
16302 9
16303 6
16304 7
16305 2
16306 9
16307 2
16308 9
16309 6
16310 0
16311 8
16312 6
16313 9
16314 3
16315 1
16316 1
16317 3
16318 7
16319 1
16320 6
16321 2
16322 4
16323 8
16324 4
16325 2
16326 1
16327 9
16328 4
16329 2
16330 5
16331 7
16332 3
16333 0
16334 0
16335 3
16336 8
16337 4
16338 8
16339 1
16340 7
16341 9
16342 6
16343 9
16344 5
16345 9
16346 1
16347 1
16348 3
16349 9
16350 3
16351 7
16352 1
16353 3
16354 9
16355 1
16356 0
16357 3
16358 8
16359 1
16360 2
16361 4
16362 5
16363 8
16364 0
16365 8
16366 1
16367 7
16368 0
16369 6
16370 1
16371 3
16372 4
16373 7
16374 6
16375 4
16376 3
16377 6
16378 3
16379 8
16380 8
16381 6
16382 3
16383 1
16384 2
16385 9
16386 1
16387 6
16388 4
16389 7
16390 0
16391 5
16392 3
16393 0
16394 4
16395 5
16396 2
16397 9
16398 5
16399 2
16400 0
16401 2
16402 4
16403 4
16404 4
16405 0
16406 0
16407 2
16408 8
16409 8
16410 8
16411 2
16412 8
16413 6
16414 3
16415 0
16416 3
16417 8
16418 7
16419 4
16420 8
16421 9
16422 6
16423 5
16424 4
16425 5
16426 8
16427 3
16428 1
16429 9
16430 0
16431 3
16432 7
16433 6
16434 0
16435 6
16436 0
16437 1
16438 7
16439 1
16440 9
16441 5
16442 3
16443 4
16444 5
16445 7
16446 8
16447 5
16448 6
16449 6
16450 9
16451 7
16452 0
16453 4
16454 8
16455 3
16456 6
16457 8
16458 8
16459 8
16460 2
16461 4
16462 9
16463 5
16464 8
16465 9
16466 8
16467 7
16468 1
16469 5
16470 3
16471 6
16472 7
16473 7
16474 4
16475 9
16476 4
16477 0
16478 8
16479 4
16480 7
16481 9
16482 6
16483 1
16484 0
16485 9
16486 0
16487 2
16488 6
16489 4
16490 8
16491 4
16492 3
16493 2
16494 6
16495 9
16496 2
16497 4
16498 5
16499 8
16500 4
16501 5
16502 6
16503 1
16504 8
16505 4
16506 3
16507 5
16508 7
16509 2
16510 8
16511 1
16512 5
16513 7
16514 1
16515 2
16516 4
16517 3
16518 2
16519 6
16520 9
16521 8
16522 7
16523 7
16524 2
16525 0
16526 7
16527 5
16528 9
16529 3
16530 1
16531 1
16532 1
16533 9
16534 0
16535 4
16536 2
16537 7
16538 3
16539 9
16540 9
16541 6
16542 6
16543 8
16544 0
16545 2
16546 6
16547 9
16548 6
16549 7
16550 4
16551 2
16552 0
16553 8
16554 8
16555 4
16556 2
16557 5
16558 6
16559 0
16560 1
16561 2
16562 8
16563 2
16564 0
16565 2
16566 6
16567 1
16568 5
16569 4
16570 4
16571 8
16572 9
16573 3
16574 0
16575 9
16576 8
16577 9
16578 8
16579 1
16580 3
16581 2
16582 7
16583 9
16584 9
16585 3
16586 0
16587 4
16588 5
16589 3
16590 9
16591 4
16592 1
16593 6
16594 7
16595 2
16596 4
16597 3
16598 3
16599 9
16600 4
16601 0
16602 2
16603 5
16604 1
16605 6
16606 4
16607 5
16608 6
16609 7
16610 1
16611 8
16612 1
16613 8
16614 2
16615 2
16616 9
16617 5
16618 1
16619 4
16620 3
16621 8
16622 4
16623 7
16624 8
16625 6
16626 1
16627 0
16628 0
16629 9
16630 8
16631 0
16632 9
16633 7
16634 3
16635 5
16636 2
16637 5
16638 0
16639 1
16640 0
16641 0
16642 2
16643 6
16644 6
16645 3
16646 6
16647 9
16648 4
16649 0
16650 1
16651 3
16652 4
16653 9
16654 7
16655 5
16656 3
16657 7
16658 2
16659 0
16660 9
16661 3
16662 5
16663 5
16664 8
16665 2
16666 6
16667 7
16668 0
16669 5
16670 0
16671 6
16672 9
16673 4
16674 1
16675 4
16676 8
16677 5
16678 4
16679 3
16680 3
16681 0
16682 9
16683 2
16684 7
16685 5
16686 0
16687 9
16688 0
16689 0
16690 2
16691 7
16692 1
16693 0
16694 7
16695 8
16696 3
16697 9
16698 7
16699 6
16700 0
16701 9
16702 9
16703 9
16704 8
16705 7
16706 9
16707 0
16708 2
16709 8
16710 2
16711 0
16712 2
16713 3
16714 9
16715 0
16716 3
16717 5
16718 0
16719 2
16720 0
16721 9
16722 7
16723 7
16724 8
16725 7
16726 0
16727 7
16728 9
16729 3
16730 0
16731 7
16732 1
16733 3
16734 2
16735 0
16736 6
16737 1
16738 6
16739 7
16740 8
16741 1
16742 2
16743 8
16744 7
16745 3
16746 5
16747 3
16748 6
16749 2
16750 9
16751 9
16752 1
16753 1
16754 0
16755 7
16756 2
16757 2
16758 8
16759 6
16760 5
16761 7
16762 5
16763 1
16764 8
16765 4
16766 8
16767 8
16768 5
16769 3
16770 2
16771 5
16772 8
16773 4
16774 8
16775 1
16776 3
16777 8
16778 1
16779 1
16780 0
16781 9
16782 6
16783 2
16784 7
16785 6
16786 5
16787 7
16788 9
16789 0
16790 7
16791 5
16792 5
16793 7
16794 6
16795 3
16796 2
16797 4
16798 6
16799 3
16800 4
16801 7
16802 9
16803 2
16804 0
16805 4
16806 7
16807 5
16808 0
16809 7
16810 5
16811 1
16812 8
16813 0
16814 2
16815 3
16816 5
16817 8
16818 7
16819 1
16820 2
16821 6
16822 6
16823 1
16824 5
16825 6
16826 7
16827 7
16828 5
16829 9
16830 4
16831 7
16832 4
16833 3
16834 7
16835 8
16836 6
16837 4
16838 5
16839 6
16840 6
16841 8
16842 1
16843 3
16844 3
16845 4
16846 5
16847 8
16848 0
16849 4
16850 6
16851 7
16852 2
16853 8
16854 5
16855 7
16856 9
16857 7
16858 0
16859 0
16860 6
16861 7
16862 8
16863 5
16864 1
16865 1
16866 7
16867 5
16868 7
16869 3
16870 7
16871 3
16872 8
16873 4
16874 0
16875 5
16876 3
16877 2
16878 0
16879 9
16880 2
16881 3
16882 5
16883 0
16884 9
16885 6
16886 4
16887 4
16888 9
16889 7
16890 3
16891 7
16892 7
16893 3
16894 4
16895 3
16896 7
16897 3
16898 9
16899 0
16900 5
16901 5
16902 4
16903 3
16904 6
16905 0
16906 5
16907 4
16908 6
16909 5
16910 2
16911 5
16912 0
16913 4
16914 1
16915 0
16916 9
16917 9
16918 5
16919 9
16920 0
16921 0
16922 4
16923 6
16924 5
16925 3
16926 3
16927 1
16928 0
16929 3
16930 3
16931 6
16932 8
16933 7
16934 3
16935 3
16936 4
16937 0
16938 2
16939 6
16940 9
16941 2
16942 1
16943 7
16944 3
16945 4
16946 0
16947 9
16948 8
16949 1
16950 3
16951 5
16952 6
16953 5
16954 4
16955 0
16956 2
16957 4
16958 9
16959 3
16960 9
16961 5
16962 3
16963 2
16964 5
16965 1
16966 3
16967 6
16968 8
16969 3
16970 0
16971 4
16972 4
16973 2
16974 9
16975 6
16976 3
16977 9
16978 7
16979 6
16980 8
16981 8
16982 6
16983 1
16984 8
16985 1
16986 0
16987 4
16988 4
16989 2
16990 7
16991 0
16992 6
16993 3
16994 4
16995 5
16996 0
16997 5
16998 2
16999 1
17000 7
17001 3
17002 6
17003 3
17004 0
17005 6
17006 4
17007 6
17008 1
17009 1
17010 0
17011 3
17012 6
17013 2
17014 8
17015 3
17016 1
17017 3
17018 4
17019 6
17020 9
17021 1
17022 8
17023 7
17024 8
17025 7
17026 2
17027 0
17028 6
17029 1
17030 4
17031 1
17032 9
17033 4
17034 5
17035 0
17036 8
17037 4
17038 1
17039 4
17040 7
17041 1
17042 0
17043 6
17044 3
17045 0
17046 0
17047 6
17048 3
17049 7
17050 4
17051 6
17052 8
17053 8
17054 9
17055 9
17056 7
17057 2
17058 7
17059 9
17060 0
17061 8
17062 5
17063 7
17064 4
17065 0
17066 9
17067 8
17068 9
17069 7
17070 4
17071 2
17072 7
17073 0
17074 5
17075 7
17076 2
17077 6
17078 2
17079 0
17080 0
17081 9
17082 9
17083 1
17084 2
17085 2
17086 4
17087 7
17088 8
17089 8
17090 4
17091 5
17092 5
17093 4
17094 6
17095 1
17096 3
17097 4
17098 3
17099 7
17100 2
17101 8
17102 5
17103 6
17104 0
17105 8
17106 1
17107 9
17108 2
17109 0
17110 2
17111 2
17112 4
17113 6
17114 5
17115 8
17116 1
17117 1
17118 0
17119 9
17120 0
17121 5
17122 8
17123 9
17124 3
17125 7
17126 5
17127 4
17128 2
17129 9
17130 3
17131 4
17132 9
17133 6
17134 6
17135 6
17136 9
17137 4
17138 0
17139 2
17140 2
17141 1
17142 7
17143 2
17144 9
17145 9
17146 1
17147 5
17148 7
17149 7
17150 4
17151 0
17152 3
17153 6
17154 5
17155 2
17156 4
17157 9
17158 7
17159 9
17160 9
17161 8
17162 7
17163 1
17164 6
17165 4
17166 9
17167 3
17168 7
17169 2
17170 7
17171 4
17172 4
17173 6
17174 6
17175 0
17176 5
17177 3
17178 1
17179 1
17180 9
17181 3
17182 0
17183 4
17184 0
17185 5
17186 0
17187 4
17188 0
17189 3
17190 1
17191 4
17192 6
17193 1
17194 8
17195 4
17196 6
17197 4
17198 7
17199 3
17200 7
17201 4
17202 6
17203 8
17204 3
17205 7
17206 1
17207 4
17208 6
17209 1
17210 9
17211 7
17212 3
17213 3
17214 0
17215 7
17216 6
17217 1
17218 8
17219 3
17220 3
17221 1
17222 0
17223 8
17224 1
17225 2
17226 0
17227 2
17228 4
17229 5
17230 4
17231 5
17232 5
17233 7
17234 1
17235 5
17236 2
17237 6
17238 4
17239 8
17240 1
17241 6
17242 3
17243 7
17244 3
17245 4
17246 1
17247 3
17248 1
17249 0
17250 2
17251 0
17252 9
17253 8
17254 2
17255 5
17256 5
17257 0
17258 6
17259 2
17260 6
17261 2
17262 7
17263 7
17264 3
17265 3
17266 9
17267 1
17268 3
17269 4
17270 5
17271 9
17272 8
17273 4
17274 0
17275 7
17276 9
17277 2
17278 7
17279 5
17280 5
17281 6
17282 6
17283 5
17284 2
17285 5
17286 3
17287 5
17288 5
17289 8
17290 8
17291 8
17292 2
17293 9
17294 1
17295 9
17296 9
17297 6
17298 5
17299 6
17300 0
17301 1
17302 4
17303 8
17304 7
17305 2
17306 0
17307 9
17308 8
17309 6
17310 0
17311 7
17312 9
17313 2
17314 7
17315 7
17316 1
17317 2
17318 9
17319 2
17320 9
17321 3
17322 2
17323 2
17324 4
17325 9
17326 8
17327 0
17328 6
17329 8
17330 7
17331 4
17332 8
17333 9
17334 7
17335 8
17336 0
17337 0
17338 6
17339 8
17340 9
17341 2
17342 4
17343 7
17344 1
17345 3
17346 7
17347 9
17348 4
17349 6
17350 9
17351 1
17352 2
17353 9
17354 7
17355 2
17356 6
17357 4
17358 5
17359 5
17360 8
17361 3
17362 3
17363 4
17364 6
17365 3
17366 8
17367 8
17368 8
17369 1
17370 5
17371 8
17372 7
17373 8
17374 6
17375 4
17376 1
17377 9
17378 2
17379 1
17380 8
17381 6
17382 6
17383 3
17384 8
17385 9
17386 8
17387 0
17388 2
17389 9
17390 3
17391 6
17392 7
17393 6
17394 6
17395 6
17396 2
17397 6
17398 2
17399 6
17400 3
17401 3
17402 5
17403 2
17404 3
17405 4
17406 2
17407 2
17408 9
17409 3
17410 7
17411 1
17412 2
17413 4
17414 6
17415 7
17416 9
17417 6
17418 6
17419 0
17420 5
17421 1
17422 2
17423 3
17424 9
17425 4
17426 1
17427 5
17428 7
17429 9
17430 3
17431 2
17432 0
17433 3
17434 3
17435 4
17436 0
17437 6
17438 2
17439 2
17440 2
17441 2
17442 3
17443 5
17444 9
17445 5
17446 6
17447 4
17448 2
17449 4
17450 6
17451 6
17452 5
17453 2
17454 5
17455 8
17456 2
17457 3
17458 4
17459 0
17460 7
17461 1
17462 8
17463 5
17464 1
17465 6
17466 3
17467 6
17468 9
17469 1
17470 9
17471 2
17472 5
17473 7
17474 9
17475 4
17476 3
17477 0
17478 0
17479 9
17480 8
17481 7
17482 4
17483 5
17484 7
17485 6
17486 9
17487 2
17488 4
17489 0
17490 0
17491 4
17492 9
17493 7
17494 3
17495 1
17496 9
17497 4
17498 0
17499 9
17500 6
17501 0
17502 8
17503 5
17504 0
17505 5
17506 2
17507 5
17508 2
17509 1
17510 4
17511 4
17512 5
17513 2
17514 5
17515 4
17516 5
17517 5
17518 4
17519 0
17520 5
17521 7
17522 3
17523 2
17524 1
17525 5
17526 7
17527 3
17528 2
17529 4
17530 1
17531 3
17532 4
17533 5
17534 7
17535 3
17536 8
17537 6
17538 3
17539 9
17540 4
17541 2
17542 4
17543 5
17544 3
17545 7
17546 6
17547 4
17548 2
17549 5
17550 4
17551 0
17552 2
17553 6
17554 0
17555 1
17556 0
17557 9
17558 1
17559 7
17560 7
17561 5
17562 7
17563 4
17564 0
17565 0
17566 9
17567 8
17568 5
17569 3
17570 9
17571 8
17572 7
17573 0
17574 7
17575 7
17576 2
17577 5
17578 1
17579 7
17580 3
17581 8
17582 4
17583 3
17584 5
17585 3
17586 0
17587 4
17588 1
17589 1
17590 5
17591 2
17592 2
17593 7
17594 9
17595 1
17596 1
17597 3
17598 3
17599 9
17600 1
17601 9
17602 7
17603 0
17604 3
17605 0
17606 7
17607 0
17608 3
17609 3
17610 5
17611 9
17612 1
17613 3
17614 6
17615 0
17616 4
17617 7
17618 8
17619 9
17620 3
17621 2
17622 4
17623 4
17624 3
17625 1
17626 3
17627 9
17628 2
17629 4
17630 4
17631 6
17632 7
17633 5
17634 1
17635 7
17636 4
17637 6
17638 9
17639 2
17640 4
17641 6
17642 8
17643 7
17644 5
17645 8
17646 7
17647 4
17648 6
17649 1
17650 4
17651 8
17652 2
17653 8
17654 0
17655 9
17656 5
17657 9
17658 3
17659 0
17660 9
17661 8
17662 9
17663 1
17664 4
17665 2
17666 2
17667 0
17668 3
17669 8
17670 1
17671 1
17672 4
17673 1
17674 7
17675 2
17676 4
17677 0
17678 6
17679 5
17680 1
17681 6
17682 3
17683 0
17684 6
17685 1
17686 1
17687 7
17688 1
17689 1
17690 0
17691 0
17692 0
17693 8
17694 6
17695 2
17696 0
17697 8
17698 0
17699 1
17700 7
17701 2
17702 7
17703 7
17704 2
17705 1
17706 3
17707 7
17708 0
17709 7
17710 2
17711 3
17712 0
17713 6
17714 9
17715 7
17716 6
17717 3
17718 7
17719 8
17720 3
17721 8
17722 6
17723 2
17724 7
17725 8
17726 1
17727 2
17728 6
17729 9
17730 4
17731 2
17732 2
17733 5
17734 4
17735 1
17736 7
17737 1
17738 9
17739 8
17740 1
17741 8
17742 7
17743 9
17744 9
17745 0
17746 9
17747 3
17748 8
17749 2
17750 6
17751 0
17752 5
17753 1
17754 6
17755 6
17756 7
17757 4
17758 4
17759 6
17760 7
17761 6
17762 7
17763 7
17764 8
17765 9
17766 8
17767 8
17768 2
17769 0
17770 6
17771 4
17772 2
17773 7
17774 1
17775 3
17776 6
17777 3
17778 8
17779 3
17780 5
17781 5
17782 7
17783 3
17784 7
17785 5
17786 9
17787 2
17788 1
17789 2
17790 2
17791 5
17792 9
17793 3
17794 5
17795 4
17796 9
17797 9
17798 9
17799 2
17800 3
17801 0
17802 2
17803 0
17804 1
17805 6
17806 6
17807 3
17808 2
17809 6
17810 1
17811 0
17812 5
17813 6
17814 1
17815 6
17816 0
17817 5
17818 9
17819 7
17820 2
17821 9
17822 5
17823 3
17824 9
17825 0
17826 1
17827 5
17828 0
17829 1
17830 7
17831 3
17832 3
17833 9
17834 5
17835 0
17836 3
17837 8
17838 9
17839 9
17840 8
17841 6
17842 4
17843 3
17844 5
17845 9
17846 1
17847 4
17848 4
17849 6
17850 8
17851 7
17852 1
17853 2
17854 0
17855 2
17856 8
17857 2
17858 1
17859 5
17860 4
17861 9
17862 1
17863 8
17864 4
17865 9
17866 5
17867 8
17868 1
17869 8
17870 5
17871 8
17872 8
17873 3
17874 0
17875 4
17876 1
17877 0
17878 9
17879 7
17880 2
17881 8
17882 8
17883 9
17884 2
17885 3
17886 1
17887 1
17888 8
17889 7
17890 0
17891 6
17892 9
17893 5
17894 1
17895 8
17896 6
17897 5
17898 7
17899 4
17900 5
17901 8
17902 3
17903 4
17904 2
17905 8
17906 2
17907 8
17908 2
17909 1
17910 5
17911 2
17912 2
17913 8
17914 8
17915 4
17916 8
17917 1
17918 2
17919 6
17920 0
17921 4
17922 1
17923 0
17924 0
17925 4
17926 9
17927 4
17928 7
17929 3
17930 4
17931 4
17932 0
17933 5
17934 1
17935 1
17936 8
17937 2
17938 4
17939 5
17940 8
17941 5
17942 0
17943 4
17944 1
17945 3
17946 8
17947 2
17948 4
17949 8
17950 0
17951 1
17952 1
17953 0
17954 7
17955 0
17956 8
17957 4
17958 9
17959 5
17960 9
17961 0
17962 9
17963 8
17964 6
17965 5
17966 6
17967 8
17968 1
17969 0
17970 5
17971 1
17972 8
17973 5
17974 3
17975 0
17976 5
17977 2
17978 4
17979 4
17980 0
17981 2
17982 1
17983 8
17984 3
17985 4
17986 3
17987 0
17988 0
17989 0
17990 4
17991 1
17992 0
17993 4
17994 8
17995 6
17996 0
17997 1
17998 3
17999 1
18000 8
18001 2
18002 1
18003 2
18004 2
18005 5
18006 6
18007 7
18008 5
18009 7
18010 3
18011 9
18012 9
18013 8
18014 9
18015 4
18016 0
18017 8
18018 4
18019 4
18020 5
18021 0
18022 8
18023 4
18024 3
18025 3
18026 4
18027 3
18028 1
18029 9
18030 2
18031 8
18032 9
18033 3
18034 3
18035 9
18036 5
18037 7
18038 3
18039 5
18040 7
18041 3
18042 8
18043 0
18044 0
18045 7
18046 5
18047 9
18048 0
18049 1
18050 4
18051 6
18052 6
18053 6
18054 1
18055 0
18056 8
18057 7
18058 4
18059 6
18060 3
18061 5
18062 3
18063 0
18064 0
18065 0
18066 2
18067 1
18068 9
18069 7
18070 2
18071 8
18072 4
18073 0
18074 4
18075 2
18076 9
18077 3
18078 6
18079 6
18080 9
18081 9
18082 3
18083 7
18084 8
18085 3
18086 0
18087 4
18088 0
18089 1
18090 6
18091 4
18092 1
18093 7
18094 2
18095 8
18096 3
18097 7
18098 0
18099 0
18100 6
18101 1
18102 0
18103 9
18104 3
18105 2
18106 3
18107 3
18108 2
18109 4
18110 3
18111 9
18112 0
18113 3
18114 0
18115 7
18116 0
18117 7
18118 1
18119 5
18120 4
18121 5
18122 6
18123 8
18124 4
18125 7
18126 1
18127 2
18128 4
18129 4
18130 2
18131 4
18132 8
18133 9
18134 2
18135 7
18136 7
18137 1
18138 5
18139 1
18140 5
18141 1
18142 3
18143 7
18144 7
18145 3
18146 7
18147 7
18148 8
18149 7
18150 9
18151 6
18152 1
18153 7
18154 9
18155 3
18156 0
18157 5
18158 4
18159 2
18160 3
18161 0
18162 6
18163 4
18164 0
18165 3
18166 2
18167 2
18168 4
18169 0
18170 1
18171 1
18172 3
18173 4
18174 8
18175 4
18176 3
18177 7
18178 2
18179 6
18180 6
18181 4
18182 4
18183 1
18184 7
18185 2
18186 8
18187 6
18188 2
18189 5
18190 5
18191 2
18192 6
18193 6
18194 5
18195 4
18196 0
18197 6
18198 4
18199 3
18200 3
18201 2
18202 6
18203 8
18204 0
18205 3
18206 5
18207 7
18208 7
18209 9
18210 6
18211 2
18212 9
18213 9
18214 6
18215 4
18216 2
18217 0
18218 1
18219 6
18220 4
18221 0
18222 2
18223 5
18224 0
18225 4
18226 3
18227 7
18228 8
18229 6
18230 5
18231 4
18232 1
18233 1
18234 8
18235 5
18236 5
18237 5
18238 9
18239 3
18240 6
18241 1
18242 4
18243 6
18244 7
18245 2
18246 7
18247 3
18248 0
18249 0
18250 6
18251 2
18252 5
18253 0
18254 2
18255 2
18256 0
18257 9
18258 5
18259 8
18260 3
18261 2
18262 6
18263 2
18264 0
18265 7
18266 3
18267 1
18268 1
18269 1
18270 7
18271 7
18272 2
18273 0
18274 4
18275 0
18276 1
18277 8
18278 2
18279 3
18280 1
18281 5
18282 6
18283 2
18284 1
18285 5
18286 9
18287 6
18288 1
18289 6
18290 2
18291 4
18292 7
18293 9
18294 4
18295 3
18296 8
18297 5
18298 9
18299 0
18300 0
18301 4
18302 2
18303 5
18304 6
18305 2
18306 2
18307 8
18308 1
18309 2
18310 0
18311 2
18312 8
18313 5
18314 1
18315 3
18316 1
18317 2
18318 0
18319 1
18320 0
18321 6
18322 1
18323 7
18324 0
18325 0
18326 1
18327 7
18328 1
18329 5
18330 5
18331 1
18332 1
18333 2
18334 1
18335 6
18336 5
18337 8
18338 5
18339 9
18340 4
18341 1
18342 4
18343 5
18344 9
18345 7
18346 0
18347 6
18348 5
18349 1
18350 6
18351 6
18352 3
18353 9
18354 4
18355 5
18356 4
18357 4
18358 0
18359 0
18360 5
18361 4
18362 6
18363 5
18364 7
18365 1
18366 1
18367 1
18368 5
18369 7
18370 6
18371 5
18372 2
18373 6
18374 2
18375 6
18376 3
18377 9
18378 3
18379 4
18380 7
18381 4
18382 7
18383 1
18384 0
18385 6
18386 9
18387 8
18388 1
18389 3
18390 7
18391 2
18392 3
18393 2
18394 1
18395 4
18396 1
18397 8
18398 6
18399 0
18400 1
18401 4
18402 8
18403 7
18404 3
18405 0
18406 3
18407 8
18408 3
18409 8
18410 1
18411 1
18412 4
18413 4
18414 7
18415 8
18416 4
18417 6
18418 6
18419 8
18420 3
18421 9
18422 7
18423 8
18424 1
18425 1
18426 5
18427 1
18428 1
18429 1
18430 3
18431 2
18432 9
18433 8
18434 8
18435 4
18436 9
18437 9
18438 3
18439 2
18440 1
18441 4
18442 0
18443 7
18444 2
18445 1
18446 1
18447 8
18448 7
18449 5
18450 6
18451 4
18452 5
18453 3
18454 7
18455 9
18456 1
18457 6
18458 0
18459 3
18460 0
18461 8
18462 9
18463 1
18464 8
18465 1
18466 8
18467 8
18468 6
18469 4
18470 4
18471 1
18472 4
18473 2
18474 2
18475 8
18476 9
18477 6
18478 3
18479 6
18480 8
18481 5
18482 2
18483 0
18484 3
18485 3
18486 4
18487 0
18488 8
18489 5
18490 2
18491 5
18492 4
18493 5
18494 2
18495 6
18496 2
18497 5
18498 3
18499 4
18500 6
18501 7
18502 1
18503 5
18504 3
18505 1
18506 3
18507 5
18508 0
18509 7
18510 7
18511 9
18512 8
18513 4
18514 3
18515 3
18516 6
18517 0
18518 7
18519 4
18520 4
18521 5
18522 6
18523 7
18524 8
18525 8
18526 0
18527 5
18528 4
18529 3
18530 0
18531 1
18532 2
18533 8
18534 4
18535 0
18536 1
18537 3
18538 3
18539 0
18540 8
18541 2
18542 4
18543 4
18544 9
18545 9
18546 7
18547 0
18548 8
18549 0
18550 6
18551 9
18552 5
18553 6
18554 8
18555 0
18556 6
18557 8
18558 3
18559 8
18560 6
18561 3
18562 6
18563 5
18564 4
18565 8
18566 8
18567 9
18568 3
18569 8
18570 5
18571 1
18572 5
18573 7
18574 1
18575 2
18576 2
18577 6
18578 2
18579 2
18580 7
18581 9
18582 8
18583 0
18584 8
18585 2
18586 5
18587 4
18588 8
18589 8
18590 9
18591 0
18592 1
18593 3
18594 7
18595 7
18596 3
18597 4
18598 4
18599 1
18600 4
18601 3
18602 9
18603 2
18604 5
18605 0
18606 0
18607 2
18608 1
18609 9
18610 9
18611 6
18612 4
18613 6
18614 6
18615 3
18616 4
18617 3
18618 2
18619 8
18620 9
18621 9
18622 5
18623 6
18624 0
18625 7
18626 3
18627 6
18628 9
18629 6
18630 6
18631 4
18632 3
18633 1
18634 8
18635 0
18636 1
18637 4
18638 2
18639 6
18640 6
18641 2
18642 8
18643 6
18644 6
18645 0
18646 2
18647 0
18648 5
18649 7
18650 7
18651 2
18652 1
18653 2
18654 1
18655 1
18656 6
18657 1
18658 5
18659 4
18660 2
18661 1
18662 0
18663 9
18664 7
18665 8
18666 8
18667 2
18668 7
18669 2
18670 8
18671 4
18672 2
18673 9
18674 3
18675 3
18676 3
18677 4
18678 4
18679 3
18680 5
18681 2
18682 3
18683 1
18684 6
18685 9
18686 9
18687 3
18688 1
18689 1
18690 7
18691 3
18692 1
18693 2
18694 6
18695 1
18696 0
18697 2
18698 9
18699 7
18700 6
18701 9
18702 2
18703 6
18704 2
18705 8
18706 4
18707 1
18708 9
18709 7
18710 6
18711 9
18712 5
18713 5
18714 5
18715 0
18716 9
18717 2
18718 8
18719 3
18720 9
18721 5
18722 6
18723 1
18724 2
18725 3
18726 2
18727 1
18728 5
18729 2
18730 3
18731 1
18732 2
18733 7
18734 0
18735 8
18736 5
18737 5
18738 1
18739 2
18740 1
18741 9
18742 6
18743 4
18744 0
18745 1
18746 3
18747 0
18748 1
18749 8
18750 8
18751 0
18752 3
18753 9
18754 5
18755 3
18756 9
18757 4
18758 6
18759 6
18760 6
18761 3
18762 7
18763 0
18764 4
18765 3
18766 2
18767 7
18768 7
18769 5
18770 8
18771 0
18772 4
18773 2
18774 1
18775 7
18776 2
18777 3
18778 0
18779 2
18780 3
18781 0
18782 8
18783 5
18784 0
18785 8
18786 0
18787 8
18788 9
18789 2
18790 6
18791 0
18792 5
18793 1
18794 0
18795 9
18796 8
18797 4
18798 9
18799 8
18800 6
18801 1
18802 6
18803 2
18804 5
18805 0
18806 9
18807 3
18808 5
18809 9
18810 3
18811 9
18812 6
18813 7
18814 8
18815 1
18816 8
18817 5
18818 6
18819 9
18820 4
18821 9
18822 1
18823 6
18824 1
18825 6
18826 3
18827 4
18828 9
18829 6
18830 4
18831 2
18832 8
18833 9
18834 5
18835 4
18836 2
18837 8
18838 4
18839 2
18840 2
18841 5
18842 5
18843 2
18844 5
18845 2
18846 2
18847 9
18848 8
18849 6
18850 0
18851 3
18852 6
18853 6
18854 8
18855 8
18856 2
18857 0
18858 9
18859 2
18860 7
18861 6
18862 3
18863 5
18864 8
18865 2
18866 9
18867 4
18868 9
18869 0
18870 9
18871 4
18872 0
18873 7
18874 7
18875 2
18876 8
18877 6
18878 3
18879 6
18880 5
18881 7
18882 3
18883 0
18884 4
18885 1
18886 7
18887 9
18888 8
18889 8
18890 4
18891 3
18892 6
18893 6
18894 5
18895 3
18896 9
18897 5
18898 4
18899 1
18900 6
18901 9
18902 2
18903 4
18904 4
18905 7
18906 5
18907 6
18908 9
18909 3
18910 7
18911 5
18912 1
18913 5
18914 1
18915 9
18916 2
18917 8
18918 2
18919 9
18920 5
18921 6
18922 6
18923 7
18924 4
18925 8
18926 6
18927 7
18928 7
18929 7
18930 9
18931 8
18932 9
18933 5
18934 4
18935 9
18936 2
18937 4
18938 5
18939 0
18940 9
18941 6
18942 2
18943 2
18944 0
18945 2
18946 4
18947 0
18948 5
18949 9
18950 3
18951 8
18952 4
18953 7
18954 9
18955 5
18956 5
18957 0
18958 7
18959 9
18960 9
18961 2
18962 3
18963 8
18964 3
18965 1
18966 9
18967 4
18968 5
18969 9
18970 5
18971 8
18972 6
18973 1
18974 8
18975 5
18976 5
18977 9
18978 7
18979 7
18980 5
18981 0
18982 0
18983 1
18984 4
18985 6
18986 0
18987 7
18988 4
18989 7
18990 0
18991 8
18992 4
18993 4
18994 4
18995 8
18996 4
18997 3
18998 9
18999 9
19000 5
19001 7
19002 0
19003 2
19004 4
19005 8
19006 5
19007 8
19008 8
19009 6
19010 8
19011 0
19012 0
19013 2
19014 6
19015 8
19016 7
19017 4
19018 0
19019 4
19020 3
19021 1
19022 9
19023 3
19024 0
19025 6
19026 3
19027 9
19028 5
19029 0
19030 6
19031 2
19032 8
19033 4
19034 0
19035 4
19036 8
19037 9
19038 0
19039 8
19040 8
19041 3
19042 8
19043 2
19044 3
19045 0
19046 0
19047 3
19048 3
19049 9
19050 0
19051 0
19052 8
19053 4
19054 2
19055 8
19056 4
19057 7
19058 3
19059 5
19060 5
19061 0
19062 9
19063 0
19064 2
19065 7
19066 2
19067 0
19068 2
19069 8
19070 9
19071 5
19072 8
19073 3
19074 8
19075 6
19076 1
19077 3
19078 7
19079 3
19080 2
19081 6
19082 6
19083 3
19084 0
19085 7
19086 7
19087 8
19088 8
19089 7
19090 6
19091 4
19092 3
19093 6
19094 6
19095 0
19096 2
19097 2
19098 8
19099 3
19100 9
19101 2
19102 4
19103 8
19104 0
19105 3
19106 9
19107 1
19108 7
19109 2
19110 4
19111 1
19112 5
19113 1
19114 9
19115 8
19116 4
19117 1
19118 7
19119 6
19120 1
19121 4
19122 8
19123 4
19124 9
19125 4
19126 3
19127 0
19128 0
19129 7
19130 2
19131 6
19132 1
19133 1
19134 8
19135 4
19136 3
19137 8
19138 8
19139 7
19140 3
19141 4
19142 9
19143 1
19144 9
19145 3
19146 1
19147 7
19148 6
19149 5
19150 5
19151 9
19152 8
19153 1
19154 3
19155 0
19156 0
19157 2
19158 1
19159 5
19160 0
19161 9
19162 8
19163 4
19164 3
19165 2
19166 4
19167 2
19168 2
19169 4
19170 9
19171 7
19172 8
19173 3
19174 9
19175 0
19176 9
19177 5
19178 0
19179 4
19180 5
19181 5
19182 2
19183 9
19184 6
19185 9
19186 5
19187 8
19188 7
19189 4
19190 1
19191 1
19192 4
19193 0
19194 1
19195 0
19196 4
19197 4
19198 0
19199 7
19200 3
19201 7
19202 2
19203 3
19204 8
19205 4
19206 4
19207 8
19208 9
19209 8
19210 6
19211 7
19212 9
19213 4
19214 2
19215 8
19216 1
19217 6
19218 0
19219 1
19220 9
19221 2
19222 6
19223 0
19224 6
19225 7
19226 3
19227 8
19228 6
19229 9
19230 0
19231 0
19232 0
19233 0
19234 9
19235 1
19236 3
19237 0
19238 1
19239 7
19240 1
19241 2
19242 0
19243 3
19244 0
19245 5
19246 1
19247 3
19248 6
19249 7
19250 4
19251 5
19252 3
19253 7
19254 2
19255 7
19256 8
19257 3
19258 4
19259 1
19260 7
19261 3
19262 8
19263 8
19264 5
19265 6
19266 6
19267 1
19268 4
19269 6
19270 3
19271 3
19272 1
19273 6
19274 7
19275 1
19276 2
19277 8
19278 0
19279 5
19280 8
19281 3
19282 7
19283 2
19284 6
19285 5
19286 6
19287 4
19288 3
19289 4
19290 3
19291 9
19292 4
19293 6
19294 3
19295 7
19296 0
19297 2
19298 7
19299 5
19300 6
19301 2
19302 2
19303 6
19304 9
19305 4
19306 8
19307 7
19308 9
19309 8
19310 9
19311 4
19312 9
19313 0
19314 0
19315 4
19316 4
19317 5
19318 9
19319 0
19320 7
19321 8
19322 8
19323 2
19324 8
19325 4
19326 1
19327 1
19328 5
19329 6
19330 0
19331 3
19332 0
19333 5
19334 1
19335 9
19336 8
19337 0
19338 2
19339 3
19340 0
19341 3
19342 0
19343 6
19344 7
19345 7
19346 3
19347 3
19348 5
19349 1
19350 7
19351 5
19352 0
19353 3
19354 6
19355 3
19356 8
19357 6
19358 0
19359 2
19360 7
19361 0
19362 1
19363 6
19364 2
19365 1
19366 3
19367 9
19368 2
19369 7
19370 7
19371 2
19372 3
19373 8
19374 0
19375 2
19376 8
19377 5
19378 7
19379 5
19380 7
19381 7
19382 6
19383 4
19384 8
19385 7
19386 3
19387 9
19388 8
19389 4
19390 4
19391 4
19392 7
19393 7
19394 5
19395 5
19396 0
19397 9
19398 2
19399 2
19400 6
19401 0
19402 0
19403 5
19404 4
19405 9
19406 0
19407 8
19408 9
19409 7
19410 6
19411 9
19412 6
19413 9
19414 8
19415 6
19416 4
19417 9
19418 7
19419 1
19420 8
19421 5
19422 3
19423 7
19424 8
19425 0
19426 7
19427 9
19428 9
19429 7
19430 3
19431 1
19432 3
19433 6
19434 1
19435 4
19436 4
19437 3
19438 4
19439 0
19440 9
19441 4
19442 2
19443 1
19444 5
19445 4
19446 2
19447 9
19448 8
19449 5
19450 3
19451 1
19452 9
19453 2
19454 3
19455 7
19456 5
19457 4
19458 1
19459 5
19460 8
19461 7
19462 8
19463 6
19464 7
19465 3
19466 8
19467 3
19468 2
19469 8
19470 1
19471 2
19472 9
19473 8
19474 8
19475 2
19476 7
19477 7
19478 4
19479 8
19480 8
19481 3
19482 1
19483 5
19484 7
19485 8
19486 0
19487 4
19488 4
19489 7
19490 2
19491 1
19492 8
19493 9
19494 0
19495 4
19496 6
19497 2
19498 2
19499 3
19500 5
19501 5
19502 2
19503 1
19504 4
19505 5
19506 6
19507 6
19508 4
19509 8
19510 4
19511 1
19512 3
19513 7
19514 3
19515 7
19516 4
19517 6
19518 1
19519 0
19520 2
19521 0
19522 9
19523 7
19524 5
19525 3
19526 1
19527 2
19528 0
19529 2
19530 9
19531 9
19532 7
19533 0
19534 9
19535 9
19536 2
19537 0
19538 1
19539 9
19540 4
19541 4
19542 6
19543 6
19544 7
19545 7
19546 8
19547 4
19548 1
19549 4
19550 3
19551 9
19552 6
19553 0
19554 8
19555 6
19556 0
19557 2
19558 9
19559 4
19560 3
19561 9
19562 4
19563 8
19564 7
19565 0
19566 8
19567 5
19568 2
19569 7
19570 6
19571 5
19572 9
19573 7
19574 7
19575 1
19576 5
19577 1
19578 0
19579 1
19580 6
19581 0
19582 6
19583 9
19584 8
19585 4
19586 5
19587 5
19588 6
19589 0
19590 5
19591 9
19592 0
19593 3
19594 6
19595 1
19596 3
19597 3
19598 7
19599 9
19600 2
19601 6
19602 8
19603 9
19604 6
19605 4
19606 3
19607 9
19608 5
19609 2
19610 1
19611 4
19612 3
19613 6
19614 4
19615 8
19616 4
19617 5
19618 5
19619 0
19620 6
19621 0
19622 3
19623 9
19624 4
19625 0
19626 7
19627 3
19628 6
19629 1
19630 5
19631 5
19632 5
19633 6
19634 2
19635 1
19636 0
19637 6
19638 0
19639 3
19640 2
19641 9
19642 4
19643 7
19644 6
19645 1
19646 6
19647 2
19648 5
19649 8
19650 8
19651 5
19652 9
19653 0
19654 9
19655 8
19656 7
19657 7
19658 6
19659 8
19660 9
19661 5
19662 2
19663 5
19664 0
19665 3
19666 0
19667 0
19668 6
19669 0
19670 2
19671 1
19672 7
19673 0
19674 0
19675 8
19676 0
19677 2
19678 1
19679 9
19680 2
19681 4
19682 5
19683 5
19684 8
19685 2
19686 2
19687 5
19688 3
19689 8
19690 6
19691 2
19692 1
19693 2
19694 4
19695 0
19696 7
19697 7
19698 0
19699 4
19700 2
19701 3
19702 9
19703 2
19704 3
19705 7
19706 0
19707 3
19708 2
19709 0
19710 3
19711 7
19712 0
19713 4
19714 0
19715 5
19716 3
19717 7
19718 2
19719 9
19720 7
19721 1
19722 6
19723 3
19724 1
19725 3
19726 5
19727 0
19728 8
19729 6
19730 3
19731 8
19732 6
19733 9
19734 1
19735 1
19736 7
19737 8
19738 4
19739 6
19740 7
19741 3
19742 9
19743 1
19744 5
19745 5
19746 4
19747 7
19748 9
19749 7
19750 2
19751 5
19752 6
19753 9
19754 4
19755 5
19756 3
19757 9
19758 0
19759 5
19760 2
19761 7
19762 9
19763 7
19764 3
19765 2
19766 3
19767 5
19768 8
19769 5
19770 9
19771 1
19772 2
19773 1
19774 3
19775 4
19776 4
19777 1
19778 3
19779 7
19780 2
19781 8
19782 7
19783 5
19784 3
19785 1
19786 8
19787 9
19788 4
19789 1
19790 7
19791 6
19792 1
19793 8
19794 6
19795 9
19796 6
19797 1
19798 6
19799 6
19800 9
19801 9
19802 4
19803 1
19804 9
19805 3
19806 7
19807 1
19808 8
19809 2
19810 5
19811 1
19812 9
19813 4
19814 7
19815 8
19816 6
19817 0
19818 4
19819 0
19820 3
19821 3
19822 5
19823 6
19824 8
19825 2
19826 2
19827 8
19828 5
19829 6
19830 7
19831 1
19832 5
19833 8
19834 6
19835 5
19836 7
19837 8
19838 1
19839 9
19840 4
19841 2
19842 4
19843 4
19844 2
19845 7
19846 2
19847 0
19848 6
19849 1
19850 7
19851 1
19852 0
19853 0
19854 9
19855 8
19856 7
19857 6
19858 6
19859 9
19860 5
19861 1
19862 9
19863 1
19864 8
19865 8
19866 5
19867 9
19868 8
19869 7
19870 3
19871 3
19872 4
19873 1
19874 3
19875 5
19876 5
19877 9
19878 6
19879 2
19880 8
19881 9
19882 6
19883 9
19884 1
19885 2
19886 2
19887 8
19888 3
19889 9
19890 4
19891 6
19892 5
19893 0
19894 3
19895 1
19896 4
19897 5
19898 6
19899 9
19900 1
19901 5
19902 9
19903 9
19904 2
19905 2
19906 6
19907 2
19908 2
19909 4
19910 6
19911 4
19912 6
19913 7
19914 9
19915 3
19916 5
19917 4
19918 6
19919 4
19920 1
19921 3
19922 0
19923 6
19924 4
19925 2
19926 8
19927 4
19928 4
19929 4
19930 8
19931 5
19932 2
19933 3
19934 4
19935 3
19936 4
19937 0
19938 7
19939 0
19940 9
19941 0
19942 3
19943 0
19944 6
19945 3
19946 1
19947 9
19948 2
19949 2
19950 8
19951 2
19952 2
19953 2
19954 4
19955 4
19956 5
19957 0
19958 8
19959 6
19960 0
19961 4
19962 8
19963 3
19964 9
19965 0
19966 0
19967 9
19968 4
19969 4
19970 7
19971 2
19972 5
19973 0
19974 7
19975 3
19976 2
19977 7
19978 4
19979 4
19980 1
19981 2
19982 6
19983 1
19984 7
19985 4
19986 5
19987 5
19988 9
19989 9
19990 6
19991 7
19992 8
19993 0
19994 5
19995 4
19996 3
19997 2
19998 4
19999 0
20000 8
20001 2
20002 9
20003 3
20004 5
20005 4
20006 7
20007 1
20008 1
20009 4
20010 4
20011 0
20012 8
20013 6
20014 3
20015 5
20016 8
20017 4
20018 3
20019 5
20020 1
20021 2
20022 0
20023 1
20024 2
20025 5
20026 7
20027 6
20028 0
20029 1
20030 8
20031 6
20032 5
20033 0
20034 4
20035 2
20036 2
20037 6
20038 3
20039 7
20040 5
20041 5
20042 3
20043 6
20044 3
20045 0
20046 0
20047 3
20048 1
20049 5
20050 9
20051 9
20052 1
20053 4
20054 4
20055 2
20056 3
20057 9
20058 0
20059 4
20060 7
20061 0
20062 5
20063 1
20064 5
20065 1
20066 7
20067 2
20068 4
20069 3
20070 2
20071 4
20072 4
20073 5
20074 5
20075 8
20076 1
20077 2
20078 6
20079 8
20080 5
20081 3
20082 0
20083 2
20084 2
20085 1
20086 8
20087 6
20088 7
20089 0
20090 0
20091 0
20092 6
20093 6
20094 3
20095 1
20096 1
20097 0
20098 8
20099 5
20100 6
20101 7
20102 6
20103 9
20104 1
20105 7
20106 0
20107 8
20108 4
20109 5
20110 7
20111 1
20112 6
20113 4
20114 9
20115 1
20116 4
20117 1
20118 0
20119 6
20120 6
20121 9
20122 4
20123 4
20124 6
20125 0
20126 2
20127 2
20128 5
20129 7
20130 0
20131 7
20132 8
20133 9
20134 2
20135 0
20136 6
20137 1
20138 5
20139 1
20140 2
20141 4
20142 7
20143 3
20144 9
20145 0
20146 4
20147 6
20148 4
20149 1
20150 0
20151 7
20152 6
20153 4
20154 2
20155 6
20156 2
20157 0
20158 2
20159 0
20160 3
20161 7
20162 4
20163 3
20164 3
20165 2
20166 7
20167 3
20168 2
20169 1
20170 5
20171 8
20172 2
20173 6
20174 8
20175 7
20176 4
20177 0
20178 3
20179 0
20180 6
20181 2
20182 7
20183 0
20184 3
20185 8
20186 7
20187 8
20188 9
20189 9
20190 0
20191 8
20192 3
20193 3
20194 3
20195 9
20196 5
20197 5
20198 4
20199 6
20200 6
20201 6
20202 6
20203 1
20204 2
20205 4
20206 8
20207 2
20208 5
20209 3
20210 6
20211 5
20212 7
20213 1
20214 2
20215 1
20216 8
20217 8
20218 9
20219 8
20220 1
20221 9
20222 5
20223 8
20224 4
20225 3
20226 7
20227 4
20228 3
20229 0
20230 3
20231 9
20232 1
20233 8
20234 9
20235 7
20236 3
20237 6
20238 1
20239 6
20240 1
20241 4
20242 3
20243 0
20244 8
20245 3
20246 9
20247 8
20248 1
20249 7
20250 7
20251 6
20252 0
20253 7
20254 5
20255 2
20256 2
20257 7
20258 4
20259 7
20260 7
20261 9
20262 4
20263 9
20264 4
20265 6
20266 4
20267 0
20268 7
20269 5
20270 2
20271 6
20272 0
20273 6
20274 0
20275 2
20276 6
20277 3
20278 4
20279 0
20280 2
20281 9
20282 5
20283 2
20284 4
20285 6
20286 4
20287 3
20288 5
20289 9
20290 6
20291 9
20292 1
20293 4
20294 7
20295 9
20296 0
20297 6
20298 2
20299 9
20300 5
20301 2
20302 4
20303 6
20304 9
20305 7
20306 3
20307 2
20308 8
20309 6
20310 7
20311 9
20312 2
20313 1
20314 7
20315 4
20316 0
20317 4
20318 7
20319 2
20320 6
20321 4
20322 5
20323 1
20324 7
20325 8
20326 9
20327 7
20328 2
20329 9
20330 0
20331 3
20332 1
20333 8
20334 9
20335 6
20336 5
20337 2
20338 8
20339 4
20340 2
20341 3
20342 5
20343 1
20344 8
20345 5
20346 1
20347 2
20348 0
20349 2
20350 2
20351 7
20352 6
20353 1
20354 5
20355 7
20356 2
20357 1
20358 3
20359 3
20360 3
20361 1
20362 6
20363 2
20364 5
20365 9
20366 7
20367 7
20368 6
20369 3
20370 7
20371 7
20372 0
20373 6
20374 6
20375 1
20376 4
20377 0
20378 6
20379 1
20380 3
20381 1
20382 6
20383 1
20384 4
20385 6
20386 3
20387 9
20388 1
20389 6
20390 6
20391 5
20392 3
20393 0
20394 9
20395 5
20396 5
20397 2
20398 5
20399 4
20400 8
20401 4
20402 2
20403 3
20404 0
20405 3
20406 3
20407 2
20408 8
20409 6
20410 3
20411 4
20412 4
20413 2
20414 0
20415 0
20416 9
20417 4
20418 4
20419 4
20420 0
20421 1
20422 6
20423 4
20424 5
20425 4
20426 7
20427 8
20428 0
20429 4
20430 2
20431 0
20432 1
20433 3
20434 1
20435 9
20436 7
20437 8
20438 7
20439 4
20440 8
20441 3
20442 2
20443 1
20444 3
20445 7
20446 4
20447 6
20448 4
20449 3
20450 5
20451 4
20452 3
20453 5
20454 9
20455 1
20456 1
20457 7
20458 0
20459 1
20460 1
20461 4
20462 1
20463 3
20464 4
20465 3
20466 2
20467 3
20468 8
20469 0
20470 6
20471 8
20472 1
20473 7
20474 1
20475 8
20476 0
20477 6
20478 1
20479 8
20480 1
20481 5
20482 7
20483 0
20484 2
20485 4
20486 5
20487 5
20488 9
20489 9
20490 9
20491 0
20492 3
20493 1
20494 0
20495 5
20496 5
20497 8
20498 2
20499 9
20500 7
20501 0
20502 2
20503 6
20504 8
20505 9
20506 9
20507 1
20508 8
20509 5
20510 2
20511 0
20512 6
20513 4
20514 0
20515 3
20516 5
20517 2
20518 6
20519 9
20520 2
20521 5
20522 5
20523 2
20524 1
20525 7
20526 1
20527 9
20528 7
20529 7
20530 4
20531 7
20532 7
20533 9
20534 3
20535 3
20536 4
20537 7
20538 6
20539 0
20540 0
20541 3
20542 5
20543 9
20544 9
20545 3
20546 2
20547 6
20548 6
20549 8
20550 3
20551 9
20552 3
20553 1
20554 8
20555 9
20556 5
20557 0
20558 0
20559 6
20560 7
20561 3
20562 1
20563 6
20564 5
20565 4
20566 4
20567 5
20568 9
20569 7
20570 6
20571 9
20572 4
20573 1
20574 2
20575 4
20576 6
20577 0
20578 6
20579 2
20580 7
20581 4
20582 1
20583 5
20584 5
20585 1
20586 7
20587 4
20588 1
20589 4
20590 9
20591 5
20592 2
20593 5
20594 9
20595 4
20596 3
20597 9
20598 6
20599 7
20600 9
20601 1
20602 0
20603 4
20604 3
20605 2
20606 3
20607 6
20608 4
20609 1
20610 9
20611 4
20612 0
20613 1
20614 1
20615 4
20616 1
20617 7
20618 7
20619 0
20620 6
20621 6
20622 8
20623 9
20624 7
20625 0
20626 3
20627 8
20628 0
20629 6
20630 1
20631 4
20632 4
20633 5
20634 9
20635 3
20636 8
20637 4
20638 9
20639 6
20640 2
20641 8
20642 9
20643 0
20644 6
20645 8
20646 3
20647 3
20648 0
20649 8
20650 6
20651 1
20652 6
20653 3
20654 4
20655 5
20656 0
20657 2
20658 8
20659 6
20660 5
20661 5
20662 6
20663 5
20664 7
20665 5
20666 2
20667 7
20668 2
20669 1
20670 7
20671 1
20672 1
20673 7
20674 2
20675 2
20676 6
20677 9
20678 4
20679 9
20680 1
20681 8
20682 1
20683 8
20684 0
20685 1
20686 6
20687 9
20688 2
20689 5
20690 5
20691 7
20692 8
20693 8
20694 7
20695 6
20696 3
20697 0
20698 3
20699 9
20700 8
20701 6
20702 6
20703 2
20704 6
20705 7
20706 0
20707 3
20708 7
20709 0
20710 7
20711 8
20712 9
20713 5
20714 8
20715 2
20716 5
20717 9
20718 6
20719 0
20720 7
20721 3
20722 9
20723 1
20724 5
20725 9
20726 0
20727 2
20728 6
20729 6
20730 4
20731 7
20732 8
20733 2
20734 7
20735 6
20736 9
20737 3
20738 5
20739 2
20740 8
20741 4
20742 3
20743 0
20744 6
20745 3
20746 1
20747 7
20748 6
20749 3
20750 4
20751 6
20752 3
20753 3
20754 5
20755 5
20756 7
20757 2
20758 6
20759 6
20760 9
20761 2
20762 3
20763 2
20764 6
20765 9
20766 9
20767 6
20768 7
20769 7
20770 8
20771 4
20772 7
20773 0
20774 2
20775 8
20776 2
20777 2
20778 3
20779 9
20780 5
20781 7
20782 2
20783 6
20784 5
20785 6
20786 2
20787 0
20788 7
20789 9
20790 8
20791 8
20792 7
20793 4
20794 7
20795 2
20796 8
20797 4
20798 1
20799 5
20800 8
20801 9
20802 1
20803 2
20804 5
20805 5
20806 0
20807 3
20808 8
20809 5
20810 8
20811 7
20812 1
20813 6
20814 6
20815 6
20816 0
20817 4
20818 6
20819 9
20820 3
20821 1
20822 9
20823 4
20824 2
20825 7
20826 6
20827 6
20828 5
20829 6
20830 7
20831 6
20832 5
20833 7
20834 7
20835 0
20836 4
20837 5
20838 2
20839 0
20840 8
20841 1
20842 8
20843 1
20844 8
20845 1
20846 7
20847 5
20848 2
20849 1
20850 7
20851 1
20852 7
20853 0
20854 0
20855 6
20856 3
20857 9
20858 1
20859 7
20860 8
20861 9
20862 6
20863 0
20864 0
20865 6
20866 3
20867 9
20868 7
20869 5
20870 4
20871 9
20872 2
20873 0
20874 5
20875 1
20876 9
20877 0
20878 4
20879 2
20880 5
20881 7
20882 6
20883 0
20884 3
20885 6
20886 4
20887 1
20888 0
20889 9
20890 3
20891 6
20892 2
20893 0
20894 4
20895 2
20896 2
20897 8
20898 9
20899 3
20900 3
20901 3
20902 5
20903 1
20904 9
20905 3
20906 4
20907 4
20908 9
20909 2
20910 4
20911 0
20912 1
20913 6
20914 1
20915 6
20916 8
20917 7
20918 5
20919 5
20920 9
20921 2
20922 6
20923 5
20924 8
20925 8
20926 3
20927 6
20928 5
20929 3
20930 7
20931 1
20932 5
20933 2
20934 5
20935 5
20936 3
20937 6
20938 9
20939 8
20940 0
20941 9
20942 5
20943 6
20944 0
20945 2
20946 0
20947 3
20948 2
20949 9
20950 0
20951 5
20952 1
20953 6
20954 1
20955 3
20956 3
20957 2
20958 8
20959 8
20960 0
20961 2
20962 0
20963 3
20964 9
20965 2
20966 9
20967 5
20968 0
20969 3
20970 3
20971 5
20972 3
20973 5
20974 7
20975 6
20976 6
20977 7
20978 0
20979 5
20980 0
20981 9
20982 1
20983 0
20984 1
20985 0
20986 0
20987 3
20988 2
20989 3
20990 3
20991 7
20992 1
20993 2
20994 9
20995 1
20996 9
20997 0
20998 3
20999 5
21000 7
21001 9
21002 9
21003 9
21004 7
21005 1
21006 4
21007 7
21008 8
21009 9
21010 5
21011 8
21012 8
21013 0
21014 3
21015 9
21016 0
21017 0
21018 3
21019 9
21020 9
21021 0
21022 7
21023 7
21024 6
21025 2
21026 8
21027 6
21028 3
21029 6
21030 1
21031 5
21032 3
21033 8
21034 4
21035 6
21036 7
21037 5
21038 3
21039 2
21040 3
21041 2
21042 0
21043 7
21044 6
21045 5
21046 4
21047 5
21048 1
21049 9
21050 6
21051 6
21052 5
21053 2
21054 1
21055 2
21056 9
21057 1
21058 5
21059 8
21060 8
21061 8
21062 7
21063 9
21064 3
21065 1
21066 4
21067 9
21068 3
21069 2
21070 4
21071 5
21072 1
21073 8
21074 5
21075 5
21076 4
21077 2
21078 7
21079 6
21080 2
21081 1
21082 0
21083 8
21084 9
21085 8
21086 4
21087 8
21088 7
21089 9
21090 5
21091 1
21092 3
21093 9
21094 6
21095 6
21096 0
21097 7
21098 1
21099 6
21100 1
21101 4
21102 5
21103 6
21104 1
21105 6
21106 6
21107 6
21108 1
21109 7
21110 5
21111 5
21112 8
21113 9
21114 0
21115 5
21116 3
21117 0
21118 1
21119 1
21120 5
21121 5
21122 1
21123 9
21124 0
21125 9
21126 9
21127 7
21128 6
21129 3
21130 6
21131 5
21132 0
21133 9
21134 3
21135 7
21136 6
21137 9
21138 4
21139 3
21140 8
21141 3
21142 8
21143 2
21144 6
21145 5
21146 4
21147 1
21148 9
21149 6
21150 5
21151 5
21152 1
21153 2
21154 3
21155 7
21156 0
21157 0
21158 5
21159 8
21160 8
21161 8
21162 2
21163 9
21164 8
21165 0
21166 6
21167 2
21168 9
21169 5
21170 5
21171 7
21172 8
21173 7
21174 9
21175 1
21176 6
21177 8
21178 5
21179 0
21180 1
21181 0
21182 4
21183 7
21184 3
21185 4
21186 5
21187 6
21188 6
21189 9
21190 6
21191 6
21192 6
21193 8
21194 1
21195 6
21196 2
21197 7
21198 1
21199 1
21200 9
21201 4
21202 3
21203 6
21204 5
21205 5
21206 6
21207 6
21208 1
21209 2
21210 4
21211 0
21212 9
21213 3
21214 0
21215 8
21216 8
21217 5
21218 7
21219 6
21220 0
21221 8
21222 8
21223 3
21224 7
21225 7
21226 5
21227 0
21228 3
21229 4
21230 3
21231 4
21232 2
21233 7
21234 4
21235 8
21236 2
21237 8
21238 3
21239 8
21240 3
21241 0
21242 5
21243 7
21244 6
21245 3
21246 1
21247 2
21248 7
21249 8
21250 1
21251 8
21252 2
21253 6
21254 1
21255 7
21256 9
21257 8
21258 1
21259 4
21260 5
21261 4
21262 8
21263 8
21264 1
21265 2
21266 7
21267 8
21268 5
21269 6
21270 2
21271 6
21272 4
21273 8
21274 9
21275 6
21276 6
21277 1
21278 4
21279 0
21280 9
21281 4
21282 4
21283 3
21284 9
21285 5
21286 3
21287 9
21288 1
21289 7
21290 4
21291 2
21292 2
21293 1
21294 1
21295 4
21296 1
21297 9
21298 7
21299 6
21300 6
21301 6
21302 3
21303 9
21304 9
21305 2
21306 1
21307 3
21308 8
21309 1
21310 7
21311 8
21312 2
21313 7
21314 2
21315 0
21316 3
21317 0
21318 8
21319 6
21320 2
21321 0
21322 3
21323 1
21324 4
21325 6
21326 4
21327 2
21328 4
21329 2
21330 2
21331 6
21332 1
21333 1
21334 3
21335 1
21336 3
21337 2
21338 9
21339 7
21340 8
21341 2
21342 8
21343 1
21344 8
21345 5
21346 4
21347 6
21348 0
21349 7
21350 6
21351 1
21352 0
21353 0
21354 7
21355 9
21356 3
21357 8
21358 9
21359 8
21360 7
21361 4
21362 9
21363 5
21364 6
21365 0
21366 5
21367 6
21368 3
21369 5
21370 7
21371 7
21372 7
21373 5
21374 8
21375 4
21376 7
21377 2
21378 9
21379 5
21380 3
21381 7
21382 1
21383 0
21384 4
21385 1
21386 8
21387 2
21388 0
21389 3
21390 1
21391 1
21392 9
21393 0
21394 5
21395 6
21396 6
21397 6
21398 1
21399 8
21400 6
21401 2
21402 3
21403 2
21404 1
21405 2
21406 6
21407 4
21408 2
21409 8
21410 4
21411 8
21412 9
21413 0
21414 5
21415 5
21416 0
21417 9
21418 0
21419 3
21420 4
21421 6
21422 7
21423 5
21424 5
21425 2
21426 1
21427 4
21428 6
21429 7
21430 2
21431 7
21432 0
21433 2
21434 6
21435 5
21436 2
21437 8
21438 4
21439 4
21440 8
21441 1
21442 4
21443 0
21444 7
21445 4
21446 2
21447 7
21448 0
21449 1
21450 1
21451 6
21452 0
21453 1
21454 2
21455 3
21456 4
21457 3
21458 6
21459 6
21460 6
21461 8
21462 7
21463 9
21464 3
21465 2
21466 5
21467 4
21468 6
21469 5
21470 2
21471 2
21472 2
21473 3
21474 9
21475 1
21476 9
21477 8
21478 1
21479 5
21480 0
21481 8
21482 1
21483 1
21484 0
21485 0
21486 7
21487 9
21488 6
21489 2
21490 1
21491 0
21492 3
21493 1
21494 0
21495 4
21496 6
21497 8
21498 0
21499 2
21500 8
21501 6
21502 2
21503 2
21504 7
21505 3
21506 5
21507 4
21508 6
21509 1
21510 2
21511 3
21512 4
21513 5
21514 0
21515 7
21516 4
21517 1
21518 3
21519 8
21520 3
21521 2
21522 6
21523 6
21524 2
21525 5
21526 7
21527 2
21528 7
21529 8
21530 9
21531 7
21532 3
21533 0
21534 9
21535 0
21536 2
21537 5
21538 2
21539 0
21540 4
21541 1
21542 8
21543 0
21544 0
21545 4
21546 2
21547 8
21548 5
21549 9
21550 9
21551 0
21552 6
21553 1
21554 4
21555 1
21556 8
21557 9
21558 0
21559 2
21560 8
21561 9
21562 5
21563 7
21564 5
21565 3
21566 7
21567 4
21568 9
21569 4
21570 0
21571 7
21572 8
21573 5
21574 7
21575 3
21576 2
21577 3
21578 5
21579 7
21580 3
21581 3
21582 0
21583 7
21584 2
21585 0
21586 8
21587 3
21588 6
21589 6
21590 0
21591 2
21592 8
21593 5
21594 4
21595 6
21596 8
21597 3
21598 9
21599 5
21600 4
21601 5
21602 5
21603 6
21604 4
21605 0
21606 0
21607 9
21608 9
21609 9
21610 5
21611 0
21612 6
21613 2
21614 3
21615 9
21616 4
21617 2
21618 1
21619 5
21620 5
21621 0
21622 3
21623 0
21624 0
21625 7
21626 2
21627 9
21628 1
21629 0
21630 5
21631 6
21632 2
21633 7
21634 3
21635 3
21636 9
21637 3
21638 7
21639 6
21640 5
21641 1
21642 1
21643 3
21644 7
21645 7
21646 0
21647 1
21648 6
21649 8
21650 0
21651 3
21652 7
21653 6
21654 1
21655 7
21656 7
21657 3
21658 6
21659 4
21660 7
21661 4
21662 7
21663 9
21664 9
21665 1
21666 2
21667 0
21668 3
21669 0
21670 0
21671 0
21672 4
21673 8
21674 4
21675 3
21676 5
21677 4
21678 5
21679 4
21680 7
21681 4
21682 8
21683 2
21684 3
21685 3
21686 2
21687 1
21688 5
21689 8
21690 9
21691 9
21692 4
21693 7
21694 6
21695 9
21696 1
21697 6
21698 6
21699 7
21700 2
21701 3
21702 5
21703 0
21704 5
21705 3
21706 8
21707 1
21708 5
21709 5
21710 0
21711 0
21712 1
21713 5
21714 5
21715 1
21716 1
21717 1
21718 3
21719 8
21720 0
21721 9
21722 0
21723 8
21724 5
21725 4
21726 8
21727 4
21728 8
21729 9
21730 8
21731 2
21732 8
21733 3
21734 2
21735 3
21736 6
21737 9
21738 0
21739 5
21740 9
21741 2
21742 8
21743 3
21744 4
21745 7
21746 3
21747 2
21748 4
21749 0
21750 8
21751 5
21752 0
21753 4
21754 5
21755 7
21756 9
21757 5
21758 7
21759 4
21760 3
21761 8
21762 9
21763 1
21764 5
21765 4
21766 8
21767 9
21768 5
21769 7
21770 4
21771 2
21772 7
21773 1
21774 3
21775 7
21776 2
21777 3
21778 7
21779 0
21780 4
21781 8
21782 5
21783 1
21784 3
21785 6
21786 5
21787 9
21788 1
21789 7
21790 0
21791 6
21792 0
21793 1
21794 6
21795 7
21796 7
21797 7
21798 4
21799 4
21800 2
21801 1
21802 0
21803 2
21804 8
21805 2
21806 9
21807 1
21808 8
21809 6
21810 6
21811 1
21812 0
21813 1
21814 0
21815 8
21816 9
21817 7
21818 7
21819 3
21820 1
21821 1
21822 3
21823 6
21824 8
21825 2
21826 3
21827 2
21828 9
21829 0
21830 9
21831 3
21832 9
21833 3
21834 6
21835 0
21836 9
21837 8
21838 3
21839 4
21840 8
21841 7
21842 5
21843 3
21844 0
21845 4
21846 4
21847 7
21848 3
21849 9
21850 4
21851 4
21852 5
21853 7
21854 5
21855 1
21856 5
21857 6
21858 8
21859 0
21860 7
21861 9
21862 8
21863 9
21864 7
21865 7
21866 6
21867 2
21868 9
21869 8
21870 2
21871 6
21872 4
21873 1
21874 5
21875 5
21876 6
21877 0
21878 7
21879 6
21880 3
21881 8
21882 6
21883 8
21884 5
21885 6
21886 0
21887 5
21888 0
21889 7
21890 0
21891 3
21892 9
21893 1
21894 9
21895 0
21896 9
21897 2
21898 1
21899 0
21900 6
21901 8
21902 0
21903 7
21904 4
21905 7
21906 0
21907 1
21908 4
21909 4
21910 0
21911 6
21912 8
21913 8
21914 1
21915 9
21916 3
21917 2
21918 0
21919 3
21920 7
21921 4
21922 9
21923 1
21924 6
21925 1
21926 5
21927 1
21928 9
21929 8
21930 2
21931 1
21932 1
21933 4
21934 8
21935 9
21936 2
21937 5
21938 1
21939 1
21940 9
21941 2
21942 3
21943 8
21944 3
21945 1
21946 5
21947 4
21948 5
21949 2
21950 3
21951 4
21952 8
21953 9
21954 4
21955 3
21956 6
21957 3
21958 1
21959 0
21960 0
21961 5
21962 3
21963 4
21964 0
21965 7
21966 1
21967 9
21968 6
21969 1
21970 1
21971 7
21972 8
21973 9
21974 7
21975 4
21976 6
21977 0
21978 7
21979 7
21980 9
21981 7
21982 3
21983 8
21984 0
21985 8
21986 6
21987 0
21988 7
21989 3
21990 0
21991 5
21992 5
21993 0
21994 5
21995 7
21996 6
21997 0
21998 4
21999 0
22000 8
22001 1
22002 4
22003 8
22004 3
22005 4
22006 3
22007 9
22008 6
22009 9
22010 4
22011 6
22012 1
22013 1
22014 9
22015 5
22016 8
22017 7
22018 1
22019 0
22020 1
22021 2
22022 9
22023 4
22024 0
22025 8
22026 5
22027 7
22028 4
22029 9
22030 2
22031 1
22032 7
22033 4
22034 2
22035 2
22036 0
22037 4
22038 5
22039 7
22040 3
22041 9
22042 0
22043 7
22044 3
22045 7
22046 3
22047 9
22048 3
22049 9
22050 6
22051 0
22052 7
22053 2
22054 2
22055 9
22056 4
22057 3
22058 7
22059 7
22060 3
22061 2
22062 9
22063 6
22064 2
22065 0
22066 3
22067 2
22068 9
22069 0
22070 7
22071 5
22072 7
22073 6
22074 1
22075 8
22076 0
22077 0
22078 7
22079 1
22080 8
22081 2
22082 9
22083 6
22084 4
22085 9
22086 0
22087 6
22088 2
22089 4
22090 3
22091 4
22092 6
22093 4
22094 8
22095 3
22096 1
22097 2
22098 0
22099 7
22100 7
22101 9
22102 6
22103 7
22104 6
22105 9
22106 5
22107 1
22108 5
22109 1
22110 5
22111 8
22112 3
22113 6
22114 8
22115 8
22116 1
22117 6
22118 9
22119 8
22120 1
22121 4
22122 6
22123 5
22124 8
22125 0
22126 1
22127 2
22128 6
22129 4
22130 0
22131 7
22132 9
22133 7
22134 8
22135 4
22136 7
22137 3
22138 8
22139 1
22140 3
22141 6
22142 0
22143 7
22144 9
22145 7
22146 1
22147 0
22148 9
22149 6
22150 4
22151 9
22152 4
22153 8
22154 3
22155 4
22156 5
22157 4
22158 7
22159 8
22160 8
22161 4
22162 3
22163 3
22164 5
22165 3
22166 1
22167 2
22168 7
22169 4
22170 8
22171 7
22172 3
22173 0
22174 4
22175 8
22176 7
22177 7
22178 6
22179 8
22180 8
22181 4
22182 0
22183 2
22184 9
22185 6
22186 2
22187 5
22188 6
22189 6
22190 8
22191 9
22192 5
22193 7
22194 4
22195 4
22196 3
22197 1
22198 5
22199 9
22200 5
22201 8
22202 0
22203 7
22204 9
22205 9
22206 7
22207 6
22208 4
22209 6
22210 0
22211 3
22212 6
22213 0
22214 4
22215 3
22216 0
22217 2
22218 8
22219 1
22220 3
22221 4
22222 0
22223 8
22224 9
22225 4
22226 2
22227 7
22228 1
22229 7
22230 7
22231 2
22232 1
22233 5
22234 3
22235 8
22236 3
22237 1
22238 4
22239 1
22240 0
22241 8
22242 6
22243 0
22244 8
22245 2
22246 5
22247 6
22248 4
22249 8
22250 7
22251 8
22252 6
22253 0
22254 5
22255 7
22256 5
22257 0
22258 4
22259 9
22260 3
22261 5
22262 5
22263 6
22264 3
22265 2
22266 0
22267 4
22268 6
22269 0
22270 4
22271 8
22272 6
22273 9
22274 8
22275 4
22276 1
22277 0
22278 6
22279 1
22280 9
22281 3
22282 6
22283 6
22284 6
22285 4
22286 1
22287 0
22288 0
22289 6
22290 5
22291 1
22292 9
22293 7
22294 8
22295 4
22296 7
22297 3
22298 6
22299 4
22300 7
22301 8
22302 5
22303 5
22304 2
22305 5
22306 8
22307 8
22308 6
22309 3
22310 0
22311 8
22312 5
22313 9
22314 1
22315 1
22316 1
22317 8
22318 0
22319 7
22320 8
22321 8
22322 5
22323 5
22324 0
22325 9
22326 1
22327 8
22328 5
22329 4
22330 0
22331 2
22332 2
22333 2
22334 8
22335 7
22336 7
22337 1
22338 8
22339 7
22340 1
22341 3
22342 1
22343 8
22344 0
22345 6
22346 6
22347 6
22348 7
22349 8
22350 4
22351 0
22352 9
22353 3
22354 0
22355 3
22356 1
22357 0
22358 7
22359 7
22360 7
22361 1
22362 4
22363 6
22364 7
22365 9
22366 1
22367 8
22368 0
22369 6
22370 3
22371 2
22372 4
22373 5
22374 2
22375 2
22376 8
22377 1
22378 4
22379 3
22380 1
22381 5
22382 8
22383 5
22384 3
22385 2
22386 5
22387 3
22388 6
22389 0
22390 3
22391 1
22392 7
22393 6
22394 2
22395 4
22396 0
22397 0
22398 4
22399 8
22400 4
22401 1
22402 0
22403 2
22404 9
22405 4
22406 3
22407 6
22408 3
22409 1
22410 6
22411 7
22412 9
22413 5
22414 9
22415 5
22416 0
22417 4
22418 0
22419 7
22420 2
22421 4
22422 4
22423 5
22424 1
22425 1
22426 4
22427 3
22428 5
22429 2
22430 4
22431 1
22432 9
22433 9
22434 6
22435 1
22436 8
22437 8
22438 8
22439 5
22440 2
22441 8
22442 4
22443 0
22444 5
22445 0
22446 6
22447 2
22448 8
22449 4
22450 2
22451 5
22452 5
22453 9
22454 9
22455 3
22456 1
22457 3
22458 9
22459 6
22460 1
22461 8
22462 2
22463 6
22464 1
22465 7
22466 0
22467 6
22468 9
22469 9
22470 4
22471 0
22472 3
22473 6
22474 0
22475 3
22476 4
22477 3
22478 6
22479 7
22480 3
22481 6
22482 4
22483 5
22484 2
22485 5
22486 8
22487 6
22488 6
22489 5
22490 1
22491 9
22492 0
22493 2
22494 0
22495 1
22496 6
22497 0
22498 3
22499 7
22500 4
22501 3
22502 1
22503 3
22504 9
22505 0
22506 4
22507 6
22508 6
22509 9
22510 6
22511 7
22512 5
22513 1
22514 3
22515 7
22516 7
22517 2
22518 0
22519 2
22520 6
22521 0
22522 6
22523 1
22524 8
22525 0
22526 9
22527 1
22528 2
22529 6
22530 2
22531 0
22532 5
22533 1
22534 5
22535 2
22536 6
22537 8
22538 1
22539 5
22540 0
22541 0
22542 4
22543 4
22544 8
22545 8
22546 6
22547 0
22548 2
22549 4
22550 3
22551 7
22552 3
22553 1
22554 7
22555 8
22556 6
22557 9
22558 6
22559 3
22560 6
22561 1
22562 1
22563 2
22564 8
22565 9
22566 4
22567 4
22568 4
22569 0
22570 6
22571 3
22572 2
22573 6
22574 9
22575 1
22576 7
22577 3
22578 4
22579 5
22580 7
22581 0
22582 2
22583 0
22584 3
22585 9
22586 6
22587 9
22588 1
22589 8
22590 6
22591 4
22592 7
22593 0
22594 6
22595 4
22596 0
22597 6
22598 3
22599 3
22600 8
22601 1
22602 6
22603 6
22604 1
22605 7
22606 4
22607 5
22608 5
22609 8
22610 5
22611 8
22612 9
22613 4
22614 7
22615 2
22616 5
22617 0
22618 7
22619 7
22620 2
22621 8
22622 9
22623 3
22624 5
22625 9
22626 1
22627 9
22628 1
22629 9
22630 1
22631 0
22632 2
22633 7
22634 3
22635 1
22636 7
22637 5
22638 6
22639 5
22640 8
22641 7
22642 9
22643 7
22644 9
22645 1
22646 5
22647 1
22648 1
22649 6
22650 0
22651 7
22652 0
22653 0
22654 6
22655 9
22656 7
22657 4
22658 6
22659 6
22660 3
22661 9
22662 2
22663 0
22664 3
22665 7
22666 5
22667 7
22668 7
22669 7
22670 8
22671 7
22672 2
22673 6
22674 5
22675 8
22676 2
22677 4
22678 9
22679 6
22680 6
22681 8
22682 5
22683 9
22684 9
22685 4
22686 6
22687 4
22688 7
22689 1
22690 5
22691 5
22692 9
22693 9
22694 4
22695 6
22696 0
22697 6
22698 9
22699 6
22700 3
22701 2
22702 6
22703 3
22704 6
22705 7
22706 8
22707 2
22708 0
22709 1
22710 4
22711 8
22712 8
22713 3
22714 1
22715 4
22716 8
22717 7
22718 7
22719 6
22720 1
22721 5
22722 6
22723 3
22724 4
22725 6
22726 9
22727 2
22728 4
22729 3
22730 7
22731 3
22732 3
22733 8
22734 6
22735 2
22736 1
22737 3
22738 1
22739 4
22740 2
22741 6
22742 5
22743 1
22744 8
22745 3
22746 1
22747 5
22748 5
22749 5
22750 2
22751 4
22752 6
22753 4
22754 6
22755 3
22756 5
22757 8
22758 7
22759 9
22760 0
22761 4
22762 4
22763 6
22764 4
22765 9
22766 6
22767 0
22768 5
22769 3
22770 2
22771 9
22772 1
22773 6
22774 6
22775 6
22776 3
22777 0
22778 5
22779 8
22780 7
22781 3
22782 6
22783 2
22784 0
22785 8
22786 3
22787 8
22788 2
22789 1
22790 5
22791 7
22792 4
22793 6
22794 1
22795 4
22796 0
22797 2
22798 3
22799 5
22800 0
22801 4
22802 1
22803 8
22804 2
22805 4
22806 9
22807 9
22808 6
22809 7
22810 5
22811 6
22812 6
22813 8
22814 1
22815 9
22816 2
22817 7
22818 5
22819 4
22820 0
22821 9
22822 3
22823 2
22824 7
22825 1
22826 7
22827 0
22828 5
22829 9
22830 0
22831 4
22832 7
22833 2
22834 7
22835 0
22836 6
22837 8
22838 4
22839 2
22840 5
22841 6
22842 0
22843 6
22844 9
22845 4
22846 9
22847 0
22848 0
22849 5
22850 5
22851 4
22852 8
22853 1
22854 9
22855 3
22856 2
22857 3
22858 1
22859 5
22860 5
22861 2
22862 1
22863 9
22864 8
22865 8
22866 7
22867 2
22868 0
22869 1
22870 4
22871 4
22872 1
22873 0
22874 6
22875 6
22876 4
22877 5
22878 5
22879 8
22880 9
22881 5
22882 8
22883 2
22884 9
22885 3
22886 9
22887 0
22888 3
22889 4
22890 5
22891 6
22892 2
22893 6
22894 7
22895 2
22896 8
22897 0
22898 8
22899 4
22900 9
22901 6
22902 0
22903 6
22904 9
22905 5
22906 3
22907 7
22908 0
22909 1
22910 8
22911 0
22912 7
22913 8
22914 0
22915 9
22916 8
22917 0
22918 7
22919 1
22920 2
22921 4
22922 7
22923 0
22924 2
22925 2
22926 5
22927 5
22928 0
22929 0
22930 8
22931 0
22932 0
22933 9
22934 2
22935 9
22936 2
22937 2
22938 0
22939 0
22940 7
22941 4
22942 2
22943 5
22944 5
22945 3
22946 8
22947 1
22948 1
22949 6
22950 8
22951 2
22952 2
22953 8
22954 8
22955 2
22956 3
22957 7
22958 6
22959 7
22960 9
22961 2
22962 0
22963 3
22964 2
22965 4
22966 7
22967 6
22968 4
22969 6
22970 2
22971 5
22972 0
22973 5
22974 0
22975 9
22976 9
22977 2
22978 2
22979 7
22980 9
22981 6
22982 4
22983 2
22984 8
22985 4
22986 3
22987 7
22988 0
22989 4
22990 4
22991 1
22992 3
22993 5
22994 2
22995 0
22996 7
22997 8
22998 2
22999 3
23000 2
23001 3
23002 9
23003 3
23004 5
23005 3
23006 4
23007 0
23008 7
23009 3
23010 5
23011 4
23012 8
23013 0
23014 5
23015 2
23016 0
23017 3
23018 6
23019 9
23020 4
23021 9
23022 3
23023 6
23024 7
23025 6
23026 5
23027 2
23028 6
23029 8
23030 4
23031 4
23032 1
23033 3
23034 2
23035 6
23036 2
23037 8
23038 0
23039 2
23040 2
23041 9
23042 6
23043 9
23044 2
23045 1
23046 0
23047 6
23048 9
23049 9
23050 9
23051 8
23052 3
23053 0
23054 1
23055 7
23056 9
23057 8
23058 0
23059 9
23060 5
23061 6
23062 9
23063 6
23064 7
23065 6
23066 2
23067 2
23068 4
23069 9
23070 8
23071 3
23072 1
23073 2
23074 3
23075 0
23076 5
23077 7
23078 7
23079 6
23080 9
23081 8
23082 5
23083 1
23084 2
23085 1
23086 6
23087 4
23088 5
23089 5
23090 1
23091 5
23092 8
23093 1
23094 1
23095 2
23096 6
23097 6
23098 6
23099 6
23100 1
23101 9
23102 1
23103 4
23104 0
23105 9
23106 6
23107 8
23108 2
23109 9
23110 5
23111 2
23112 2
23113 4
23114 4
23115 9
23116 7
23117 3
23118 3
23119 0
23120 4
23121 2
23122 4
23123 0
23124 8
23125 2
23126 8
23127 2
23128 9
23129 5
23130 9
23131 5
23132 6
23133 0
23134 4
23135 1
23136 3
23137 6
23138 6
23139 9
23140 3
23141 9
23142 5
23143 3
23144 8
23145 0
23146 1
23147 3
23148 3
23149 5
23150 0
23151 6
23152 2
23153 6
23154 7
23155 6
23156 9
23157 2
23158 8
23159 6
23160 0
23161 4
23162 4
23163 1
23164 2
23165 9
23166 4
23167 0
23168 9
23169 6
23170 6
23171 9
23172 8
23173 6
23174 2
23175 9
23176 1
23177 8
23178 8
23179 3
23180 2
23181 7
23182 3
23183 7
23184 6
23185 7
23186 3
23187 7
23188 8
23189 9
23190 9
23191 7
23192 3
23193 6
23194 8
23195 7
23196 7
23197 7
23198 1
23199 9
23200 5
23201 3
23202 8
23203 8
23204 6
23205 1
23206 6
23207 9
23208 0
23209 2
23210 0
23211 5
23212 9
23213 4
23214 3
23215 2
23216 9
23217 7
23218 9
23219 2
23220 2
23221 2
23222 2
23223 8
23224 2
23225 7
23226 1
23227 7
23228 8
23229 0
23230 3
23231 8
23232 5
23233 5
23234 1
23235 4
23236 6
23237 1
23238 4
23239 1
23240 7
23241 8
23242 3
23243 1
23244 6
23245 0
23246 5
23247 5
23248 6
23249 7
23250 8
23251 6
23252 5
23253 0
23254 3
23255 6
23256 1
23257 2
23258 3
23259 9
23260 6
23261 7
23262 6
23263 0
23264 1
23265 8
23266 2
23267 5
23268 9
23269 0
23270 0
23271 2
23272 6
23273 3
23274 2
23275 9
23276 5
23277 7
23278 5
23279 9
23280 8
23281 4
23282 6
23283 0
23284 8
23285 3
23286 6
23287 2
23288 6
23289 1
23290 4
23291 2
23292 5
23293 4
23294 6
23295 1
23296 5
23297 4
23298 8
23299 0
23300 7
23301 7
23302 4
23303 1
23304 9
23305 7
23306 6
23307 5
23308 4
23309 9
23310 2
23311 6
23312 0
23313 6
23314 7
23315 7
23316 7
23317 9
23318 3
23319 2
23320 9
23321 6
23322 8
23323 5
23324 0
23325 4
23326 8
23327 7
23328 6
23329 2
23330 6
23331 8
23332 8
23333 3
23334 7
23335 9
23336 1
23337 0
23338 3
23339 7
23340 6
23341 9
23342 3
23343 6
23344 4
23345 5
23346 7
23347 6
23348 2
23349 8
23350 6
23351 5
23352 3
23353 9
23354 0
23355 2
23356 5
23357 1
23358 0
23359 6
23360 7
23361 1
23362 5
23363 6
23364 1
23365 1
23366 3
23367 7
23368 9
23369 2
23370 6
23371 3
23372 1
23373 4
23374 7
23375 9
23376 0
23377 8
23378 9
23379 9
23380 5
23381 8
23382 2
23383 4
23384 7
23385 9
23386 1
23387 6
23388 1
23389 6
23390 5
23391 3
23392 7
23393 6
23394 4
23395 3
23396 1
23397 3
23398 7
23399 5
23400 1
23401 8
23402 9
23403 1
23404 6
23405 2
23406 6
23407 2
23408 3
23409 0
23410 4
23411 9
23412 9
23413 5
23414 6
23415 5
23416 0
23417 1
23418 6
23419 5
23420 3
23421 2
23422 0
23423 0
23424 1
23425 6
23426 7
23427 7
23428 8
23429 4
23430 0
23431 2
23432 0
23433 7
23434 3
23435 1
23436 3
23437 6
23438 4
23439 5
23440 6
23441 2
23442 8
23443 7
23444 0
23445 9
23446 5
23447 7
23448 2
23449 8
23450 0
23451 6
23452 9
23453 0
23454 6
23455 0
23456 6
23457 6
23458 8
23459 5
23460 8
23461 0
23462 1
23463 6
23464 5
23465 1
23466 1
23467 8
23468 4
23469 3
23470 8
23471 7
23472 9
23473 6
23474 8
23475 1
23476 0
23477 4
23478 2
23479 0
23480 0
23481 9
23482 7
23483 3
23484 8
23485 4
23486 6
23487 7
23488 1
23489 4
23490 8
23491 1
23492 7
23493 3
23494 8
23495 6
23496 5
23497 6
23498 9
23499 3
23500 7
23501 6
23502 3
23503 3
23504 7
23505 4
23506 6
23507 7
23508 0
23509 5
23510 0
23511 5
23512 3
23513 0
23514 8
23515 1
23516 1
23517 9
23518 4
23519 4
23520 1
23521 1
23522 2
23523 4
23524 0
23525 1
23526 0
23527 3
23528 8
23529 6
23530 1
23531 0
23532 9
23533 3
23534 2
23535 2
23536 3
23537 6
23538 6
23539 2
23540 3
23541 0
23542 2
23543 2
23544 8
23545 2
23546 0
23547 4
23548 5
23549 8
23550 4
23551 6
23552 2
23553 6
23554 3
23555 5
23556 4
23557 4
23558 2
23559 4
23560 3
23561 8
23562 7
23563 5
23564 1
23565 3
23566 6
23567 0
23568 7
23569 0
23570 7
23571 6
23572 2
23573 6
23574 5
23575 9
23576 0
23577 8
23578 4
23579 0
23580 6
23581 7
23582 6
23583 6
23584 9
23585 6
23586 3
23587 3
23588 1
23589 6
23590 8
23591 9
23592 1
23593 5
23594 3
23595 5
23596 7
23597 0
23598 7
23599 4
23600 0
23601 3
23602 5
23603 8
23604 1
23605 1
23606 6
23607 7
23608 3
23609 0
23610 5
23611 8
23612 9
23613 7
23614 5
23615 4
23616 1
23617 4
23618 6
23619 2
23620 3
23621 2
23622 1
23623 5
23624 7
23625 0
23626 4
23627 0
23628 1
23629 7
23630 9
23631 2
23632 8
23633 4
23634 5
23635 6
23636 3
23637 8
23638 3
23639 9
23640 2
23641 0
23642 3
23643 8
23644 0
23645 1
23646 3
23647 4
23648 2
23649 4
23650 2
23651 3
23652 7
23653 2
23654 3
23655 6
23656 0
23657 8
23658 9
23659 1
23660 9
23661 0
23662 7
23663 4
23664 8
23665 9
23666 5
23667 4
23668 4
23669 8
23670 1
23671 9
23672 6
23673 8
23674 5
23675 0
23676 6
23677 8
23678 8
23679 0
23680 8
23681 0
23682 6
23683 8
23684 9
23685 3
23686 5
23687 5
23688 9
23689 0
23690 3
23691 9
23692 0
23693 0
23694 8
23695 5
23696 4
23697 8
23698 0
23699 8
23700 9
23701 3
23702 7
23703 7
23704 9
23705 1
23706 0
23707 4
23708 7
23709 9
23710 1
23711 5
23712 9
23713 4
23714 0
23715 5
23716 0
23717 9
23718 8
23719 1
23720 9
23721 9
23722 4
23723 5
23724 7
23725 3
23726 2
23727 4
23728 2
23729 8
23730 5
23731 3
23732 7
23733 3
23734 3
23735 6
23736 8
23737 0
23738 6
23739 2
23740 9
23741 8
23742 6
23743 2
23744 9
23745 3
23746 1
23747 6
23748 2
23749 7
23750 7
23751 3
23752 3
23753 0
23754 5
23755 6
23756 7
23757 3
23758 4
23759 4
23760 4
23761 6
23762 5
23763 3
23764 4
23765 2
23766 5
23767 3
23768 7
23769 8
23770 4
23771 4
23772 5
23773 5
23774 2
23775 4
23776 7
23777 8
23778 2
23779 5
23780 0
23781 3
23782 8
23783 2
23784 2
23785 8
23786 4
23787 9
23788 3
23789 3
23790 8
23791 3
23792 7
23793 9
23794 2
23795 4
23796 5
23797 5
23798 6
23799 2
23800 7
23801 7
23802 8
23803 4
23804 3
23805 1
23806 0
23807 6
23808 0
23809 8
23810 1
23811 3
23812 6
23813 3
23814 3
23815 2
23816 0
23817 7
23818 8
23819 3
23820 8
23821 5
23822 9
23823 5
23824 1
23825 0
23826 3
23827 3
23828 6
23829 4
23830 7
23831 3
23832 5
23833 2
23834 5
23835 7
23836 0
23837 5
23838 9
23839 1
23840 3
23841 7
23842 5
23843 8
23844 9
23845 1
23846 7
23847 4
23848 6
23849 4
23850 9
23851 3
23852 5
23853 0
23854 7
23855 2
23856 7
23857 6
23858 5
23859 5
23860 9
23861 3
23862 1
23863 7
23864 3
23865 4
23866 8
23867 5
23868 1
23869 9
23870 3
23871 4
23872 8
23873 1
23874 7
23875 6
23876 5
23877 8
23878 5
23879 0
23880 0
23881 0
23882 3
23883 9
23884 6
23885 8
23886 6
23887 2
23888 1
23889 0
23890 3
23891 4
23892 3
23893 8
23894 1
23895 7
23896 0
23897 1
23898 0
23899 7
23900 1
23901 8
23902 6
23903 4
23904 5
23905 5
23906 9
23907 1
23908 3
23909 2
23910 3
23911 7
23912 2
23913 6
23914 3
23915 9
23916 6
23917 3
23918 1
23919 8
23920 9
23921 1
23922 2
23923 5
23924 8
23925 2
23926 3
23927 6
23928 4
23929 5
23930 5
23931 6
23932 4
23933 9
23934 8
23935 4
23936 0
23937 2
23938 0
23939 0
23940 5
23941 7
23942 9
23943 9
23944 4
23945 5
23946 6
23947 1
23948 3
23949 9
23950 5
23951 9
23952 0
23953 3
23954 1
23955 7
23956 6
23957 6
23958 6
23959 3
23960 8
23961 5
23962 7
23963 2
23964 6
23965 5
23966 0
23967 0
23968 0
23969 8
23970 9
23971 6
23972 4
23973 6
23974 0
23975 9
23976 6
23977 5
23978 7
23979 2
23980 1
23981 0
23982 0
23983 1
23984 8
23985 7
23986 5
23987 5
23988 2
23989 3
23990 5
23991 3
23992 7
23993 5
23994 4
23995 5
23996 5
23997 6
23998 4
23999 6
24000 9
24001 6
24002 7
24003 2
24004 1
24005 6
24006 8
24007 0
24008 1
24009 3
24010 4
24011 9
24012 9
24013 8
24014 7
24015 9
24016 6
24017 6
24018 5
24019 9
24020 0
24021 1
24022 3
24023 5
24024 7
24025 9
24026 8
24027 2
24028 8
24029 6
24030 2
24031 4
24032 1
24033 1
24034 4
24035 7
24036 2
24037 9
24038 1
24039 2
24040 1
24041 3
24042 8
24043 2
24044 3
24045 0
24046 2
24047 1
24048 0
24049 0
24050 9
24051 1
24052 7
24053 8
24054 7
24055 2
24056 4
24057 1
24058 8
24059 2
24060 2
24061 6
24062 6
24063 2
24064 6
24065 0
24066 0
24067 2
24068 1
24069 3
24070 3
24071 0
24072 3
24073 6
24074 0
24075 9
24076 0
24077 2
24078 2
24079 7
24080 9
24081 3
24082 0
24083 3
24084 4
24085 2
24086 3
24087 1
24088 6
24089 5
24090 5
24091 6
24092 7
24093 8
24094 7
24095 9
24096 7
24097 4
24098 7
24099 7
24100 6
24101 7
24102 8
24103 6
24104 4
24105 8
24106 8
24107 2
24108 0
24109 1
24110 9
24111 0
24112 6
24113 9
24114 1
24115 7
24116 6
24117 9
24118 5
24119 2
24120 5
24121 1
24122 4
24123 3
24124 8
24125 8
24126 5
24127 9
24128 4
24129 4
24130 9
24131 2
24132 1
24133 4
24134 8
24135 9
24136 9
24137 4
24138 6
24139 6
24140 3
24141 9
24142 6
24143 9
24144 8
24145 0
24146 0
24147 7
24148 0
24149 0
24150 2
24151 2
24152 2
24153 4
24154 6
24155 0
24156 8
24157 1
24158 4
24159 6
24160 8
24161 1
24162 5
24163 4
24164 3
24165 3
24166 3
24167 0
24168 4
24169 7
24170 1
24171 4
24172 3
24173 4
24174 2
24175 0
24176 8
24177 3
24178 4
24179 1
24180 1
24181 1
24182 2
24183 2
24184 3
24185 9
24186 0
24187 6
24188 2
24189 8
24190 3
24191 4
24192 8
24193 3
24194 9
24195 0
24196 6
24197 2
24198 7
24199 1
24200 7
24201 2
24202 2
24203 4
24204 4
24205 8
24206 4
24207 6
24208 3
24209 7
24210 1
24211 0
24212 1
24213 8
24214 7
24215 5
24216 0
24217 8
24218 7
24219 2
24220 7
24221 9
24222 9
24223 8
24224 6
24225 6
24226 9
24227 8
24228 8
24229 0
24230 5
24231 9
24232 2
24233 2
24234 4
24235 7
24236 3
24237 8
24238 9
24239 7
24240 5
24241 8
24242 8
24243 8
24244 0
24245 6
24246 9
24247 5
24248 9
24249 4
24250 3
24251 3
24252 0
24253 3
24254 2
24255 5
24256 8
24257 2
24258 8
24259 7
24260 8
24261 4
24262 8
24263 0
24264 1
24265 7
24266 6
24267 8
24268 2
24269 4
24270 4
24271 6
24272 0
24273 1
24274 0
24275 8
24276 9
24277 1
24278 8
24279 8
24280 5
24281 9
24282 2
24283 6
24284 5
24285 8
24286 6
24287 0
24288 7
24289 4
24290 9
24291 7
24292 6
24293 0
24294 5
24295 7
24296 9
24297 4
24298 2
24299 2
24300 9
24301 6
24302 1
24303 6
24304 4
24305 6
24306 1
24307 9
24308 1
24309 6
24310 4
24311 4
24312 3
24313 4
24314 1
24315 4
24316 2
24317 4
24318 8
24319 7
24320 9
24321 5
24322 5
24323 2
24324 3
24325 1
24326 9
24327 0
24328 2
24329 2
24330 1
24331 9
24332 6
24333 6
24334 9
24335 0
24336 9
24337 7
24338 7
24339 8
24340 2
24341 5
24342 2
24343 9
24344 4
24345 8
24346 7
24347 1
24348 9
24349 1
24350 2
24351 1
24352 9
24353 9
24354 4
24355 4
24356 7
24357 3
24358 7
24359 9
24360 0
24361 1
24362 2
24363 1
24364 6
24365 8
24366 6
24367 8
24368 3
24369 9
24370 6
24371 4
24372 2
24373 3
24374 8
24375 4
24376 3
24377 6
24378 3
24379 8
24380 8
24381 9
24382 0
24383 4
24384 0
24385 8
24386 8
24387 4
24388 0
24389 4
24390 3
24391 7
24392 4
24393 6
24394 3
24395 6
24396 4
24397 2
24398 3
24399 8
24400 6
24401 0
24402 6
24403 0
24404 4
24405 6
24406 0
24407 1
24408 4
24409 2
24410 1
24411 3
24412 1
24413 0
24414 1
24415 9
24416 3
24417 1
24418 0
24419 2
24420 2
24421 8
24422 0
24423 0
24424 8
24425 9
24426 6
24427 0
24428 2
24429 8
24430 7
24431 5
24432 1
24433 1
24434 6
24435 0
24436 7
24437 7
24438 3
24439 8
24440 2
24441 4
24442 4
24443 9
24444 9
24445 6
24446 9
24447 9
24448 1
24449 8
24450 1
24451 7
24452 6
24453 8
24454 6
24455 7
24456 2
24457 7
24458 4
24459 1
24460 7
24461 0
24462 7
24463 5
24464 7
24465 3
24466 6
24467 2
24468 9
24469 6
24470 7
24471 4
24472 7
24473 7
24474 9
24475 9
24476 4
24477 3
24478 5
24479 9
24480 3
24481 5
24482 5
24483 4
24484 8
24485 7
24486 4
24487 7
24488 6
24489 3
24490 4
24491 8
24492 0
24493 0
24494 9
24495 8
24496 1
24497 6
24498 5
24499 1
24500 7
24501 9
24502 7
24503 6
24504 3
24505 7
24506 5
24507 9
24508 3
24509 9
24510 9
24511 7
24512 4
24513 4
24514 3
24515 8
24516 6
24517 0
24518 8
24519 5
24520 1
24521 4
24522 6
24523 5
24524 1
24525 5
24526 6
24527 3
24528 2
24529 8
24530 8
24531 5
24532 0
24533 9
24534 5
24535 7
24536 8
24537 7
24538 1
24539 7
24540 8
24541 2
24542 9
24543 0
24544 8
24545 0
24546 8
24547 4
24548 2
24549 5
24550 9
24551 5
24552 1
24553 2
24554 5
24555 2
24556 7
24557 0
24558 7
24559 2
24560 2
24561 7
24562 5
24563 1
24564 5
24565 0
24566 4
24567 5
24568 5
24569 9
24570 6
24571 3
24572 8
24573 3
24574 7
24575 3
24576 2
24577 0
24578 8
24579 7
24580 9
24581 5
24582 2
24583 0
24584 1
24585 8
24586 0
24587 2
24588 6
24589 3
24590 0
24591 8
24592 1
24593 9
24594 9
24595 2
24596 8
24597 3
24598 1
24599 2
24600 1
24601 1
24602 9
24603 7
24604 0
24605 3
24606 7
24607 8
24608 2
24609 4
24610 4
24611 3
24612 3
24613 5
24614 4
24615 9
24616 1
24617 3
24618 1
24619 5
24620 1
24621 8
24622 3
24623 7
24624 4
24625 0
24626 2
24627 5
24628 5
24629 1
24630 5
24631 3
24632 8
24633 5
24634 1
24635 4
24636 2
24637 6
24638 0
24639 6
24640 9
24641 6
24642 4
24643 3
24644 9
24645 9
24646 4
24647 6
24648 7
24649 0
24650 8
24651 8
24652 8
24653 0
24654 4
24655 3
24656 3
24657 3
24658 0
24659 0
24660 5
24661 6
24662 0
24663 2
24664 1
24665 3
24666 6
24667 4
24668 7
24669 1
24670 6
24671 9
24672 3
24673 9
24674 5
24675 8
24676 7
24677 7
24678 4
24679 6
24680 7
24681 4
24682 4
24683 7
24684 1
24685 4
24686 6
24687 2
24688 7
24689 2
24690 2
24691 6
24692 4
24693 6
24694 8
24695 9
24696 1
24697 4
24698 0
24699 1
24700 5
24701 6
24702 5
24703 6
24704 7
24705 7
24706 2
24707 0
24708 5
24709 1
24710 9
24711 2
24712 8
24713 5
24714 7
24715 8
24716 8
24717 8
24718 0
24719 0
24720 0
24721 4
24722 0
24723 3
24724 0
24725 4
24726 1
24727 1
24728 4
24729 8
24730 3
24731 6
24732 4
24733 2
24734 5
24735 1
24736 8
24737 8
24738 4
24739 8
24740 0
24741 5
24742 8
24743 3
24744 5
24745 2
24746 7
24747 0
24748 6
24749 0
24750 7
24751 1
24752 7
24753 5
24754 3
24755 9
24756 6
24757 3
24758 1
24759 3
24760 1
24761 0
24762 3
24763 7
24764 3
24765 8
24766 3
24767 1
24768 5
24769 4
24770 1
24771 4
24772 5
24773 7
24774 6
24775 1
24776 9
24777 6
24778 8
24779 1
24780 7
24781 4
24782 5
24783 3
24784 9
24785 2
24786 9
24787 9
24788 7
24789 0
24790 1
24791 8
24792 1
24793 9
24794 4
24795 5
24796 1
24797 3
24798 0
24799 3
24800 9
24801 4
24802 2
24803 6
24804 2
24805 0
24806 7
24807 0
24808 5
24809 9
24810 8
24811 8
24812 6
24813 9
24814 2
24815 5
24816 2
24817 1
24818 1
24819 4
24820 2
24821 6
24822 0
24823 2
24824 6
24825 8
24826 7
24827 3
24828 6
24829 9
24830 1
24831 6
24832 7
24833 2
24834 8
24835 4
24836 5
24837 9
24838 5
24839 4
24840 6
24841 7
24842 0
24843 4
24844 2
24845 4
24846 2
24847 3
24848 9
24849 0
24850 3
24851 1
24852 6
24853 7
24854 2
24855 6
24856 4
24857 7
24858 2
24859 4
24860 8
24861 5
24862 0
24863 9
24864 3
24865 4
24866 6
24867 1
24868 5
24869 9
24870 5
24871 0
24872 6
24873 0
24874 5
24875 2
24876 9
24877 3
24878 6
24879 8
24880 2
24881 9
24882 6
24883 4
24884 9
24885 6
24886 3
24887 9
24888 3
24889 8
24890 3
24891 0
24892 6
24893 0
24894 5
24895 4
24896 9
24897 4
24898 5
24899 1
24900 3
24901 6
24902 6
24903 9
24904 3
24905 1
24906 3
24907 8
24908 6
24909 2
24910 0
24911 3
24912 3
24913 0
24914 5
24915 1
24916 8
24917 9
24918 8
24919 9
24920 5
24921 3
24922 7
24923 1
24924 3
24925 2
24926 5
24927 7
24928 7
24929 8
24930 2
24931 0
24932 8
24933 8
24934 8
24935 5
24936 4
24937 0
24938 8
24939 7
24940 2
24941 4
24942 8
24943 7
24944 5
24945 5
24946 0
24947 7
24948 5
24949 6
24950 6
24951 5
24952 0
24953 0
24954 1
24955 2
24956 8
24957 8
24958 9
24959 5
24960 8
24961 3
24962 5
24963 7
24964 5
24965 6
24966 9
24967 8
24968 1
24969 2
24970 2
24971 3
24972 0
24973 4
24974 3
24975 4
24976 2
24977 7
24978 8
24979 2
24980 3
24981 8
24982 2
24983 6
24984 8
24985 3
24986 9
24987 3
24988 2
24989 0
24990 4
24991 3
24992 0
24993 3
24994 2
24995 2
24996 1
24997 8
24998 2
24999 4
25000 6
25001 9
25002 6
25003 3
25004 5
25005 7
25006 2
25007 0
25008 9
25009 6
25010 0
25011 9
25012 3
25013 3
25014 4
25015 0
25016 8
25017 7
25018 2
25019 3
25020 0
25021 7
25022 2
25023 5
25024 3
25025 1
25026 8
25027 0
25028 6
25029 8
25030 9
25031 7
25032 0
25033 3
25034 9
25035 3
25036 7
25037 4
25038 2
25039 7
25040 8
25041 0
25042 9
25043 6
25044 0
25045 8
25046 3
25047 2
25048 4
25049 8
25050 8
25051 6
25052 5
25053 2
25054 3
25055 2
25056 5
25057 1
25058 3
25059 3
25060 0
25061 2
25062 7
25063 4
25064 4
25065 2
25066 1
25067 2
25068 8
25069 4
25070 7
25071 1
25072 7
25073 5
25074 6
25075 8
25076 3
25077 3
25078 3
25079 8
25080 6
25081 5
25082 6
25083 5
25084 0
25085 5
25086 1
25087 8
25088 3
25089 5
25090 3
25091 2
25092 9
25093 8
25094 9
25095 8
25096 3
25097 0
25098 3
25099 2
25100 2
25101 5
25102 3
25103 9
25104 0
25105 1
25106 2
25107 2
25108 8
25109 6
25110 8
25111 9
25112 7
25113 8
25114 4
25115 6
25116 9
25117 0
25118 3
25119 9
25120 1
25121 3
25122 4
25123 4
25124 6
25125 0
25126 7
25127 6
25128 8
25129 2
25130 1
25131 3
25132 0
25133 0
25134 7
25135 4
25136 2
25137 9
25138 4
25139 4
25140 8
25141 9
25142 0
25143 8
25144 4
25145 4
25146 3
25147 0
25148 7
25149 7
25150 2
25151 4
25152 0
25153 5
25154 9
25155 2
25156 0
25157 7
25158 1
25159 3
25160 5
25161 2
25162 0
25163 9
25164 3
25165 2
25166 0
25167 8
25168 0
25169 3
25170 0
25171 5
25172 4
25173 8
25174 8
25175 6
25176 9
25177 7
25178 2
25179 0
25180 7
25181 0
25182 2
25183 6
25184 2
25185 4
25186 9
25187 3
25188 7
25189 6
25190 9
25191 5
25192 9
25193 2
25194 2
25195 6
25196 4
25197 1
25198 1
25199 4
25200 8
25201 0
25202 9
25203 7
25204 8
25205 4
25206 4
25207 9
25208 4
25209 8
25210 2
25211 5
25212 2
25213 9
25214 7
25215 7
25216 0
25217 4
25218 5
25219 8
25220 2
25221 6
25222 4
25223 4
25224 4
25225 9
25226 9
25227 4
25228 7
25229 1
25230 0
25231 7
25232 6
25233 5
25234 9
25235 8
25236 6
25237 7
25238 3
25239 8
25240 3
25241 3
25242 1
25243 6
25244 4
25245 4
25246 8
25247 3
25248 0
25249 2
25250 1
25251 6
25252 8
25253 5
25254 1
25255 6
25256 7
25257 5
25258 4
25259 7
25260 5
25261 9
25262 1
25263 8
25264 5
25265 5
25266 1
25267 4
25268 5
25269 3
25270 5
25271 6
25272 1
25273 5
25274 5
25275 6
25276 2
25277 4
25278 9
25279 5
25280 7
25281 3
25282 2
25283 6
25284 4
25285 9
25286 3
25287 0
25288 6
25289 9
25290 2
25291 3
25292 6
25293 3
25294 5
25295 2
25296 9
25297 7
25298 0
25299 6
25300 6
25301 1
25302 0
25303 0
25304 2
25305 0
25306 3
25307 0
25308 9
25309 0
25310 0
25311 8
25312 1
25313 9
25314 1
25315 5
25316 2
25317 4
25318 0
25319 4
25320 6
25321 8
25322 8
25323 2
25324 0
25325 3
25326 2
25327 2
25328 5
25329 3
25330 4
25331 1
25332 2
25333 7
25334 3
25335 4
25336 2
25337 2
25338 0
25339 0
25340 8
25341 6
25342 9
25343 6
25344 2
25345 5
25346 3
25347 2
25348 4
25349 1
25350 7
25351 4
25352 4
25353 3
25354 2
25355 0
25356 2
25357 2
25358 5
25359 9
25360 8
25361 5
25362 2
25363 6
25364 8
25365 3
25366 9
25367 4
25368 9
25369 6
25370 6
25371 8
25372 7
25373 4
25374 6
25375 7
25376 2
25377 2
25378 3
25379 8
25380 3
25381 8
25382 0
25383 7
25384 6
25385 4
25386 6
25387 2
25388 2
25389 2
25390 9
25391 6
25392 8
25393 9
25394 0
25395 7
25396 9
25397 7
25398 9
25399 4
25400 0
25401 2
25402 9
25403 4
25404 9
25405 9
25406 0
25407 7
25408 7
25409 1
25410 7
25411 8
25412 4
25413 3
25414 1
25415 7
25416 0
25417 1
25418 9
25419 9
25420 5
25421 5
25422 5
25423 5
25424 7
25425 0
25426 7
25427 9
25428 9
25429 6
25430 4
25431 5
25432 6
25433 4
25434 3
25435 3
25436 5
25437 0
25438 6
25439 9
25440 2
25441 1
25442 7
25443 2
25444 2
25445 2
25446 3
25447 4
25448 6
25449 5
25450 1
25451 8
25452 9
25453 6
25454 5
25455 6
25456 3
25457 9
25458 6
25459 6
25460 4
25461 9
25462 8
25463 5
25464 5
25465 0
25466 8
25467 1
25468 5
25469 6
25470 3
25471 4
25472 8
25473 5
25474 7
25475 9
25476 2
25477 5
25478 6
25479 5
25480 5
25481 5
25482 4
25483 9
25484 7
25485 6
25486 8
25487 8
25488 8
25489 9
25490 6
25491 6
25492 6
25493 4
25494 2
25495 1
25496 5
25497 1
25498 6
25499 0
25500 3
25501 1
25502 1
25503 8
25504 3
25505 2
25506 2
25507 5
25508 4
25509 5
25510 3
25511 8
25512 9
25513 2
25514 9
25515 7
25516 2
25517 1
25518 1
25519 1
25520 9
25521 8
25522 7
25523 6
25524 6
25525 4
25526 0
25527 7
25528 1
25529 8
25530 8
25531 2
25532 7
25533 7
25534 0
25535 6
25536 3
25537 8
25538 2
25539 8
25540 7
25541 2
25542 3
25543 5
25544 7
25545 2
25546 4
25547 8
25548 2
25549 1
25550 4
25551 0
25552 0
25553 6
25554 6
25555 1
25556 5
25557 2
25558 2
25559 9
25560 3
25561 2
25562 9
25563 5
25564 6
25565 5
25566 5
25567 9
25568 3
25569 9
25570 7
25571 9
25572 6
25573 1
25574 2
25575 3
25576 0
25577 7
25578 1
25579 6
25580 9
25581 1
25582 4
25583 8
25584 8
25585 7
25586 8
25587 0
25588 7
25589 1
25590 8
25591 0
25592 3
25593 3
25594 0
25595 2
25596 8
25597 1
25598 9
25599 2
25600 3
25601 8
25602 4
25603 3
25604 5
25605 5
25606 5
25607 6
25608 5
25609 4
25610 9
25611 7
25612 1
25613 8
25614 0
25615 1
25616 4
25617 1
25618 1
25619 1
25620 1
25621 4
25622 2
25623 0
25624 1
25625 5
25626 2
25627 8
25628 1
25629 1
25630 8
25631 9
25632 0
25633 9
25634 4
25635 8
25636 1
25637 1
25638 4
25639 0
25640 1
25641 8
25642 5
25643 3
25644 2
25645 6
25646 6
25647 9
25648 8
25649 7
25650 9
25651 5
25652 4
25653 4
25654 9
25655 0
25656 0
25657 3
25658 8
25659 7
25660 9
25661 9
25662 0
25663 5
25664 7
25665 8
25666 6
25667 8
25668 6
25669 9
25670 7
25671 7
25672 5
25673 1
25674 6
25675 5
25676 5
25677 6
25678 4
25679 8
25680 7
25681 0
25682 7
25683 3
25684 1
25685 8
25686 8
25687 0
25688 5
25689 7
25690 2
25691 3
25692 4
25693 2
25694 3
25695 6
25696 9
25697 1
25698 6
25699 1
25700 0
25701 3
25702 8
25703 0
25704 5
25705 3
25706 3
25707 6
25708 7
25709 8
25710 0
25711 7
25712 7
25713 0
25714 9
25715 7
25716 1
25717 0
25718 5
25719 2
25720 7
25721 9
25722 7
25723 2
25724 2
25725 0
25726 7
25727 0
25728 9
25729 3
25730 9
25731 6
25732 9
25733 8
25734 0
25735 5
25736 3
25737 1
25738 0
25739 0
25740 1
25741 9
25742 5
25743 9
25744 5
25745 3
25746 4
25747 1
25748 9
25749 2
25750 5
25751 4
25752 2
25753 9
25754 1
25755 9
25756 5
25757 0
25758 1
25759 1
25760 7
25761 0
25762 5
25763 9
25764 3
25765 9
25766 2
25767 7
25768 1
25769 5
25770 9
25771 1
25772 6
25773 6
25774 0
25775 3
25776 2
25777 4
25778 0
25779 2
25780 7
25781 1
25782 6
25783 1
25784 1
25785 8
25786 4
25787 3
25788 7
25789 5
25790 3
25791 2
25792 1
25793 8
25794 2
25795 7
25796 1
25797 8
25798 4
25799 9
25800 3
25801 2
25802 2
25803 8
25804 4
25805 5
25806 5
25807 0
25808 0
25809 9
25810 7
25811 2
25812 0
25813 2
25814 4
25815 2
25816 4
25817 9
25818 1
25819 5
25820 9
25821 7
25822 6
25823 1
25824 7
25825 8
25826 9
25827 8
25828 5
25829 7
25830 3
25831 4
25832 0
25833 5
25834 8
25835 5
25836 7
25837 5
25838 9
25839 7
25840 5
25841 7
25842 8
25843 7
25844 9
25845 1
25846 6
25847 6
25848 0
25849 5
25850 9
25851 0
25852 1
25853 5
25854 4
25855 7
25856 5
25857 3
25858 7
25859 8
25860 5
25861 1
25862 0
25863 7
25864 4
25865 2
25866 0
25867 8
25868 6
25869 6
25870 9
25871 8
25872 9
25873 0
25874 6
25875 5
25876 4
25877 7
25878 9
25879 7
25880 5
25881 8
25882 0
25883 4
25884 4
25885 6
25886 6
25887 2
25888 1
25889 0
25890 8
25891 5
25892 7
25893 4
25894 2
25895 1
25896 5
25897 8
25898 4
25899 5
25900 2
25901 8
25902 6
25903 4
25904 6
25905 0
25906 7
25907 6
25908 3
25909 8
25910 8
25911 7
25912 1
25913 0
25914 3
25915 2
25916 8
25917 0
25918 7
25919 8
25920 8
25921 2
25922 9
25923 3
25924 8
25925 2
25926 7
25927 4
25928 6
25929 0
25930 3
25931 3
25932 9
25933 5
25934 9
25935 1
25936 8
25937 9
25938 3
25939 8
25940 5
25941 2
25942 4
25943 6
25944 6
25945 2
25946 2
25947 1
25948 3
25949 5
25950 5
25951 3
25952 1
25953 5
25954 1
25955 6
25956 8
25957 7
25958 6
25959 8
25960 8
25961 6
25962 8
25963 1
25964 9
25965 5
25966 9
25967 2
25968 1
25969 4
25970 0
25971 3
25972 1
25973 2
25974 0
25975 5
25976 8
25977 1
25978 8
25979 0
25980 0
25981 8
25982 0
25983 0
25984 9
25985 9
25986 1
25987 3
25988 0
25989 3
25990 7
25991 4
25992 7
25993 9
25994 4
25995 8
25996 4
25997 4
25998 7
25999 1
26000 0
26001 7
26002 1
26003 3
26004 0
26005 0
26006 5
26007 9
26008 9
26009 5
26010 3
26011 9
26012 7
26013 2
26014 5
26015 9
26016 3
26017 7
26018 3
26019 1
26020 3
26021 0
26022 0
26023 7
26024 5
26025 7
26026 5
26027 3
26028 6
26029 9
26030 7
26031 3
26032 9
26033 9
26034 2
26035 6
26036 1
26037 1
26038 7
26039 5
26040 5
26041 9
26042 4
26043 9
26044 7
26045 9
26046 1
26047 5
26048 5
26049 8
26050 4
26051 7
26052 8
26053 9
26054 1
26055 3
26056 2
26057 3
26058 3
26059 1
26060 7
26061 4
26062 0
26063 3
26064 6
26065 2
26066 3
26067 2
26068 2
26069 6
26070 8
26071 5
26072 1
26073 5
26074 6
26075 2
26076 8
26077 9
26078 4
26079 3
26080 3
26081 0
26082 7
26083 3
26084 5
26085 9
26086 4
26087 6
26088 4
26089 3
26090 7
26091 9
26092 1
26093 2
26094 2
26095 8
26096 7
26097 8
26098 1
26099 4
26100 8
26101 7
26102 8
26103 3
26104 4
26105 2
26106 7
26107 9
26108 8
26109 2
26110 7
26111 6
26112 8
26113 9
26114 1
26115 2
26116 8
26117 5
26118 2
26119 2
26120 5
26121 8
26122 5
26123 4
26124 6
26125 3
26126 1
26127 3
26128 2
26129 8
26130 1
26131 4
26132 4
26133 5
26134 7
26135 5
26136 4
26137 6
26138 7
26139 6
26140 5
26141 1
26142 2
26143 6
26144 3
26145 3
26146 2
26147 4
26148 0
26149 3
26150 1
26151 3
26152 4
26153 8
26154 8
26155 2
26156 4
26157 8
26158 2
26159 7
26160 7
26161 5
26162 5
26163 4
26164 9
26165 8
26166 0
26167 5
26168 7
26169 5
26170 3
26171 3
26172 8
26173 7
26174 3
26175 0
26176 9
26177 5
26178 9
26179 8
26180 7
26181 4
26182 8
26183 8
26184 5
26185 0
26186 5
26187 1
26188 3
26189 4
26190 2
26191 3
26192 3
26193 1
26194 0
26195 5
26196 4
26197 1
26198 0
26199 4
26200 0
26201 5
26202 1
26203 1
26204 3
26205 4
26206 7
26207 5
26208 7
26209 7
26210 1
26211 5
26212 1
26213 3
26214 4
26215 1
26216 8
26217 7
26218 3
26219 2
26220 5
26221 7
26222 2
26223 5
26224 7
26225 7
26226 2
26227 6
26228 9
26229 0
26230 5
26231 0
26232 1
26233 8
26234 4
26235 3
26236 1
26237 7
26238 9
26239 5
26240 1
26241 9
26242 8
26243 6
26244 9
26245 4
26246 5
26247 2
26248 0
26249 8
26250 2
26251 9
26252 5
26253 2
26254 6
26255 5
26256 1
26257 7
26258 5
26259 4
26260 1
26261 4
26262 4
26263 9
26264 8
26265 3
26266 4
26267 9
26268 4
26269 0
26270 3
26271 0
26272 8
26273 3
26274 1
26275 1
26276 2
26277 3
26278 6
26279 6
26280 5
26281 0
26282 9
26283 8
26284 3
26285 1
26286 5
26287 4
26288 8
26289 5
26290 8
26291 3
26292 5
26293 5
26294 3
26295 6
26296 5
26297 7
26298 9
26299 4
26300 3
26301 7
26302 6
26303 9
26304 6
26305 3
26306 3
26307 6
26308 0
26309 4
26310 4
26311 7
26312 8
26313 7
26314 7
26315 7
26316 1
26317 2
26318 5
26319 8
26320 4
26321 2
26322 7
26323 3
26324 4
26325 7
26326 2
26327 6
26328 5
26329 3
26330 5
26331 0
26332 6
26333 6
26334 0
26335 0
26336 2
26337 1
26338 7
26339 8
26340 7
26341 3
26342 9
26343 8
26344 6
26345 2
26346 7
26347 0
26348 4
26349 4
26350 5
26351 4
26352 2
26353 4
26354 3
26355 6
26356 1
26357 6
26358 6
26359 6
26360 3
26361 6
26362 0
26363 3
26364 4
26365 4
26366 9
26367 1
26368 8
26369 5
26370 1
26371 1
26372 1
26373 9
26374 3
26375 4
26376 8
26377 0
26378 2
26379 1
26380 0
26381 4
26382 9
26383 5
26384 7
26385 9
26386 3
26387 1
26388 9
26389 5
26390 7
26391 2
26392 0
26393 4
26394 5
26395 6
26396 3
26397 8
26398 0
26399 8
26400 5
26401 1
26402 0
26403 2
26404 3
26405 1
26406 2
26407 6
26408 1
26409 3
26410 6
26411 5
26412 1
26413 4
26414 4
26415 8
26416 8
26417 1
26418 0
26419 6
26420 1
26421 9
26422 0
26423 0
26424 2
26425 6
26426 5
26427 5
26428 8
26429 3
26430 7
26431 6
26432 2
26433 8
26434 3
26435 9
26436 3
26437 0
26438 5
26439 3
26440 3
26441 3
26442 1
26443 9
26444 7
26445 6
26446 6
26447 5
26448 3
26449 8
26450 2
26451 7
26452 3
26453 0
26454 7
26455 4
26456 1
26457 3
26458 9
26459 1
26460 2
26461 9
26462 1
26463 8
26464 9
26465 1
26466 3
26467 9
26468 7
26469 4
26470 2
26471 7
26472 3
26473 9
26474 9
26475 4
26476 3
26477 0
26478 7
26479 3
26480 0
26481 0
26482 7
26483 6
26484 2
26485 3
26486 6
26487 3
26488 3
26489 3
26490 3
26491 0
26492 9
26493 9
26494 1
26495 8
26496 7
26497 1
26498 1
26499 8
26500 2
26501 9
26502 1
26503 4
26504 4
26505 7
26506 9
26507 5
26508 6
26509 3
26510 4
26511 2
26512 2
26513 9
26514 4
26515 2
26516 6
26517 8
26518 0
26519 0
26520 5
26521 0
26522 0
26523 4
26524 6
26525 6
26526 8
26527 2
26528 8
26529 9
26530 1
26531 0
26532 7
26533 8
26534 6
26535 2
26536 0
26537 9
26538 7
26539 8
26540 9
26541 2
26542 3
26543 0
26544 1
26545 0
26546 3
26547 2
26548 5
26549 0
26550 8
26551 3
26552 3
26553 5
26554 4
26555 0
26556 5
26557 0
26558 9
26559 2
26560 6
26561 3
26562 2
26563 9
26564 8
26565 4
26566 1
26567 8
26568 8
26569 0
26570 5
26571 5
26572 4
26573 5
26574 9
26575 5
26576 4
26577 5
26578 8
26579 9
26580 7
26581 6
26582 2
26583 8
26584 1
26585 4
26586 3
26587 2
26588 1
26589 9
26590 7
26591 0
26592 4
26593 3
26594 2
26595 7
26596 8
26597 6
26598 9
26599 4
26600 6
26601 5
26602 3
26603 7
26604 2
26605 1
26606 5
26607 8
26608 7
26609 1
26610 2
26611 8
26612 5
26613 7
26614 1
26615 8
26616 8
26617 6
26618 5
26619 8
26620 6
26621 8
26622 6
26623 4
26624 1
26625 5
26626 9
26627 3
26628 2
26629 5
26630 1
26631 2
26632 1
26633 9
26634 4
26635 5
26636 5
26637 3
26638 3
26639 8
26640 8
26641 9
26642 6
26643 4
26644 8
26645 1
26646 6
26647 0
26648 9
26649 6
26650 2
26651 6
26652 6
26653 9
26654 1
26655 5
26656 0
26657 4
26658 3
26659 9
26660 8
26661 7
26662 2
26663 5
26664 8
26665 3
26666 5
26667 1
26668 3
26669 7
26670 7
26671 2
26672 7
26673 3
26674 2
26675 2
26676 3
26677 3
26678 7
26679 8
26680 5
26681 5
26682 6
26683 6
26684 8
26685 1
26686 4
26687 5
26688 2
26689 5
26690 1
26691 6
26692 5
26693 3
26694 5
26695 7
26696 3
26697 9
26698 4
26699 6
26700 5
26701 7
26702 5
26703 9
26704 7
26705 0
26706 6
26707 4
26708 2
26709 0
26710 6
26711 5
26712 9
26713 9
26714 9
26715 9
26716 5
26717 0
26718 1
26719 3
26720 2
26721 5
26722 1
26723 6
26724 0
26725 7
26726 0
26727 2
26728 5
26729 9
26730 1
26731 9
26732 8
26733 0
26734 3
26735 8
26736 4
26737 5
26738 9
26739 1
26740 1
26741 3
26742 2
26743 5
26744 7
26745 6
26746 2
26747 3
26748 1
26749 3
26750 2
26751 8
26752 5
26753 8
26754 7
26755 5
26756 1
26757 1
26758 3
26759 1
26760 5
26761 5
26762 2
26763 7
26764 0
26765 1
26766 1
26767 6
26768 3
26769 4
26770 3
26771 7
26772 1
26773 7
26774 9
26775 4
26776 0
26777 6
26778 4
26779 0
26780 2
26781 1
26782 4
26783 2
26784 2
26785 5
26786 4
26787 2
26788 5
26789 0
26790 6
26791 8
26792 8
26793 6
26794 7
26795 4
26796 4
26797 7
26798 4
26799 0
26800 8
26801 4
26802 6
26803 1
26804 2
26805 3
26806 0
26807 2
26808 2
26809 1
26810 9
26811 9
26812 5
26813 1
26814 4
26815 9
26816 6
26817 1
26818 5
26819 4
26820 4
26821 5
26822 5
26823 4
26824 8
26825 8
26826 8
26827 2
26828 4
26829 5
26830 2
26831 5
26832 1
26833 7
26834 6
26835 0
26836 7
26837 7
26838 6
26839 6
26840 0
26841 7
26842 1
26843 9
26844 4
26845 2
26846 5
26847 1
26848 3
26849 8
26850 2
26851 1
26852 2
26853 2
26854 5
26855 6
26856 5
26857 4
26858 1
26859 2
26860 9
26861 6
26862 6
26863 2
26864 3
26865 2
26866 3
26867 4
26868 9
26869 3
26870 6
26871 7
26872 1
26873 8
26874 3
26875 5
26876 5
26877 8
26878 5
26879 8
26880 4
26881 0
26882 2
26883 7
26884 5
26885 1
26886 0
26887 9
26888 1
26889 8
26890 0
26891 4
26892 9
26893 8
26894 0
26895 1
26896 6
26897 0
26898 2
26899 4
26900 6
26901 6
26902 9
26903 4
26904 1
26905 1
26906 2
26907 6
26908 4
26909 4
26910 9
26911 6
26912 7
26913 5
26914 9
26915 0
26916 1
26917 8
26918 1
26919 1
26920 0
26921 0
26922 1
26923 6
26924 8
26925 4
26926 6
26927 7
26928 4
26929 3
26930 9
26931 6
26932 2
26933 7
26934 1
26935 2
26936 3
26937 6
26938 1
26939 5
26940 2
26941 3
26942 6
26943 7
26944 5
26945 6
26946 6
26947 7
26948 9
26949 8
26950 3
26951 0
26952 1
26953 7
26954 8
26955 7
26956 6
26957 0
26958 5
26959 2
26960 2
26961 9
26962 9
26963 8
26964 3
26965 8
26966 0
26967 0
26968 3
26969 9
26970 4
26971 9
26972 6
26973 2
26974 0
26975 3
26976 6
26977 4
26978 5
26979 0
26980 3
26981 5
26982 0
26983 8
26984 2
26985 9
26986 9
26987 8
26988 4
26989 9
26990 6
26991 5
26992 1
26993 5
26994 0
26995 9
26996 8
26997 4
26998 1
26999 9
27000 1
27001 8
27002 8
27003 6
27004 3
27005 9
27006 4
27007 5
27008 3
27009 3
27010 1
27011 9
27012 2
27013 2
27014 6
27015 6
27016 6
27017 3
27018 2
27019 0
27020 3
27021 6
27022 4
27023 9
27024 7
27025 5
27026 8
27027 8
27028 5
27029 6
27030 0
27031 7
27032 8
27033 7
27034 7
27035 9
27036 5
27037 8
27038 5
27039 8
27040 0
27041 5
27042 1
27043 9
27044 3
27045 9
27046 0
27047 0
27048 0
27049 9
27050 8
27051 3
27052 8
27053 2
27054 5
27055 4
27056 4
27057 3
27058 3
27059 3
27060 3
27061 9
27062 9
27063 5
27064 2
27065 6
27066 6
27067 2
27068 3
27069 8
27070 0
27071 6
27072 2
27073 3
27074 7
27075 2
27076 4
27077 7
27078 0
27079 6
27080 3
27081 4
27082 1
27083 8
27084 6
27085 3
27086 9
27087 2
27088 7
27089 6
27090 7
27091 5
27092 3
27093 7
27094 1
27095 2
27096 3
27097 3
27098 3
27099 6
27100 0
27101 3
27102 1
27103 3
27104 2
27105 6
27106 0
27107 4
27108 5
27109 3
27110 4
27111 3
27112 0
27113 3
27114 1
27115 9
27116 1
27117 0
27118 5
27119 2
27120 7
27121 2
27122 0
27123 5
27124 9
27125 8
27126 8
27127 1
27128 6
27129 8
27130 2
27131 5
27132 6
27133 0
27134 9
27135 2
27136 2
27137 1
27138 2
27139 5
27140 4
27141 1
27142 4
27143 6
27144 0
27145 2
27146 6
27147 5
27148 1
27149 8
27150 9
27151 6
27152 5
27153 8
27154 2
27155 6
27156 4
27157 7
27158 9
27159 0
27160 7
27161 2
27162 7
27163 0
27164 0
27165 8
27166 4
27167 0
27168 3
27169 0
27170 4
27171 5
27172 3
27173 1
27174 1
27175 4
27176 5
27177 1
27178 8
27179 1
27180 7
27181 9
27182 7
27183 0
27184 7
27185 1
27186 3
27187 3
27188 6
27189 8
27190 7
27191 4
27192 3
27193 8
27194 0
27195 6
27196 2
27197 3
27198 9
27199 5
27200 8
27201 2
27202 6
27203 9
27204 0
27205 5
27206 9
27207 7
27208 2
27209 8
27210 3
27211 0
27212 0
27213 1
27214 9
27215 6
27216 6
27217 8
27218 1
27219 8
27220 7
27221 0
27222 0
27223 8
27224 4
27225 0
27226 1
27227 0
27228 6
27229 9
27230 8
27231 9
27232 9
27233 7
27234 8
27235 2
27236 4
27237 6
27238 3
27239 0
27240 3
27241 1
27242 9
27243 7
27244 8
27245 4
27246 5
27247 4
27248 9
27249 6
27250 7
27251 9
27252 5
27253 3
27254 3
27255 9
27256 0
27257 9
27258 8
27259 9
27260 4
27261 3
27262 5
27263 4
27264 2
27265 1
27266 0
27267 0
27268 2
27269 5
27270 5
27271 0
27272 7
27273 0
27274 1
27275 5
27276 6
27277 3
27278 2
27279 1
27280 3
27281 1
27282 5
27283 9
27284 5
27285 8
27286 8
27287 1
27288 3
27289 7
27290 7
27291 6
27292 4
27293 2
27294 5
27295 4
27296 0
27297 8
27298 2
27299 0
27300 8
27301 8
27302 4
27303 4
27304 0
27305 7
27306 0
27307 6
27308 9
27309 8
27310 4
27311 0
27312 6
27313 3
27314 3
27315 7
27316 2
27317 7
27318 8
27319 8
27320 2
27321 2
27322 3
27323 4
27324 7
27325 9
27326 1
27327 8
27328 3
27329 5
27330 5
27331 0
27332 7
27333 0
27334 4
27335 4
27336 1
27337 8
27338 6
27339 4
27340 6
27341 8
27342 4
27343 6
27344 6
27345 0
27346 0
27347 1
27348 4
27349 8
27350 9
27351 4
27352 7
27353 6
27354 9
27355 2
27356 3
27357 2
27358 6
27359 3
27360 3
27361 4
27362 7
27363 6
27364 0
27365 6
27366 5
27367 5
27368 0
27369 2
27370 4
27371 0
27372 0
27373 9
27374 9
27375 0
27376 1
27377 8
27378 7
27379 4
27380 5
27381 2
27382 5
27383 6
27384 4
27385 5
27386 4
27387 6
27388 7
27389 4
27390 4
27391 4
27392 3
27393 9
27394 4
27395 1
27396 2
27397 6
27398 6
27399 9
27400 6
27401 4
27402 1
27403 5
27404 2
27405 4
27406 6
27407 1
27408 1
27409 7
27410 3
27411 3
27412 3
27413 6
27414 3
27415 5
27416 2
27417 1
27418 0
27419 0
27420 7
27421 9
27422 2
27423 7
27424 7
27425 4
27426 5
27427 5
27428 8
27429 2
27430 1
27431 1
27432 7
27433 7
27434 9
27435 4
27436 8
27437 0
27438 9
27439 5
27440 2
27441 6
27442 3
27443 2
27444 3
27445 8
27446 8
27447 2
27448 7
27449 8
27450 4
27451 8
27452 8
27453 4
27454 8
27455 1
27456 2
27457 1
27458 0
27459 3
27460 0
27461 0
27462 6
27463 6
27464 2
27465 0
27466 2
27467 8
27468 4
27469 5
27470 7
27471 1
27472 3
27473 1
27474 1
27475 6
27476 4
27477 6
27478 1
27479 4
27480 5
27481 1
27482 4
27483 0
27484 8
27485 3
27486 4
27487 9
27488 7
27489 2
27490 0
27491 0
27492 5
27493 0
27494 3
27495 9
27496 1
27497 8
27498 6
27499 4
27500 3
27501 1
27502 2
27503 9
27504 2
27505 8
27506 0
27507 6
27508 3
27509 9
27510 8
27511 6
27512 4
27513 9
27514 1
27515 0
27516 4
27517 0
27518 6
27519 8
27520 3
27521 3
27522 5
27523 2
27524 5
27525 6
27526 6
27527 6
27528 3
27529 6
27530 1
27531 9
27532 9
27533 4
27534 9
27535 3
27536 3
27537 9
27538 3
27539 2
27540 0
27541 0
27542 7
27543 6
27544 0
27545 1
27546 3
27547 4
27548 6
27549 2
27550 9
27551 9
27552 6
27553 8
27554 8
27555 1
27556 4
27557 0
27558 7
27559 3
27560 7
27561 3
27562 3
27563 8
27564 5
27565 9
27566 6
27567 2
27568 3
27569 7
27570 1
27571 7
27572 7
27573 5
27574 9
27575 6
27576 2
27577 2
27578 3
27579 4
27580 5
27581 0
27582 4
27583 6
27584 6
27585 2
27586 4
27587 7
27588 6
27589 1
27590 7
27591 3
27592 0
27593 5
27594 4
27595 0
27596 1
27597 9
27598 1
27599 2
27600 4
27601 7
27602 9
27603 4
27604 2
27605 3
27606 4
27607 2
27608 3
27609 7
27610 8
27611 4
27612 3
27613 9
27614 2
27615 7
27616 6
27617 7
27618 9
27619 4
27620 0
27621 1
27622 1
27623 3
27624 2
27625 9
27626 3
27627 9
27628 4
27629 5
27630 0
27631 3
27632 0
27633 3
27634 0
27635 4
27636 2
27637 7
27638 6
27639 2
27640 0
27641 8
27642 0
27643 0
27644 4
27645 2
27646 7
27647 7
27648 2
27649 4
27650 5
27651 3
27652 5
27653 7
27654 1
27655 2
27656 6
27657 0
27658 3
27659 0
27660 9
27661 1
27662 3
27663 2
27664 5
27665 2
27666 6
27667 1
27668 6
27669 1
27670 0
27671 7
27672 7
27673 9
27674 0
27675 1
27676 9
27677 7
27678 9
27679 6
27680 6
27681 6
27682 4
27683 6
27684 1
27685 2
27686 6
27687 0
27688 1
27689 8
27690 3
27691 6
27692 3
27693 5
27694 9
27695 7
27696 4
27697 4
27698 6
27699 7
27700 8
27701 0
27702 4
27703 3
27704 9
27705 3
27706 7
27707 2
27708 1
27709 7
27710 0
27711 4
27712 2
27713 2
27714 7
27715 8
27716 5
27717 5
27718 9
27719 8
27720 5
27721 3
27722 5
27723 9
27724 5
27725 6
27726 8
27727 2
27728 1
27729 6
27730 0
27731 2
27732 7
27733 4
27734 8
27735 0
27736 0
27737 7
27738 7
27739 7
27740 3
27741 9
27742 2
27743 4
27744 0
27745 3
27746 2
27747 1
27748 1
27749 5
27750 0
27751 8
27752 1
27753 9
27754 7
27755 3
27756 0
27757 1
27758 1
27759 9
27760 4
27761 6
27762 8
27763 9
27764 7
27765 7
27766 0
27767 2
27768 2
27769 6
27770 2
27771 3
27772 6
27773 5
27774 7
27775 4
27776 5
27777 4
27778 8
27779 5
27780 7
27781 9
27782 9
27783 0
27784 5
27785 6
27786 1
27787 1
27788 6
27789 9
27790 0
27791 1
27792 4
27793 6
27794 1
27795 3
27796 4
27797 2
27798 0
27799 9
27800 0
27801 1
27802 9
27803 6
27804 7
27805 3
27806 1
27807 3
27808 9
27809 1
27810 0
27811 6
27812 2
27813 7
27814 7
27815 1
27816 8
27817 9
27818 4
27819 4
27820 7
27821 0
27822 5
27823 0
27824 1
27825 3
27826 4
27827 1
27828 6
27829 2
27830 1
27831 0
27832 0
27833 0
27834 3
27835 8
27836 1
27837 5
27838 6
27839 7
27840 9
27841 1
27842 2
27843 0
27844 3
27845 9
27846 8
27847 2
27848 9
27849 1
27850 2
27851 5
27852 2
27853 3
27854 5
27855 2
27856 3
27857 2
27858 8
27859 3
27860 5
27861 2
27862 2
27863 4
27864 9
27865 2
27866 4
27867 7
27868 7
27869 1
27870 7
27871 3
27872 4
27873 5
27874 7
27875 6
27876 9
27877 4
27878 7
27879 9
27880 9
27881 7
27882 5
27883 9
27884 7
27885 9
27886 0
27887 8
27888 7
27889 6
27890 4
27891 2
27892 7
27893 8
27894 4
27895 1
27896 8
27897 2
27898 6
27899 0
27900 6
27901 4
27902 6
27903 8
27904 5
27905 7
27906 6
27907 2
27908 3
27909 3
27910 1
27911 5
27912 2
27913 3
27914 2
27915 0
27916 4
27917 0
27918 0
27919 3
27920 3
27921 3
27922 0
27923 5
27924 5
27925 6
27926 5
27927 4
27928 8
27929 9
27930 4
27931 5
27932 5
27933 5
27934 7
27935 1
27936 3
27937 4
27938 7
27939 9
27940 7
27941 6
27942 7
27943 6
27944 6
27945 5
27946 0
27947 6
27948 7
27949 1
27950 5
27951 4
27952 8
27953 3
27954 7
27955 3
27956 5
27957 6
27958 9
27959 5
27960 9
27961 5
27962 5
27963 2
27964 4
27965 1
27966 0
27967 9
27968 3
27969 5
27970 0
27971 2
27972 5
27973 8
27974 8
27975 7
27976 8
27977 5
27978 1
27979 2
27980 8
27981 2
27982 9
27983 1
27984 4
27985 9
27986 1
27987 2
27988 1
27989 2
27990 5
27991 2
27992 1
27993 8
27994 9
27995 1
27996 7
27997 2
27998 5
27999 3
28000 4
28001 3
28002 8
28003 6
28004 5
28005 6
28006 5
28007 7
28008 3
28009 2
28010 4
28011 0
28012 4
28013 2
28014 7
28015 4
28016 3
28017 6
28018 9
28019 5
28020 9
28021 7
28022 3
28023 1
28024 3
28025 5
28026 8
28027 4
28028 0
28029 5
28030 8
28031 0
28032 4
28033 8
28034 1
28035 0
28036 9
28037 1
28038 3
28039 8
28040 8
28041 4
28042 9
28043 6
28044 7
28045 3
28046 7
28047 2
28048 5
28049 6
28050 6
28051 6
28052 0
28053 1
28054 5
28055 6
28056 7
28057 4
28058 8
28059 9
28060 7
28061 5
28062 2
28063 6
28064 2
28065 9
28066 1
28067 8
28068 7
28069 5
28070 9
28071 9
28072 1
28073 8
28074 3
28075 1
28076 2
28077 0
28078 9
28079 2
28080 5
28081 8
28082 5
28083 6
28084 1
28085 7
28086 8
28087 7
28088 0
28089 4
28090 1
28091 9
28092 4
28093 5
28094 9
28095 1
28096 5
28097 1
28098 6
28099 1
28100 5
28101 3
28102 4
28103 3
28104 2
28105 5
28106 9
28107 9
28108 0
28109 8
28110 6
28111 2
28112 6
28113 5
28114 2
28115 0
28116 4
28117 9
28118 0
28119 3
28120 2
28121 7
28122 9
28123 2
28124 9
28125 1
28126 2
28127 7
28128 9
28129 0
28130 6
28131 8
28132 5
28133 0
28134 7
28135 0
28136 2
28137 5
28138 4
28139 3
28140 6
28141 8
28142 6
28143 4
28144 2
28145 2
28146 7
28147 4
28148 7
28149 9
28150 6
28151 4
28152 1
28153 4
28154 2
28155 9
28156 5
28157 6
28158 0
28159 7
28160 1
28161 4
28162 9
28163 3
28164 8
28165 9
28166 3
28167 2
28168 3
28169 4
28170 2
28171 3
28172 8
28173 1
28174 2
28175 8
28176 2
28177 9
28178 9
28179 4
28180 3
28181 9
28182 1
28183 0
28184 3
28185 3
28186 9
28187 0
28188 5
28189 6
28190 0
28191 4
28192 5
28193 5
28194 7
28195 5
28196 1
28197 2
28198 2
28199 7
28200 9
28201 0
28202 3
28203 4
28204 6
28205 9
28206 8
28207 6
28208 9
28209 0
28210 7
28211 6
28212 2
28213 0
28214 6
28215 3
28216 3
28217 2
28218 2
28219 7
28220 0
28221 5
28222 9
28223 7
28224 4
28225 6
28226 5
28227 8
28228 1
28229 4
28230 5
28231 5
28232 4
28233 5
28234 2
28235 5
28236 9
28237 2
28238 8
28239 3
28240 4
28241 5
28242 9
28243 1
28244 9
28245 7
28246 4
28247 5
28248 2
28249 5
28250 9
28251 3
28252 6
28253 3
28254 4
28255 3
28256 9
28257 3
28258 8
28259 5
28260 3
28261 3
28262 0
28263 3
28264 7
28265 7
28266 1
28267 1
28268 1
28269 1
28270 1
28271 4
28272 1
28273 7
28274 7
28275 9
28276 6
28277 5
28278 3
28279 5
28280 3
28281 0
28282 8
28283 0
28284 4
28285 4
28286 9
28287 9
28288 4
28289 8
28290 7
28291 4
28292 4
28293 8
28294 2
28295 5
28296 5
28297 4
28298 8
28299 9
28300 4
28301 4
28302 6
28303 0
28304 1
28305 0
28306 4
28307 5
28308 5
28309 7
28310 8
28311 0
28312 8
28313 1
28314 9
28315 7
28316 7
28317 2
28318 9
28319 2
28320 2
28321 3
28322 6
28323 4
28324 1
28325 9
28326 3
28327 8
28328 0
28329 3
28330 8
28331 2
28332 6
28333 5
28334 5
28335 2
28336 7
28337 7
28338 0
28339 9
28340 8
28341 8
28342 5
28343 6
28344 4
28345 5
28346 2
28347 4
28348 5
28349 1
28350 5
28351 9
28352 8
28353 8
28354 4
28355 5
28356 6
28357 7
28358 3
28359 5
28360 3
28361 9
28362 9
28363 5
28364 4
28365 1
28366 8
28367 6
28368 5
28369 1
28370 2
28371 8
28372 7
28373 2
28374 4
28375 0
28376 7
28377 1
28378 7
28379 3
28380 0
28381 1
28382 6
28383 4
28384 6
28385 8
28386 5
28387 8
28388 3
28389 8
28390 5
28391 6
28392 4
28393 0
28394 8
28395 8
28396 0
28397 8
28398 7
28399 0
28400 2
28401 4
28402 1
28403 9
28404 9
28405 5
28406 8
28407 9
28408 1
28409 9
28410 2
28411 0
28412 3
28413 6
28414 8
28415 0
28416 1
28417 7
28418 1
28419 2
28420 3
28421 9
28422 2
28423 8
28424 5
28425 2
28426 2
28427 1
28428 7
28429 1
28430 2
28431 0
28432 0
28433 5
28434 5
28435 2
28436 4
28437 7
28438 3
28439 6
28440 1
28441 5
28442 8
28443 0
28444 9
28445 2
28446 3
28447 6
28448 7
28449 2
28450 2
28451 1
28452 2
28453 7
28454 9
28455 1
28456 3
28457 4
28458 1
28459 3
28460 8
28461 3
28462 6
28463 6
28464 6
28465 1
28466 5
28467 7
28468 8
28469 4
28470 8
28471 1
28472 0
28473 2
28474 4
28475 5
28476 4
28477 7
28478 8
28479 8
28480 6
28481 6
28482 4
28483 9
28484 1
28485 4
28486 1
28487 3
28488 2
28489 2
28490 3
28491 0
28492 9
28493 5
28494 2
28495 1
28496 2
28497 7
28498 2
28499 3
28500 2
28501 6
28502 9
28503 8
28504 6
28505 3
28506 2
28507 5
28508 9
28509 6
28510 3
28511 9
28512 7
28513 8
28514 1
28515 3
28516 7
28517 4
28518 7
28519 0
28520 8
28521 3
28522 8
28523 2
28524 0
28525 0
28526 8
28527 2
28528 1
28529 5
28530 5
28531 1
28532 1
28533 7
28534 1
28535 5
28536 2
28537 6
28538 1
28539 4
28540 2
28541 6
28542 8
28543 5
28544 6
28545 6
28546 3
28547 1
28548 1
28549 4
28550 0
28551 3
28552 0
28553 7
28554 5
28555 1
28556 8
28557 7
28558 2
28559 2
28560 6
28561 0
28562 5
28563 7
28564 1
28565 9
28566 4
28567 3
28568 4
28569 9
28570 8
28571 4
28572 0
28573 3
28574 7
28575 1
28576 5
28577 9
28578 2
28579 1
28580 0
28581 3
28582 5
28583 8
28584 4
28585 9
28586 1
28587 4
28588 3
28589 9
28590 0
28591 7
28592 5
28593 9
28594 4
28595 9
28596 7
28597 9
28598 0
28599 0
28600 2
28601 7
28602 6
28603 4
28604 8
28605 8
28606 0
28607 5
28608 9
28609 9
28610 8
28611 5
28612 4
28613 0
28614 0
28615 7
28616 0
28617 2
28618 3
28619 5
28620 9
28621 7
28622 5
28623 7
28624 0
28625 5
28626 0
28627 3
28628 4
28629 4
28630 7
28631 4
28632 0
28633 8
28634 8
28635 4
28636 8
28637 4
28638 6
28639 1
28640 0
28641 9
28642 5
28643 0
28644 1
28645 6
28646 6
28647 4
28648 4
28649 7
28650 9
28651 5
28652 6
28653 2
28654 2
28655 0
28656 7
28657 1
28658 5
28659 5
28660 3
28661 2
28662 5
28663 3
28664 1
28665 1
28666 7
28667 8
28668 2
28669 5
28670 7
28671 9
28672 0
28673 0
28674 7
28675 2
28676 5
28677 7
28678 4
28679 4
28680 4
28681 9
28682 2
28683 1
28684 1
28685 0
28686 3
28687 0
28688 0
28689 5
28690 2
28691 4
28692 0
28693 7
28694 7
28695 5
28696 2
28697 8
28698 6
28699 1
28700 6
28701 3
28702 3
28703 2
28704 5
28705 4
28706 7
28707 8
28708 7
28709 8
28710 3
28711 8
28712 3
28713 6
28714 7
28715 3
28716 0
28717 3
28718 0
28719 8
28720 3
28721 2
28722 1
28723 0
28724 9
28725 8
28726 5
28727 7
28728 1
28729 3
28730 1
28731 6
28732 1
28733 3
28734 0
28735 7
28736 2
28737 9
28738 5
28739 7
28740 0
28741 3
28742 2
28743 2
28744 1
28745 0
28746 7
28747 1
28748 0
28749 8
28750 8
28751 9
28752 8
28753 8
28754 2
28755 2
28756 5
28757 2
28758 3
28759 9
28760 7
28761 8
28762 4
28763 5
28764 3
28765 9
28766 7
28767 4
28768 2
28769 7
28770 6
28771 9
28772 9
28773 0
28774 9
28775 8
28776 8
28777 7
28778 3
28779 1
28780 9
28781 1
28782 2
28783 0
28784 9
28785 8
28786 6
28787 0
28788 1
28789 3
28790 8
28791 4
28792 5
28793 6
28794 2
28795 2
28796 7
28797 3
28798 3
28799 3
28800 4
28801 8
28802 4
28803 9
28804 1
28805 4
28806 2
28807 8
28808 9
28809 2
28810 6
28811 1
28812 4
28813 6
28814 1
28815 9
28816 9
28817 9
28818 3
28819 3
28820 0
28821 8
28822 2
28823 3
28824 8
28825 3
28826 1
28827 9
28828 9
28829 7
28830 2
28831 6
28832 3
28833 1
28834 4
28835 1
28836 9
28837 0
28838 1
28839 5
28840 3
28841 0
28842 0
28843 7
28844 3
28845 1
28846 0
28847 6
28848 5
28849 0
28850 6
28851 1
28852 4
28853 0
28854 8
28855 0
28856 1
28857 2
28858 8
28859 1
28860 0
28861 1
28862 8
28863 0
28864 9
28865 5
28866 3
28867 9
28868 2
28869 0
28870 2
28871 8
28872 7
28873 0
28874 6
28875 0
28876 1
28877 6
28878 1
28879 9
28880 3
28881 6
28882 0
28883 1
28884 4
28885 0
28886 4
28887 3
28888 3
28889 7
28890 4
28891 7
28892 6
28893 8
28894 1
28895 8
28896 0
28897 7
28898 9
28899 0
28900 5
28901 1
28902 4
28903 5
28904 9
28905 9
28906 5
28907 0
28908 3
28909 9
28910 0
28911 2
28912 7
28913 5
28914 9
28915 1
28916 0
28917 3
28918 9
28919 0
28920 7
28921 1
28922 3
28923 1
28924 6
28925 1
28926 5
28927 6
28928 8
28929 4
28930 3
28931 6
28932 3
28933 7
28934 8
28935 7
28936 0
28937 2
28938 0
28939 0
28940 6
28941 3
28942 8
28943 9
28944 9
28945 3
28946 5
28947 9
28948 2
28949 8
28950 6
28951 5
28952 4
28953 4
28954 6
28955 4
28956 2
28957 3
28958 8
28959 0
28960 2
28961 8
28962 3
28963 9
28964 3
28965 6
28966 7
28967 2
28968 5
28969 4
28970 0
28971 3
28972 9
28973 0
28974 9
28975 3
28976 1
28977 8
28978 0
28979 0
28980 3
28981 0
28982 7
28983 7
28984 9
28985 9
28986 8
28987 5
28988 9
28989 1
28990 6
28991 0
28992 9
28993 8
28994 4
28995 2
28996 1
28997 5
28998 1
28999 3
29000 2
29001 7
29002 9
29003 1
29004 0
29005 6
29006 4
29007 9
29008 8
29009 0
29010 9
29011 2
29012 9
29013 8
29014 1
29015 2
29016 9
29017 1
29018 9
29019 0
29020 3
29021 2
29022 0
29023 8
29024 1
29025 4
29026 9
29027 8
29028 7
29029 9
29030 4
29031 0
29032 8
29033 3
29034 1
29035 2
29036 2
29037 6
29038 1
29039 2
29040 3
29041 1
29042 6
29043 7
29044 9
29045 2
29046 2
29047 1
29048 7
29049 1
29050 5
29051 2
29052 5
29053 0
29054 9
29055 4
29056 2
29057 5
29058 9
29059 5
29060 1
29061 6
29062 0
29063 8
29064 8
29065 3
29066 8
29067 4
29068 5
29069 7
29070 2
29071 3
29072 7
29073 5
29074 0
29075 6
29076 3
29077 6
29078 9
29079 7
29080 3
29081 5
29082 4
29083 7
29084 7
29085 4
29086 3
29087 9
29088 9
29089 0
29090 7
29091 0
29092 6
29093 0
29094 7
29095 0
29096 7
29097 4
29098 7
29099 7
29100 2
29101 1
29102 2
29103 4
29104 4
29105 4
29106 0
29107 1
29108 4
29109 8
29110 0
29111 2
29112 8
29113 7
29114 2
29115 8
29116 9
29117 0
29118 0
29119 8
29120 5
29121 8
29122 5
29123 9
29124 1
29125 8
29126 8
29127 6
29128 8
29129 4
29130 6
29131 3
29132 9
29133 0
29134 0
29135 8
29136 0
29137 0
29138 3
29139 7
29140 3
29141 6
29142 6
29143 5
29144 6
29145 4
29146 5
29147 2
29148 8
29149 9
29150 4
29151 5
29152 0
29153 4
29154 7
29155 5
29156 2
29157 7
29158 7
29159 8
29160 3
29161 8
29162 3
29163 8
29164 4
29165 8
29166 6
29167 8
29168 7
29169 7
29170 1
29171 3
29172 4
29173 5
29174 0
29175 4
29176 4
29177 4
29178 4
29179 4
29180 1
29181 3
29182 1
29183 7
29184 1
29185 4
29186 8
29187 2
29188 3
29189 7
29190 0
29191 2
29192 1
29193 4
29194 4
29195 8
29196 6
29197 8
29198 7
29199 9
29200 8
29201 0
29202 4
29203 5
29204 0
29205 0
29206 1
29207 9
29208 9
29209 1
29210 4
29211 0
29212 6
29213 8
29214 5
29215 5
29216 0
29217 2
29218 8
29219 8
29220 5
29221 7
29222 2
29223 7
29224 5
29225 0
29226 4
29227 6
29228 7
29229 7
29230 2
29231 6
29232 1
29233 4
29234 4
29235 2
29236 9
29237 4
29238 0
29239 7
29240 2
29241 9
29242 4
29243 2
29244 3
29245 6
29246 4
29247 8
29248 3
29249 2
29250 4
29251 6
29252 7
29253 1
29254 9
29255 7
29256 0
29257 9
29258 5
29259 4
29260 6
29261 1
29262 4
29263 5
29264 6
29265 0
29266 7
29267 9
29268 7
29269 2
29270 5
29271 7
29272 8
29273 4
29274 5
29275 7
29276 6
29277 7
29278 1
29279 3
29280 4
29281 9
29282 1
29283 3
29284 7
29285 1
29286 2
29287 7
29288 8
29289 2
29290 9
29291 5
29292 4
29293 9
29294 8
29295 4
29296 4
29297 3
29298 6
29299 0
29300 8
29301 4
29302 2
29303 7
29304 9
29305 8
29306 8
29307 7
29308 8
29309 7
29310 0
29311 4
29312 5
29313 9
29314 7
29315 4
29316 2
29317 7
29318 0
29319 0
29320 1
29321 0
29322 9
29323 8
29324 3
29325 2
29326 6
29327 3
29328 6
29329 3
29330 4
29331 6
29332 4
29333 4
29334 7
29335 7
29336 9
29337 3
29338 2
29339 3
29340 5
29341 8
29342 8
29343 5
29344 5
29345 5
29346 1
29347 6
29348 1
29349 2
29350 5
29351 7
29352 1
29353 6
29354 1
29355 4
29356 9
29357 2
29358 0
29359 4
29360 1
29361 2
29362 9
29363 5
29364 0
29365 4
29366 2
29367 2
29368 0
29369 3
29370 7
29371 2
29372 6
29373 1
29374 0
29375 4
29376 7
29377 4
29378 0
29379 1
29380 6
29381 1
29382 8
29383 0
29384 3
29385 0
29386 1
29387 3
29388 8
29389 6
29390 4
29391 0
29392 0
29393 3
29394 2
29395 9
29396 8
29397 2
29398 4
29399 1
29400 8
29401 7
29402 3
29403 7
29404 0
29405 8
29406 8
29407 5
29408 5
29409 1
29410 7
29411 0
29412 3
29413 5
29414 7
29415 4
29416 3
29417 1
29418 3
29419 3
29420 7
29421 8
29422 5
29423 8
29424 6
29425 7
29426 8
29427 4
29428 8
29429 1
29430 0
29431 4
29432 8
29433 4
29434 9
29435 5
29436 7
29437 9
29438 4
29439 6
29440 2
29441 8
29442 4
29443 2
29444 0
29445 1
29446 7
29447 8
29448 4
29449 9
29450 6
29451 1
29452 7
29453 1
29454 4
29455 3
29456 1
29457 9
29458 9
29459 5
29460 1
29461 7
29462 2
29463 1
29464 1
29465 7
29466 2
29467 9
29468 4
29469 2
29470 3
29471 1
29472 1
29473 2
29474 1
29475 5
29476 1
29477 7
29478 5
29479 7
29480 5
29481 6
29482 4
29483 8
29484 7
29485 4
29486 0
29487 8
29488 7
29489 9
29490 9
29491 7
29492 7
29493 9
29494 5
29495 5
29496 3
29497 3
29498 1
29499 2
29500 8
29501 0
29502 8
29503 8
29504 9
29505 5
29506 6
29507 4
29508 7
29509 1
29510 4
29511 5
29512 5
29513 2
29514 4
29515 7
29516 8
29517 3
29518 2
29519 1
29520 1
29521 0
29522 1
29523 7
29524 7
29525 5
29526 1
29527 4
29528 4
29529 3
29530 0
29531 3
29532 7
29533 9
29534 7
29535 0
29536 5
29537 0
29538 7
29539 5
29540 9
29541 0
29542 3
29543 6
29544 8
29545 0
29546 6
29547 6
29548 6
29549 4
29550 0
29551 8
29552 4
29553 2
29554 2
29555 7
29556 3
29557 1
29558 9
29559 6
29560 2
29561 1
29562 9
29563 3
29564 9
29565 2
29566 6
29567 7
29568 3
29569 6
29570 0
29571 3
29572 8
29573 5
29574 0
29575 5
29576 8
29577 1
29578 4
29579 9
29580 5
29581 4
29582 7
29583 9
29584 1
29585 6
29586 8
29587 8
29588 0
29589 7
29590 2
29591 1
29592 8
29593 7
29594 6
29595 8
29596 8
29597 4
29598 3
29599 3
29600 4
29601 4
29602 5
29603 9
29604 9
29605 2
29606 0
29607 4
29608 2
29609 3
29610 1
29611 4
29612 4
29613 7
29614 3
29615 0
29616 1
29617 8
29618 1
29619 9
29620 7
29621 4
29622 2
29623 1
29624 2
29625 8
29626 6
29627 5
29628 9
29629 6
29630 4
29631 4
29632 4
29633 4
29634 4
29635 0
29636 8
29637 8
29638 6
29639 3
29640 3
29641 3
29642 9
29643 8
29644 8
29645 9
29646 2
29647 5
29648 2
29649 1
29650 1
29651 6
29652 0
29653 1
29654 6
29655 1
29656 4
29657 4
29658 7
29659 4
29660 7
29661 0
29662 5
29663 0
29664 0
29665 9
29666 1
29667 3
29668 8
29669 7
29670 9
29671 4
29672 5
29673 1
29674 7
29675 8
29676 3
29677 1
29678 2
29679 1
29680 4
29681 5
29682 8
29683 0
29684 9
29685 1
29686 2
29687 5
29688 3
29689 8
29690 3
29691 5
29692 2
29693 9
29694 6
29695 4
29696 2
29697 9
29698 8
29699 5
29700 5
29701 3
29702 5
29703 1
29704 6
29705 9
29706 6
29707 3
29708 9
29709 7
29710 4
29711 9
29712 9
29713 7
29714 3
29715 9
29716 1
29717 3
29718 4
29719 4
29720 1
29721 0
29722 0
29723 0
29724 4
29725 6
29726 2
29727 5
29728 2
29729 0
29730 8
29731 4
29732 5
29733 6
29734 9
29735 3
29736 7
29737 2
29738 8
29739 3
29740 9
29741 4
29742 6
29743 8
29744 4
29745 9
29746 4
29747 4
29748 8
29749 7
29750 1
29751 4
29752 8
29753 1
29754 2
29755 4
29756 0
29757 5
29758 6
29759 6
29760 6
29761 6
29762 9
29763 6
29764 2
29765 8
29766 8
29767 8
29768 7
29769 6
29770 1
29771 9
29772 4
29773 6
29774 4
29775 0
29776 1
29777 2
29778 7
29779 3
29780 3
29781 0
29782 4
29783 6
29784 0
29785 3
29786 5
29787 3
29788 0
29789 8
29790 8
29791 0
29792 0
29793 2
29794 6
29795 2
29796 6
29797 5
29798 5
29799 1
29800 4
29801 6
29802 1
29803 5
29804 0
29805 5
29806 7
29807 8
29808 6
29809 2
29810 1
29811 2
29812 1
29813 3
29814 7
29815 6
29816 6
29817 9
29818 4
29819 7
29820 9
29821 7
29822 2
29823 6
29824 3
29825 0
29826 7
29827 3
29828 4
29829 2
29830 0
29831 9
29832 4
29833 4
29834 6
29835 8
29836 5
29837 5
29838 5
29839 9
29840 6
29841 5
29842 7
29843 9
29844 2
29845 1
29846 4
29847 0
29848 3
29849 5
29850 4
29851 8
29852 9
29853 3
29854 3
29855 3
29856 3
29857 2
29858 4
29859 7
29860 5
29861 5
29862 8
29863 0
29864 3
29865 3
29866 8
29867 6
29868 9
29869 4
29870 5
29871 9
29872 6
29873 2
29874 2
29875 7
29876 7
29877 6
29878 3
29879 1
29880 1
29881 3
29882 5
29883 6
29884 4
29885 3
29886 1
29887 5
29888 7
29889 3
29890 9
29891 3
29892 9
29893 9
29894 2
29895 8
29896 3
29897 3
29898 3
29899 2
29900 4
29901 2
29902 6
29903 8
29904 2
29905 0
29906 1
29907 3
29908 2
29909 4
29910 7
29911 2
29912 7
29913 8
29914 8
29915 2
29916 1
29917 9
29918 4
29919 0
29920 6
29921 6
29922 0
29923 9
29924 3
29925 1
29926 8
29927 1
29928 8
29929 1
29930 8
29931 0
29932 6
29933 4
29934 4
29935 6
29936 3
29937 7
29938 8
29939 5
29940 9
29941 4
29942 8
29943 3
29944 3
29945 8
29946 7
29947 2
29948 3
29949 1
29950 0
29951 8
29952 1
29953 4
29954 1
29955 0
29956 6
29957 3
29958 6
29959 6
29960 9
29961 9
29962 0
29963 7
29964 2
29965 2
29966 3
29967 0
29968 5
29969 5
29970 9
29971 4
29972 1
29973 8
29974 9
29975 1
29976 7
29977 4
29978 4
29979 2
29980 0
29981 7
29982 2
29983 3
29984 5
29985 6
29986 3
29987 8
29988 3
29989 6
29990 7
29991 3
29992 0
29993 4
29994 8
29995 0
29996 5
29997 3
29998 6
29999 5
30000 4
30001 4
30002 4
30003 0
30004 0
30005 5
30006 9
30007 7
30008 9
30009 2
30010 6
30011 6
30012 6
30013 6
30014 2
30015 6
30016 9
30017 7
30018 4
30019 1
30020 9
30021 3
30022 7
30023 4
30024 1
30025 0
30026 1
30027 1
30028 7
30029 4
30030 7
30031 2
30032 3
30033 4
30034 0
30035 6
30036 1
30037 2
30038 6
30039 7
30040 1
30041 0
30042 2
30043 4
30044 3
30045 0
30046 3
30047 0
30048 6
30049 5
30050 7
30051 8
30052 2
30053 2
30054 9
30055 8
30056 0
30057 2
30058 1
30059 1
30060 1
30061 1
30062 6
30063 4
30064 9
30065 1
30066 5
30067 3
30068 7
30069 8
30070 4
30071 0
30072 1
30073 4
30074 4
30075 8
30076 5
30077 6
30078 7
30079 4
30080 9
30081 8
30082 7
30083 9
30084 7
30085 1
30086 0
30087 1
30088 2
30089 2
30090 3
30091 4
30092 9
30093 8
30094 6
30095 7
30096 1
30097 0
30098 8
30099 5
30100 1
30101 6
30102 7
30103 3
30104 8
30105 8
30106 4
30107 5
30108 9
30109 1
30110 3
30111 8
30112 0
30113 9
30114 6
30115 8
30116 7
30117 2
30118 2
30119 7
30120 7
30121 2
30122 2
30123 0
30124 4
30125 6
30126 1
30127 9
30128 8
30129 0
30130 9
30131 6
30132 9
30133 3
30134 2
30135 8
30136 6
30137 5
30138 2
30139 2
30140 1
30141 2
30142 0
30143 0
30144 8
30145 2
30146 2
30147 8
30148 2
30149 7
30150 1
30151 3
30152 4
30153 7
30154 8
30155 4
30156 8
30157 4
30158 1
30159 4
30160 8
30161 0
30162 3
30163 0
30164 2
30165 2
30166 0
30167 4
30168 7
30169 0
30170 4
30171 1
30172 0
30173 1
30174 8
30175 9
30176 5
30177 1
30178 0
30179 1
30180 6
30181 9
30182 6
30183 3
30184 5
30185 9
30186 4
30187 6
30188 8
30189 9
30190 0
30191 2
30192 7
30193 8
30194 3
30195 6
30196 3
30197 8
30198 3
30199 0
30200 7
30201 9
30202 6
30203 9
30204 4
30205 9
30206 2
30207 5
30208 4
30209 1
30210 7
30211 6
30212 0
30213 3
30214 1
30215 2
30216 7
30217 8
30218 1
30219 3
30220 1
30221 4
30222 8
30223 7
30224 7
30225 2
30226 0
30227 8
30228 7
30229 3
30230 7
30231 8
30232 6
30233 4
30234 7
30235 4
30236 8
30237 5
30238 1
30239 3
30240 2
30241 3
30242 1
30243 4
30244 1
30245 4
30246 1
30247 4
30248 5
30249 5
30250 2
30251 3
30252 6
30253 0
30254 0
30255 2
30256 4
30257 8
30258 0
30259 5
30260 1
30261 1
30262 3
30263 9
30264 2
30265 2
30266 4
30267 5
30268 1
30269 5
30270 9
30271 1
30272 9
30273 4
30274 4
30275 2
30276 7
30277 0
30278 8
30279 8
30280 4
30281 6
30282 2
30283 3
30284 6
30285 2
30286 4
30287 3
30288 6
30289 0
30290 4
30291 8
30292 1
30293 9
30294 8
30295 5
30296 0
30297 3
30298 8
30299 0
30300 2
30301 1
30302 1
30303 3
30304 8
30305 1
30306 7
30307 7
30308 1
30309 0
30310 1
30311 2
30312 5
30313 9
30314 4
30315 9
30316 9
30317 3
30318 3
30319 2
30320 3
30321 2
30322 1
30323 7
30324 5
30325 9
30326 3
30327 1
30328 0
30329 7
30330 6
30331 1
30332 2
30333 5
30334 3
30335 2
30336 2
30337 6
30338 5
30339 5
30340 5
30341 5
30342 9
30343 2
30344 2
30345 6
30346 9
30347 9
30348 0
30349 2
30350 4
30351 0
30352 7
30353 9
30354 6
30355 2
30356 9
30357 5
30358 8
30359 6
30360 3
30361 7
30362 4
30363 8
30364 4
30365 4
30366 1
30367 9
30368 6
30369 9
30370 0
30371 6
30372 1
30373 4
30374 9
30375 0
30376 4
30377 2
30378 7
30379 6
30380 8
30381 1
30382 5
30383 1
30384 1
30385 2
30386 3
30387 6
30388 4
30389 3
30390 7
30391 9
30392 3
30393 3
30394 6
30395 1
30396 3
30397 2
30398 6
30399 3
30400 2
30401 1
30402 0
30403 8
30404 4
30405 8
30406 1
30407 0
30408 5
30409 6
30410 9
30411 0
30412 1
30413 4
30414 3
30415 4
30416 6
30417 4
30418 2
30419 8
30420 0
30421 3
30422 4
30423 0
30424 5
30425 4
30426 7
30427 4
30428 8
30429 1
30430 1
30431 1
30432 8
30433 6
30434 7
30435 9
30436 1
30437 4
30438 8
30439 5
30440 6
30441 0
30442 4
30443 6
30444 7
30445 3
30446 8
30447 8
30448 6
30449 2
30450 3
30451 7
30452 5
30453 7
30454 5
30455 8
30456 5
30457 5
30458 9
30459 9
30460 2
30461 7
30462 9
30463 2
30464 6
30465 3
30466 4
30467 2
30468 0
30469 4
30470 9
30471 3
30472 8
30473 8
30474 1
30475 0
30476 4
30477 6
30478 2
30479 6
30480 5
30481 4
30482 1
30483 6
30484 0
30485 7
30486 4
30487 4
30488 3
30489 5
30490 2
30491 6
30492 8
30493 4
30494 0
30495 3
30496 0
30497 7
30498 9
30499 4
30500 7
30501 4
30502 4
30503 7
30504 8
30505 2
30506 9
30507 7
30508 2
30509 1
30510 0
30511 8
30512 2
30513 0
30514 5
30515 0
30516 6
30517 9
30518 0
30519 0
30520 3
30521 5
30522 3
30523 4
30524 3
30525 7
30526 7
30527 8
30528 9
30529 6
30530 2
30531 4
30532 8
30533 1
30534 8
30535 4
30536 4
30537 1
30538 1
30539 2
30540 5
30541 2
30542 6
30543 6
30544 1
30545 2
30546 6
30547 3
30548 9
30549 6
30550 8
30551 1
30552 7
30553 1
30554 1
30555 4
30556 9
30557 7
30558 0
30559 8
30560 6
30561 0
30562 6
30563 4
30564 1
30565 5
30566 2
30567 5
30568 3
30569 8
30570 4
30571 6
30572 7
30573 5
30574 9
30575 6
30576 4
30577 3
30578 6
30579 2
30580 0
30581 2
30582 2
30583 3
30584 7
30585 0
30586 1
30587 1
30588 9
30589 4
30590 8
30591 1
30592 2
30593 9
30594 1
30595 7
30596 4
30597 5
30598 3
30599 5
30600 3
30601 9
30602 5
30603 6
30604 1
30605 7
30606 3
30607 9
30608 6
30609 7
30610 9
30611 2
30612 8
30613 3
30614 1
30615 2
30616 4
30617 8
30618 3
30619 7
30620 0
30621 7
30622 4
30623 8
30624 9
30625 9
30626 8
30627 2
30628 9
30629 9
30630 8
30631 0
30632 1
30633 4
30634 8
30635 9
30636 1
30637 0
30638 2
30639 7
30640 3
30641 2
30642 4
30643 5
30644 7
30645 3
30646 7
30647 6
30648 6
30649 2
30650 3
30651 8
30652 0
30653 8
30654 2
30655 0
30656 7
30657 1
30658 6
30659 6
30660 5
30661 2
30662 1
30663 0
30664 8
30665 6
30666 9
30667 8
30668 9
30669 2
30670 1
30671 6
30672 2
30673 0
30674 8
30675 1
30676 5
30677 9
30678 2
30679 1
30680 5
30681 4
30682 6
30683 5
30684 0
30685 7
30686 0
30687 5
30688 6
30689 2
30690 3
30691 6
30692 0
30693 9
30694 0
30695 1
30696 4
30697 0
30698 9
30699 8
30700 2
30701 2
30702 1
30703 6
30704 2
30705 4
30706 5
30707 4
30708 4
30709 8
30710 1
30711 4
30712 9
30713 9
30714 7
30715 9
30716 7
30717 1
30718 1
30719 3
30720 2
30721 7
30722 0
30723 4
30724 3
30725 8
30726 0
30727 5
30728 6
30729 3
30730 3
30731 2
30732 0
30733 8
30734 9
30735 4
30736 1
30737 5
30738 6
30739 3
30740 0
30741 4
30742 4
30743 6
30744 1
30745 9
30746 5
30747 9
30748 2
30749 1
30750 2
30751 5
30752 9
30753 6
30754 4
30755 8
30756 0
30757 4
30758 4
30759 4
30760 4
30761 0
30762 6
30763 5
30764 0
30765 7
30766 5
30767 8
30768 9
30769 2
30770 1
30771 4
30772 2
30773 3
30774 2
30775 6
30776 3
30777 2
30778 6
30779 7
30780 8
30781 0
30782 6
30783 0
30784 4
30785 1
30786 1
30787 3
30788 4
30789 6
30790 9
30791 7
30792 6
30793 9
30794 4
30795 7
30796 1
30797 1
30798 5
30799 8
30800 8
30801 4
30802 6
30803 4
30804 0
30805 4
30806 9
30807 8
30808 7
30809 4
30810 3
30811 7
30812 3
30813 4
30814 8
30815 1
30816 6
30817 4
30818 5
30819 5
30820 9
30821 4
30822 6
30823 9
30824 6
30825 6
30826 4
30827 2
30828 9
30829 6
30830 0
30831 0
30832 7
30833 3
30834 8
30835 9
30836 8
30837 4
30838 3
30839 4
30840 2
30841 9
30842 3
30843 9
30844 8
30845 6
30846 1
30847 5
30848 9
30849 7
30850 3
30851 2
30852 9
30853 9
30854 3
30855 0
30856 5
30857 9
30858 2
30859 0
30860 8
30861 8
30862 1
30863 6
30864 1
30865 4
30866 0
30867 8
30868 2
30869 4
30870 3
30871 5
30872 0
30873 7
30874 0
30875 2
30876 7
30877 3
30878 3
30879 0
30880 1
30881 9
30882 7
30883 2
30884 1
30885 2
30886 1
30887 7
30888 4
30889 5
30890 8
30891 6
30892 1
30893 8
30894 8
30895 0
30896 8
30897 4
30898 0
30899 7
30900 6
30901 8
30902 4
30903 9
30904 9
30905 2
30906 1
30907 3
30908 3
30909 5
30910 5
30911 2
30912 7
30913 9
30914 4
30915 0
30916 2
30917 9
30918 8
30919 0
30920 1
30921 0
30922 0
30923 7
30924 7
30925 0
30926 3
30927 7
30928 6
30929 3
30930 8
30931 5
30932 4
30933 1
30934 8
30935 4
30936 5
30937 2
30938 8
30939 1
30940 9
30941 2
30942 0
30943 6
30944 0
30945 0
30946 8
30947 2
30948 4
30949 2
30950 8
30951 0
30952 3
30953 4
30954 0
30955 0
30956 2
30957 7
30958 4
30959 0
30960 5
30961 6
30962 4
30963 9
30964 7
30965 2
30966 9
30967 8
30968 3
30969 2
30970 9
30971 2
30972 0
30973 7
30974 1
30975 8
30976 3
30977 8
30978 7
30979 1
30980 3
30981 7
30982 3
30983 3
30984 3
30985 5
30986 0
30987 2
30988 0
30989 5
30990 3
30991 1
30992 1
30993 4
30994 9
30995 3
30996 1
30997 5
30998 0
30999 0
31000 0
31001 8
31002 9
31003 7
31004 3
31005 4
31006 7
31007 1
31008 9
31009 3
31010 2
31011 1
31012 5
31013 6
31014 5
31015 8
31016 8
31017 9
31018 7
31019 2
31020 0
31021 8
31022 7
31023 3
31024 1
31025 6
31026 7
31027 5
31028 5
31029 2
31030 5
31031 2
31032 2
31033 9
31034 2
31035 5
31036 7
31037 4
31038 1
31039 1
31040 0
31041 0
31042 1
31043 7
31044 7
31045 4
31046 3
31047 2
31048 1
31049 3
31050 9
31051 8
31052 4
31053 2
31054 1
31055 6
31056 5
31057 8
31058 7
31059 3
31060 7
31061 9
31062 6
31063 4
31064 4
31065 9
31066 7
31067 1
31068 3
31069 0
31070 3
31071 8
31072 2
31073 2
31074 4
31075 4
31076 7
31077 3
31078 9
31079 1
31080 5
31081 9
31082 1
31083 3
31084 8
31085 3
31086 9
31087 7
31088 3
31089 0
31090 6
31091 4
31092 4
31093 3
31094 2
31095 0
31096 6
31097 2
31098 1
31099 5
31100 2
31101 1
31102 1
31103 1
31104 6
31105 0
31106 9
31107 6
31108 4
31109 7
31110 8
31111 1
31112 6
31113 8
31114 3
31115 5
31116 8
31117 1
31118 7
31119 8
31120 4
31121 2
31122 9
31123 0
31124 3
31125 8
31126 7
31127 5
31128 2
31129 4
31130 8
31131 6
31132 9
31133 2
31134 0
31135 6
31136 4
31137 4
31138 6
31139 9
31140 2
31141 8
31142 7
31143 2
31144 1
31145 2
31146 7
31147 4
31148 0
31149 6
31150 9
31151 5
31152 9
31153 4
31154 4
31155 7
31156 0
31157 3
31158 5
31159 8
31160 0
31161 9
31162 7
31163 9
31164 2
31165 4
31166 9
31167 0
31168 8
31169 7
31170 7
31171 4
31172 2
31173 0
31174 2
31175 9
31176 7
31177 9
31178 3
31179 6
31180 9
31181 2
31182 1
31183 6
31184 0
31185 2
31186 6
31187 4
31188 5
31189 0
31190 1
31191 3
31192 2
31193 7
31194 7
31195 7
31196 4
31197 8
31198 8
31199 9
31200 7
31201 9
31202 9
31203 6
31204 2
31205 2
31206 3
31207 5
31208 0
31209 4
31210 9
31211 8
31212 5
31213 8
31214 9
31215 8
31216 4
31217 9
31218 9
31219 1
31220 2
31221 5
31222 1
31223 2
31224 2
31225 3
31226 0
31227 0
31228 7
31229 8
31230 8
31231 5
31232 6
31233 8
31234 5
31235 8
31236 3
31237 4
31238 6
31239 8
31240 6
31241 0
31242 3
31243 4
31244 6
31245 8
31246 1
31247 2
31248 7
31249 0
31250 0
31251 3
31252 7
31253 0
31254 3
31255 4
31256 7
31257 3
31258 8
31259 5
31260 1
31261 9
31262 6
31263 5
31264 2
31265 9
31266 1
31267 1
31268 6
31269 5
31270 3
31271 0
31272 0
31273 3
31274 5
31275 5
31276 9
31277 9
31278 2
31279 0
31280 5
31281 7
31282 2
31283 4
31284 3
31285 8
31286 9
31287 8
31288 6
31289 2
31290 4
31291 0
31292 0
31293 4
31294 6
31295 0
31296 4
31297 9
31298 4
31299 4
31300 5
31301 1
31302 0
31303 4
31304 6
31305 7
31306 3
31307 2
31308 5
31309 0
31310 3
31311 7
31312 8
31313 1
31314 7
31315 1
31316 6
31317 2
31318 2
31319 1
31320 6
31321 2
31322 7
31323 1
31324 8
31325 7
31326 3
31327 1
31328 5
31329 4
31330 9
31331 2
31332 2
31333 7
31334 2
31335 0
31336 9
31337 8
31338 4
31339 2
31340 7
31341 1
31342 0
31343 1
31344 1
31345 7
31346 1
31347 4
31348 9
31349 8
31350 1
31351 2
31352 5
31353 8
31354 2
31355 8
31356 0
31357 1
31358 6
31359 7
31360 7
31361 9
31362 7
31363 4
31364 9
31365 8
31366 0
31367 1
31368 0
31369 5
31370 6
31371 0
31372 1
31373 4
31374 2
31375 7
31376 6
31377 7
31378 2
31379 9
31380 8
31381 8
31382 3
31383 7
31384 5
31385 1
31386 0
31387 1
31388 7
31389 9
31390 3
31391 3
31392 9
31393 1
31394 6
31395 7
31396 1
31397 2
31398 6
31399 4
31400 1
31401 5
31402 7
31403 7
31404 1
31405 6
31406 9
31407 0
31408 6
31409 1
31410 3
31411 3
31412 6
31413 9
31414 6
31415 9
31416 9
31417 0
31418 6
31419 1
31420 4
31421 8
31422 7
31423 3
31424 5
31425 2
31426 9
31427 1
31428 6
31429 1
31430 3
31431 3
31432 7
31433 7
31434 2
31435 0
31436 8
31437 5
31438 6
31439 9
31440 1
31441 4
31442 4
31443 0
31444 9
31445 8
31446 9
31447 4
31448 8
31449 4
31450 5
31451 0
31452 4
31453 2
31454 6
31455 6
31456 9
31457 5
31458 0
31459 7
31460 9
31461 9
31462 7
31463 8
31464 7
31465 5
31466 5
31467 6
31468 9
31469 7
31470 4
31471 6
31472 2
31473 4
31474 8
31475 7
31476 6
31477 0
31478 7
31479 8
31480 2
31481 7
31482 0
31483 4
31484 2
31485 9
31486 4
31487 4
31488 8
31489 0
31490 2
31491 3
31492 4
31493 6
31494 9
31495 6
31496 4
31497 5
31498 4
31499 9
31500 5
31501 2
31502 4
31503 4
31504 1
31505 3
31506 7
31507 1
31508 4
31509 8
31510 6
31511 0
31512 9
31513 4
31514 7
31515 6
31516 2
31517 1
31518 3
31519 1
31520 7
31521 4
31522 4
31523 7
31524 7
31525 4
31526 5
31527 8
31528 0
31529 6
31530 6
31531 0
31532 6
31533 6
31534 2
31535 7
31536 9
31537 7
31538 1
31539 2
31540 7
31541 6
31542 6
31543 9
31544 8
31545 3
31546 5
31547 3
31548 4
31549 6
31550 1
31551 2
31552 0
31553 3
31554 9
31555 7
31556 0
31557 9
31558 0
31559 0
31560 3
31561 1
31562 8
31563 7
31564 1
31565 4
31566 8
31567 7
31568 2
31569 6
31570 9
31571 8
31572 4
31573 9
31574 0
31575 7
31576 6
31577 2
31578 8
31579 6
31580 4
31581 2
31582 8
31583 0
31584 6
31585 4
31586 3
31587 4
31588 5
31589 6
31590 4
31591 8
31592 0
31593 9
31594 5
31595 3
31596 8
31597 5
31598 0
31599 8
31600 4
31601 6
31602 1
31603 3
31604 3
31605 0
31606 5
31607 1
31608 8
31609 7
31610 3
31611 2
31612 3
31613 9
31614 9
31615 2
31616 9
31617 5
31618 3
31619 4
31620 9
31621 0
31622 8
31623 6
31624 2
31625 3
31626 9
31627 0
31628 2
31629 2
31630 4
31631 2
31632 9
31633 9
31634 2
31635 0
31636 9
31637 7
31638 6
31639 0
31640 1
31641 3
31642 5
31643 6
31644 0
31645 0
31646 6
31647 5
31648 8
31649 3
31650 6
31651 2
31652 5
31653 9
31654 5
31655 3
31656 2
31657 6
31658 4
31659 8
31660 6
31661 5
31662 5
31663 8
31664 9
31665 8
31666 1
31667 1
31668 2
31669 2
31670 8
31671 4
31672 5
31673 9
31674 6
31675 4
31676 6
31677 9
31678 5
31679 1
31680 2
31681 3
31682 9
31683 2
31684 1
31685 5
31686 0
31687 6
31688 4
31689 6
31690 5
31691 6
31692 2
31693 5
31694 9
31695 5
31696 8
31697 1
31698 0
31699 9
31700 6
31701 9
31702 8
31703 1
31704 1
31705 2
31706 7
31707 8
31708 2
31709 3
31710 4
31711 7
31712 4
31713 3
31714 6
31715 2
31716 6
31717 9
31718 0
31719 0
31720 5
31721 1
31722 9
31723 9
31724 8
31725 1
31726 0
31727 2
31728 5
31729 9
31730 5
31731 5
31732 6
31733 0
31734 6
31735 0
31736 5
31737 6
31738 2
31739 8
31740 4
31741 3
31742 9
31743 0
31744 7
31745 7
31746 0
31747 3
31748 3
31749 1
31750 5
31751 3
31752 1
31753 0
31754 5
31755 1
31756 7
31757 2
31758 5
31759 0
31760 2
31761 2
31762 3
31763 5
31764 9
31765 3
31766 3
31767 3
31768 9
31769 7
31770 5
31771 8
31772 2
31773 4
31774 7
31775 9
31776 3
31777 1
31778 5
31779 2
31780 6
31781 2
31782 4
31783 0
31784 7
31785 9
31786 9
31787 0
31788 5
31789 4
31790 1
31791 3
31792 5
31793 1
31794 5
31795 0
31796 8
31797 4
31798 1
31799 8
31800 5
31801 6
31802 1
31803 9
31804 0
31805 7
31806 8
31807 7
31808 8
31809 6
31810 9
31811 9
31812 7
31813 9
31814 5
31815 6
31816 3
31817 4
31818 5
31819 2
31820 7
31821 6
31822 9
31823 1
31824 9
31825 1
31826 7
31827 1
31828 0
31829 1
31830 2
31831 0
31832 5
31833 1
31834 0
31835 8
31836 6
31837 3
31838 7
31839 1
31840 0
31841 6
31842 3
31843 6
31844 6
31845 3
31846 7
31847 9
31848 6
31849 2
31850 8
31851 2
31852 7
31853 4
31854 7
31855 2
31856 0
31857 5
31858 1
31859 5
31860 5
31861 3
31862 6
31863 3
31864 5
31865 8
31866 2
31867 4
31868 0
31869 0
31870 0
31871 8
31872 6
31873 7
31874 3
31875 3
31876 6
31877 5
31878 0
31879 2
31880 6
31881 8
31882 8
31883 6
31884 5
31885 3
31886 8
31887 6
31888 8
31889 9
31890 7
31891 2
31892 1
31893 8
31894 3
31895 7
31896 2
31897 8
31898 5
31899 5
31900 6
31901 9
31902 1
31903 4
31904 1
31905 0
31906 6
31907 4
31908 6
31909 4
31910 6
31911 5
31912 6
31913 7
31914 2
31915 3
31916 8
31917 8
31918 3
31919 2
31920 8
31921 9
31922 8
31923 7
31924 9
31925 9
31926 5
31927 0
31928 5
31929 2
31930 1
31931 1
31932 3
31933 8
31934 0
31935 8
31936 3
31937 2
31938 8
31939 3
31940 8
31941 1
31942 9
31943 0
31944 8
31945 3
31946 4
31947 3
31948 2
31949 9
31950 1
31951 3
31952 3
31953 8
31954 3
31955 3
31956 1
31957 6
31958 0
31959 3
31960 5
31961 6
31962 3
31963 0
31964 9
31965 4
31966 6
31967 7
31968 4
31969 0
31970 5
31971 3
31972 7
31973 0
31974 5
31975 1
31976 2
31977 4
31978 3
31979 7
31980 1
31981 1
31982 0
31983 9
31984 7
31985 2
31986 0
31987 7
31988 9
31989 4
31990 2
31991 2
31992 6
31993 1
31994 5
31995 0
31996 5
31997 9
31998 0
31999 3
32000 0
32001 2
32002 7
32003 6
32004 4
32005 4
32006 7
32007 9
32008 6
32009 1
32010 1
32011 8
32012 5
32013 7
32014 3
32015 8
32016 0
32017 3
32018 1
32019 3
32020 0
32021 5
32022 7
32023 0
32024 2
32025 7
32026 1
32027 7
32028 5
32029 4
32030 5
32031 3
32032 6
32033 4
32034 6
32035 1
32036 3
32037 3
32038 5
32039 4
32040 1
32041 2
32042 6
32043 0
32044 3
32045 6
32046 6
32047 5
32048 1
32049 7
32050 3
32051 1
32052 4
32053 4
32054 7
32055 2
32056 4
32057 6
32058 6
32059 1
32060 9
32061 9
32062 4
32063 8
32064 6
32065 0
32066 9
32067 1
32068 5
32069 7
32070 0
32071 1
32072 6
32073 0
32074 6
32075 0
32076 4
32077 2
32078 7
32079 4
32080 3
32081 8
32082 1
32083 0
32084 1
32085 9
32086 7
32087 2
32088 7
32089 5
32090 2
32091 3
32092 7
32093 3
32094 4
32095 9
32096 8
32097 5
32098 7
32099 4
32100 9
32101 9
32102 9
32103 5
32104 3
32105 1
32106 1
32107 5
32108 5
32109 7
32110 5
32111 9
32112 1
32113 4
32114 4
32115 7
32116 5
32117 2
32118 4
32119 2
32120 3
32121 7
32122 7
32123 5
32124 7
32125 1
32126 6
32127 4
32128 9
32129 0
32130 5
32131 3
32132 8
32133 3
32134 2
32135 9
32136 8
32137 8
32138 6
32139 5
32140 7
32141 5
32142 0
32143 5
32144 0
32145 9
32146 9
32147 0
32148 4
32149 0
32150 7
32151 5
32152 3
32153 5
32154 3
32155 1
32156 0
32157 1
32158 5
32159 0
32160 4
32161 7
32162 8
32163 3
32164 7
32165 7
32166 0
32167 2
32168 4
32169 4
32170 2
32171 1
32172 9
32173 9
32174 5
32175 1
32176 7
32177 3
32178 3
32179 8
32180 7
32181 0
32182 0
32183 8
32184 9
32185 3
32186 4
32187 7
32188 3
32189 9
32190 8
32191 6
32192 9
32193 8
32194 2
32195 6
32196 9
32197 7
32198 3
32199 7
32200 5
32201 7
32202 8
32203 2
32204 3
32205 9
32206 9
32207 8
32208 6
32209 0
32210 5
32211 8
32212 9
32213 4
32214 7
32215 0
32216 8
32217 0
32218 6
32219 9
32220 3
32221 4
32222 7
32223 3
32224 9
32225 2
32226 2
32227 2
32228 2
32229 7
32230 5
32231 9
32232 5
32233 9
32234 0
32235 2
32236 4
32237 2
32238 9
32239 7
32240 5
32241 4
32242 8
32243 6
32244 2
32245 6
32246 8
32247 2
32248 7
32249 1
32250 1
32251 6
32252 7
32253 5
32254 0
32255 4
32256 5
32257 5
32258 2
32259 3
32260 0
32261 5
32262 8
32263 2
32264 2
32265 0
32266 0
32267 7
32268 7
32269 7
32270 5
32271 2
32272 7
32273 4
32274 2
32275 2
32276 1
32277 4
32278 6
32279 0
32280 3
32281 0
32282 9
32283 1
32284 9
32285 1
32286 1
32287 8
32288 8
32289 7
32290 4
32291 7
32292 2
32293 3
32294 9
32295 3
32296 6
32297 4
32298 0
32299 2
32300 5
32301 6
32302 3
32303 8
32304 6
32305 2
32306 0
32307 7
32308 9
32309 8
32310 3
32311 5
32312 4
32313 9
32314 7
32315 9
32316 6
32317 3
32318 1
32319 2
32320 8
32321 9
32322 0
32323 5
32324 2
32325 8
32326 1
32327 9
32328 4
32329 0
32330 1
32331 9
32332 6
32333 4
32334 0
32335 8
32336 2
32337 5
32338 7
32339 8
32340 3
32341 4
32342 7
32343 9
32344 3
32345 9
32346 4
32347 0
32348 9
32349 7
32350 7
32351 1
32352 5
32353 1
32354 3
32355 7
32356 9
32357 1
32358 3
32359 4
32360 6
32361 2
32362 5
32363 3
32364 5
32365 1
32366 7
32367 5
32368 0
32369 9
32370 6
32371 0
32372 9
32373 3
32374 1
32375 3
32376 4
32377 5
32378 5
32379 9
32380 4
32381 2
32382 3
32383 0
32384 6
32385 0
32386 7
32387 1
32388 8
32389 2
32390 5
32391 0
32392 4
32393 4
32394 6
32395 0
32396 9
32397 7
32398 9
32399 1
32400 5
32401 8
32402 7
32403 1
32404 3
32405 1
32406 4
32407 3
32408 4
32409 3
32410 4
32411 6
32412 4
32413 4
32414 3
32415 7
32416 7
32417 2
32418 5
32419 6
32420 7
32421 4
32422 9
32423 0
32424 0
32425 2
32426 4
32427 0
32428 2
32429 3
32430 3
32431 0
32432 3
32433 1
32434 9
32435 2
32436 0
32437 0
32438 1
32439 6
32440 9
32441 1
32442 3
32443 5
32444 6
32445 0
32446 7
32447 5
32448 8
32449 2
32450 6
32451 7
32452 4
32453 9
32454 7
32455 3
32456 5
32457 6
32458 1
32459 7
32460 1
32461 6
32462 9
32463 1
32464 2
32465 1
32466 2
32467 9
32468 7
32469 5
32470 0
32471 2
32472 3
32473 7
32474 9
32475 6
32476 9
32477 0
32478 0
32479 3
32480 1
32481 4
32482 6
32483 8
32484 5
32485 7
32486 1
32487 2
32488 1
32489 7
32490 7
32491 9
32492 7
32493 5
32494 2
32495 3
32496 9
32497 9
32498 0
32499 2
32500 2
32501 2
32502 9
32503 1
32504 1
32505 1
32506 2
32507 3
32508 2
32509 0
32510 2
32511 1
32512 6
32513 4
32514 6
32515 9
32516 0
32517 9
32518 1
32519 9
32520 2
32521 8
32522 5
32523 1
32524 5
32525 6
32526 4
32527 5
32528 1
32529 8
32530 8
32531 7
32532 9
32533 8
32534 2
32535 6
32536 5
32537 6
32538 0
32539 1
32540 7
32541 8
32542 4
32543 8
32544 8
32545 1
32546 1
32547 7
32548 9
32549 0
32550 5
32551 3
32552 1
32553 4
32554 9
32555 2
32556 8
32557 2
32558 7
32559 9
32560 2
32561 2
32562 2
32563 7
32564 5
32565 4
32566 2
32567 4
32568 2
32569 1
32570 7
32571 8
32572 7
32573 2
32574 6
32575 0
32576 0
32577 4
32578 4
32579 2
32580 5
32581 5
32582 2
32583 4
32584 0
32585 0
32586 5
32587 7
32588 0
32589 1
32590 6
32591 3
32592 1
32593 9
32594 1
32595 9
32596 0
32597 5
32598 7
32599 3
32600 5
32601 6
32602 7
32603 2
32604 0
32605 2
32606 4
32607 3
32608 4
32609 8
32610 2
32611 7
32612 4
32613 3
32614 5
32615 0
32616 4
32617 8
32618 1
32619 1
32620 3
32621 9
32622 2
32623 7
32624 6
32625 4
32626 2
32627 9
32628 4
32629 7
32630 4
32631 8
32632 4
32633 0
32634 8
32635 4
32636 5
32637 6
32638 1
32639 5
32640 8
32641 9
32642 7
32643 8
32644 1
32645 5
32646 7
32647 5
32648 1
32649 4
32650 6
32651 3
32652 1
32653 3
32654 0
32655 4
32656 5
32657 1
32658 6
32659 9
32660 7
32661 2
32662 1
32663 0
32664 7
32665 8
32666 3
32667 1
32668 7
32669 3
32670 5
32671 3
32672 6
32673 5
32674 2
32675 3
32676 8
32677 7
32678 4
32679 4
32680 7
32681 5
32682 5
32683 8
32684 5
32685 3
32686 4
32687 3
32688 1
32689 9
32690 1
32691 6
32692 2
32693 7
32694 3
32695 9
32696 2
32697 7
32698 4
32699 7
32700 5
32701 3
32702 4
32703 1
32704 8
32705 3
32706 2
32707 8
32708 2
32709 2
32710 5
32711 0
32712 0
32713 1
32714 9
32715 6
32716 5
32717 6
32718 2
32719 3
32720 4
32721 0
32722 6
32723 2
32724 6
32725 6
32726 4
32727 7
32728 6
32729 4
32730 5
32731 8
32732 5
32733 4
32734 1
32735 3
32736 4
32737 2
32738 6
32739 5
32740 0
32741 4
32742 4
32743 9
32744 5
32745 9
32746 0
32747 7
32748 0
32749 9
32750 5
32751 2
32752 2
32753 9
32754 6
32755 0
32756 3
32757 5
32758 7
32759 6
32760 8
32761 0
32762 4
32763 0
32764 3
32765 9
32766 4
32767 9
32768 3
32769 1
32770 1
32771 4
32772 7
32773 8
32774 6
32775 3
32776 2
32777 5
32778 8
32779 4
32780 8
32781 3
32782 7
32783 4
32784 8
32785 4
32786 2
32787 3
32788 8
32789 2
32790 3
32791 6
32792 9
32793 4
32794 1
32795 4
32796 1
32797 5
32798 0
32799 4
32800 5
32801 4
32802 8
32803 8
32804 1
32805 7
32806 6
32807 5
32808 2
32809 8
32810 6
32811 5
32812 4
32813 0
32814 0
32815 8
32816 4
32817 9
32818 8
32819 8
32820 8
32821 7
32822 6
32823 5
32824 8
32825 0
32826 0
32827 2
32828 8
32829 4
32830 7
32831 9
32832 5
32833 1
32834 2
32835 7
32836 3
32837 6
32838 0
32839 6
32840 8
32841 5
32842 7
32843 6
32844 4
32845 0
32846 5
32847 3
32848 5
32849 0
32850 5
32851 2
32852 1
32853 5
32854 4
32855 0
32856 0
32857 8
32858 6
32859 2
32860 0
32861 0
32862 5
32863 1
32864 6
32865 1
32866 5
32867 9
32868 6
32869 2
32870 0
32871 4
32872 6
32873 9
32874 8
32875 1
32876 7
32877 9
32878 7
32879 8
32880 9
32881 9
32882 7
32883 1
32884 3
32885 0
32886 7
32887 6
32888 3
32889 9
32890 0
32891 8
32892 9
32893 5
32894 5
32895 2
32896 0
32897 2
32898 9
32899 1
32900 3
32901 5
32902 6
32903 6
32904 2
32905 9
32906 0
32907 1
32908 5
32909 4
32910 6
32911 2
32912 8
32913 7
32914 2
32915 8
32916 6
32917 0
32918 5
32919 4
32920 8
32921 3
32922 9
32923 9
32924 1
32925 4
32926 2
32927 7
32928 0
32929 3
32930 6
32931 0
32932 2
32933 4
32934 1
32935 9
32936 1
32937 2
32938 4
32939 9
32940 7
32941 4
32942 5
32943 8
32944 8
32945 4
32946 9
32947 3
32948 1
32949 0
32950 6
32951 2
32952 6
32953 4
32954 6
32955 7
32956 4
32957 2
32958 7
32959 6
32960 5
32961 4
32962 3
32963 6
32964 5
32965 8
32966 2
32967 7
32968 3
32969 7
32970 2
32971 2
32972 6
32973 7
32974 9
32975 0
32976 7
32977 3
32978 6
32979 4
32980 7
32981 1
32982 0
32983 0
32984 6
32985 9
32986 6
32987 9
32988 4
32989 7
32990 3
32991 0
32992 8
32993 2
32994 9
32995 1
32996 3
32997 4
32998 1
32999 5
33000 4
33001 4
33002 2
33003 4
33004 6
33005 2
33006 3
33007 4
33008 9
33009 9
33010 6
33011 1
33012 2
33013 4
33014 6
33015 1
33016 2
33017 4
33018 2
33019 7
33020 1
33021 6
33022 9
33023 8
33024 3
33025 7
33026 2
33027 3
33028 0
33029 3
33030 6
33031 5
33032 7
33033 4
33034 5
33035 2
33036 0
33037 4
33038 8
33039 5
33040 5
33041 0
33042 5
33043 3
33044 6
33045 4
33046 1
33047 1
33048 5
33049 5
33050 0
33051 6
33052 5
33053 5
33054 9
33055 2
33056 4
33057 6
33058 6
33059 2
33060 5
33061 5
33062 1
33063 8
33064 7
33065 9
33066 0
33067 5
33068 6
33069 4
33070 4
33071 6
33072 8
33073 8
33074 7
33075 3
33076 3
33077 1
33078 7
33079 8
33080 6
33081 0
33082 2
33083 9
33084 2
33085 9
33086 4
33087 0
33088 6
33089 0
33090 4
33091 5
33092 8
33093 4
33094 2
33095 1
33096 7
33097 4
33098 5
33099 5
33100 1
33101 9
33102 2
33103 3
33104 7
33105 6
33106 0
33107 5
33108 3
33109 8
33110 5
33111 6
33112 4
33113 0
33114 2
33115 3
33116 0
33117 5
33118 2
33119 2
33120 8
33121 4
33122 9
33123 3
33124 3
33125 2
33126 1
33127 2
33128 2
33129 1
33130 4
33131 9
33132 2
33133 1
33134 9
33135 3
33136 2
33137 7
33138 4
33139 4
33140 2
33141 8
33142 8
33143 8
33144 7
33145 5
33146 8
33147 7
33148 8
33149 7
33150 3
33151 8
33152 7
33153 4
33154 6
33155 5
33156 8
33157 4
33158 7
33159 6
33160 2
33161 3
33162 5
33163 5
33164 9
33165 6
33166 1
33167 9
33168 4
33169 5
33170 2
33171 0
33172 9
33173 5
33174 2
33175 1
33176 4
33177 1
33178 8
33179 6
33180 4
33181 8
33182 9
33183 8
33184 2
33185 5
33186 2
33187 8
33188 1
33189 9
33190 0
33191 8
33192 4
33193 7
33194 4
33195 6
33196 2
33197 3
33198 8
33199 3
33200 8
33201 8
33202 0
33203 9
33204 3
33205 5
33206 7
33207 1
33208 8
33209 5
33210 7
33211 8
33212 8
33213 4
33214 3
33215 6
33216 0
33217 8
33218 9
33219 3
33220 3
33221 2
33222 2
33223 6
33224 4
33225 8
33226 3
33227 3
33228 2
33229 3
33230 7
33231 9
33232 0
33233 8
33234 7
33235 3
33236 1
33237 9
33238 1
33239 6
33240 3
33241 5
33242 4
33243 2
33244 8
33245 2
33246 8
33247 8
33248 2
33249 4
33250 8
33251 2
33252 9
33253 1
33254 6
33255 9
33256 7
33257 5
33258 0
33259 6
33260 2
33261 2
33262 8
33263 9
33264 1
33265 9
33266 7
33267 8
33268 1
33269 5
33270 7
33271 3
33272 4
33273 9
33274 4
33275 5
33276 6
33277 6
33278 7
33279 0
33280 5
33281 2
33282 0
33283 9
33284 6
33285 5
33286 3
33287 7
33288 4
33289 9
33290 8
33291 6
33292 5
33293 8
33294 8
33295 4
33296 8
33297 1
33298 4
33299 5
33300 6
33301 5
33302 7
33303 4
33304 4
33305 5
33306 4
33307 2
33308 2
33309 9
33310 3
33311 8
33312 6
33313 9
33314 7
33315 9
33316 7
33317 2
33318 7
33319 2
33320 6
33321 1
33322 3
33323 6
33324 7
33325 3
33326 2
33327 1
33328 7
33329 5
33330 8
33331 4
33332 9
33333 3
33334 1
33335 5
33336 1
33337 8
33338 3
33339 9
33340 6
33341 6
33342 7
33343 1
33344 5
33345 6
33346 3
33347 2
33348 6
33349 5
33350 9
33351 6
33352 1
33353 1
33354 7
33355 2
33356 6
33357 9
33358 8
33359 2
33360 4
33361 9
33362 0
33363 5
33364 1
33365 6
33366 0
33367 5
33368 5
33369 6
33370 9
33371 7
33372 5
33373 3
33374 1
33375 2
33376 5
33377 1
33378 5
33379 2
33380 1
33381 7
33382 6
33383 2
33384 6
33385 9
33386 5
33387 9
33388 9
33389 2
33390 5
33391 5
33392 6
33393 2
33394 1
33395 7
33396 6
33397 2
33398 9
33399 9
33400 1
33401 5
33402 7
33403 9
33404 3
33405 1
33406 1
33407 2
33408 8
33409 6
33410 6
33411 9
33412 6
33413 8
33414 3
33415 0
33416 8
33417 8
33418 6
33419 8
33420 2
33421 8
33422 1
33423 3
33424 6
33425 2
33426 5
33427 8
33428 8
33429 0
33430 2
33431 3
33432 0
33433 1
33434 9
33435 6
33436 5
33437 4
33438 8
33439 8
33440 3
33441 9
33442 3
33443 2
33444 9
33445 6
33446 5
33447 3
33448 0
33449 8
33450 8
33451 7
33452 8
33453 8
33454 5
33455 8
33456 4
33457 9
33458 6
33459 4
33460 5
33461 7
33462 7
33463 0
33464 7
33465 1
33466 6
33467 6
33468 3
33469 0
33470 6
33471 5
33472 9
33473 5
33474 2
33475 7
33476 1
33477 6
33478 0
33479 4
33480 3
33481 5
33482 0
33483 9
33484 5
33485 3
33486 4
33487 3
33488 0
33489 2
33490 0
33491 0
33492 1
33493 7
33494 2
33495 0
33496 9
33497 7
33498 9
33499 8
33500 6
33501 2
33502 8
33503 8
33504 5
33505 9
33506 4
33507 8
33508 5
33509 0
33510 7
33511 6
33512 0
33513 3
33514 1
33515 8
33516 3
33517 7
33518 7
33519 8
33520 4
33521 4
33522 6
33523 9
33524 5
33525 9
33526 6
33527 1
33528 6
33529 1
33530 9
33531 9
33532 7
33533 7
33534 0
33535 9
33536 7
33537 2
33538 5
33539 5
33540 2
33541 3
33542 9
33543 4
33544 3
33545 0
33546 6
33547 6
33548 8
33549 7
33550 4
33551 2
33552 3
33553 3
33554 7
33555 5
33556 8
33557 5
33558 0
33559 2
33560 7
33561 3
33562 0
33563 8
33564 0
33565 0
33566 3
33567 1
33568 1
33569 6
33570 3
33571 6
33572 7
33573 2
33574 6
33575 9
33576 6
33577 8
33578 3
33579 7
33580 0
33581 8
33582 7
33583 1
33584 2
33585 1
33586 8
33587 8
33588 4
33589 1
33590 7
33591 3
33592 2
33593 3
33594 3
33595 4
33596 9
33597 0
33598 9
33599 9
33600 9
33601 0
33602 8
33603 2
33604 1
33605 4
33606 7
33607 3
33608 1
33609 3
33610 2
33611 1
33612 3
33613 9
33614 1
33615 7
33616 5
33617 5
33618 1
33619 3
33620 0
33621 3
33622 0
33623 9
33624 7
33625 2
33626 3
33627 0
33628 8
33629 3
33630 9
33631 4
33632 8
33633 3
33634 4
33635 7
33636 5
33637 1
33638 6
33639 4
33640 7
33641 4
33642 5
33643 2
33644 6
33645 9
33646 0
33647 2
33648 5
33649 7
33650 4
33651 4
33652 6
33653 1
33654 6
33655 7
33656 7
33657 1
33658 1
33659 2
33660 9
33661 8
33662 8
33663 5
33664 9
33665 4
33666 6
33667 0
33668 9
33669 6
33670 2
33671 9
33672 3
33673 7
33674 8
33675 3
33676 8
33677 2
33678 6
33679 5
33680 1
33681 5
33682 7
33683 7
33684 2
33685 1
33686 4
33687 6
33688 3
33689 5
33690 2
33691 0
33692 9
33693 9
33694 9
33695 7
33696 4
33697 6
33698 5
33699 8
33700 3
33701 9
33702 2
33703 8
33704 6
33705 5
33706 7
33707 7
33708 4
33709 5
33710 0
33711 6
33712 1
33713 8
33714 9
33715 1
33716 2
33717 7
33718 6
33719 4
33720 8
33721 2
33722 4
33723 6
33724 9
33725 6
33726 6
33727 9
33728 1
33729 4
33730 3
33731 6
33732 2
33733 9
33734 8
33735 9
33736 3
33737 6
33738 0
33739 1
33740 5
33741 2
33742 4
33743 7
33744 4
33745 9
33746 5
33747 7
33748 1
33749 5
33750 2
33751 4
33752 8
33753 8
33754 4
33755 6
33756 4
33757 2
33758 5
33759 7
33760 6
33761 3
33762 8
33763 1
33764 8
33765 9
33766 9
33767 6
33768 0
33769 5
33770 3
33771 8
33772 7
33773 8
33774 0
33775 7
33776 4
33777 0
33778 1
33779 5
33780 4
33781 2
33782 2
33783 4
33784 2
33785 6
33786 9
33787 9
33788 6
33789 4
33790 2
33791 3
33792 8
33793 3
33794 2
33795 6
33796 9
33797 3
33798 0
33799 2
33800 2
33801 3
33802 9
33803 0
33804 1
33805 9
33806 4
33807 2
33808 5
33809 0
33810 8
33811 1
33812 3
33813 7
33814 0
33815 4
33816 6
33817 8
33818 6
33819 0
33820 6
33821 6
33822 6
33823 2
33824 4
33825 5
33826 7
33827 8
33828 5
33829 8
33830 7
33831 2
33832 2
33833 9
33834 9
33835 7
33836 3
33837 5
33838 3
33839 3
33840 8
33841 7
33842 1
33843 5
33844 8
33845 5
33846 8
33847 9
33848 6
33849 5
33850 2
33851 6
33852 3
33853 1
33854 7
33855 6
33856 8
33857 6
33858 6
33859 4
33860 5
33861 3
33862 6
33863 1
33864 1
33865 4
33866 1
33867 6
33868 4
33869 1
33870 9
33871 9
33872 6
33873 6
33874 9
33875 3
33876 0
33877 5
33878 3
33879 2
33880 7
33881 2
33882 8
33883 4
33884 7
33885 8
33886 4
33887 2
33888 3
33889 2
33890 2
33891 0
33892 1
33893 6
33894 3
33895 7
33896 8
33897 8
33898 8
33899 4
33900 7
33901 4
33902 7
33903 8
33904 8
33905 2
33906 6
33907 4
33908 2
33909 1
33910 7
33911 4
33912 1
33913 3
33914 0
33915 0
33916 9
33917 9
33918 3
33919 7
33920 8
33921 9
33922 6
33923 0
33924 3
33925 2
33926 7
33927 7
33928 5
33929 2
33930 9
33931 1
33932 6
33933 4
33934 2
33935 5
33936 7
33937 4
33938 1
33939 3
33940 4
33941 2
33942 1
33943 7
33944 0
33945 4
33946 0
33947 1
33948 1
33949 8
33950 8
33951 3
33952 7
33953 1
33954 4
33955 8
33956 6
33957 3
33958 3
33959 7
33960 8
33961 0
33962 9
33963 5
33964 5
33965 1
33966 3
33967 0
33968 0
33969 9
33970 9
33971 1
33972 7
33973 8
33974 2
33975 2
33976 2
33977 7
33978 9
33979 9
33980 3
33981 7
33982 1
33983 7
33984 0
33985 6
33986 0
33987 6
33988 2
33989 7
33990 2
33991 8
33992 4
33993 2
33994 6
33995 2
33996 4
33997 8
33998 5
33999 9
34000 7
34001 0
34002 4
34003 9
34004 4
34005 9
34006 6
34007 4
34008 0
34009 8
34010 1
34011 8
34012 6
34013 3
34014 3
34015 2
34016 5
34017 4
34018 0
34019 6
34020 9
34021 1
34022 2
34023 6
34024 6
34025 3
34026 6
34027 6
34028 9
34029 1
34030 7
34031 6
34032 2
34033 0
34034 4
34035 3
34036 3
34037 7
34038 4
34039 1
34040 1
34041 6
34042 8
34043 2
34044 4
34045 3
34046 9
34047 3
34048 7
34049 1
34050 4
34051 0
34052 8
34053 6
34054 9
34055 3
34056 2
34057 0
34058 9
34059 5
34060 9
34061 8
34062 9
34063 4
34064 5
34065 8
34066 2
34067 0
34068 5
34069 3
34070 9
34071 4
34072 0
34073 5
34074 2
34075 4
34076 2
34077 4
34078 9
34079 3
34080 3
34081 2
34082 4
34083 1
34084 8
34085 1
34086 8
34087 9
34088 2
34089 6
34090 9
34091 1
34092 8
34093 5
34094 6
34095 9
34096 5
34097 9
34098 4
34099 8
34100 1
34101 3
34102 3
34103 5
34104 0
34105 4
34106 4
34107 6
34108 2
34109 9
34110 3
34111 1
34112 1
34113 3
34114 7
34115 2
34116 7
34117 8
34118 5
34119 0
34120 2
34121 5
34122 0
34123 3
34124 3
34125 4
34126 0
34127 7
34128 6
34129 5
34130 4
34131 9
34132 4
34133 6
34134 0
34135 4
34136 1
34137 2
34138 1
34139 4
34140 3
34141 3
34142 7
34143 1
34144 9
34145 3
34146 5
34147 4
34148 3
34149 1
34150 6
34151 9
34152 5
34153 5
34154 5
34155 2
34156 1
34157 7
34158 3
34159 1
34160 0
34161 4
34162 6
34163 5
34164 4
34165 5
34166 1
34167 0
34168 1
34169 0
34170 7
34171 4
34172 3
34173 5
34174 8
34175 4
34176 6
34177 9
34178 4
34179 5
34180 4
34181 2
34182 9
34183 1
34184 8
34185 4
34186 3
34187 5
34188 7
34189 7
34190 0
34191 6
34192 3
34193 8
34194 2
34195 6
34196 4
34197 9
34198 4
34199 2
34200 5
34201 0
34202 9
34203 0
34204 8
34205 6
34206 3
34207 5
34208 9
34209 8
34210 9
34211 0
34212 9
34213 2
34214 6
34215 9
34216 4
34217 9
34218 8
34219 9
34220 3
34221 1
34222 7
34223 4
34224 0
34225 1
34226 5
34227 8
34228 0
34229 9
34230 0
34231 7
34232 7
34233 9
34234 3
34235 6
34236 1
34237 7
34238 1
34239 3
34240 5
34241 0
34242 4
34243 7
34244 3
34245 8
34246 0
34247 1
34248 9
34249 7
34250 3
34251 7
34252 3
34253 9
34254 2
34255 7
34256 1
34257 0
34258 6
34259 0
34260 1
34261 8
34262 5
34263 6
34264 3
34265 8
34266 3
34267 0
34268 1
34269 8
34270 8
34271 9
34272 5
34273 5
34274 5
34275 2
34276 2
34277 8
34278 2
34279 6
34280 9
34281 5
34282 7
34283 7
34284 8
34285 6
34286 6
34287 0
34288 7
34289 2
34290 8
34291 5
34292 8
34293 8
34294 5
34295 3
34296 9
34297 5
34298 5
34299 0
34300 4
34301 7
34302 3
34303 3
34304 2
34305 7
34306 5
34307 1
34308 0
34309 4
34310 4
34311 4
34312 6
34313 9
34314 1
34315 0
34316 3
34317 6
34318 4
34319 0
34320 3
34321 6
34322 2
34323 0
34324 1
34325 9
34326 9
34327 2
34328 2
34329 2
34330 2
34331 2
34332 8
34333 9
34334 4
34335 5
34336 7
34337 9
34338 6
34339 1
34340 4
34341 1
34342 7
34343 6
34344 8
34345 5
34346 9
34347 5
34348 7
34349 4
34350 1
34351 1
34352 5
34353 5
34354 9
34355 9
34356 2
34357 2
34358 0
34359 1
34360 8
34361 2
34362 6
34363 9
34364 1
34365 8
34366 8
34367 5
34368 7
34369 5
34370 0
34371 0
34372 0
34373 2
34374 1
34375 3
34376 1
34377 3
34378 8
34379 2
34380 9
34381 8
34382 2
34383 6
34384 5
34385 2
34386 5
34387 5
34388 3
34389 3
34390 1
34391 6
34392 5
34393 4
34394 7
34395 8
34396 8
34397 9
34398 1
34399 1
34400 6
34401 9
34402 7
34403 8
34404 0
34405 7
34406 0
34407 7
34408 9
34409 6
34410 1
34411 2
34412 8
34413 1
34414 9
34415 8
34416 7
34417 9
34418 6
34419 1
34420 8
34421 9
34422 0
34423 6
34424 4
34425 8
34426 3
34427 5
34428 6
34429 3
34430 2
34431 9
34432 9
34433 7
34434 6
34435 4
34436 7
34437 7
34438 0
34439 5
34440 9
34441 0
34442 4
34443 2
34444 9
34445 8
34446 4
34447 1
34448 0
34449 2
34450 3
34451 9
34452 9
34453 4
34454 3
34455 2
34456 6
34457 7
34458 2
34459 9
34460 1
34461 4
34462 3
34463 5
34464 5
34465 7
34466 1
34467 0
34468 6
34469 7
34470 7
34471 0
34472 2
34473 7
34474 1
34475 0
34476 8
34477 9
34478 8
34479 0
34480 4
34481 8
34482 1
34483 0
34484 6
34485 5
34486 4
34487 0
34488 0
34489 2
34490 8
34491 0
34492 0
34493 0
34494 9
34495 5
34496 1
34497 5
34498 4
34499 3
34500 9
34501 4
34502 7
34503 4
34504 9
34505 4
34506 6
34507 5
34508 4
34509 3
34510 8
34511 2
34512 4
34513 3
34514 9
34515 7
34516 0
34517 6
34518 2
34519 9
34520 4
34521 0
34522 6
34523 6
34524 0
34525 4
34526 6
34527 4
34528 9
34529 6
34530 9
34531 0
34532 7
34533 9
34534 1
34535 5
34536 0
34537 6
34538 9
34539 8
34540 7
34541 5
34542 9
34543 8
34544 0
34545 5
34546 1
34547 8
34548 2
34549 5
34550 7
34551 5
34552 6
34553 4
34554 5
34555 0
34556 8
34557 5
34558 3
34559 7
34560 9
34561 1
34562 7
34563 1
34564 8
34565 6
34566 1
34567 5
34568 3
34569 1
34570 1
34571 8
34572 1
34573 7
34574 4
34575 2
34576 9
34577 9
34578 3
34579 7
34580 4
34581 1
34582 7
34583 6
34584 0
34585 0
34586 6
34587 7
34588 6
34589 3
34590 3
34591 5
34592 7
34593 7
34594 7
34595 1
34596 3
34597 8
34598 1
34599 4
34600 8
34601 3
34602 9
34603 1
34604 3
34605 7
34606 7
34607 5
34608 8
34609 2
34610 8
34611 8
34612 4
34613 7
34614 0
34615 3
34616 2
34617 0
34618 6
34619 6
34620 6
34621 6
34622 2
34623 4
34624 4
34625 0
34626 2
34627 8
34628 0
34629 9
34630 7
34631 2
34632 4
34633 1
34634 7
34635 5
34636 3
34637 4
34638 9
34639 5
34640 7
34641 7
34642 4
34643 6
34644 9
34645 1
34646 1
34647 1
34648 9
34649 8
34650 7
34651 5
34652 0
34653 9
34654 5
34655 0
34656 2
34657 2
34658 0
34659 0
34660 6
34661 4
34662 1
34663 6
34664 1
34665 3
34666 8
34667 8
34668 7
34669 1
34670 5
34671 2
34672 2
34673 9
34674 6
34675 2
34676 6
34677 0
34678 8
34679 1
34680 9
34681 5
34682 8
34683 5
34684 2
34685 1
34686 2
34687 1
34688 5
34689 8
34690 8
34691 9
34692 5
34693 6
34694 3
34695 0
34696 5
34697 8
34698 6
34699 4
34700 2
34701 1
34702 5
34703 3
34704 3
34705 9
34706 5
34707 4
34708 9
34709 3
34710 8
34711 7
34712 2
34713 5
34714 3
34715 2
34716 4
34717 9
34718 7
34719 2
34720 9
34721 5
34722 4
34723 9
34724 9
34725 9
34726 5
34727 4
34728 0
34729 3
34730 5
34731 3
34732 3
34733 8
34734 2
34735 5
34736 2
34737 7
34738 7
34739 5
34740 3
34741 9
34742 6
34743 3
34744 7
34745 0
34746 0
34747 1
34748 8
34749 9
34750 9
34751 1
34752 2
34753 4
34754 8
34755 9
34756 7
34757 0
34758 1
34759 9
34760 6
34761 2
34762 5
34763 0
34764 8
34765 0
34766 3
34767 7
34768 1
34769 8
34770 1
34771 6
34772 4
34773 9
34774 8
34775 1
34776 2
34777 0
34778 9
34779 9
34780 5
34781 2
34782 7
34783 5
34784 8
34785 2
34786 0
34787 5
34788 6
34789 5
34790 2
34791 3
34792 0
34793 9
34794 6
34795 8
34796 8
34797 3
34798 2
34799 9
34800 2
34801 7
34802 5
34803 4
34804 0
34805 8
34806 1
34807 6
34808 6
34809 2
34810 7
34811 0
34812 0
34813 4
34814 3
34815 5
34816 7
34817 4
34818 0
34819 1
34820 6
34821 4
34822 1
34823 8
34824 1
34825 2
34826 9
34827 7
34828 9
34829 1
34830 3
34831 9
34832 6
34833 6
34834 0
34835 2
34836 7
34837 0
34838 8
34839 6
34840 4
34841 1
34842 8
34843 8
34844 0
34845 9
34846 5
34847 1
34848 9
34849 2
34850 0
34851 3
34852 5
34853 7
34854 3
34855 8
34856 4
34857 2
34858 0
34859 5
34860 2
34861 4
34862 8
34863 7
34864 6
34865 5
34866 1
34867 1
34868 4
34869 1
34870 3
34871 9
34872 2
34873 2
34874 8
34875 7
34876 0
34877 0
34878 0
34879 7
34880 9
34881 3
34882 8
34883 3
34884 6
34885 1
34886 7
34887 9
34888 1
34889 1
34890 8
34891 2
34892 2
34893 9
34894 0
34895 3
34896 5
34897 4
34898 3
34899 0
34900 1
34901 3
34902 9
34903 1
34904 0
34905 7
34906 0
34907 3
34908 9
34909 5
34910 8
34911 6
34912 6
34913 1
34914 1
34915 7
34916 6
34917 1
34918 9
34919 0
34920 8
34921 4
34922 7
34923 3
34924 2
34925 3
34926 7
34927 4
34928 7
34929 3
34930 8
34931 7
34932 6
34933 4
34934 2
34935 0
34936 3
34937 8
34938 6
34939 8
34940 1
34941 8
34942 0
34943 7
34944 2
34945 2
34946 7
34947 5
34948 9
34949 1
34950 3
34951 3
34952 8
34953 3
34954 5
34955 5
34956 7
34957 2
34958 7
34959 9
34960 1
34961 3
34962 1
34963 7
34964 3
34965 6
34966 9
34967 2
34968 2
34969 4
34970 4
34971 9
34972 9
34973 6
34974 9
34975 7
34976 4
34977 2
34978 4
34979 4
34980 8
34981 9
34982 5
34983 4
34984 9
34985 5
34986 6
34987 4
34988 1
34989 1
34990 2
34991 4
34992 8
34993 3
34994 8
34995 0
34996 9
34997 9
34998 1
34999 5
35000 3
35001 2
35002 0
35003 4
35004 4
35005 0
35006 2
35007 6
35008 5
35009 7
35010 2
35011 7
35012 3
35013 7
35014 1
35015 1
35016 2
35017 6
35018 7
35019 1
35020 8
35021 7
35022 6
35023 2
35024 9
35025 2
35026 1
35027 7
35028 9
35029 0
35030 4
35031 9
35032 2
35033 2
35034 9
35035 3
35036 5
35037 2
35038 5
35039 6
35040 6
35041 2
35042 6
35043 0
35044 7
35045 5
35046 5
35047 1
35048 1
35049 9
35050 4
35051 5
35052 0
35053 2
35054 6
35055 3
35056 5
35057 3
35058 1
35059 5
35060 1
35061 7
35062 1
35063 3
35064 8
35065 3
35066 9
35067 0
35068 8
35069 4
35070 8
35071 9
35072 3
35073 4
35074 4
35075 4
35076 3
35077 3
35078 0
35079 7
35080 0
35081 5
35082 2
35083 9
35084 2
35085 0
35086 2
35087 6
35088 6
35089 7
35090 5
35091 1
35092 2
35093 1
35094 9
35095 3
35096 5
35097 9
35098 5
35099 3
35100 2
35101 1
35102 3
35103 6
35104 7
35105 6
35106 3
35107 1
35108 0
35109 8
35110 3
35111 8
35112 8
35113 0
35114 0
35115 1
35116 0
35117 4
35118 5
35119 5
35120 8
35121 8
35122 3
35123 6
35124 4
35125 6
35126 0
35127 5
35128 2
35129 7
35130 5
35131 7
35132 8
35133 1
35134 3
35135 8
35136 0
35137 3
35138 5
35139 3
35140 3
35141 4
35142 0
35143 9
35144 2
35145 9
35146 1
35147 7
35148 7
35149 4
35150 2
35151 5
35152 5
35153 5
35154 2
35155 8
35156 2
35157 9
35158 2
35159 0
35160 1
35161 7
35162 2
35163 0
35164 0
35165 2
35166 0
35167 6
35168 6
35169 0
35170 5
35171 3
35172 9
35173 9
35174 9
35175 6
35176 1
35177 2
35178 7
35179 3
35180 8
35181 6
35182 1
35183 5
35184 2
35185 7
35186 8
35187 5
35188 2
35189 4
35190 4
35191 5
35192 8
35193 8
35194 8
35195 7
35196 2
35197 9
35198 5
35199 6
35200 2
35201 1
35202 2
35203 2
35204 0
35205 7
35206 3
35207 5
35208 2
35209 7
35210 5
35211 8
35212 3
35213 4
35214 0
35215 2
35216 8
35217 8
35218 8
35219 3
35220 2
35221 1
35222 1
35223 1
35224 6
35225 4
35226 6
35227 7
35228 7
35229 5
35230 1
35231 0
35232 9
35233 4
35234 9
35235 3
35236 2
35237 1
35238 7
35239 2
35240 4
35241 6
35242 6
35243 2
35244 0
35245 5
35246 7
35247 3
35248 7
35249 0
35250 1
35251 8
35252 7
35253 2
35254 4
35255 7
35256 1
35257 6
35258 0
35259 7
35260 3
35261 0
35262 6
35263 1
35264 2
35265 1
35266 2
35267 0
35268 3
35269 9
35270 0
35271 1
35272 5
35273 4
35274 5
35275 1
35276 3
35277 2
35278 7
35279 5
35280 9
35281 7
35282 1
35283 4
35284 3
35285 9
35286 7
35287 9
35288 2
35289 6
35290 0
35291 0
35292 3
35293 5
35294 0
35295 7
35296 0
35297 2
35298 2
35299 3
35300 7
35301 3
35302 2
35303 5
35304 2
35305 7
35306 7
35307 9
35308 2
35309 5
35310 8
35311 3
35312 5
35313 0
35314 2
35315 5
35316 5
35317 4
35318 9
35319 6
35320 4
35321 7
35322 3
35323 3
35324 7
35325 8
35326 8
35327 4
35328 1
35329 3
35330 1
35331 8
35332 0
35333 6
35334 9
35335 6
35336 1
35337 5
35338 6
35339 0
35340 3
35341 3
35342 8
35343 5
35344 3
35345 4
35346 0
35347 3
35348 2
35349 1
35350 2
35351 3
35352 0
35353 5
35354 7
35355 6
35356 6
35357 2
35358 2
35359 3
35360 3
35361 9
35362 4
35363 0
35364 8
35365 1
35366 0
35367 1
35368 4
35369 3
35370 1
35371 9
35372 1
35373 3
35374 5
35375 8
35376 8
35377 6
35378 3
35379 2
35380 0
35381 0
35382 0
35383 6
35384 3
35385 0
35386 2
35387 9
35388 0
35389 7
35390 3
35391 0
35392 4
35393 9
35394 9
35395 6
35396 2
35397 5
35398 5
35399 1
35400 5
35401 2
35402 6
35403 6
35404 9
35405 0
35406 2
35407 3
35408 5
35409 2
35410 7
35411 0
35412 1
35413 2
35414 4
35415 6
35416 3
35417 3
35418 5
35419 9
35420 8
35421 3
35422 5
35423 9
35424 5
35425 7
35426 0
35427 6
35428 6
35429 6
35430 6
35431 9
35432 3
35433 3
35434 3
35435 9
35436 7
35437 2
35438 2
35439 5
35440 2
35441 6
35442 1
35443 1
35444 8
35445 0
35446 0
35447 7
35448 7
35449 4
35450 0
35451 7
35452 4
35453 3
35454 5
35455 1
35456 2
35457 0
35458 1
35459 0
35460 0
35461 2
35462 2
35463 9
35464 5
35465 6
35466 2
35467 7
35468 5
35469 6
35470 0
35471 7
35472 6
35473 4
35474 6
35475 3
35476 7
35477 6
35478 6
35479 3
35480 6
35481 2
35482 8
35483 9
35484 6
35485 0
35486 5
35487 5
35488 9
35489 3
35490 0
35491 3
35492 7
35493 2
35494 5
35495 0
35496 7
35497 2
35498 9
35499 7
35500 4
35501 2
35502 3
35503 9
35504 2
35505 4
35506 3
35507 4
35508 2
35509 4
35510 2
35511 3
35512 0
35513 7
35514 7
35515 5
35516 4
35517 9
35518 1
35519 9
35520 8
35521 0
35522 4
35523 9
35524 3
35525 8
35526 8
35527 9
35528 4
35529 8
35530 5
35531 0
35532 8
35533 4
35534 7
35535 9
35536 3
35537 9
35538 9
35539 8
35540 4
35541 4
35542 4
35543 4
35544 1
35545 3
35546 7
35547 5
35548 8
35549 5
35550 1
35551 4
35552 8
35553 0
35554 7
35555 8
35556 6
35557 8
35558 4
35559 8
35560 7
35561 9
35562 6
35563 2
35564 5
35565 8
35566 0
35567 7
35568 4
35569 7
35570 6
35571 5
35572 1
35573 3
35574 7
35575 6
35576 3
35577 0
35578 1
35579 7
35580 7
35581 6
35582 4
35583 5
35584 6
35585 3
35586 0
35587 2
35588 0
35589 6
35590 7
35591 7
35592 8
35593 9
35594 4
35595 8
35596 7
35597 4
35598 6
35599 5
35600 9
35601 2
35602 0
35603 3
35604 0
35605 2
35606 1
35607 4
35608 4
35609 3
35610 9
35611 7
35612 8
35613 2
35614 1
35615 2
35616 6
35617 6
35618 3
35619 4
35620 2
35621 5
35622 8
35623 5
35624 9
35625 8
35626 1
35627 1
35628 7
35629 8
35630 9
35631 2
35632 4
35633 2
35634 1
35635 4
35636 4
35637 0
35638 8
35639 3
35640 1
35641 2
35642 0
35643 2
35644 3
35645 4
35646 8
35647 2
35648 7
35649 7
35650 6
35651 8
35652 6
35653 0
35654 8
35655 2
35656 5
35657 6
35658 0
35659 5
35660 8
35661 0
35662 5
35663 9
35664 8
35665 4
35666 0
35667 7
35668 9
35669 7
35670 1
35671 0
35672 5
35673 2
35674 8
35675 1
35676 4
35677 2
35678 6
35679 7
35680 8
35681 0
35682 6
35683 3
35684 5
35685 6
35686 7
35687 2
35688 1
35689 6
35690 3
35691 9
35692 3
35693 8
35694 4
35695 7
35696 6
35697 6
35698 5
35699 3
35700 0
35701 4
35702 0
35703 6
35704 1
35705 1
35706 9
35707 3
35708 7
35709 3
35710 9
35711 6
35712 7
35713 5
35714 3
35715 6
35716 3
35717 8
35718 7
35719 6
35720 5
35721 9
35722 3
35723 6
35724 5
35725 9
35726 0
35727 0
35728 0
35729 2
35730 7
35731 1
35732 9
35733 2
35734 2
35735 0
35736 7
35737 7
35738 1
35739 9
35740 0
35741 0
35742 3
35743 1
35744 7
35745 3
35746 2
35747 0
35748 4
35749 3
35750 9
35751 6
35752 2
35753 4
35754 2
35755 8
35756 0
35757 4
35758 5
35759 5
35760 4
35761 2
35762 6
35763 3
35764 6
35765 7
35766 1
35767 1
35768 3
35769 3
35770 4
35771 0
35772 0
35773 2
35774 5
35775 0
35776 9
35777 5
35778 2
35779 7
35780 1
35781 6
35782 1
35783 6
35784 4
35785 1
35786 8
35787 4
35788 1
35789 6
35790 7
35791 9
35792 8
35793 2
35794 7
35795 8
35796 8
35797 5
35798 6
35799 3
35800 2
35801 3
35802 2
35803 4
35804 4
35805 6
35806 6
35807 6
35808 4
35809 2
35810 0
35811 7
35812 6
35813 8
35814 9
35815 9
35816 8
35817 3
35818 8
35819 7
35820 3
35821 0
35822 6
35823 3
35824 5
35825 6
35826 9
35827 9
35828 1
35829 6
35830 8
35831 2
35832 8
35833 6
35834 3
35835 7
35836 2
35837 0
35838 8
35839 2
35840 6
35841 7
35842 2
35843 1
35844 3
35845 7
35846 1
35847 8
35848 9
35849 3
35850 3
35851 4
35852 6
35853 2
35854 0
35855 7
35856 5
35857 8
35858 1
35859 4
35860 8
35861 5
35862 6
35863 9
35864 4
35865 4
35866 7
35867 3
35868 4
35869 1
35870 5
35871 7
35872 1
35873 0
35874 3
35875 1
35876 0
35877 1
35878 5
35879 2
35880 8
35881 9
35882 7
35883 3
35884 0
35885 9
35886 6
35887 0
35888 6
35889 1
35890 4
35891 8
35892 6
35893 1
35894 4
35895 3
35896 2
35897 7
35898 7
35899 6
35900 2
35901 0
35902 7
35903 2
35904 5
35905 6
35906 8
35907 0
35908 5
35909 6
35910 6
35911 1
35912 7
35913 3
35914 3
35915 6
35916 0
35917 5
35918 0
35919 4
35920 9
35921 9
35922 0
35923 1
35924 8
35925 0
35926 2
35927 0
35928 9
35929 6
35930 6
35931 5
35932 7
35933 9
35934 2
35935 5
35936 3
35937 7
35938 4
35939 7
35940 5
35941 4
35942 8
35943 0
35944 5
35945 9
35946 3
35947 4
35948 7
35949 6
35950 3
35951 7
35952 6
35953 0
35954 2
35955 1
35956 6
35957 9
35958 7
35959 5
35960 1
35961 1
35962 9
35963 3
35964 1
35965 4
35966 7
35967 2
35968 4
35969 8
35970 2
35971 7
35972 5
35973 4
35974 8
35975 2
35976 5
35977 5
35978 7
35979 5
35980 0
35981 1
35982 9
35983 0
35984 4
35985 5
35986 6
35987 4
35988 7
35989 7
35990 3
35991 7
35992 2
35993 2
35994 4
35995 3
35996 7
35997 5
35998 0
35999 4
36000 0
36001 0
36002 3
36003 9
36004 0
36005 0
36006 9
36007 8
36008 3
36009 7
36010 5
36011 5
36012 9
36013 5
36014 8
36015 0
36016 6
36017 9
36018 3
36019 6
36020 4
36021 0
36022 9
36023 0
36024 4
36025 9
36026 8
36027 4
36028 3
36029 0
36030 0
36031 8
36032 0
36033 1
36034 4
36035 9
36036 6
36037 7
36038 6
36039 3
36040 9
36041 5
36042 9
36043 3
36044 4
36045 0
36046 5
36047 0
36048 3
36049 9
36050 8
36051 4
36052 3
36053 5
36054 4
36055 4
36056 2
36057 9
36058 4
36059 6
36060 3
36061 2
36062 3
36063 8
36064 7
36065 0
36066 2
36067 3
36068 8
36069 5
36070 2
36071 2
36072 7
36073 3
36074 4
36075 0
36076 4
36077 4
36078 1
36079 3
36080 1
36081 2
36082 3
36083 9
36084 7
36085 0
36086 5
36087 9
36088 5
36089 7
36090 0
36091 6
36092 1
36093 8
36094 1
36095 9
36096 4
36097 9
36098 1
36099 8
36100 0
36101 8
36102 6
36103 1
36104 6
36105 0
36106 1
36107 4
36108 1
36109 2
36110 4
36111 5
36112 7
36113 2
36114 8
36115 3
36116 5
36117 4
36118 5
36119 8
36120 4
36121 2
36122 4
36123 3
36124 7
36125 0
36126 8
36127 9
36128 8
36129 0
36130 7
36131 7
36132 7
36133 8
36134 3
36135 8
36136 8
36137 8
36138 4
36139 6
36140 0
36141 2
36142 3
36143 5
36144 1
36145 8
36146 8
36147 7
36148 2
36149 6
36150 0
36151 5
36152 0
36153 6
36154 4
36155 2
36156 3
36157 3
36158 3
36159 3
36160 3
36161 4
36162 7
36163 1
36164 7
36165 3
36166 6
36167 9
36168 4
36169 1
36170 8
36171 2
36172 9
36173 1
36174 4
36175 7
36176 3
36177 5
36178 7
36179 7
36180 1
36181 9
36182 2
36183 7
36184 2
36185 7
36186 5
36187 1
36188 4
36189 7
36190 6
36191 1
36192 6
36193 8
36194 5
36195 2
36196 0
36197 5
36198 2
36199 3
36200 8
36201 4
36202 9
36203 9
36204 6
36205 6
36206 6
36207 2
36208 0
36209 8
36210 3
36211 2
36212 2
36213 8
36214 0
36215 5
36216 7
36217 7
36218 0
36219 4
36220 1
36221 6
36222 5
36223 4
36224 7
36225 4
36226 9
36227 6
36228 3
36229 3
36230 5
36231 8
36232 6
36233 0
36234 0
36235 2
36236 4
36237 2
36238 4
36239 6
36240 2
36241 6
36242 0
36243 2
36244 0
36245 0
36246 2
36247 3
36248 2
36249 5
36250 6
36251 4
36252 0
36253 6
36254 1
36255 9
36256 8
36257 1
36258 3
36259 4
36260 8
36261 6
36262 2
36263 2
36264 1
36265 6
36266 8
36267 1
36268 6
36269 9
36270 5
36271 0
36272 2
36273 5
36274 9
36275 3
36276 8
36277 2
36278 6
36279 9
36280 5
36281 4
36282 4
36283 8
36284 3
36285 4
36286 5
36287 4
36288 1
36289 5
36290 8
36291 6
36292 7
36293 9
36294 2
36295 6
36296 0
36297 3
36298 0
36299 4
36300 0
36301 2
36302 9
36303 8
36304 8
36305 3
36306 7
36307 1
36308 9
36309 1
36310 9
36311 2
36312 5
36313 1
36314 4
36315 3
36316 4
36317 0
36318 0
36319 0
36320 7
36321 6
36322 9
36323 7
36324 3
36325 6
36326 2
36327 5
36328 4
36329 7
36330 0
36331 9
36332 8
36333 3
36334 8
36335 4
36336 0
36337 7
36338 5
36339 8
36340 7
36341 4
36342 3
36343 1
36344 9
36345 2
36346 4
36347 0
36348 2
36349 5
36350 8
36351 4
36352 8
36353 6
36354 7
36355 2
36356 9
36357 3
36358 3
36359 7
36360 0
36361 8
36362 5
36363 7
36364 0
36365 8
36366 1
36367 1
36368 6
36369 9
36370 2
36371 3
36372 5
36373 2
36374 8
36375 5
36376 2
36377 0
36378 6
36379 3
36380 3
36381 8
36382 4
36383 8
36384 2
36385 9
36386 4
36387 2
36388 7
36389 9
36390 8
36391 2
36392 7
36393 0
36394 5
36395 0
36396 8
36397 1
36398 2
36399 6
36400 4
36401 5
36402 5
36403 2
36404 4
36405 8
36406 5
36407 6
36408 5
36409 8
36410 0
36411 5
36412 3
36413 3
36414 2
36415 5
36416 5
36417 5
36418 2
36419 1
36420 1
36421 5
36422 2
36423 4
36424 3
36425 4
36426 3
36427 3
36428 4
36429 5
36430 4
36431 1
36432 6
36433 6
36434 6
36435 8
36436 8
36437 5
36438 3
36439 4
36440 3
36441 5
36442 5
36443 7
36444 0
36445 5
36446 2
36447 2
36448 2
36449 5
36450 1
36451 2
36452 1
36453 2
36454 1
36455 1
36456 0
36457 8
36458 2
36459 3
36460 9
36461 5
36462 1
36463 1
36464 6
36465 8
36466 7
36467 3
36468 9
36469 9
36470 0
36471 6
36472 5
36473 4
36474 5
36475 5
36476 1
36477 6
36478 9
36479 1
36480 0
36481 4
36482 1
36483 0
36484 5
36485 8
36486 8
36487 5
36488 3
36489 7
36490 3
36491 9
36492 8
36493 9
36494 0
36495 0
36496 0
36497 5
36498 8
36499 9
36500 0
36501 9
36502 4
36503 9
36504 9
36505 3
36506 1
36507 6
36508 2
36509 2
36510 9
36511 2
36512 9
36513 6
36514 5
36515 2
36516 1
36517 7
36518 6
36519 8
36520 4
36521 5
36522 9
36523 9
36524 6
36525 1
36526 8
36527 2
36528 2
36529 9
36530 7
36531 5
36532 2
36533 0
36534 2
36535 3
36536 6
36537 3
36538 4
36539 0
36540 3
36541 5
36542 6
36543 6
36544 4
36545 2
36546 9
36547 3
36548 3
36549 5
36550 0
36551 3
36552 3
36553 7
36554 8
36555 6
36556 5
36557 0
36558 8
36559 5
36560 0
36561 1
36562 5
36563 8
36564 9
36565 3
36566 2
36567 1
36568 4
36569 3
36570 8
36571 9
36572 6
36573 8
36574 5
36575 1
36576 1
36577 3
36578 7
36579 3
36580 8
36581 2
36582 5
36583 7
36584 6
36585 3
36586 1
36587 7
36588 5
36589 9
36590 8
36591 8
36592 7
36593 0
36594 6
36595 3
36596 8
36597 2
36598 9
36599 1
36600 3
36601 0
36602 9
36603 2
36604 5
36605 8
36606 7
36607 5
36608 5
36609 4
36610 2
36611 4
36612 7
36613 3
36614 8
36615 5
36616 3
36617 3
36618 8
36619 5
36620 2
36621 7
36622 9
36623 1
36624 2
36625 4
36626 1
36627 0
36628 9
36629 0
36630 3
36631 2
36632 8
36633 2
36634 1
36635 3
36636 7
36637 5
36638 4
36639 2
36640 2
36641 8
36642 4
36643 0
36644 1
36645 9
36646 8
36647 7
36648 3
36649 7
36650 0
36651 5
36652 7
36653 3
36654 4
36655 9
36656 8
36657 1
36658 1
36659 3
36660 7
36661 1
36662 1
36663 6
36664 9
36665 3
36666 9
36667 4
36668 1
36669 6
36670 8
36671 3
36672 9
36673 1
36674 5
36675 3
36676 0
36677 6
36678 1
36679 7
36680 1
36681 9
36682 5
36683 2
36684 0
36685 1
36686 8
36687 7
36688 2
36689 8
36690 6
36691 2
36692 2
36693 9
36694 3
36695 3
36696 9
36697 1
36698 3
36699 7
36700 1
36701 5
36702 8
36703 0
36704 4
36705 4
36706 3
36707 0
36708 1
36709 6
36710 8
36711 4
36712 1
36713 2
36714 2
36715 2
36716 1
36717 4
36718 2
36719 7
36720 7
36721 2
36722 3
36723 5
36724 0
36725 0
36726 9
36727 3
36728 8
36729 0
36730 8
36731 7
36732 6
36733 9
36734 2
36735 3
36736 4
36737 1
36738 2
36739 5
36740 6
36741 1
36742 4
36743 4
36744 6
36745 3
36746 3
36747 8
36748 5
36749 3
36750 1
36751 3
36752 2
36753 6
36754 1
36755 2
36756 6
36757 9
36758 8
36759 4
36760 2
36761 2
36762 9
36763 1
36764 7
36765 1
36766 5
36767 7
36768 6
36769 8
36770 3
36771 6
36772 7
36773 5
36774 1
36775 8
36776 1
36777 6
36778 3
36779 4
36780 7
36781 0
36782 0
36783 3
36784 1
36785 7
36786 1
36787 6
36788 8
36789 3
36790 4
36791 3
36792 3
36793 9
36794 3
36795 3
36796 0
36797 7
36798 6
36799 6
36800 4
36801 6
36802 1
36803 2
36804 4
36805 2
36806 0
36807 6
36808 0
36809 8
36810 6
36811 6
36812 9
36813 1
36814 2
36815 8
36816 3
36817 3
36818 7
36819 8
36820 0
36821 3
36822 2
36823 1
36824 6
36825 8
36826 2
36827 5
36828 1
36829 5
36830 2
36831 4
36832 7
36833 2
36834 0
36835 2
36836 1
36837 4
36838 3
36839 9
36840 9
36841 7
36842 6
36843 8
36844 4
36845 7
36846 7
36847 0
36848 8
36849 0
36850 7
36851 7
36852 9
36853 0
36854 6
36855 2
36856 4
36857 9
36858 9
36859 1
36860 2
36861 3
36862 4
36863 2
36864 6
36865 6
36866 5
36867 5
36868 8
36869 6
36870 0
36871 3
36872 6
36873 0
36874 7
36875 9
36876 1
36877 3
36878 1
36879 0
36880 3
36881 4
36882 1
36883 6
36884 7
36885 0
36886 2
36887 9
36888 3
36889 4
36890 3
36891 0
36892 3
36893 6
36894 4
36895 7
36896 0
36897 8
36898 9
36899 4
36900 1
36901 3
36902 9
36903 4
36904 7
36905 6
36906 7
36907 2
36908 9
36909 0
36910 6
36911 0
36912 3
36913 6
36914 4
36915 7
36916 2
36917 7
36918 8
36919 1
36920 6
36921 1
36922 4
36923 6
36924 1
36925 4
36926 2
36927 6
36928 5
36929 7
36930 4
36931 4
36932 9
36933 6
36934 8
36935 5
36936 7
36937 2
36938 3
36939 3
36940 8
36941 2
36942 5
36943 8
36944 9
36945 5
36946 1
36947 7
36948 9
36949 5
36950 9
36951 2
36952 7
36953 5
36954 1
36955 8
36956 2
36957 6
36958 0
36959 1
36960 7
36961 5
36962 9
36963 4
36964 4
36965 5
36966 0
36967 4
36968 1
36969 3
36970 0
36971 2
36972 3
36973 1
36974 3
36975 2
36976 9
36977 7
36978 4
36979 6
36980 9
36981 0
36982 4
36983 7
36984 1
36985 1
36986 1
36987 1
36988 2
36989 0
36990 7
36991 5
36992 1
36993 1
36994 9
36995 6
36996 7
36997 0
36998 7
36999 1
37000 0
37001 7
37002 0
37003 5
37004 0
37005 3
37006 6
37007 4
37008 3
37009 1
37010 9
37011 0
37012 9
37013 6
37014 4
37015 7
37016 1
37017 4
37018 9
37019 4
37020 4
37021 8
37022 2
37023 5
37024 0
37025 5
37026 7
37027 4
37028 0
37029 9
37030 4
37031 1
37032 2
37033 4
37034 1
37035 1
37036 4
37037 8
37038 7
37039 1
37040 8
37041 2
37042 2
37043 2
37044 9
37045 8
37046 5
37047 3
37048 2
37049 6
37050 4
37051 4
37052 4
37053 2
37054 1
37055 4
37056 6
37057 0
37058 7
37059 3
37060 0
37061 1
37062 7
37063 0
37064 1
37065 0
37066 5
37067 2
37068 1
37069 2
37070 4
37071 6
37072 7
37073 1
37074 7
37075 2
37076 7
37077 5
37078 4
37079 0
37080 9
37081 6
37082 3
37083 2
37084 5
37085 1
37086 4
37087 4
37088 7
37089 0
37090 9
37091 0
37092 5
37093 8
37094 4
37095 5
37096 2
37097 9
37098 9
37099 2
37100 8
37101 1
37102 2
37103 9
37104 6
37105 4
37106 0
37107 4
37108 4
37109 1
37110 0
37111 2
37112 8
37113 8
37114 4
37115 4
37116 8
37117 3
37118 8
37119 1
37120 6
37121 8
37122 7
37123 9
37124 6
37125 7
37126 7
37127 4
37128 3
37129 4
37130 8
37131 2
37132 8
37133 9
37134 7
37135 5
37136 4
37137 9
37138 6
37139 5
37140 7
37141 1
37142 6
37143 6
37144 3
37145 1
37146 6
37147 7
37148 4
37149 2
37150 6
37151 1
37152 3
37153 7
37154 6
37155 6
37156 9
37157 2
37158 8
37159 6
37160 4
37161 9
37162 7
37163 5
37164 3
37165 1
37166 9
37167 4
37168 0
37169 3
37170 3
37171 0
37172 4
37173 1
37174 1
37175 0
37176 6
37177 5
37178 8
37179 8
37180 8
37181 4
37182 2
37183 5
37184 9
37185 4
37186 0
37187 4
37188 2
37189 4
37190 1
37191 3
37192 1
37193 5
37194 8
37195 5
37196 1
37197 8
37198 3
37199 0
37200 6
37201 3
37202 8
37203 7
37204 1
37205 5
37206 9
37207 8
37208 4
37209 2
37210 5
37211 3
37212 6
37213 4
37214 2
37215 6
37216 7
37217 6
37218 3
37219 4
37220 3
37221 0
37222 1
37223 7
37224 9
37225 7
37226 3
37227 1
37228 5
37229 5
37230 8
37231 4
37232 6
37233 9
37234 8
37235 0
37236 5
37237 1
37238 2
37239 0
37240 5
37241 5
37242 8
37243 6
37244 1
37245 3
37246 9
37247 2
37248 3
37249 9
37250 3
37251 4
37252 1
37253 8
37254 0
37255 0
37256 6
37257 0
37258 8
37259 0
37260 7
37261 1
37262 3
37263 7
37264 9
37265 6
37266 6
37267 2
37268 2
37269 8
37270 7
37271 9
37272 8
37273 2
37274 1
37275 2
37276 4
37277 0
37278 6
37279 0
37280 6
37281 2
37282 7
37283 9
37284 7
37285 6
37286 5
37287 8
37288 3
37289 8
37290 6
37291 7
37292 1
37293 3
37294 2
37295 1
37296 8
37297 0
37298 2
37299 9
37300 7
37301 8
37302 5
37303 9
37304 8
37305 2
37306 2
37307 5
37308 4
37309 4
37310 0
37311 6
37312 3
37313 1
37314 3
37315 9
37316 9
37317 0
37318 6
37319 3
37320 7
37321 6
37322 5
37323 3
37324 8
37325 5
37326 7
37327 5
37328 5
37329 5
37330 4
37331 6
37332 1
37333 0
37334 0
37335 2
37336 2
37337 3
37338 5
37339 4
37340 8
37341 2
37342 1
37343 1
37344 6
37345 6
37346 7
37347 5
37348 2
37349 4
37350 3
37351 5
37352 3
37353 0
37354 2
37355 2
37356 5
37357 1
37358 1
37359 4
37360 5
37361 1
37362 7
37363 0
37364 6
37365 0
37366 4
37367 2
37368 1
37369 8
37370 3
37371 5
37372 3
37373 2
37374 8
37375 2
37376 8
37377 6
37378 7
37379 9
37380 9
37381 2
37382 3
37383 2
37384 4
37385 9
37386 3
37387 7
37388 5
37389 0
37390 9
37391 6
37392 5
37393 5
37394 8
37395 4
37396 4
37397 9
37398 0
37399 9
37400 5
37401 1
37402 0
37403 3
37404 4
37405 0
37406 5
37407 4
37408 0
37409 0
37410 2
37411 7
37412 8
37413 6
37414 5
37415 0
37416 8
37417 1
37418 3
37419 0
37420 8
37421 1
37422 7
37423 0
37424 1
37425 3
37426 3
37427 9
37428 8
37429 3
37430 2
37431 4
37432 9
37433 1
37434 5
37435 0
37436 9
37437 8
37438 2
37439 7
37440 9
37441 7
37442 5
37443 0
37444 0
37445 5
37446 8
37447 5
37448 2
37449 9
37450 1
37451 5
37452 9
37453 7
37454 7
37455 6
37456 0
37457 8
37458 3
37459 9
37460 6
37461 9
37462 4
37463 6
37464 1
37465 8
37466 8
37467 9
37468 4
37469 1
37470 1
37471 4
37472 5
37473 3
37474 9
37475 7
37476 4
37477 2
37478 1
37479 9
37480 1
37481 9
37482 5
37483 8
37484 6
37485 7
37486 0
37487 8
37488 8
37489 3
37490 5
37491 3
37492 8
37493 9
37494 8
37495 6
37496 2
37497 0
37498 9
37499 3
37500 1
37501 5
37502 1
37503 9
37504 9
37505 7
37506 3
37507 0
37508 0
37509 6
37510 1
37511 2
37512 8
37513 4
37514 6
37515 4
37516 1
37517 1
37518 5
37519 7
37520 2
37521 9
37522 3
37523 1
37524 8
37525 3
37526 3
37527 2
37528 2
37529 7
37530 3
37531 8
37532 5
37533 2
37534 3
37535 3
37536 1
37537 1
37538 1
37539 8
37540 3
37541 4
37542 2
37543 3
37544 6
37545 8
37546 1
37547 7
37548 1
37549 3
37550 2
37551 2
37552 4
37553 1
37554 6
37555 8
37556 7
37557 1
37558 6
37559 6
37560 9
37561 5
37562 5
37563 4
37564 7
37565 5
37566 9
37567 4
37568 6
37569 8
37570 7
37571 3
37572 7
37573 4
37574 1
37575 1
37576 3
37577 9
37578 5
37579 8
37580 6
37581 3
37582 0
37583 2
37584 1
37585 3
37586 4
37587 3
37588 2
37589 5
37590 4
37591 7
37592 7
37593 8
37594 9
37595 2
37596 0
37597 5
37598 1
37599 6
37600 0
37601 7
37602 9
37603 0
37604 0
37605 5
37606 4
37607 5
37608 1
37609 8
37610 7
37611 0
37612 9
37613 6
37614 9
37615 0
37616 9
37617 0
37618 5
37619 0
37620 0
37621 7
37622 9
37623 8
37624 2
37625 5
37626 7
37627 2
37628 8
37629 2
37630 9
37631 8
37632 8
37633 0
37634 1
37635 5
37636 7
37637 8
37638 0
37639 2
37640 8
37641 9
37642 9
37643 1
37644 1
37645 1
37646 0
37647 4
37648 6
37649 5
37650 2
37651 0
37652 5
37653 3
37654 0
37655 8
37656 0
37657 4
37658 0
37659 0
37660 5
37661 9
37662 6
37663 5
37664 2
37665 5
37666 3
37667 4
37668 3
37669 0
37670 8
37671 8
37672 0
37673 4
37674 7
37675 5
37676 5
37677 3
37678 3
37679 2
37680 5
37681 4
37682 8
37683 8
37684 2
37685 8
37686 0
37687 9
37688 1
37689 0
37690 5
37691 1
37692 8
37693 5
37694 3
37695 5
37696 9
37697 6
37698 9
37699 9
37700 9
37701 8
37702 7
37703 6
37704 1
37705 5
37706 0
37707 1
37708 0
37709 6
37710 7
37711 7
37712 9
37713 1
37714 9
37715 3
37716 6
37717 6
37718 2
37719 9
37720 2
37721 7
37722 6
37723 6
37724 2
37725 2
37726 7
37727 7
37728 1
37729 5
37730 1
37731 4
37732 5
37733 4
37734 8
37735 6
37736 8
37737 8
37738 4
37739 3
37740 7
37741 8
37742 6
37743 7
37744 6
37745 5
37746 8
37747 8
37748 7
37749 3
37750 4
37751 8
37752 3
37753 4
37754 1
37755 6
37756 5
37757 8
37758 2
37759 4
37760 2
37761 8
37762 7
37763 5
37764 8
37765 7
37766 6
37767 1
37768 2
37769 1
37770 6
37771 9
37772 7
37773 9
37774 5
37775 1
37776 2
37777 6
37778 1
37779 5
37780 6
37781 7
37782 4
37783 9
37784 4
37785 6
37786 8
37787 2
37788 7
37789 1
37790 2
37791 5
37792 9
37793 0
37794 5
37795 1
37796 2
37797 3
37798 6
37799 4
37800 1
37801 7
37802 7
37803 9
37804 9
37805 9
37806 5
37807 6
37808 8
37809 0
37810 6
37811 3
37812 5
37813 7
37814 3
37815 8
37816 6
37817 7
37818 8
37819 2
37820 6
37821 0
37822 1
37823 2
37824 2
37825 4
37826 0
37827 1
37828 1
37829 7
37830 2
37831 5
37832 1
37833 1
37834 9
37835 2
37836 2
37837 5
37838 3
37839 0
37840 3
37841 6
37842 4
37843 8
37844 3
37845 9
37846 0
37847 1
37848 1
37849 5
37850 9
37851 4
37852 6
37853 1
37854 9
37855 1
37856 7
37857 9
37858 8
37859 7
37860 0
37861 3
37862 2
37863 4
37864 5
37865 7
37866 9
37867 6
37868 0
37869 3
37870 3
37871 1
37872 2
37873 5
37874 7
37875 3
37876 8
37877 5
37878 3
37879 5
37880 5
37881 8
37882 0
37883 8
37884 6
37885 0
37886 0
37887 2
37888 1
37889 1
37890 0
37891 1
37892 4
37893 0
37894 5
37895 5
37896 3
37897 6
37898 8
37899 5
37900 0
37901 4
37902 3
37903 0
37904 8
37905 5
37906 8
37907 2
37908 1
37909 1
37910 1
37911 6
37912 3
37913 5
37914 9
37915 1
37916 2
37917 5
37918 4
37919 2
37920 6
37921 2
37922 4
37923 3
37924 6
37925 3
37926 8
37927 7
37928 1
37929 9
37930 6
37931 1
37932 5
37933 5
37934 3
37935 9
37936 2
37937 8
37938 6
37939 8
37940 7
37941 5
37942 8
37943 3
37944 8
37945 7
37946 7
37947 6
37948 7
37949 5
37950 0
37951 7
37952 7
37953 9
37954 5
37955 6
37956 4
37957 3
37958 5
37959 7
37960 9
37961 5
37962 9
37963 9
37964 0
37965 1
37966 5
37967 9
37968 9
37969 8
37970 4
37971 8
37972 4
37973 4
37974 1
37975 3
37976 6
37977 7
37978 4
37979 2
37980 4
37981 6
37982 0
37983 5
37984 2
37985 6
37986 2
37987 7
37988 9
37989 8
37990 1
37991 8
37992 0
37993 6
37994 9
37995 7
37996 3
37997 2
37998 2
37999 8
38000 3
38001 9
38002 0
38003 3
38004 1
38005 3
38006 0
38007 7
38008 8
38009 5
38010 2
38011 0
38012 9
38013 1
38014 1
38015 8
38016 7
38017 1
38018 4
38019 0
38020 8
38021 7
38022 0
38023 2
38024 4
38025 7
38026 4
38027 3
38028 7
38029 2
38030 2
38031 6
38032 1
38033 3
38034 8
38035 6
38036 8
38037 8
38038 5
38039 5
38040 3
38041 4
38042 8
38043 7
38044 8
38045 7
38046 7
38047 2
38048 2
38049 1
38050 7
38051 2
38052 7
38053 3
38054 1
38055 1
38056 5
38057 1
38058 7
38059 0
38060 0
38061 9
38062 8
38063 5
38064 2
38065 6
38066 5
38067 9
38068 6
38069 3
38070 9
38071 3
38072 8
38073 3
38074 3
38075 5
38076 5
38077 3
38078 7
38079 5
38080 6
38081 0
38082 3
38083 4
38084 6
38085 9
38086 1
38087 2
38088 3
38089 6
38090 6
38091 5
38092 8
38093 8
38094 4
38095 3
38096 5
38097 5
38098 0
38099 9
38100 3
38101 1
38102 8
38103 9
38104 4
38105 4
38106 5
38107 9
38108 2
38109 3
38110 6
38111 2
38112 4
38113 3
38114 7
38115 5
38116 9
38117 9
38118 8
38119 7
38120 3
38121 1
38122 8
38123 7
38124 1
38125 6
38126 7
38127 2
38128 5
38129 7
38130 2
38131 0
38132 1
38133 6
38134 0
38135 4
38136 6
38137 5
38138 5
38139 5
38140 3
38141 9
38142 3
38143 6
38144 4
38145 1
38146 0
38147 9
38148 3
38149 8
38150 9
38151 4
38152 1
38153 4
38154 5
38155 8
38156 9
38157 9
38158 5
38159 0
38160 8
38161 2
38162 4
38163 5
38164 0
38165 3
38166 4
38167 3
38168 3
38169 3
38170 6
38171 0
38172 1
38173 4
38174 0
38175 2
38176 4
38177 4
38178 1
38179 9
38180 2
38181 0
38182 1
38183 3
38184 9
38185 8
38186 0
38187 7
38188 5
38189 5
38190 4
38191 6
38192 4
38193 2
38194 2
38195 8
38196 9
38197 9
38198 6
38199 3
38200 0
38201 1
38202 5
38203 6
38204 0
38205 3
38206 9
38207 0
38208 5
38209 4
38210 7
38211 1
38212 7
38213 2
38214 6
38215 8
38216 9
38217 5
38218 7
38219 0
38220 2
38221 6
38222 4
38223 3
38224 1
38225 4
38226 3
38227 9
38228 3
38229 6
38230 3
38231 9
38232 2
38233 3
38234 7
38235 0
38236 5
38237 4
38238 0
38239 3
38240 2
38241 8
38242 9
38243 0
38244 5
38245 8
38246 2
38247 6
38248 8
38249 8
38250 4
38251 7
38252 3
38253 2
38254 0
38255 6
38256 0
38257 6
38258 4
38259 8
38260 0
38261 9
38262 0
38263 6
38264 9
38265 9
38266 5
38267 2
38268 6
38269 4
38270 9
38271 1
38272 5
38273 9
38274 5
38275 0
38276 4
38277 2
38278 7
38279 4
38280 6
38281 0
38282 4
38283 7
38284 4
38285 9
38286 4
38287 4
38288 9
38289 0
38290 3
38291 1
38292 7
38293 7
38294 5
38295 4
38296 6
38297 9
38298 3
38299 5
38300 1
38301 2
38302 6
38303 9
38304 0
38305 4
38306 2
38307 5
38308 2
38309 6
38310 1
38311 3
38312 7
38313 1
38314 6
38315 0
38316 9
38317 3
38318 4
38319 9
38320 7
38321 3
38322 2
38323 1
38324 8
38325 3
38326 2
38327 3
38328 4
38329 8
38330 6
38331 4
38332 5
38333 9
38334 4
38335 6
38336 7
38337 2
38338 6
38339 0
38340 3
38341 5
38342 9
38343 2
38344 8
38345 0
38346 5
38347 0
38348 2
38349 8
38350 1
38351 9
38352 2
38353 5
38354 7
38355 2
38356 5
38357 5
38358 8
38359 6
38360 7
38361 0
38362 8
38363 3
38364 3
38365 8
38366 4
38367 6
38368 7
38369 2
38370 7
38371 0
38372 9
38373 1
38374 3
38375 5
38376 3
38377 8
38378 6
38379 4
38380 3
38381 2
38382 9
38383 1
38384 4
38385 5
38386 2
38387 9
38388 9
38389 8
38390 6
38391 6
38392 1
38393 5
38394 9
38395 9
38396 1
38397 9
38398 1
38399 0
38400 8
38401 1
38402 9
38403 5
38404 4
38405 9
38406 7
38407 0
38408 4
38409 9
38410 8
38411 6
38412 5
38413 4
38414 1
38415 6
38416 7
38417 7
38418 5
38419 4
38420 6
38421 5
38422 1
38423 9
38424 1
38425 7
38426 9
38427 8
38428 4
38429 2
38430 8
38431 4
38432 4
38433 1
38434 7
38435 9
38436 7
38437 0
38438 2
38439 5
38440 4
38441 5
38442 0
38443 4
38444 7
38445 0
38446 7
38447 0
38448 5
38449 0
38450 8
38451 6
38452 2
38453 6
38454 0
38455 0
38456 2
38457 2
38458 5
38459 6
38460 7
38461 2
38462 5
38463 6
38464 4
38465 6
38466 4
38467 2
38468 1
38469 8
38470 4
38471 7
38472 8
38473 2
38474 0
38475 7
38476 8
38477 6
38478 0
38479 6
38480 8
38481 1
38482 9
38483 7
38484 8
38485 5
38486 0
38487 7
38488 7
38489 7
38490 3
38491 4
38492 6
38493 7
38494 4
38495 6
38496 1
38497 0
38498 7
38499 5
38500 2
38501 0
38502 6
38503 1
38504 8
38505 1
38506 7
38507 7
38508 1
38509 1
38510 0
38511 1
38512 2
38513 9
38514 3
38515 6
38516 5
38517 0
38518 6
38519 2
38520 1
38521 5
38522 4
38523 8
38524 0
38525 8
38526 3
38527 0
38528 9
38529 9
38530 3
38531 6
38532 9
38533 9
38534 6
38535 6
38536 8
38537 1
38538 1
38539 7
38540 3
38541 9
38542 5
38543 2
38544 6
38545 3
38546 8
38547 2
38548 6
38549 8
38550 4
38551 1
38552 3
38553 4
38554 7
38555 5
38556 2
38557 0
38558 5
38559 7
38560 7
38561 1
38562 5
38563 0
38564 6
38565 9
38566 2
38567 4
38568 8
38569 5
38570 5
38571 7
38572 4
38573 7
38574 5
38575 3
38576 0
38577 5
38578 1
38579 4
38580 8
38581 3
38582 9
38583 2
38584 5
38585 8
38586 1
38587 0
38588 2
38589 0
38590 7
38591 6
38592 0
38593 9
38594 9
38595 4
38596 8
38597 2
38598 7
38599 4
38600 0
38601 7
38602 9
38603 3
38604 8
38605 8
38606 7
38607 6
38608 7
38609 2
38610 1
38611 0
38612 7
38613 2
38614 9
38615 6
38616 8
38617 3
38618 7
38619 8
38620 9
38621 0
38622 7
38623 3
38624 0
38625 6
38626 9
38627 2
38628 4
38629 2
38630 2
38631 3
38632 2
38633 7
38634 2
38635 6
38636 5
38637 1
38638 0
38639 5
38640 6
38641 9
38642 4
38643 3
38644 5
38645 6
38646 2
38647 0
38648 1
38649 4
38650 2
38651 6
38652 0
38653 2
38654 2
38655 0
38656 8
38657 9
38658 3
38659 4
38660 8
38661 2
38662 6
38663 6
38664 7
38665 6
38666 3
38667 0
38668 5
38669 1
38670 7
38671 7
38672 4
38673 7
38674 0
38675 8
38676 2
38677 6
38678 4
38679 4
38680 3
38681 2
38682 9
38683 6
38684 6
38685 8
38686 3
38687 0
38688 6
38689 3
38690 6
38691 4
38692 3
38693 3
38694 7
38695 0
38696 1
38697 8
38698 9
38699 9
38700 3
38701 0
38702 0
38703 0
38704 3
38705 5
38706 0
38707 1
38708 0
38709 5
38710 4
38711 0
38712 4
38713 5
38714 6
38715 7
38716 1
38717 1
38718 7
38719 4
38720 7
38721 9
38722 1
38723 3
38724 9
38725 5
38726 5
38727 7
38728 2
38729 5
38730 8
38731 6
38732 5
38733 5
38734 0
38735 8
38736 2
38737 1
38738 3
38739 3
38740 7
38741 6
38742 1
38743 6
38744 2
38745 6
38746 7
38747 6
38748 0
38749 6
38750 0
38751 6
38752 3
38753 3
38754 7
38755 2
38756 9
38757 6
38758 3
38759 8
38760 7
38761 5
38762 8
38763 2
38764 7
38765 2
38766 5
38767 6
38768 6
38769 4
38770 3
38771 7
38772 4
38773 1
38774 5
38775 5
38776 7
38777 9
38778 6
38779 2
38780 8
38781 2
38782 6
38783 6
38784 3
38785 7
38786 4
38787 1
38788 7
38789 6
38790 3
38791 6
38792 9
38793 9
38794 7
38795 2
38796 5
38797 5
38798 4
38799 9
38800 8
38801 4
38802 4
38803 0
38804 5
38805 1
38806 1
38807 9
38808 1
38809 1
38810 0
38811 3
38812 9
38813 2
38814 1
38815 1
38816 1
38817 1
38818 0
38819 9
38820 1
38821 3
38822 9
38823 5
38824 0
38825 9
38826 9
38827 1
38828 5
38829 9
38830 9
38831 9
38832 5
38833 1
38834 0
38835 9
38836 6
38837 8
38838 8
38839 9
38840 6
38841 7
38842 1
38843 7
38844 2
38845 9
38846 0
38847 2
38848 7
38849 6
38850 9
38851 7
38852 4
38853 8
38854 4
38855 7
38856 7
38857 4
38858 1
38859 3
38860 3
38861 9
38862 3
38863 0
38864 6
38865 2
38866 4
38867 7
38868 8
38869 3
38870 0
38871 7
38872 0
38873 4
38874 4
38875 8
38876 7
38877 9
38878 8
38879 3
38880 7
38881 1
38882 6
38883 2
38884 9
38885 7
38886 7
38887 9
38888 3
38889 7
38890 5
38891 1
38892 0
38893 5
38894 9
38895 5
38896 6
38897 5
38898 6
38899 7
38900 1
38901 5
38902 4
38903 2
38904 9
38905 0
38906 8
38907 2
38908 2
38909 8
38910 2
38911 2
38912 7
38913 9
38914 4
38915 9
38916 8
38917 7
38918 5
38919 8
38920 9
38921 8
38922 3
38923 7
38924 7
38925 5
38926 6
38927 0
38928 9
38929 8
38930 8
38931 8
38932 1
38933 6
38934 9
38935 9
38936 0
38937 1
38938 9
38939 3
38940 4
38941 9
38942 3
38943 8
38944 4
38945 0
38946 8
38947 6
38948 3
38949 8
38950 8
38951 7
38952 6
38953 8
38954 2
38955 2
38956 3
38957 8
38958 0
38959 0
38960 3
38961 1
38962 3
38963 7
38964 0
38965 3
38966 8
38967 6
38968 5
38969 6
38970 5
38971 5
38972 6
38973 7
38974 0
38975 8
38976 0
38977 4
38978 8
38979 4
38980 3
38981 6
38982 8
38983 3
38984 6
38985 3
38986 7
38987 5
38988 2
38989 4
38990 6
38991 0
38992 5
38993 7
38994 6
38995 5
38996 5
38997 8
38998 3
38999 4
39000 0
39001 1
39002 4
39003 7
39004 9
39005 3
39006 3
39007 6
39008 7
39009 5
39010 8
39011 3
39012 0
39013 7
39014 5
39015 0
39016 1
39017 1
39018 5
39019 1
39020 7
39021 8
39022 5
39023 1
39024 5
39025 1
39026 5
39027 4
39028 1
39029 1
39030 3
39031 1
39032 5
39033 5
39034 9
39035 2
39036 4
39037 8
39038 3
39039 9
39040 6
39041 7
39042 4
39043 0
39044 2
39045 7
39046 5
39047 0
39048 7
39049 9
39050 7
39051 1
39052 8
39053 1
39054 0
39055 1
39056 4
39057 2
39058 0
39059 8
39060 8
39061 8
39062 4
39063 2
39064 2
39065 9
39066 3
39067 8
39068 3
39069 8
39070 5
39071 9
39072 9
39073 9
39074 6
39075 4
39076 8
39077 4
39078 7
39079 1
39080 3
39081 1
39082 5
39083 4
39084 0
39085 5
39086 9
39087 0
39088 8
39089 7
39090 7
39091 1
39092 0
39093 1
39094 3
39095 6
39096 4
39097 0
39098 0
39099 4
39100 8
39101 1
39102 6
39103 4
39104 4
39105 7
39106 9
39107 9
39108 7
39109 8
39110 3
39111 0
39112 6
39113 3
39114 3
39115 8
39116 2
39117 1
39118 6
39119 1
39120 3
39121 4
39122 8
39123 4
39124 3
39125 0
39126 4
39127 4
39128 3
39129 8
39130 5
39131 8
39132 0
39133 4
39134 8
39135 3
39136 7
39137 5
39138 0
39139 4
39140 5
39141 5
39142 5
39143 8
39144 4
39145 2
39146 4
39147 0
39148 6
39149 8
39150 8
39151 3
39152 9
39153 7
39154 8
39155 9
39156 5
39157 9
39158 6
39159 9
39160 2
39161 5
39162 2
39163 4
39164 3
39165 8
39166 3
39167 8
39168 9
39169 7
39170 6
39171 6
39172 9
39173 0
39174 7
39175 3
39176 4
39177 7
39178 6
39179 2
39180 6
39181 0
39182 6
39183 8
39184 7
39185 2
39186 4
39187 5
39188 6
39189 0
39190 6
39191 1
39192 3
39193 8
39194 3
39195 3
39196 3
39197 0
39198 5
39199 0
39200 5
39201 5
39202 3
39203 5
39204 9
39205 2
39206 6
39207 3
39208 8
39209 8
39210 2
39211 4
39212 5
39213 1
39214 2
39215 7
39216 5
39217 1
39218 7
39219 0
39220 4
39221 5
39222 5
39223 3
39224 8
39225 8
39226 2
39227 4
39228 1
39229 4
39230 4
39231 7
39232 5
39233 6
39234 0
39235 8
39236 1
39237 2
39238 9
39239 9
39240 2
39241 0
39242 9
39243 3
39244 6
39245 3
39246 0
39247 3
39248 1
39249 4
39250 5
39251 1
39252 5
39253 4
39254 9
39255 5
39256 5
39257 0
39258 4
39259 2
39260 1
39261 3
39262 7
39263 0
39264 4
39265 6
39266 2
39267 9
39268 3
39269 9
39270 7
39271 5
39272 4
39273 0
39274 1
39275 2
39276 9
39277 3
39278 5
39279 1
39280 7
39281 5
39282 8
39283 9
39284 9
39285 8
39286 3
39287 1
39288 9
39289 2
39290 7
39291 3
39292 9
39293 9
39294 9
39295 9
39296 2
39297 5
39298 3
39299 2
39300 0
39301 0
39302 9
39303 0
39304 1
39305 8
39306 8
39307 9
39308 9
39309 8
39310 5
39311 5
39312 3
39313 7
39314 7
39315 9
39316 6
39317 4
39318 3
39319 8
39320 0
39321 1
39322 1
39323 3
39324 9
39325 4
39326 7
39327 8
39328 0
39329 1
39330 9
39331 9
39332 8
39333 3
39334 1
39335 5
39336 6
39337 9
39338 2
39339 3
39340 8
39341 6
39342 5
39343 0
39344 8
39345 7
39346 6
39347 7
39348 3
39349 1
39350 6
39351 6
39352 3
39353 9
39354 6
39355 7
39356 1
39357 0
39358 3
39359 8
39360 1
39361 8
39362 0
39363 5
39364 7
39365 7
39366 2
39367 2
39368 8
39369 4
39370 5
39371 6
39372 2
39373 4
39374 9
39375 8
39376 3
39377 1
39378 0
39379 6
39380 6
39381 7
39382 9
39383 6
39384 9
39385 5
39386 6
39387 4
39388 1
39389 3
39390 8
39391 3
39392 7
39393 4
39394 3
39395 1
39396 4
39397 6
39398 0
39399 7
39400 8
39401 5
39402 2
39403 8
39404 5
39405 0
39406 0
39407 8
39408 0
39409 6
39410 6
39411 0
39412 6
39413 5
39414 4
39415 4
39416 3
39417 2
39418 7
39419 3
39420 1
39421 0
39422 5
39423 7
39424 8
39425 8
39426 8
39427 6
39428 0
39429 4
39430 1
39431 8
39432 5
39433 2
39434 1
39435 2
39436 5
39437 8
39438 1
39439 7
39440 8
39441 1
39442 4
39443 0
39444 4
39445 7
39446 4
39447 8
39448 3
39449 3
39450 3
39451 1
39452 4
39453 6
39454 8
39455 8
39456 6
39457 9
39458 2
39459 2
39460 3
39461 2
39462 6
39463 2
39464 3
39465 4
39466 8
39467 6
39468 2
39469 1
39470 3
39471 6
39472 7
39473 0
39474 4
39475 3
39476 5
39477 0
39478 6
39479 9
39480 3
39481 6
39482 0
39483 8
39484 8
39485 5
39486 5
39487 9
39488 2
39489 8
39490 2
39491 0
39492 7
39493 1
39494 6
39495 2
39496 8
39497 3
39498 3
39499 4
39500 0
39501 9
39502 6
39503 4
39504 5
39505 7
39506 5
39507 7
39508 0
39509 0
39510 5
39511 8
39512 5
39513 3
39514 2
39515 3
39516 0
39517 5
39518 9
39519 5
39520 1
39521 9
39522 1
39523 0
39524 4
39525 2
39526 8
39527 2
39528 8
39529 3
39530 5
39531 9
39532 9
39533 7
39534 5
39535 7
39536 1
39537 7
39538 3
39539 7
39540 2
39541 6
39542 0
39543 4
39544 5
39545 8
39546 8
39547 4
39548 7
39549 8
39550 4
39551 1
39552 9
39553 6
39554 6
39555 5
39556 8
39557 6
39558 4
39559 8
39560 8
39561 4
39562 0
39563 9
39564 1
39565 6
39566 8
39567 3
39568 7
39569 7
39570 2
39571 3
39572 6
39573 0
39574 9
39575 6
39576 6
39577 5
39578 8
39579 9
39580 3
39581 9
39582 3
39583 5
39584 0
39585 2
39586 9
39587 0
39588 8
39589 4
39590 8
39591 4
39592 3
39593 5
39594 4
39595 5
39596 0
39597 0
39598 4
39599 9
39600 5
39601 7
39602 3
39603 8
39604 7
39605 0
39606 0
39607 9
39608 6
39609 8
39610 0
39611 8
39612 8
39613 4
39614 5
39615 2
39616 7
39617 4
39618 5
39619 0
39620 2
39621 3
39622 7
39623 9
39624 0
39625 8
39626 1
39627 8
39628 2
39629 0
39630 9
39631 2
39632 1
39633 2
39634 6
39635 5
39636 9
39637 6
39638 6
39639 9
39640 1
39641 5
39642 5
39643 5
39644 1
39645 9
39646 0
39647 6
39648 2
39649 4
39650 4
39651 7
39652 2
39653 6
39654 7
39655 1
39656 3
39657 1
39658 5
39659 6
39660 3
39661 1
39662 0
39663 5
39664 4
39665 0
39666 7
39667 8
39668 7
39669 7
39670 0
39671 4
39672 2
39673 2
39674 6
39675 2
39676 3
39677 4
39678 3
39679 3
39680 7
39681 3
39682 6
39683 2
39684 9
39685 8
39686 9
39687 3
39688 0
39689 0
39690 7
39691 5
39692 5
39693 1
39694 8
39695 5
39696 6
39697 9
39698 3
39699 4
39700 7
39701 7
39702 6
39703 5
39704 4
39705 1
39706 6
39707 7
39708 2
39709 2
39710 8
39711 2
39712 7
39713 4
39714 6
39715 2
39716 7
39717 4
39718 7
39719 0
39720 1
39721 9
39722 7
39723 6
39724 3
39725 7
39726 6
39727 0
39728 0
39729 3
39730 5
39731 4
39732 5
39733 0
39734 8
39735 2
39736 6
39737 1
39738 7
39739 3
39740 7
39741 2
39742 8
39743 5
39744 8
39745 2
39746 1
39747 0
39748 3
39749 9
39750 3
39751 0
39752 3
39753 2
39754 7
39755 3
39756 8
39757 7
39758 5
39759 4
39760 8
39761 5
39762 0
39763 9
39764 2
39765 3
39766 9
39767 3
39768 1
39769 8
39770 8
39771 8
39772 9
39773 3
39774 5
39775 2
39776 6
39777 7
39778 7
39779 1
39780 0
39781 8
39782 6
39783 8
39784 5
39785 2
39786 9
39787 6
39788 1
39789 2
39790 1
39791 7
39792 3
39793 4
39794 2
39795 2
39796 8
39797 8
39798 6
39799 9
39800 6
39801 2
39802 0
39803 3
39804 7
39805 7
39806 3
39807 8
39808 2
39809 1
39810 3
39811 3
39812 3
39813 9
39814 5
39815 0
39816 2
39817 5
39818 2
39819 0
39820 3
39821 1
39822 8
39823 7
39824 6
39825 1
39826 0
39827 1
39828 5
39829 2
39830 5
39831 9
39832 2
39833 5
39834 8
39835 8
39836 1
39837 5
39838 1
39839 7
39840 2
39841 1
39842 4
39843 4
39844 7
39845 7
39846 1
39847 7
39848 8
39849 8
39850 5
39851 3
39852 3
39853 5
39854 3
39855 3
39856 1
39857 2
39858 2
39859 3
39860 7
39861 6
39862 4
39863 7
39864 5
39865 5
39866 4
39867 6
39868 7
39869 2
39870 0
39871 9
39872 8
39873 2
39874 1
39875 0
39876 2
39877 4
39878 8
39879 7
39880 8
39881 1
39882 6
39883 6
39884 6
39885 2
39886 9
39887 4
39888 1
39889 6
39890 6
39891 2
39892 0
39893 3
39894 8
39895 3
39896 9
39897 2
39898 8
39899 5
39900 2
39901 5
39902 4
39903 6
39904 2
39905 5
39906 8
39907 2
39908 3
39909 5
39910 7
39911 1
39912 1
39913 5
39914 8
39915 3
39916 1
39917 2
39918 1
39919 2
39920 2
39921 4
39922 1
39923 4
39924 7
39925 5
39926 9
39927 1
39928 4
39929 1
39930 6
39931 6
39932 2
39933 8
39934 1
39935 4
39936 5
39937 2
39938 0
39939 7
39940 3
39941 5
39942 5
39943 4
39944 9
39945 6
39946 3
39947 2
39948 5
39949 3
39950 7
39951 9
39952 1
39953 6
39954 6
39955 0
39956 9
39957 3
39958 3
39959 7
39960 1
39961 5
39962 9
39963 2
39964 0
39965 5
39966 5
39967 2
39968 3
39969 3
39970 8
39971 9
39972 2
39973 5
39974 0
39975 4
39976 9
39977 9
39978 0
39979 3
39980 0
39981 6
39982 5
39983 7
39984 2
39985 9
39986 7
39987 0
39988 2
39989 4
39990 1
39991 6
39992 3
39993 9
39994 4
39995 9
39996 9
39997 2
39998 5
39999 2
40000 8
40001 7
40002 0
40003 7
40004 2
40005 8
40006 9
40007 3
40008 0
40009 0
40010 4
40011 2
40012 7
40013 7
40014 6
40015 6
40016 2
40017 8
40018 5
40019 3
40020 2
40021 4
40022 9
40023 1
40024 7
40025 4
40026 3
40027 2
40028 5
40029 2
40030 8
40031 2
40032 9
40033 9
40034 5
40035 4
40036 4
40037 4
40038 4
40039 2
40040 8
40041 1
40042 8
40043 3
40044 6
40045 9
40046 9
40047 7
40048 2
40049 7
40050 8
40051 7
40052 4
40053 8
40054 9
40055 9
40056 9
40057 4
40058 8
40059 0
40060 1
40061 3
40062 8
40063 3
40064 3
40065 4
40066 1
40067 2
40068 9
40069 1
40070 7
40071 1
40072 8
40073 0
40074 6
40075 7
40076 9
40077 1
40078 9
40079 5
40080 7
40081 0
40082 1
40083 8
40084 2
40085 6
40086 3
40087 8
40088 9
40089 9
40090 3
40091 0
40092 7
40093 5
40094 6
40095 2
40096 9
40097 7
40098 3
40099 4
40100 0
40101 9
40102 1
40103 4
40104 2
40105 6
40106 0
40107 9
40108 6
40109 5
40110 5
40111 6
40112 7
40113 8
40114 9
40115 3
40116 5
40117 1
40118 1
40119 3
40120 8
40121 2
40122 3
40123 4
40124 4
40125 8
40126 0
40127 4
40128 0
40129 3
40130 3
40131 2
40132 5
40133 1
40134 3
40135 8
40136 7
40137 4
40138 0
40139 0
40140 0
40141 3
40142 7
40143 4
40144 1
40145 3
40146 6
40147 7
40148 9
40149 0
40150 1
40151 3
40152 6
40153 6
40154 7
40155 8
40156 9
40157 2
40158 3
40159 6
40160 8
40161 5
40162 8
40163 2
40164 6
40165 6
40166 8
40167 6
40168 5
40169 1
40170 6
40171 8
40172 1
40173 6
40174 0
40175 0
40176 1
40177 9
40178 8
40179 3
40180 6
40181 0
40182 5
40183 9
40184 7
40185 2
40186 7
40187 7
40188 0
40189 7
40190 8
40191 5
40192 7
40193 3
40194 5
40195 7
40196 7
40197 4
40198 5
40199 4
40200 3
40201 6
40202 6
40203 0
40204 5
40205 1
40206 5
40207 0
40208 4
40209 6
40210 1
40211 3
40212 7
40213 9
40214 6
40215 7
40216 0
40217 3
40218 6
40219 1
40220 6
40221 8
40222 7
40223 8
40224 4
40225 1
40226 8
40227 5
40228 6
40229 9
40230 7
40231 2
40232 9
40233 7
40234 6
40235 2
40236 9
40237 0
40238 7
40239 3
40240 4
40241 3
40242 2
40243 6
40244 5
40245 5
40246 8
40247 6
40248 1
40249 5
40250 4
40251 4
40252 1
40253 0
40254 0
40255 6
40256 1
40257 5
40258 0
40259 8
40260 7
40261 7
40262 0
40263 3
40264 5
40265 4
40266 9
40267 5
40268 3
40269 0
40270 1
40271 2
40272 2
40273 0
40274 0
40275 7
40276 7
40277 7
40278 2
40279 3
40280 8
40281 7
40282 1
40283 8
40284 7
40285 7
40286 9
40287 9
40288 1
40289 9
40290 1
40291 4
40292 3
40293 8
40294 5
40295 4
40296 9
40297 3
40298 5
40299 7
40300 7
40301 7
40302 4
40303 1
40304 7
40305 6
40306 5
40307 2
40308 7
40309 9
40310 4
40311 3
40312 9
40313 3
40314 5
40315 3
40316 0
40317 2
40318 0
40319 3
40320 9
40321 9
40322 3
40323 7
40324 4
40325 6
40326 1
40327 1
40328 3
40329 9
40330 1
40331 8
40332 9
40333 9
40334 5
40335 4
40336 5
40337 4
40338 2
40339 3
40340 9
40341 0
40342 8
40343 9
40344 0
40345 1
40346 9
40347 7
40348 8
40349 7
40350 6
40351 9
40352 6
40353 2
40354 5
40355 2
40356 2
40357 7
40358 2
40359 3
40360 0
40361 1
40362 6
40363 1
40364 7
40365 0
40366 6
40367 5
40368 7
40369 8
40370 5
40371 3
40372 6
40373 5
40374 1
40375 1
40376 8
40377 2
40378 5
40379 0
40380 4
40381 3
40382 2
40383 8
40384 1
40385 2
40386 9
40387 6
40388 8
40389 3
40390 7
40391 4
40392 0
40393 4
40394 0
40395 3
40396 5
40397 9
40398 8
40399 3
40400 9
40401 3
40402 9
40403 6
40404 6
40405 0
40406 4
40407 6
40408 2
40409 3
40410 7
40411 6
40412 4
40413 5
40414 3
40415 1
40416 3
40417 0
40418 2
40419 7
40420 9
40421 1
40422 7
40423 0
40424 3
40425 5
40426 1
40427 2
40428 4
40429 1
40430 3
40431 3
40432 4
40433 7
40434 6
40435 3
40436 9
40437 3
40438 6
40439 3
40440 5
40441 1
40442 3
40443 9
40444 7
40445 0
40446 1
40447 0
40448 3
40449 1
40450 4
40451 8
40452 2
40453 6
40454 5
40455 7
40456 1
40457 1
40458 0
40459 6
40460 9
40461 2
40462 8
40463 5
40464 5
40465 8
40466 2
40467 8
40468 0
40469 3
40470 6
40471 8
40472 3
40473 9
40474 5
40475 5
40476 7
40477 3
40478 3
40479 8
40480 9
40481 0
40482 8
40483 2
40484 6
40485 9
40486 1
40487 1
40488 9
40489 5
40490 8
40491 2
40492 0
40493 8
40494 8
40495 3
40496 2
40497 7
40498 1
40499 5
40500 5
40501 2
40502 1
40503 2
40504 2
40505 0
40506 4
40507 1
40508 4
40509 0
40510 8
40511 6
40512 4
40513 1
40514 5
40515 1
40516 6
40517 1
40518 8
40519 1
40520 1
40521 6
40522 4
40523 5
40524 3
40525 7
40526 3
40527 2
40528 0
40529 1
40530 8
40531 8
40532 5
40533 1
40534 1
40535 6
40536 4
40537 9
40538 6
40539 2
40540 4
40541 8
40542 9
40543 2
40544 0
40545 8
40546 4
40547 1
40548 4
40549 6
40550 4
40551 3
40552 4
40553 8
40554 4
40555 9
40556 5
40557 8
40558 7
40559 2
40560 2
40561 5
40562 1
40563 4
40564 3
40565 8
40566 6
40567 9
40568 4
40569 7
40570 8
40571 8
40572 5
40573 9
40574 0
40575 7
40576 9
40577 1
40578 8
40579 4
40580 8
40581 1
40582 8
40583 3
40584 8
40585 4
40586 2
40587 7
40588 9
40589 4
40590 9
40591 1
40592 3
40593 2
40594 8
40595 6
40596 5
40597 1
40598 9
40599 6
40600 6
40601 6
40602 2
40603 8
40604 4
40605 0
40606 3
40607 8
40608 3
40609 5
40610 4
40611 6
40612 0
40613 3
40614 4
40615 5
40616 8
40617 2
40618 2
40619 7
40620 5
40621 9
40622 5
40623 5
40624 0
40625 7
40626 0
40627 6
40628 5
40629 2
40630 4
40631 1
40632 1
40633 3
40634 8
40635 4
40636 6
40637 4
40638 1
40639 3
40640 6
40641 9
40642 4
40643 9
40644 9
40645 8
40646 6
40647 9
40648 5
40649 0
40650 6
40651 9
40652 8
40653 9
40654 2
40655 4
40656 6
40657 6
40658 8
40659 9
40660 8
40661 1
40662 1
40663 5
40664 6
40665 7
40666 9
40667 6
40668 8
40669 3
40670 4
40671 1
40672 5
40673 3
40674 3
40675 5
40676 5
40677 0
40678 2
40679 1
40680 4
40681 0
40682 5
40683 2
40684 4
40685 8
40686 4
40687 7
40688 7
40689 1
40690 2
40691 9
40692 0
40693 5
40694 2
40695 5
40696 5
40697 9
40698 4
40699 4
40700 2
40701 4
40702 8
40703 2
40704 2
40705 6
40706 0
40707 2
40708 8
40709 8
40710 4
40711 6
40712 5
40713 6
40714 9
40715 0
40716 0
40717 2
40718 2
40719 3
40720 9
40721 0
40722 5
40723 9
40724 4
40725 6
40726 6
40727 5
40728 9
40729 2
40730 0
40731 8
40732 0
40733 0
40734 0
40735 1
40736 6
40737 5
40738 8
40739 4
40740 8
40741 1
40742 0
40743 5
40744 5
40745 0
40746 8
40747 4
40748 8
40749 3
40750 5
40751 9
40752 1
40753 0
40754 8
40755 7
40756 2
40757 7
40758 2
40759 8
40760 3
40761 6
40762 4
40763 2
40764 9
40765 0
40766 0
40767 2
40768 0
40769 7
40770 0
40771 4
40772 9
40773 7
40774 9
40775 2
40776 8
40777 5
40778 0
40779 8
40780 8
40781 9
40782 2
40783 5
40784 6
40785 0
40786 2
40787 0
40788 5
40789 5
40790 8
40791 2
40792 2
40793 8
40794 1
40795 6
40796 9
40797 3
40798 5
40799 7
40800 7
40801 0
40802 1
40803 5
40804 6
40805 9
40806 5
40807 9
40808 8
40809 9
40810 8
40811 0
40812 9
40813 4
40814 9
40815 9
40816 9
40817 9
40818 2
40819 3
40820 5
40821 3
40822 0
40823 9
40824 7
40825 6
40826 8
40827 7
40828 6
40829 5
40830 2
40831 1
40832 6
40833 3
40834 6
40835 0
40836 1
40837 4
40838 6
40839 8
40840 2
40841 9
40842 5
40843 8
40844 1
40845 3
40846 0
40847 0
40848 1
40849 1
40850 5
40851 1
40852 5
40853 6
40854 9
40855 0
40856 8
40857 3
40858 4
40859 8
40860 5
40861 8
40862 6
40863 1
40864 1
40865 4
40866 0
40867 4
40868 9
40869 1
40870 9
40871 5
40872 7
40873 6
40874 9
40875 9
40876 0
40877 6
40878 1
40879 8
40880 3
40881 9
40882 2
40883 8
40884 7
40885 4
40886 1
40887 0
40888 4
40889 4
40890 1
40891 7
40892 0
40893 4
40894 8
40895 7
40896 8
40897 2
40898 5
40899 4
40900 6
40901 2
40902 9
40903 7
40904 7
40905 0
40906 9
40907 9
40908 2
40909 4
40910 2
40911 2
40912 3
40913 4
40914 9
40915 6
40916 6
40917 6
40918 1
40919 2
40920 1
40921 4
40922 5
40923 4
40924 9
40925 6
40926 5
40927 8
40928 9
40929 2
40930 0
40931 7
40932 1
40933 3
40934 4
40935 5
40936 4
40937 1
40938 4
40939 5
40940 3
40941 4
40942 9
40943 5
40944 8
40945 2
40946 7
40947 4
40948 3
40949 7
40950 4
40951 3
40952 7
40953 0
40954 8
40955 1
40956 4
40957 4
40958 6
40959 4
40960 9
40961 1
40962 4
40963 3
40964 9
40965 1
40966 6
40967 2
40968 9
40969 7
40970 5
40971 1
40972 2
40973 7
40974 5
40975 6
40976 1
40977 3
40978 7
40979 9
40980 0
40981 3
40982 5
40983 5
40984 8
40985 7
40986 5
40987 8
40988 1
40989 4
40990 0
40991 4
40992 5
40993 9
40994 3
40995 2
40996 2
40997 0
40998 4
40999 8
41000 5
41001 4
41002 6
41003 7
41004 1
41005 4
41006 5
41007 9
41008 7
41009 1
41010 3
41011 7
41012 0
41013 7
41014 5
41015 3
41016 5
41017 5
41018 4
41019 0
41020 0
41021 5
41022 7
41023 6
41024 4
41025 2
41026 4
41027 6
41028 1
41029 4
41030 9
41031 6
41032 9
41033 9
41034 5
41035 4
41036 1
41037 8
41038 0
41039 5
41040 4
41041 8
41042 5
41043 9
41044 9
41045 5
41046 9
41047 9
41048 5
41049 9
41050 6
41051 2
41052 8
41053 9
41054 4
41055 9
41056 9
41057 5
41058 7
41059 6
41060 9
41061 9
41062 4
41063 0
41064 6
41065 7
41066 8
41067 1
41068 6
41069 3
41070 0
41071 0
41072 9
41073 6
41074 0
41075 4
41076 6
41077 3
41078 5
41079 9
41080 8
41081 5
41082 6
41083 2
41084 9
41085 0
41086 6
41087 6
41088 0
41089 4
41090 0
41091 4
41092 1
41093 6
41094 1
41095 8
41096 2
41097 8
41098 9
41099 7
41100 7
41101 7
41102 4
41103 1
41104 5
41105 2
41106 2
41107 1
41108 7
41109 1
41110 7
41111 6
41112 3
41113 6
41114 7
41115 9
41116 6
41117 6
41118 6
41119 3
41120 4
41121 7
41122 1
41123 2
41124 0
41125 3
41126 0
41127 7
41128 7
41129 8
41130 3
41131 8
41132 9
41133 2
41134 4
41135 8
41136 2
41137 5
41138 2
41139 4
41140 6
41141 6
41142 6
41143 1
41144 7
41145 8
41146 5
41147 4
41148 1
41149 3
41150 0
41151 9
41152 2
41153 2
41154 5
41155 6
41156 6
41157 1
41158 5
41159 4
41160 7
41161 0
41162 6
41163 8
41164 3
41165 3
41166 7
41167 1
41168 9
41169 9
41170 4
41171 8
41172 2
41173 4
41174 6
41175 9
41176 0
41177 5
41178 7
41179 9
41180 5
41181 4
41182 0
41183 9
41184 6
41185 4
41186 0
41187 9
41188 3
41189 5
41190 2
41191 5
41192 9
41193 2
41194 9
41195 6
41196 9
41197 2
41198 2
41199 6
41200 0
41201 1
41202 3
41203 4
41204 5
41205 0
41206 9
41207 8
41208 1
41209 2
41210 7
41211 4
41212 7
41213 2
41214 3
41215 5
41216 6
41217 1
41218 9
41219 2
41220 5
41221 9
41222 7
41223 5
41224 1
41225 5
41226 4
41227 6
41228 6
41229 3
41230 7
41231 5
41232 2
41233 7
41234 8
41235 8
41236 7
41237 5
41238 5
41239 0
41240 8
41241 1
41242 6
41243 2
41244 9
41245 4
41246 8
41247 6
41248 0
41249 7
41250 5
41251 4
41252 0
41253 8
41254 4
41255 7
41256 4
41257 0
41258 2
41259 1
41260 3
41261 1
41262 0
41263 7
41264 7
41265 8
41266 3
41267 2
41268 4
41269 1
41270 0
41271 6
41272 8
41273 4
41274 2
41275 0
41276 8
41277 9
41278 4
41279 6
41280 0
41281 2
41282 3
41283 1
41284 6
41285 5
41286 6
41287 0
41288 7
41289 1
41290 0
41291 4
41292 9
41293 8
41294 3
41295 4
41296 3
41297 6
41298 2
41299 8
41300 5
41301 8
41302 2
41303 4
41304 0
41305 4
41306 9
41307 9
41308 8
41309 7
41310 9
41311 2
41312 9
41313 2
41314 6
41315 3
41316 9
41317 0
41318 4
41319 3
41320 9
41321 2
41322 1
41323 7
41324 6
41325 7
41326 1
41327 7
41328 8
41329 7
41330 4
41331 8
41332 2
41333 0
41334 9
41335 9
41336 2
41337 3
41338 9
41339 9
41340 7
41341 5
41342 4
41343 1
41344 2
41345 8
41346 7
41347 9
41348 5
41349 4
41350 2
41351 3
41352 3
41353 1
41354 3
41355 3
41356 3
41357 9
41358 0
41359 1
41360 7
41361 0
41362 1
41363 2
41364 0
41365 8
41366 2
41367 4
41368 5
41369 7
41370 3
41371 2
41372 7
41373 4
41374 5
41375 8
41376 0
41377 7
41378 5
41379 1
41380 2
41381 2
41382 3
41383 3
41384 7
41385 6
41386 7
41387 0
41388 1
41389 8
41390 5
41391 6
41392 7
41393 3
41394 2
41395 8
41396 4
41397 3
41398 2
41399 1
41400 3
41401 7
41402 2
41403 3
41404 3
41405 9
41406 4
41407 1
41408 5
41409 5
41410 0
41411 3
41412 1
41413 7
41414 0
41415 1
41416 8
41417 0
41418 3
41419 4
41420 2
41421 4
41422 5
41423 9
41424 9
41425 5
41426 5
41427 9
41428 6
41429 5
41430 9
41431 6
41432 7
41433 2
41434 7
41435 7
41436 9
41437 3
41438 1
41439 9
41440 0
41441 2
41442 3
41443 5
41444 0
41445 2
41446 1
41447 0
41448 4
41449 3
41450 0
41451 5
41452 0
41453 2
41454 8
41455 9
41456 8
41457 1
41458 9
41459 8
41460 0
41461 4
41462 2
41463 4
41464 1
41465 5
41466 5
41467 2
41468 7
41469 8
41470 2
41471 3
41472 0
41473 8
41474 9
41475 0
41476 1
41477 8
41478 0
41479 6
41480 8
41481 0
41482 7
41483 2
41484 8
41485 5
41486 5
41487 2
41488 9
41489 5
41490 6
41491 7
41492 9
41493 1
41494 3
41495 1
41496 7
41497 9
41498 8
41499 1
41500 5
41501 5
41502 2
41503 8
41504 4
41505 7
41506 8
41507 3
41508 9
41509 8
41510 4
41511 0
41512 3
41513 9
41514 8
41515 5
41516 5
41517 6
41518 7
41519 7
41520 2
41521 4
41522 5
41523 6
41524 7
41525 4
41526 4
41527 3
41528 9
41529 5
41530 0
41531 9
41532 5
41533 0
41534 1
41535 3
41536 6
41537 0
41538 0
41539 8
41540 9
41541 2
41542 0
41543 7
41544 7
41545 4
41546 3
41547 1
41548 3
41549 7
41550 7
41551 4
41552 0
41553 8
41554 4
41555 8
41556 5
41557 7
41558 7
41559 6
41560 6
41561 5
41562 7
41563 7
41564 5
41565 3
41566 0
41567 6
41568 0
41569 3
41570 0
41571 3
41572 0
41573 1
41574 4
41575 0
41576 4
41577 4
41578 5
41579 6
41580 5
41581 1
41582 9
41583 3
41584 8
41585 9
41586 0
41587 4
41588 2
41589 0
41590 1
41591 8
41592 6
41593 8
41594 4
41595 5
41596 4
41597 6
41598 2
41599 5
41600 8
41601 6
41602 3
41603 0
41604 3
41605 8
41606 7
41607 4
41608 6
41609 9
41610 6
41611 9
41612 7
41613 7
41614 8
41615 7
41616 6
41617 0
41618 7
41619 6
41620 3
41621 6
41622 0
41623 0
41624 5
41625 7
41626 3
41627 2
41628 0
41629 1
41630 1
41631 5
41632 7
41633 2
41634 6
41635 1
41636 2
41637 7
41638 8
41639 6
41640 8
41641 2
41642 4
41643 7
41644 2
41645 3
41646 2
41647 8
41648 0
41649 9
41650 4
41651 4
41652 0
41653 8
41654 5
41655 7
41656 8
41657 2
41658 6
41659 2
41660 5
41661 5
41662 2
41663 1
41664 3
41665 2
41666 6
41667 9
41668 1
41669 1
41670 2
41671 3
41672 5
41673 3
41674 9
41675 7
41676 1
41677 1
41678 1
41679 4
41680 6
41681 5
41682 6
41683 5
41684 2
41685 3
41686 0
41687 9
41688 9
41689 6
41690 4
41691 5
41692 9
41693 1
41694 8
41695 9
41696 7
41697 0
41698 6
41699 3
41700 0
41701 9
41702 9
41703 9
41704 2
41705 7
41706 7
41707 9
41708 7
41709 2
41710 6
41711 5
41712 9
41713 8
41714 0
41715 4
41716 6
41717 7
41718 9
41719 2
41720 2
41721 3
41722 6
41723 2
41724 6
41725 4
41726 1
41727 0
41728 4
41729 4
41730 9
41731 1
41732 6
41733 9
41734 1
41735 1
41736 2
41737 8
41738 6
41739 8
41740 2
41741 2
41742 5
41743 2
41744 7
41745 6
41746 2
41747 5
41748 9
41749 3
41750 9
41751 3
41752 8
41753 8
41754 2
41755 0
41756 9
41757 3
41758 0
41759 5
41760 5
41761 0
41762 4
41763 6
41764 4
41765 4
41766 6
41767 0
41768 9
41769 6
41770 1
41771 7
41772 2
41773 2
41774 3
41775 0
41776 2
41777 9
41778 6
41779 0
41780 4
41781 4
41782 9
41783 5
41784 8
41785 6
41786 8
41787 3
41788 4
41789 8
41790 1
41791 1
41792 2
41793 5
41794 0
41795 7
41796 6
41797 6
41798 2
41799 0
41800 8
41801 3
41802 2
41803 4
41804 7
41805 4
41806 9
41807 3
41808 8
41809 5
41810 8
41811 3
41812 5
41813 5
41814 6
41815 6
41816 5
41817 5
41818 3
41819 1
41820 0
41821 4
41822 1
41823 9
41824 6
41825 0
41826 5
41827 8
41828 4
41829 1
41830 0
41831 5
41832 3
41833 0
41834 6
41835 9
41836 3
41837 0
41838 4
41839 9
41840 2
41841 9
41842 5
41843 6
41844 3
41845 3
41846 9
41847 4
41848 8
41849 8
41850 6
41851 2
41852 2
41853 7
41854 3
41855 0
41856 4
41857 6
41858 1
41859 4
41860 9
41861 4
41862 3
41863 7
41864 5
41865 6
41866 5
41867 8
41868 2
41869 0
41870 9
41871 0
41872 6
41873 9
41874 5
41875 8
41876 3
41877 4
41878 1
41879 1
41880 7
41881 8
41882 0
41883 8
41884 8
41885 3
41886 5
41887 5
41888 2
41889 4
41890 7
41891 7
41892 1
41893 7
41894 1
41895 8
41896 4
41897 7
41898 5
41899 5
41900 4
41901 9
41902 7
41903 4
41904 7
41905 9
41906 6
41907 9
41908 3
41909 2
41910 6
41911 4
41912 3
41913 8
41914 8
41915 3
41916 2
41917 5
41918 3
41919 2
41920 2
41921 2
41922 2
41923 9
41924 7
41925 0
41926 6
41927 0
41928 1
41929 6
41930 6
41931 0
41932 4
41933 1
41934 0
41935 7
41936 4
41937 2
41938 8
41939 1
41940 2
41941 7
41942 7
41943 0
41944 9
41945 1
41946 4
41947 5
41948 7
41949 0
41950 4
41951 6
41952 2
41953 1
41954 4
41955 8
41956 4
41957 3
41958 0
41959 2
41960 6
41961 8
41962 1
41963 7
41964 3
41965 3
41966 6
41967 2
41968 3
41969 3
41970 2
41971 0
41972 0
41973 6
41974 3
41975 4
41976 6
41977 9
41978 3
41979 4
41980 6
41981 1
41982 9
41983 9
41984 2
41985 0
41986 7
41987 0
41988 5
41989 0
41990 6
41991 1
41992 6
41993 5
41994 1
41995 0
41996 8
41997 7
41998 7
41999 0
42000 3
42001 1
42002 1
42003 6
42004 5
42005 7
42006 0
42007 8
42008 9
42009 5
42010 8
42011 0
42012 3
42013 9
42014 2
42015 3
42016 5
42017 0
42018 9
42019 5
42020 7
42021 1
42022 1
42023 0
42024 3
42025 0
42026 7
42027 3
42028 3
42029 6
42030 0
42031 6
42032 6
42033 5
42034 7
42035 4
42036 2
42037 4
42038 8
42039 2
42040 2
42041 4
42042 0
42043 9
42044 8
42045 3
42046 9
42047 5
42048 6
42049 0
42050 2
42051 7
42052 4
42053 4
42054 4
42055 7
42056 4
42057 8
42058 3
42059 0
42060 1
42061 2
42062 2
42063 1
42064 5
42065 6
42066 1
42067 3
42068 1
42069 4
42070 8
42071 0
42072 2
42073 6
42074 3
42075 0
42076 0
42077 4
42078 1
42079 9
42080 1
42081 3
42082 2
42083 2
42084 8
42085 9
42086 4
42087 4
42088 5
42089 8
42090 3
42091 1
42092 3
42093 4
42094 1
42095 7
42096 6
42097 4
42098 0
42099 7
42100 0
42101 9
42102 2
42103 1
42104 2
42105 0
42106 7
42107 1
42108 8
42109 4
42110 9
42111 4
42112 4
42113 1
42114 4
42115 2
42116 2
42117 2
42118 2
42119 3
42120 6
42121 8
42122 5
42123 1
42124 3
42125 8
42126 6
42127 5
42128 9
42129 4
42130 9
42131 3
42132 1
42133 8
42134 1
42135 0
42136 9
42137 9
42138 7
42139 3
42140 5
42141 2
42142 3
42143 3
42144 7
42145 6
42146 2
42147 6
42148 5
42149 3
42150 3
42151 3
42152 5
42153 6
42154 1
42155 0
42156 6
42157 8
42158 5
42159 9
42160 3
42161 4
42162 8
42163 9
42164 6
42165 1
42166 5
42167 8
42168 7
42169 1
42170 1
42171 1
42172 8
42173 6
42174 5
42175 2
42176 2
42177 4
42178 1
42179 5
42180 6
42181 8
42182 9
42183 9
42184 3
42185 5
42186 4
42187 5
42188 8
42189 2
42190 9
42191 9
42192 6
42193 7
42194 9
42195 1
42196 0
42197 7
42198 1
42199 5
42200 0
42201 1
42202 3
42203 4
42204 8
42205 8
42206 0
42207 6
42208 1
42209 3
42210 5
42211 6
42212 7
42213 7
42214 8
42215 8
42216 3
42217 3
42218 1
42219 0
42220 4
42221 1
42222 1
42223 7
42224 4
42225 6
42226 7
42227 6
42228 9
42229 3
42230 5
42231 1
42232 5
42233 5
42234 1
42235 3
42236 6
42237 0
42238 2
42239 7
42240 2
42241 3
42242 5
42243 1
42244 7
42245 0
42246 9
42247 1
42248 5
42249 6
42250 4
42251 7
42252 0
42253 7
42254 8
42255 2
42256 2
42257 0
42258 6
42259 4
42260 4
42261 1
42262 6
42263 7
42264 8
42265 1
42266 1
42267 1
42268 3
42269 6
42270 3
42271 0
42272 0
42273 4
42274 3
42275 6
42276 5
42277 4
42278 1
42279 1
42280 2
42281 6
42282 4
42283 4
42284 1
42285 4
42286 7
42287 2
42288 7
42289 9
42290 3
42291 5
42292 7
42293 2
42294 1
42295 7
42296 4
42297 6
42298 0
42299 0
42300 3
42301 5
42302 3
42303 9
42304 1
42305 4
42306 0
42307 6
42308 4
42309 9
42310 8
42311 7
42312 8
42313 6
42314 8
42315 6
42316 6
42317 0
42318 3
42319 8
42320 6
42321 6
42322 9
42323 8
42324 6
42325 7
42326 1
42327 5
42328 9
42329 1
42330 7
42331 1
42332 6
42333 3
42334 9
42335 3
42336 9
42337 7
42338 9
42339 8
42340 5
42341 9
42342 8
42343 1
42344 6
42345 8
42346 6
42347 5
42348 6
42349 0
42350 0
42351 8
42352 5
42353 1
42354 1
42355 1
42356 5
42357 8
42358 4
42359 9
42360 3
42361 1
42362 4
42363 7
42364 0
42365 0
42366 9
42367 8
42368 4
42369 4
42370 1
42371 9
42372 4
42373 4
42374 6
42375 0
42376 4
42377 6
42378 5
42379 7
42380 1
42381 5
42382 7
42383 9
42384 7
42385 0
42386 9
42387 6
42388 9
42389 0
42390 1
42391 7
42392 7
42393 8
42394 5
42395 4
42396 8
42397 9
42398 8
42399 2
42400 9
42401 5
42402 7
42403 5
42404 7
42405 7
42406 0
42407 2
42408 3
42409 8
42410 1
42411 1
42412 2
42413 1
42414 3
42415 5
42416 5
42417 7
42418 1
42419 6
42420 7
42421 9
42422 1
42423 2
42424 6
42425 0
42426 2
42427 2
42428 6
42429 4
42430 8
42431 2
42432 3
42433 2
42434 2
42435 0
42436 1
42437 1
42438 0
42439 9
42440 5
42441 8
42442 0
42443 4
42444 9
42445 2
42446 6
42447 8
42448 5
42449 4
42450 2
42451 4
42452 5
42453 3
42454 2
42455 7
42456 2
42457 3
42458 1
42459 2
42460 6
42461 0
42462 5
42463 9
42464 4
42465 6
42466 5
42467 0
42468 3
42469 9
42470 3
42471 8
42472 7
42473 3
42474 0
42475 8
42476 3
42477 3
42478 4
42479 0
42480 2
42481 8
42482 3
42483 4
42484 5
42485 8
42486 5
42487 6
42488 5
42489 4
42490 5
42491 2
42492 4
42493 1
42494 9
42495 1
42496 3
42497 1
42498 0
42499 9
42500 4
42501 3
42502 8
42503 2
42504 3
42505 7
42506 2
42507 2
42508 9
42509 2
42510 5
42511 1
42512 5
42513 0
42514 7
42515 2
42516 8
42517 0
42518 3
42519 4
42520 6
42521 5
42522 1
42523 6
42524 5
42525 1
42526 1
42527 3
42528 0
42529 7
42530 0
42531 3
42532 1
42533 1
42534 4
42535 7
42536 5
42537 9
42538 3
42539 3
42540 3
42541 7
42542 0
42543 4
42544 6
42545 2
42546 1
42547 3
42548 1
42549 8
42550 3
42551 1
42552 3
42553 7
42554 8
42555 9
42556 9
42557 2
42558 3
42559 4
42560 2
42561 1
42562 3
42563 5
42564 6
42565 1
42566 1
42567 2
42568 5
42569 1
42570 1
42571 8
42572 5
42573 2
42574 0
42575 8
42576 5
42577 2
42578 4
42579 0
42580 8
42581 0
42582 3
42583 8
42584 6
42585 5
42586 6
42587 3
42588 9
42589 4
42590 5
42591 9
42592 8
42593 4
42594 2
42595 6
42596 0
42597 8
42598 2
42599 2
42600 0
42601 5
42602 1
42603 1
42604 2
42605 2
42606 2
42607 3
42608 9
42609 0
42610 9
42611 6
42612 3
42613 1
42614 1
42615 3
42616 6
42617 9
42618 1
42619 1
42620 2
42621 9
42622 3
42623 7
42624 1
42625 5
42626 9
42627 8
42628 3
42629 1
42630 1
42631 7
42632 5
42633 8
42634 6
42635 5
42636 3
42637 1
42638 5
42639 2
42640 8
42641 7
42642 3
42643 6
42644 0
42645 1
42646 7
42647 2
42648 6
42649 6
42650 5
42651 9
42652 3
42653 7
42654 1
42655 5
42656 5
42657 2
42658 4
42659 6
42660 0
42661 1
42662 0
42663 9
42664 5
42665 0
42666 0
42667 4
42668 8
42669 3
42670 4
42671 9
42672 3
42673 9
42674 7
42675 3
42676 0
42677 2
42678 8
42679 4
42680 9
42681 4
42682 9
42683 9
42684 1
42685 2
42686 4
42687 8
42688 9
42689 1
42690 6
42691 3
42692 5
42693 7
42694 0
42695 0
42696 9
42697 8
42698 9
42699 4
42700 0
42701 5
42702 4
42703 8
42704 8
42705 4
42706 6
42707 9
42708 9
42709 4
42710 6
42711 2
42712 6
42713 4
42714 5
42715 7
42716 4
42717 3
42718 6
42719 8
42720 2
42721 3
42722 7
42723 1
42724 2
42725 8
42726 7
42727 0
42728 1
42729 0
42730 9
42731 1
42732 1
42733 8
42734 3
42735 0
42736 4
42737 5
42738 1
42739 1
42740 6
42741 8
42742 6
42743 5
42744 0
42745 1
42746 4
42747 4
42748 9
42749 1
42750 9
42751 8
42752 6
42753 2
42754 7
42755 2
42756 6
42757 5
42758 9
42759 5
42760 5
42761 7
42762 6
42763 8
42764 4
42765 5
42766 0
42767 3
42768 8
42769 9
42770 0
42771 1
42772 7
42773 3
42774 6
42775 9
42776 1
42777 1
42778 5
42779 9
42780 0
42781 9
42782 4
42783 8
42784 6
42785 0
42786 1
42787 5
42788 2
42789 2
42790 5
42791 5
42792 2
42793 9
42794 7
42795 3
42796 7
42797 4
42798 9
42799 3
42800 1
42801 9
42802 7
42803 0
42804 3
42805 6
42806 2
42807 5
42808 9
42809 6
42810 4
42811 1
42812 6
42813 3
42814 8
42815 5
42816 4
42817 3
42818 6
42819 3
42820 8
42821 1
42822 3
42823 4
42824 4
42825 9
42826 4
42827 7
42828 8
42829 5
42830 3
42831 1
42832 2
42833 7
42834 5
42835 8
42836 3
42837 0
42838 3
42839 4
42840 3
42841 4
42842 4
42843 9
42844 7
42845 4
42846 7
42847 7
42848 4
42849 4
42850 2
42851 1
42852 4
42853 4
42854 0
42855 0
42856 7
42857 0
42858 3
42859 9
42860 6
42861 6
42862 7
42863 2
42864 6
42865 0
42866 2
42867 3
42868 3
42869 0
42870 9
42871 5
42872 6
42873 8
42874 0
42875 1
42876 6
42877 2
42878 3
42879 0
42880 4
42881 4
42882 0
42883 9
42884 2
42885 5
42886 5
42887 8
42888 1
42889 6
42890 4
42891 8
42892 8
42893 6
42894 1
42895 2
42896 0
42897 4
42898 2
42899 1
42900 1
42901 9
42902 4
42903 9
42904 8
42905 0
42906 1
42907 9
42908 2
42909 2
42910 5
42911 7
42912 1
42913 8
42914 4
42915 1
42916 7
42917 9
42918 1
42919 8
42920 2
42921 2
42922 9
42923 9
42924 6
42925 2
42926 0
42927 4
42928 2
42929 9
42930 7
42931 5
42932 6
42933 2
42934 5
42935 5
42936 9
42937 7
42938 0
42939 1
42940 1
42941 8
42942 3
42943 7
42944 1
42945 9
42946 6
42947 8
42948 5
42949 2
42950 6
42951 3
42952 9
42953 9
42954 8
42955 1
42956 5
42957 5
42958 5
42959 5
42960 1
42961 5
42962 6
42963 1
42964 5
42965 5
42966 4
42967 5
42968 9
42969 2
42970 0
42971 6
42972 1
42973 5
42974 8
42975 8
42976 5
42977 0
42978 0
42979 3
42980 2
42981 5
42982 4
42983 2
42984 9
42985 5
42986 2
42987 4
42988 9
42989 7
42990 3
42991 0
42992 1
42993 1
42994 1
42995 1
42996 3
42997 0
42998 3
42999 9
43000 9
43001 1
43002 8
43003 4
43004 4
43005 0
43006 4
43007 9
43008 0
43009 8
43010 8
43011 3
43012 9
43013 7
43014 1
43015 0
43016 2
43017 7
43018 5
43019 4
43020 5
43021 2
43022 8
43023 5
43024 7
43025 3
43026 8
43027 9
43028 9
43029 3
43030 9
43031 0
43032 3
43033 3
43034 8
43035 2
43036 1
43037 7
43038 9
43039 2
43040 8
43041 3
43042 5
43043 5
43044 4
43045 3
43046 9
43047 6
43048 1
43049 7
43050 6
43051 0
43052 7
43053 2
43054 1
43055 7
43056 2
43057 9
43058 6
43059 8
43060 8
43061 4
43062 6
43063 2
43064 4
43065 5
43066 9
43067 2
43068 3
43069 9
43070 4
43071 3
43072 3
43073 4
43074 1
43075 7
43076 3
43077 8
43078 0
43079 7
43080 2
43081 8
43082 4
43083 7
43084 6
43085 0
43086 1
43087 6
43088 5
43089 1
43090 2
43091 1
43092 8
43093 2
43094 3
43095 8
43096 5
43097 5
43098 8
43099 6
43100 8
43101 3
43102 0
43103 3
43104 1
43105 6
43106 4
43107 9
43108 1
43109 3
43110 9
43111 2
43112 2
43113 4
43114 2
43115 9
43116 1
43117 1
43118 4
43119 5
43120 1
43121 1
43122 2
43123 7
43124 4
43125 3
43126 1
43127 7
43128 0
43129 7
43130 1
43131 5
43132 2
43133 3
43134 3
43135 1
43136 2
43137 5
43138 0
43139 3
43140 4
43141 0
43142 9
43143 2
43144 0
43145 9
43146 8
43147 7
43148 7
43149 9
43150 1
43151 9
43152 8
43153 0
43154 6
43155 3
43156 3
43157 2
43158 5
43159 4
43160 6
43161 5
43162 1
43163 3
43164 8
43165 3
43166 9
43167 2
43168 6
43169 4
43170 5
43171 4
43172 8
43173 3
43174 1
43175 5
43176 1
43177 3
43178 9
43179 4
43180 1
43181 2
43182 4
43183 8
43184 7
43185 2
43186 0
43187 2
43188 8
43189 2
43190 1
43191 5
43192 7
43193 4
43194 3
43195 8
43196 3
43197 9
43198 2
43199 5
43200 7
43201 5
43202 3
43203 8
43204 3
43205 0
43206 6
43207 3
43208 9
43209 9
43210 8
43211 4
43212 8
43213 5
43214 9
43215 5
43216 7
43217 9
43218 3
43219 9
43220 4
43221 4
43222 2
43223 6
43224 0
43225 3
43226 3
43227 8
43228 1
43229 7
43230 7
43231 0
43232 5
43233 1
43234 7
43235 8
43236 8
43237 4
43238 6
43239 4
43240 9
43241 1
43242 6
43243 0
43244 7
43245 7
43246 6
43247 9
43248 2
43249 8
43250 1
43251 8
43252 8
43253 2
43254 9
43255 5
43256 5
43257 1
43258 7
43259 9
43260 0
43261 8
43262 6
43263 6
43264 4
43265 0
43266 8
43267 9
43268 9
43269 0
43270 5
43271 6
43272 1
43273 6
43274 9
43275 8
43276 9
43277 2
43278 3
43279 4
43280 3
43281 3
43282 1
43283 7
43284 4
43285 5
43286 5
43287 9
43288 5
43289 6
43290 2
43291 7
43292 0
43293 4
43294 9
43295 3
43296 4
43297 8
43298 5
43299 0
43300 3
43301 0
43302 7
43303 5
43304 1
43305 4
43306 3
43307 3
43308 1
43309 6
43310 7
43311 7
43312 4
43313 2
43314 0
43315 4
43316 7
43317 5
43318 2
43319 1
43320 4
43321 1
43322 0
43323 7
43324 7
43325 7
43326 1
43327 1
43328 6
43329 5
43330 3
43331 4
43332 8
43333 3
43334 1
43335 7
43336 5
43337 8
43338 5
43339 6
43340 3
43341 6
43342 1
43343 9
43344 1
43345 6
43346 5
43347 9
43348 2
43349 4
43350 7
43351 1
43352 1
43353 4
43354 4
43355 5
43356 5
43357 6
43358 2
43359 9
43360 8
43361 9
43362 7
43363 5
43364 0
43365 6
43366 5
43367 2
43368 1
43369 7
43370 5
43371 0
43372 6
43373 4
43374 2
43375 4
43376 5
43377 5
43378 4
43379 4
43380 7
43381 6
43382 5
43383 9
43384 0
43385 8
43386 1
43387 5
43388 5
43389 7
43390 5
43391 2
43392 9
43393 5
43394 3
43395 0
43396 8
43397 8
43398 0
43399 6
43400 7
43401 9
43402 7
43403 0
43404 5
43405 1
43406 8
43407 7
43408 2
43409 6
43410 5
43411 1
43412 3
43413 7
43414 1
43415 6
43416 5
43417 1
43418 0
43419 1
43420 2
43421 5
43422 5
43423 7
43424 7
43425 9
43426 2
43427 0
43428 8
43429 9
43430 2
43431 8
43432 7
43433 1
43434 2
43435 8
43436 8
43437 0
43438 9
43439 6
43440 6
43441 5
43442 6
43443 7
43444 8
43445 1
43446 3
43447 3
43448 8
43449 1
43450 6
43451 7
43452 2
43453 7
43454 0
43455 6
43456 5
43457 8
43458 1
43459 5
43460 3
43461 1
43462 1
43463 5
43464 8
43465 1
43466 0
43467 4
43468 6
43469 4
43470 6
43471 1
43472 0
43473 2
43474 6
43475 7
43476 4
43477 2
43478 0
43479 7
43480 2
43481 8
43482 7
43483 0
43484 9
43485 5
43486 3
43487 4
43488 2
43489 6
43490 3
43491 0
43492 1
43493 7
43494 1
43495 0
43496 5
43497 7
43498 6
43499 8
43500 8
43501 0
43502 5
43503 5
43504 7
43505 0
43506 1
43507 7
43508 3
43509 2
43510 5
43511 1
43512 9
43513 3
43514 7
43515 3
43516 5
43517 3
43518 2
43519 9
43520 3
43521 9
43522 8
43523 6
43524 2
43525 3
43526 6
43527 5
43528 9
43529 1
43530 9
43531 5
43532 1
43533 0
43534 9
43535 2
43536 0
43537 8
43538 2
43539 2
43540 0
43541 7
43542 0
43543 1
43544 5
43545 2
43546 2
43547 1
43548 1
43549 9
43550 6
43551 8
43552 1
43553 7
43554 4
43555 3
43556 2
43557 9
43558 3
43559 3
43560 9
43561 7
43562 0
43563 8
43564 9
43565 6
43566 6
43567 4
43568 9
43569 0
43570 5
43571 9
43572 7
43573 1
43574 2
43575 6
43576 7
43577 4
43578 6
43579 6
43580 5
43581 9
43582 8
43583 5
43584 8
43585 4
43586 8
43587 9
43588 2
43589 5
43590 9
43591 5
43592 2
43593 1
43594 0
43595 2
43596 6
43597 7
43598 0
43599 2
43600 3
43601 8
43602 8
43603 2
43604 6
43605 3
43606 4
43607 1
43608 3
43609 5
43610 6
43611 7
43612 1
43613 4
43614 6
43615 8
43616 9
43617 5
43618 4
43619 2
43620 4
43621 2
43622 0
43623 2
43624 8
43625 8
43626 3
43627 2
43628 6
43629 9
43630 2
43631 2
43632 2
43633 7
43634 4
43635 6
43636 3
43637 5
43638 1
43639 6
43640 5
43641 1
43642 3
43643 7
43644 8
43645 9
43646 7
43647 0
43648 9
43649 0
43650 9
43651 2
43652 8
43653 4
43654 1
43655 1
43656 9
43657 6
43658 4
43659 3
43660 2
43661 8
43662 3
43663 3
43664 4
43665 4
43666 5
43667 8
43668 7
43669 5
43670 0
43671 0
43672 8
43673 3
43674 2
43675 2
43676 8
43677 2
43678 4
43679 6
43680 1
43681 7
43682 4
43683 2
43684 4
43685 5
43686 6
43687 5
43688 7
43689 7
43690 4
43691 1
43692 0
43693 7
43694 1
43695 1
43696 4
43697 3
43698 8
43699 2
43700 6
43701 3
43702 9
43703 9
43704 5
43705 4
43706 1
43707 9
43708 1
43709 4
43710 4
43711 9
43712 3
43713 8
43714 5
43715 7
43716 2
43717 0
43718 7
43719 4
43720 1
43721 8
43722 0
43723 0
43724 7
43725 0
43726 4
43727 2
43728 5
43729 5
43730 8
43731 5
43732 6
43733 4
43734 6
43735 5
43736 0
43737 0
43738 1
43739 7
43740 0
43741 9
43742 6
43743 5
43744 4
43745 1
43746 3
43747 8
43748 9
43749 9
43750 2
43751 8
43752 2
43753 2
43754 2
43755 0
43756 2
43757 3
43758 0
43759 7
43760 5
43761 3
43762 9
43763 4
43764 9
43765 0
43766 9
43767 6
43768 2
43769 6
43770 8
43771 6
43772 5
43773 4
43774 2
43775 2
43776 0
43777 1
43778 9
43779 7
43780 7
43781 2
43782 0
43783 6
43784 4
43785 4
43786 4
43787 0
43788 5
43789 1
43790 1
43791 3
43792 0
43793 6
43794 8
43795 7
43796 5
43797 8
43798 9
43799 2
43800 6
43801 5
43802 0
43803 7
43804 1
43805 4
43806 2
43807 7
43808 5
43809 1
43810 6
43811 8
43812 1
43813 9
43814 7
43815 9
43816 4
43817 5
43818 2
43819 0
43820 3
43821 3
43822 4
43823 0
43824 9
43825 9
43826 4
43827 1
43828 2
43829 6
43830 2
43831 8
43832 3
43833 1
43834 2
43835 3
43836 4
43837 0
43838 9
43839 6
43840 2
43841 8
43842 1
43843 4
43844 7
43845 0
43846 2
43847 2
43848 6
43849 9
43850 6
43851 1
43852 4
43853 4
43854 6
43855 2
43856 3
43857 4
43858 0
43859 2
43860 1
43861 8
43862 9
43863 2
43864 6
43865 2
43866 9
43867 4
43868 1
43869 3
43870 0
43871 2
43872 8
43873 8
43874 6
43875 5
43876 1
43877 9
43878 4
43879 6
43880 0
43881 8
43882 9
43883 8
43884 4
43885 4
43886 8
43887 0
43888 7
43889 5
43890 0
43891 9
43892 3
43893 0
43894 1
43895 5
43896 9
43897 2
43898 8
43899 5
43900 4
43901 6
43902 3
43903 8
43904 1
43905 2
43906 5
43907 7
43908 6
43909 3
43910 8
43911 9
43912 0
43913 6
43914 0
43915 7
43916 3
43917 3
43918 9
43919 7
43920 6
43921 5
43922 2
43923 8
43924 2
43925 4
43926 4
43927 5
43928 4
43929 3
43930 4
43931 7
43932 6
43933 6
43934 3
43935 2
43936 3
43937 5
43938 4
43939 6
43940 5
43941 0
43942 9
43943 9
43944 7
43945 5
43946 7
43947 6
43948 4
43949 4
43950 9
43951 1
43952 8
43953 3
43954 5
43955 7
43956 0
43957 6
43958 7
43959 1
43960 4
43961 1
43962 4
43963 2
43964 0
43965 0
43966 8
43967 5
43968 5
43969 5
43970 0
43971 3
43972 0
43973 7
43974 6
43975 3
43976 3
43977 3
43978 2
43979 3
43980 4
43981 7
43982 8
43983 1
43984 7
43985 6
43986 7
43987 1
43988 9
43989 2
43990 0
43991 0
43992 1
43993 3
43994 5
43995 2
43996 4
43997 9
43998 2
43999 2
44000 7
44001 4
44002 6
44003 8
44004 3
44005 3
44006 1
44007 7
44008 6
44009 2
44010 5
44011 2
44012 7
44013 0
44014 6
44015 9
44016 7
44017 2
44018 2
44019 1
44020 7
44021 1
44022 1
44023 6
44024 8
44025 1
44026 9
44027 8
44028 5
44029 4
44030 6
44031 6
44032 0
44033 4
44034 4
44035 3
44036 7
44037 5
44038 5
44039 5
44040 0
44041 2
44042 9
44043 0
44044 2
44045 2
44046 3
44047 3
44048 5
44049 2
44050 2
44051 0
44052 6
44053 1
44054 6
44055 8
44056 7
44057 5
44058 5
44059 6
44060 8
44061 5
44062 4
44063 2
44064 1
44065 2
44066 4
44067 7
44068 7
44069 8
44070 9
44071 2
44072 8
44073 1
44074 5
44075 2
44076 3
44077 1
44078 4
44079 4
44080 6
44081 9
44082 4
44083 7
44084 2
44085 4
44086 0
44087 3
44088 2
44089 9
44090 2
44091 2
44092 8
44093 8
44094 4
44095 3
44096 4
44097 6
44098 6
44099 8
44100 8
44101 5
44102 4
44103 5
44104 6
44105 4
44106 3
44107 7
44108 4
44109 2
44110 3
44111 2
44112 3
44113 2
44114 4
44115 2
44116 6
44117 3
44118 8
44119 1
44120 7
44121 2
44122 4
44123 1
44124 5
44125 9
44126 5
44127 3
44128 4
44129 8
44130 5
44131 3
44132 0
44133 9
44134 5
44135 0
44136 7
44137 6
44138 3
44139 8
44140 8
44141 2
44142 9
44143 0
44144 6
44145 7
44146 6
44147 8
44148 9
44149 7
44150 7
44151 9
44152 6
44153 4
44154 7
44155 9
44156 2
44157 6
44158 8
44159 4
44160 8
44161 6
44162 9
44163 3
44164 4
44165 7
44166 7
44167 6
44168 0
44169 7
44170 1
44171 3
44172 8
44173 8
44174 3
44175 9
44176 3
44177 5
44178 1
44179 9
44180 6
44181 4
44182 2
44183 0
44184 7
44185 9
44186 9
44187 7
44188 5
44189 0
44190 2
44191 6
44192 3
44193 3
44194 0
44195 5
44196 9
44197 9
44198 3
44199 0
44200 1
44201 9
44202 0
44203 5
44204 1
44205 0
44206 9
44207 0
44208 6
44209 7
44210 0
44211 2
44212 2
44213 7
44214 1
44215 4
44216 7
44217 7
44218 5
44219 7
44220 4
44221 9
44222 5
44223 2
44224 1
44225 9
44226 6
44227 6
44228 4
44229 6
44230 5
44231 1
44232 1
44233 6
44234 6
44235 7
44236 7
44237 8
44238 4
44239 6
44240 1
44241 0
44242 6
44243 0
44244 0
44245 7
44246 4
44247 1
44248 7
44249 6
44250 2
44251 9
44252 1
44253 4
44254 4
44255 2
44256 6
44257 4
44258 7
44259 1
44260 8
44261 3
44262 7
44263 1
44264 5
44265 9
44266 9
44267 6
44268 3
44269 5
44270 4
44271 3
44272 7
44273 5
44274 9
44275 9
44276 1
44277 8
44278 7
44279 0
44280 4
44281 8
44282 0
44283 3
44284 8
44285 4
44286 7
44287 4
44288 3
44289 5
44290 6
44291 5
44292 4
44293 6
44294 8
44295 1
44296 0
44297 5
44298 2
44299 6
44300 3
44301 9
44302 3
44303 9
44304 7
44305 5
44306 4
44307 1
44308 9
44309 7
44310 2
44311 3
44312 9
44313 8
44314 5
44315 9
44316 5
44317 8
44318 8
44319 0
44320 9
44321 5
44322 8
44323 0
44324 1
44325 0
44326 7
44327 9
44328 4
44329 2
44330 4
44331 2
44332 3
44333 3
44334 4
44335 3
44336 1
44337 5
44338 4
44339 5
44340 3
44341 1
44342 4
44343 1
44344 4
44345 6
44346 1
44347 7
44348 7
44349 8
44350 3
44351 6
44352 9
44353 3
44354 8
44355 1
44356 6
44357 7
44358 7
44359 0
44360 0
44361 3
44362 5
44363 2
44364 9
44365 2
44366 7
44367 6
44368 9
44369 0
44370 5
44371 7
44372 5
44373 9
44374 2
44375 0
44376 2
44377 6
44378 0
44379 6
44380 8
44381 3
44382 9
44383 4
44384 3
44385 2
44386 3
44387 0
44388 1
44389 2
44390 8
44391 5
44392 4
44393 0
44394 6
44395 1
44396 7
44397 3
44398 6
44399 8
44400 0
44401 9
44402 0
44403 8
44404 4
44405 7
44406 0
44407 3
44408 1
44409 9
44410 9
44411 8
44412 1
44413 3
44414 6
44415 8
44416 4
44417 7
44418 9
44419 8
44420 3
44421 4
44422 1
44423 1
44424 0
44425 2
44426 4
44427 4
44428 4
44429 3
44430 5
44431 9
44432 5
44433 9
44434 7
44435 4
44436 4
44437 4
44438 8
44439 2
44440 1
44441 9
44442 3
44443 2
44444 7
44445 4
44446 5
44447 5
44448 9
44449 1
44450 5
44451 6
44452 9
44453 3
44454 3
44455 7
44456 8
44457 0
44458 0
44459 8
44460 1
44461 2
44462 6
44463 3
44464 9
44465 6
44466 0
44467 7
44468 1
44469 6
44470 0
44471 7
44472 1
44473 3
44474 1
44475 7
44476 0
44477 7
44478 6
44479 7
44480 8
44481 0
44482 3
44483 2
44484 2
44485 4
44486 7
44487 1
44488 1
44489 9
44490 4
44491 1
44492 4
44493 1
44494 8
44495 2
44496 8
44497 0
44498 4
44499 8
44500 5
44501 0
44502 8
44503 0
44504 7
44505 0
44506 1
44507 2
44508 3
44509 5
44510 0
44511 3
44512 4
44513 4
44514 4
44515 0
44516 5
44517 5
44518 2
44519 4
44520 0
44521 2
44522 4
44523 0
44524 0
44525 9
44526 6
44527 7
44528 9
44529 1
44530 9
44531 8
44532 5
44533 2
44534 2
44535 0
44536 2
44537 6
44538 6
44539 6
44540 7
44541 9
44542 8
44543 0
44544 5
44545 1
44546 6
44547 1
44548 1
44549 8
44550 5
44551 1
44552 2
44553 7
44554 2
44555 3
44556 5
44557 9
44558 0
44559 4
44560 1
44561 2
44562 4
44563 3
44564 8
44565 6
44566 3
44567 8
44568 2
44569 4
44570 8
44571 6
44572 6
44573 0
44574 6
44575 0
44576 0
44577 0
44578 9
44579 4
44580 4
44581 0
44582 2
44583 3
44584 3
44585 4
44586 2
44587 0
44588 0
44589 7
44590 2
44591 1
44592 5
44593 6
44594 3
44595 6
44596 4
44597 2
44598 1
44599 4
44600 3
44601 1
44602 0
44603 9
44604 1
44605 7
44606 7
44607 8
44608 3
44609 5
44610 7
44611 5
44612 8
44613 3
44614 3
44615 6
44616 4
44617 6
44618 0
44619 4
44620 4
44621 6
44622 7
44623 7
44624 7
44625 1
44626 4
44627 3
44628 9
44629 8
44630 6
44631 7
44632 2
44633 8
44634 9
44635 6
44636 7
44637 4
44638 3
44639 8
44640 3
44641 7
44642 3
44643 0
44644 5
44645 9
44646 7
44647 3
44648 5
44649 5
44650 4
44651 1
44652 0
44653 1
44654 2
44655 7
44656 9
44657 6
44658 1
44659 6
44660 8
44661 9
44662 0
44663 5
44664 3
44665 5
44666 5
44667 6
44668 1
44669 7
44670 1
44671 1
44672 5
44673 5
44674 6
44675 7
44676 3
44677 6
44678 0
44679 3
44680 7
44681 9
44682 4
44683 7
44684 2
44685 6
44686 3
44687 2
44688 1
44689 2
44690 1
44691 6
44692 1
44693 3
44694 6
44695 4
44696 1
44697 1
44698 7
44699 0
44700 6
44701 8
44702 4
44703 0
44704 4
44705 4
44706 2
44707 5
44708 4
44709 7
44710 4
44711 3
44712 1
44713 1
44714 4
44715 2
44716 9
44717 3
44718 8
44719 3
44720 6
44721 8
44722 2
44723 7
44724 3
44725 4
44726 2
44727 8
44728 7
44729 4
44730 1
44731 2
44732 9
44733 6
44734 8
44735 8
44736 3
44737 5
44738 7
44739 2
44740 0
44741 8
44742 7
44743 3
44744 4
44745 8
44746 0
44747 3
44748 1
44749 9
44750 1
44751 0
44752 4
44753 2
44754 4
44755 4
44756 3
44757 8
44758 1
44759 1
44760 5
44761 2
44762 6
44763 7
44764 6
44765 8
44766 0
44767 8
44768 1
44769 8
44770 5
44771 8
44772 8
44773 3
44774 2
44775 4
44776 1
44777 8
44778 2
44779 9
44780 7
44781 8
44782 2
44783 1
44784 6
44785 3
44786 7
44787 1
44788 4
44789 6
44790 1
44791 6
44792 6
44793 1
44794 0
44795 2
44796 3
44797 5
44798 9
44799 3
44800 0
44801 1
44802 3
44803 9
44804 1
44805 7
44806 1
44807 6
44808 7
44809 2
44810 3
44811 2
44812 1
44813 2
44814 2
44815 3
44816 1
44817 6
44818 0
44819 8
44820 6
44821 5
44822 4
44823 3
44824 4
44825 1
44826 7
44827 7
44828 8
44829 3
44830 2
44831 8
44832 5
44833 0
44834 5
44835 2
44836 0
44837 3
44838 7
44839 9
44840 6
44841 0
44842 4
44843 6
44844 4
44845 3
44846 2
44847 2
44848 9
44849 4
44850 8
44851 0
44852 5
44853 0
44854 8
44855 5
44856 5
44857 1
44858 2
44859 0
44860 9
44861 7
44862 7
44863 0
44864 5
44865 6
44866 7
44867 4
44868 4
44869 7
44870 2
44871 3
44872 7
44873 6
44874 5
44875 3
44876 7
44877 7
44878 4
44879 0
44880 1
44881 1
44882 9
44883 4
44884 9
44885 4
44886 6
44887 2
44888 4
44889 2
44890 8
44891 7
44892 6
44893 2
44894 2
44895 1
44896 1
44897 6
44898 2
44899 8
44900 3
44901 7
44902 4
44903 1
44904 9
44905 7
44906 4
44907 0
44908 8
44909 0
44910 4
44911 5
44912 0
44913 7
44914 7
44915 5
44916 0
44917 7
44918 8
44919 6
44920 6
44921 6
44922 6
44923 7
44924 5
44925 5
44926 0
44927 5
44928 9
44929 2
44930 3
44931 4
44932 7
44933 8
44934 4
44935 1
44936 3
44937 8
44938 6
44939 1
44940 1
44941 5
44942 8
44943 7
44944 5
44945 8
44946 1
44947 0
44948 2
44949 2
44950 3
44951 4
44952 5
44953 1
44954 7
44955 6
44956 9
44957 2
44958 5
44959 5
44960 8
44961 3
44962 4
44963 4
44964 8
44965 9
44966 3
44967 1
44968 8
44969 1
44970 5
44971 6
44972 8
44973 1
44974 2
44975 0
44976 3
44977 6
44978 2
44979 4
44980 4
44981 9
44982 7
44983 1
44984 1
44985 3
44986 2
44987 6
44988 6
44989 2
44990 7
44991 2
44992 0
44993 3
44994 7
44995 9
44996 3
44997 6
44998 9
44999 8
45000 9
45001 4
45002 0
45003 3
45004 8
45005 2
45006 2
45007 2
45008 3
45009 2
45010 7
45011 5
45012 0
45013 2
45014 5
45015 3
45016 3
45017 5
45018 2
45019 7
45020 9
45021 7
45022 4
45023 7
45024 2
45025 9
45026 4
45027 9
45028 5
45029 5
45030 5
45031 1
45032 5
45033 9
45034 0
45035 6
45036 6
45037 1
45038 0
45039 3
45040 0
45041 1
45042 4
45043 6
45044 5
45045 9
45046 6
45047 3
45048 5
45049 0
45050 6
45051 2
45052 3
45053 6
45054 6
45055 5
45056 4
45057 7
45058 2
45059 8
45060 7
45061 4
45062 4
45063 4
45064 4
45065 1
45066 0
45067 8
45068 1
45069 3
45070 6
45071 8
45072 6
45073 9
45074 0
45075 1
45076 5
45077 0
45078 7
45079 8
45080 7
45081 7
45082 1
45083 8
45084 3
45085 8
45086 7
45087 3
45088 4
45089 7
45090 2
45091 7
45092 9
45093 9
45094 8
45095 7
45096 9
45097 6
45098 0
45099 3
45100 5
45101 8
45102 8
45103 1
45104 4
45105 8
45106 7
45107 7
45108 8
45109 0
45110 5
45111 8
45112 8
45113 8
45114 8
45115 4
45116 0
45117 2
45118 9
45119 8
45120 6
45121 6
45122 9
45123 7
45124 8
45125 0
45126 1
45127 9
45128 3
45129 6
45130 5
45131 4
45132 9
45133 8
45134 2
45135 4
45136 3
45137 2
45138 8
45139 3
45140 2
45141 5
45142 5
45143 6
45144 2
45145 3
45146 1
45147 5
45148 7
45149 2
45150 5
45151 5
45152 4
45153 5
45154 3
45155 0
45156 8
45157 4
45158 6
45159 3
45160 3
45161 3
45162 2
45163 4
45164 4
45165 2
45166 2
45167 0
45168 7
45169 4
45170 0
45171 0
45172 7
45173 9
45174 0
45175 1
45176 7
45177 4
45178 8
45179 3
45180 2
45181 2
45182 0
45183 6
45184 9
45185 3
45186 2
45187 9
45188 0
45189 5
45190 2
45191 3
45192 5
45193 1
45194 8
45195 3
45196 0
45197 3
45198 2
45199 1
45200 8
45201 3
45202 8
45203 8
45204 2
45205 5
45206 7
45207 1
45208 8
45209 6
45210 5
45211 7
45212 4
45213 1
45214 0
45215 2
45216 5
45217 2
45218 7
45219 1
45220 5
45221 2
45222 7
45223 8
45224 6
45225 4
45226 1
45227 6
45228 2
45229 3
45230 7
45231 5
45232 2
45233 8
45234 4
45235 6
45236 8
45237 3
45238 9
45239 9
45240 8
45241 9
45242 0
45243 9
45244 6
45245 4
45246 1
45247 8
45248 6
45249 8
45250 3
45251 9
45252 4
45253 2
45254 2
45255 1
45256 3
45257 7
45258 5
45259 7
45260 9
45261 0
45262 5
45263 4
45264 7
45265 8
45266 0
45267 5
45268 1
45269 9
45270 1
45271 6
45272 3
45273 3
45274 3
45275 2
45276 6
45277 9
45278 1
45279 0
45280 1
45281 9
45282 7
45283 0
45284 0
45285 7
45286 6
45287 2
45288 8
45289 2
45290 8
45291 5
45292 5
45293 5
45294 8
45295 5
45296 1
45297 8
45298 8
45299 4
45300 8
45301 6
45302 0
45303 9
45304 4
45305 2
45306 1
45307 0
45308 8
45309 4
45310 0
45311 4
45312 4
45313 8
45314 1
45315 8
45316 3
45317 0
45318 0
45319 2
45320 7
45321 2
45322 7
45323 9
45324 4
45325 3
45326 0
45327 3
45328 4
45329 8
45330 5
45331 0
45332 0
45333 2
45334 5
45335 5
45336 5
45337 1
45338 7
45339 2
45340 8
45341 9
45342 6
45343 9
45344 6
45345 5
45346 1
45347 5
45348 1
45349 2
45350 7
45351 4
45352 8
45353 9
45354 4
45355 4
45356 3
45357 0
45358 7
45359 9
45360 8
45361 4
45362 3
45363 7
45364 8
45365 2
45366 1
45367 0
45368 6
45369 0
45370 3
45371 7
45372 4
45373 3
45374 7
45375 1
45376 0
45377 6
45378 8
45379 1
45380 5
45381 0
45382 8
45383 3
45384 1
45385 9
45386 6
45387 3
45388 6
45389 7
45390 7
45391 3
45392 5
45393 7
45394 5
45395 8
45396 8
45397 0
45398 2
45399 0
45400 9
45401 3
45402 5
45403 7
45404 1
45405 7
45406 6
45407 2
45408 6
45409 9
45410 0
45411 7
45412 6
45413 9
45414 9
45415 7
45416 2
45417 6
45418 1
45419 3
45420 2
45421 6
45422 4
45423 1
45424 1
45425 0
45426 0
45427 4
45428 6
45429 8
45430 4
45431 3
45432 9
45433 8
45434 6
45435 6
45436 0
45437 2
45438 7
45439 8
45440 1
45441 4
45442 8
45443 4
45444 1
45445 3
45446 6
45447 5
45448 6
45449 4
45450 8
45451 2
45452 5
45453 7
45454 6
45455 1
45456 2
45457 4
45458 1
45459 7
45460 1
45461 5
45462 2
45463 6
45464 7
45465 6
45466 9
45467 8
45468 8
45469 3
45470 4
45471 2
45472 1
45473 2
45474 2
45475 4
45476 6
45477 7
45478 2
45479 9
45480 6
45481 5
45482 3
45483 1
45484 1
45485 4
45486 7
45487 3
45488 1
45489 8
45490 7
45491 4
45492 4
45493 1
45494 0
45495 7
45496 9
45497 1
45498 8
45499 5
45500 5
45501 8
45502 0
45503 8
45504 1
45505 0
45506 3
45507 1
45508 9
45509 6
45510 6
45511 6
45512 6
45513 9
45514 3
45515 8
45516 5
45517 9
45518 0
45519 1
45520 6
45521 4
45522 7
45523 5
45524 3
45525 2
45526 9
45527 3
45528 5
45529 3
45530 2
45531 9
45532 1
45533 5
45534 3
45535 2
45536 8
45537 0
45538 9
45539 7
45540 0
45541 4
45542 3
45543 8
45544 3
45545 4
45546 0
45547 6
45548 0
45549 1
45550 2
45551 8
45552 0
45553 1
45554 9
45555 2
45556 0
45557 3
45558 3
45559 6
45560 5
45561 0
45562 0
45563 1
45564 0
45565 4
45566 0
45567 1
45568 0
45569 9
45570 3
45571 6
45572 8
45573 2
45574 8
45575 0
45576 5
45577 2
45578 1
45579 5
45580 4
45581 8
45582 9
45583 7
45584 1
45585 7
45586 3
45587 6
45588 6
45589 4
45590 8
45591 5
45592 9
45593 9
45594 4
45595 7
45596 6
45597 3
45598 2
45599 0
45600 9
45601 1
45602 0
45603 1
45604 3
45605 2
45606 0
45607 2
45608 9
45609 1
45610 8
45611 9
45612 9
45613 3
45614 6
45615 1
45616 8
45617 0
45618 8
45619 5
45620 4
45621 6
45622 5
45623 2
45624 5
45625 3
45626 4
45627 7
45628 9
45629 9
45630 0
45631 3
45632 6
45633 9
45634 7
45635 2
45636 9
45637 0
45638 5
45639 6
45640 2
45641 2
45642 5
45643 8
45644 6
45645 7
45646 6
45647 7
45648 3
45649 6
45650 4
45651 6
45652 1
45653 3
45654 4
45655 3
45656 7
45657 4
45658 0
45659 4
45660 2
45661 0
45662 2
45663 0
45664 9
45665 4
45666 3
45667 1
45668 7
45669 3
45670 5
45671 1
45672 3
45673 9
45674 4
45675 0
45676 2
45677 1
45678 7
45679 7
45680 5
45681 5
45682 8
45683 5
45684 6
45685 0
45686 4
45687 4
45688 8
45689 5
45690 9
45691 8
45692 2
45693 4
45694 2
45695 4
45696 9
45697 2
45698 9
45699 6
45700 9
45701 6
45702 2
45703 8
45704 3
45705 6
45706 5
45707 4
45708 6
45709 9
45710 9
45711 5
45712 8
45713 5
45714 4
45715 8
45716 1
45717 2
45718 4
45719 7
45720 2
45721 1
45722 9
45723 9
45724 5
45725 3
45726 6
45727 7
45728 9
45729 8
45730 9
45731 1
45732 7
45733 3
45734 0
45735 9
45736 8
45737 6
45738 5
45739 8
45740 3
45741 5
45742 0
45743 2
45744 0
45745 2
45746 2
45747 8
45748 7
45749 5
45750 1
45751 5
45752 8
45753 0
45754 0
45755 1
45756 8
45757 4
45758 2
45759 3
45760 6
45761 2
45762 1
45763 5
45764 0
45765 1
45766 8
45767 2
45768 0
45769 5
45770 8
45771 1
45772 2
45773 4
45774 3
45775 5
45776 8
45777 8
45778 9
45779 5
45780 8
45781 8
45782 7
45783 2
45784 3
45785 5
45786 4
45787 3
45788 6
45789 3
45790 0
45791 2
45792 8
45793 1
45794 6
45795 8
45796 1
45797 2
45798 9
45799 2
45800 3
45801 3
45802 6
45803 3
45804 1
45805 3
45806 3
45807 6
45808 3
45809 1
45810 3
45811 7
45812 1
45813 6
45814 4
45815 1
45816 2
45817 6
45818 6
45819 9
45820 0
45821 6
45822 1
45823 5
45824 2
45825 3
45826 5
45827 3
45828 6
45829 7
45830 1
45831 8
45832 1
45833 5
45834 3
45835 4
45836 5
45837 7
45838 7
45839 7
45840 0
45841 1
45842 5
45843 7
45844 9
45845 2
45846 5
45847 3
45848 3
45849 8
45850 9
45851 0
45852 9
45853 6
45854 4
45855 2
45856 6
45857 2
45858 6
45859 3
45860 4
45861 0
45862 8
45863 4
45864 9
45865 3
45866 6
45867 7
45868 9
45869 3
45870 9
45871 3
45872 3
45873 2
45874 8
45875 3
45876 9
45877 4
45878 7
45879 2
45880 6
45881 1
45882 1
45883 1
45884 4
45885 9
45886 2
45887 4
45888 9
45889 3
45890 6
45891 1
45892 0
45893 3
45894 6
45895 3
45896 9
45897 0
45898 6
45899 5
45900 9
45901 5
45902 6
45903 7
45904 5
45905 7
45906 8
45907 9
45908 5
45909 1
45910 3
45911 9
45912 4
45913 5
45914 6
45915 9
45916 0
45917 7
45918 6
45919 8
45920 9
45921 9
45922 2
45923 5
45924 0
45925 1
45926 2
45927 4
45928 1
45929 1
45930 9
45931 4
45932 5
45933 9
45934 1
45935 1
45936 7
45937 3
45938 2
45939 3
45940 2
45941 4
45942 8
45943 0
45944 2
45945 4
45946 4
45947 0
45948 0
45949 4
45950 7
45951 5
45952 7
45953 7
45954 2
45955 6
45956 5
45957 0
45958 3
45959 1
45960 4
45961 2
45962 4
45963 2
45964 9
45965 9
45966 0
45967 1
45968 6
45969 5
45970 3
45971 8
45972 8
45973 2
45974 1
45975 0
45976 2
45977 2
45978 6
45979 5
45980 6
45981 4
45982 0
45983 7
45984 0
45985 3
45986 1
45987 8
45988 6
45989 1
45990 2
45991 7
45992 0
45993 6
45994 1
45995 8
45996 4
45997 1
45998 6
45999 7
46000 2
46001 5
46002 2
46003 2
46004 1
46005 6
46006 9
46007 5
46008 8
46009 7
46010 7
46011 7
46012 5
46013 6
46014 5
46015 4
46016 7
46017 7
46018 3
46019 6
46020 1
46021 7
46022 8
46023 7
46024 5
46025 9
46026 5
46027 1
46028 8
46029 0
46030 1
46031 0
46032 6
46033 4
46034 4
46035 0
46036 2
46037 5
46038 5
46039 7
46040 7
46041 2
46042 4
46043 9
46044 2
46045 1
46046 4
46047 7
46048 4
46049 6
46050 9
46051 3
46052 8
46053 0
46054 4
46055 9
46056 4
46057 5
46058 6
46059 9
46060 7
46061 8
46062 1
46063 6
46064 8
46065 4
46066 6
46067 4
46068 7
46069 8
46070 6
46071 9
46072 2
46073 3
46074 5
46075 8
46076 6
46077 7
46078 6
46079 1
46080 5
46081 3
46082 4
46083 6
46084 1
46085 9
46086 3
46087 7
46088 4
46089 0
46090 9
46091 6
46092 3
46093 9
46094 2
46095 6
46096 2
46097 9
46098 1
46099 9
46100 0
46101 5
46102 4
46103 0
46104 5
46105 2
46106 2
46107 2
46108 4
46109 1
46110 8
46111 5
46112 1
46113 0
46114 3
46115 2
46116 4
46117 6
46118 2
46119 6
46120 1
46121 5
46122 5
46123 8
46124 9
46125 4
46126 9
46127 6
46128 6
46129 4
46130 7
46131 0
46132 6
46133 5
46134 4
46135 7
46136 0
46137 7
46138 9
46139 0
46140 3
46141 4
46142 1
46143 2
46144 4
46145 0
46146 9
46147 6
46148 8
46149 4
46150 4
46151 2
46152 1
46153 4
46154 7
46155 1
46156 7
46157 2
46158 6
46159 8
46160 2
46161 8
46162 0
46163 1
46164 1
46165 2
46166 8
46167 7
46168 4
46169 9
46170 7
46171 3
46172 6
46173 7
46174 0
46175 4
46176 4
46177 8
46178 4
46179 6
46180 3
46181 1
46182 4
46183 0
46184 8
46185 5
46186 6
46187 6
46188 4
46189 7
46190 4
46191 6
46192 4
46193 3
46194 7
46195 6
46196 3
46197 5
46198 8
46199 0
46200 6
46201 8
46202 9
46203 3
46204 8
46205 2
46206 6
46207 2
46208 4
46209 0
46210 7
46211 5
46212 0
46213 2
46214 4
46215 7
46216 6
46217 3
46218 9
46219 7
46220 9
46221 7
46222 4
46223 8
46224 0
46225 5
46226 9
46227 1
46228 2
46229 9
46230 1
46231 8
46232 9
46233 6
46234 4
46235 5
46236 4
46237 2
46238 8
46239 6
46240 9
46241 9
46242 8
46243 2
46244 7
46245 8
46246 4
46247 9
46248 0
46249 1
46250 1
46251 0
46252 6
46253 5
46254 4
46255 0
46256 6
46257 0
46258 3
46259 5
46260 2
46261 0
46262 3
46263 8
46264 5
46265 2
46266 8
46267 9
46268 5
46269 0
46270 7
46271 1
46272 0
46273 0
46274 1
46275 2
46276 9
46277 9
46278 7
46279 2
46280 2
46281 9
46282 3
46283 8
46284 5
46285 6
46286 0
46287 4
46288 3
46289 4
46290 4
46291 0
46292 5
46293 2
46294 5
46295 2
46296 2
46297 9
46298 2
46299 4
46300 1
46301 0
46302 8
46303 1
46304 4
46305 6
46306 4
46307 0
46308 1
46309 1
46310 3
46311 9
46312 1
46313 3
46314 3
46315 0
46316 5
46317 4
46318 4
46319 9
46320 4
46321 7
46322 3
46323 7
46324 0
46325 4
46326 5
46327 9
46328 3
46329 3
46330 8
46331 1
46332 7
46333 8
46334 8
46335 4
46336 5
46337 8
46338 8
46339 8
46340 9
46341 1
46342 1
46343 1
46344 2
46345 9
46346 4
46347 1
46348 1
46349 1
46350 1
46351 0
46352 5
46353 8
46354 5
46355 8
46356 6
46357 5
46358 9
46359 7
46360 0
46361 7
46362 2
46363 1
46364 6
46365 5
46366 9
46367 0
46368 0
46369 4
46370 9
46371 7
46372 1
46373 5
46374 1
46375 8
46376 6
46377 9
46378 6
46379 0
46380 0
46381 0
46382 5
46383 4
46384 2
46385 6
46386 3
46387 3
46388 2
46389 9
46390 0
46391 9
46392 8
46393 4
46394 0
46395 3
46396 0
46397 6
46398 1
46399 9
46400 2
46401 8
46402 8
46403 5
46404 2
46405 3
46406 2
46407 2
46408 8
46409 2
46410 3
46411 4
46412 9
46413 6
46414 6
46415 5
46416 9
46417 6
46418 3
46419 3
46420 3
46421 3
46422 5
46423 7
46424 7
46425 3
46426 0
46427 9
46428 0
46429 7
46430 3
46431 1
46432 3
46433 5
46434 9
46435 8
46436 1
46437 0
46438 0
46439 4
46440 4
46441 4
46442 4
46443 0
46444 0
46445 8
46446 8
46447 0
46448 4
46449 4
46450 0
46451 9
46452 2
46453 1
46454 6
46455 3
46456 4
46457 5
46458 4
46459 2
46460 0
46461 2
46462 7
46463 2
46464 9
46465 2
46466 4
46467 2
46468 6
46469 9
46470 4
46471 3
46472 2
46473 9
46474 3
46475 1
46476 7
46477 6
46478 2
46479 2
46480 2
46481 6
46482 7
46483 9
46484 7
46485 2
46486 2
46487 4
46488 0
46489 4
46490 9
46491 5
46492 4
46493 8
46494 4
46495 4
46496 6
46497 2
46498 7
46499 7
46500 5
46501 5
46502 3
46503 8
46504 3
46505 7
46506 5
46507 3
46508 6
46509 7
46510 4
46511 9
46512 0
46513 0
46514 5
46515 6
46516 8
46517 9
46518 4
46519 0
46520 9
46521 3
46522 0
46523 2
46524 1
46525 4
46526 2
46527 5
46528 7
46529 2
46530 2
46531 9
46532 9
46533 6
46534 5
46535 6
46536 1
46537 7
46538 3
46539 6
46540 9
46541 1
46542 1
46543 3
46544 1
46545 1
46546 4
46547 2
46548 1
46549 7
46550 5
46551 4
46552 2
46553 0
46554 1
46555 5
46556 0
46557 6
46558 9
46559 2
46560 1
46561 3
46562 3
46563 5
46564 1
46565 0
46566 6
46567 8
46568 2
46569 1
46570 4
46571 4
46572 5
46573 8
46574 9
46575 2
46576 3
46577 4
46578 3
46579 1
46580 7
46581 9
46582 8
46583 8
46584 8
46585 7
46586 3
46587 3
46588 1
46589 2
46590 3
46591 1
46592 2
46593 0
46594 8
46595 5
46596 0
46597 9
46598 1
46599 7
46600 2
46601 0
46602 0
46603 5
46604 5
46605 1
46606 7
46607 8
46608 9
46609 6
46610 9
46611 6
46612 2
46613 8
46614 8
46615 3
46616 8
46617 3
46618 3
46619 0
46620 2
46621 0
46622 9
46623 6
46624 1
46625 9
46626 1
46627 3
46628 5
46629 2
46630 8
46631 2
46632 5
46633 4
46634 6
46635 9
46636 1
46637 3
46638 8
46639 3
46640 6
46641 3
46642 9
46643 6
46644 4
46645 5
46646 8
46647 9
46648 4
46649 1
46650 7
46651 3
46652 6
46653 9
46654 4
46655 4
46656 7
46657 8
46658 6
46659 8
46660 8
46661 4
46662 1
46663 5
46664 3
46665 1
46666 1
46667 7
46668 4
46669 5
46670 3
46671 1
46672 1
46673 3
46674 4
46675 4
46676 3
46677 6
46678 7
46679 2
46680 1
46681 7
46682 1
46683 5
46684 9
46685 9
46686 7
46687 8
46688 4
46689 6
46690 7
46691 8
46692 8
46693 6
46694 5
46695 9
46696 0
46697 7
46698 2
46699 7
46700 8
46701 3
46702 2
46703 3
46704 5
46705 6
46706 6
46707 6
46708 7
46709 8
46710 1
46711 8
46712 7
46713 0
46714 1
46715 3
46716 2
46717 3
46718 3
46719 8
46720 2
46721 2
46722 0
46723 8
46724 9
46725 2
46726 8
46727 6
46728 4
46729 3
46730 7
46731 3
46732 1
46733 7
46734 7
46735 6
46736 6
46737 7
46738 3
46739 6
46740 8
46741 7
46742 0
46743 3
46744 8
46745 1
46746 2
46747 9
46748 1
46749 0
46750 6
46751 3
46752 2
46753 4
46754 6
46755 4
46756 4
46757 9
46758 3
46759 6
46760 0
46761 9
46762 5
46763 0
46764 8
46765 6
46766 0
46767 7
46768 3
46769 9
46770 8
46771 8
46772 6
46773 9
46774 7
46775 7
46776 4
46777 1
46778 4
46779 2
46780 4
46781 4
46782 1
46783 1
46784 4
46785 5
46786 9
46787 7
46788 6
46789 9
46790 1
46791 8
46792 7
46793 8
46794 6
46795 0
46796 3
46797 7
46798 7
46799 0
46800 6
46801 4
46802 6
46803 0
46804 1
46805 8
46806 1
46807 3
46808 9
46809 7
46810 4
46811 2
46812 5
46813 0
46814 4
46815 3
46816 8
46817 9
46818 4
46819 4
46820 9
46821 7
46822 6
46823 8
46824 9
46825 3
46826 8
46827 1
46828 9
46829 7
46830 0
46831 4
46832 9
46833 1
46834 0
46835 1
46836 6
46837 9
46838 2
46839 1
46840 7
46841 9
46842 1
46843 5
46844 7
46845 1
46846 2
46847 9
46848 1
46849 0
46850 6
46851 4
46852 6
46853 6
46854 8
46855 9
46856 6
46857 0
46858 4
46859 4
46860 3
46861 4
46862 9
46863 0
46864 1
46865 3
46866 2
46867 3
46868 1
46869 1
46870 9
46871 3
46872 8
46873 2
46874 9
46875 9
46876 1
46877 6
46878 8
46879 2
46880 7
46881 9
46882 6
46883 9
46884 7
46885 6
46886 6
46887 1
46888 5
46889 6
46890 1
46891 5
46892 9
46893 7
46894 0
46895 4
46896 4
46897 1
46898 4
46899 9
46900 1
46901 9
46902 6
46903 7
46904 1
46905 4
46906 5
46907 7
46908 0
46909 6
46910 3
46911 9
46912 6
46913 1
46914 4
46915 2
46916 0
46917 3
46918 1
46919 6
46920 4
46921 7
46922 9
46923 7
46924 0
46925 1
46926 5
46927 7
46928 1
46929 3
46930 8
46931 1
46932 4
46933 3
46934 0
46935 0
46936 1
46937 5
46938 0
46939 2
46940 1
46941 3
46942 6
46943 8
46944 2
46945 8
46946 7
46947 9
46948 2
46949 4
46950 4
46951 7
46952 1
46953 3
46954 9
46955 6
46956 0
46957 7
46958 3
46959 3
46960 7
46961 1
46962 1
46963 5
46964 9
46965 1
46966 2
46967 9
46968 8
46969 1
46970 2
46971 1
46972 6
46973 7
46974 9
46975 0
46976 6
46977 6
46978 0
46979 7
46980 9
46981 9
46982 9
46983 7
46984 4
46985 6
46986 3
46987 6
46988 1
46989 8
46990 0
46991 2
46992 1
46993 3
46994 2
46995 8
46996 5
46997 6
46998 8
46999 4
47000 1
47001 6
47002 7
47003 4
47004 1
47005 2
47006 8
47007 4
47008 0
47009 9
47010 7
47011 7
47012 1
47013 5
47014 0
47015 2
47016 9
47017 2
47018 9
47019 1
47020 3
47021 8
47022 5
47023 4
47024 0
47025 5
47026 1
47027 9
47028 9
47029 6
47030 5
47031 2
47032 6
47033 2
47034 3
47035 6
47036 2
47037 4
47038 5
47039 7
47040 8
47041 6
47042 1
47043 6
47044 3
47045 3
47046 9
47047 8
47048 3
47049 9
47050 9
47051 3
47052 4
47053 9
47054 2
47055 2
47056 0
47057 7
47058 3
47059 5
47060 7
47061 2
47062 1
47063 9
47064 7
47065 9
47066 1
47067 4
47068 5
47069 8
47070 5
47071 3
47072 8
47073 3
47074 6
47075 1
47076 8
47077 9
47078 1
47079 7
47080 4
47081 7
47082 0
47083 5
47084 9
47085 3
47086 1
47087 8
47088 0
47089 4
47090 1
47091 7
47092 8
47093 7
47094 4
47095 1
47096 4
47097 8
47098 9
47099 8
47100 4
47101 2
47102 2
47103 2
47104 2
47105 4
47106 1
47107 7
47108 0
47109 1
47110 0
47111 4
47112 5
47113 1
47114 1
47115 1
47116 3
47117 9
47118 1
47119 2
47120 6
47121 8
47122 9
47123 2
47124 0
47125 0
47126 9
47127 9
47128 7
47129 9
47130 6
47131 4
47132 4
47133 0
47134 9
47135 2
47136 6
47137 4
47138 1
47139 2
47140 2
47141 1
47142 9
47143 6
47144 0
47145 7
47146 3
47147 2
47148 1
47149 4
47150 6
47151 2
47152 2
47153 2
47154 9
47155 4
47156 0
47157 5
47158 1
47159 8
47160 6
47161 8
47162 9
47163 5
47164 6
47165 3
47166 8
47167 5
47168 7
47169 3
47170 0
47171 2
47172 8
47173 4
47174 7
47175 6
47176 6
47177 0
47178 7
47179 6
47180 2
47181 7
47182 9
47183 7
47184 1
47185 3
47186 7
47187 1
47188 8
47189 9
47190 7
47191 8
47192 0
47193 7
47194 0
47195 8
47196 5
47197 4
47198 8
47199 3
47200 2
47201 2
47202 7
47203 1
47204 5
47205 1
47206 3
47207 1
47208 7
47209 6
47210 9
47211 4
47212 4
47213 1
47214 0
47215 2
47216 1
47217 2
47218 0
47219 1
47220 6
47221 1
47222 8
47223 9
47224 0
47225 0
47226 6
47227 7
47228 8
47229 6
47230 9
47231 3
47232 0
47233 8
47234 8
47235 9
47236 9
47237 1
47238 8
47239 5
47240 6
47241 7
47242 7
47243 6
47244 2
47245 0
47246 0
47247 8
47248 5
47249 5
47250 3
47251 4
47252 9
47253 8
47254 8
47255 4
47256 6
47257 1
47258 7
47259 3
47260 1
47261 4
47262 9
47263 4
47264 5
47265 1
47266 3
47267 7
47268 3
47269 7
47270 4
47271 9
47272 9
47273 8
47274 2
47275 6
47276 5
47277 6
47278 4
47279 3
47280 5
47281 8
47282 8
47283 5
47284 0
47285 9
47286 0
47287 7
47288 2
47289 1
47290 2
47291 8
47292 8
47293 9
47294 5
47295 4
47296 9
47297 4
47298 6
47299 6
47300 6
47301 8
47302 5
47303 5
47304 4
47305 1
47306 2
47307 0
47308 9
47309 7
47310 5
47311 6
47312 4
47313 7
47314 8
47315 7
47316 7
47317 2
47318 7
47319 8
47320 4
47321 2
47322 4
47323 4
47324 0
47325 0
47326 8
47327 3
47328 0
47329 4
47330 5
47331 7
47332 2
47333 2
47334 8
47335 0
47336 3
47337 0
47338 6
47339 9
47340 0
47341 9
47342 4
47343 1
47344 4
47345 9
47346 6
47347 2
47348 6
47349 8
47350 0
47351 2
47352 0
47353 6
47354 0
47355 9
47356 0
47357 9
47358 0
47359 2
47360 4
47361 0
47362 4
47363 3
47364 2
47365 5
47366 4
47367 4
47368 2
47369 1
47370 3
47371 2
47372 8
47373 2
47374 0
47375 6
47376 1
47377 0
47378 9
47379 4
47380 3
47381 8
47382 7
47383 2
47384 5
47385 9
47386 5
47387 2
47388 8
47389 0
47390 9
47391 2
47392 5
47393 1
47394 4
47395 0
47396 3
47397 0
47398 7
47399 6
47400 3
47401 1
47402 9
47403 7
47404 7
47405 4
47406 1
47407 8
47408 1
47409 4
47410 9
47411 8
47412 1
47413 3
47414 6
47415 0
47416 2
47417 8
47418 6
47419 0
47420 4
47421 8
47422 7
47423 4
47424 5
47425 2
47426 1
47427 4
47428 2
47429 7
47430 5
47431 0
47432 8
47433 2
47434 2
47435 5
47436 1
47437 9
47438 7
47439 5
47440 9
47441 7
47442 4
47443 5
47444 6
47445 7
47446 8
47447 1
47448 3
47449 4
47450 9
47451 3
47452 5
47453 9
47454 2
47455 6
47456 8
47457 1
47458 8
47459 4
47460 2
47461 0
47462 2
47463 5
47464 3
47465 2
47466 2
47467 3
47468 9
47469 3
47470 4
47471 9
47472 6
47473 4
47474 6
47475 4
47476 3
47477 9
47478 0
47479 5
47480 5
47481 2
47482 7
47483 3
47484 7
47485 9
47486 3
47487 6
47488 4
47489 5
47490 1
47491 0
47492 7
47493 3
47494 4
47495 9
47496 3
47497 2
47498 1
47499 8
47500 7
47501 5
47502 4
47503 5
47504 1
47505 5
47506 1
47507 2
47508 9
47509 2
47510 3
47511 0
47512 6
47513 9
47514 8
47515 8
47516 6
47517 8
47518 9
47519 9
47520 3
47521 8
47522 8
47523 3
47524 3
47525 4
47526 6
47527 2
47528 7
47529 0
47530 2
47531 2
47532 5
47533 4
47534 4
47535 2
47536 1
47537 1
47538 5
47539 1
47540 9
47541 1
47542 7
47543 9
47544 1
47545 3
47546 8
47547 0
47548 5
47549 0
47550 1
47551 2
47552 5
47553 0
47554 2
47555 8
47556 0
47557 9
47558 0
47559 6
47560 7
47561 7
47562 1
47563 2
47564 9
47565 1
47566 4
47567 3
47568 3
47569 2
47570 4
47571 3
47572 4
47573 6
47574 1
47575 8
47576 9
47577 5
47578 6
47579 4
47580 0
47581 8
47582 1
47583 3
47584 1
47585 9
47586 1
47587 9
47588 9
47589 8
47590 0
47591 3
47592 6
47593 0
47594 1
47595 8
47596 0
47597 9
47598 6
47599 7
47600 2
47601 4
47602 6
47603 7
47604 6
47605 0
47606 2
47607 5
47608 0
47609 4
47610 8
47611 2
47612 4
47613 6
47614 5
47615 1
47616 0
47617 4
47618 9
47619 1
47620 6
47621 7
47622 9
47623 8
47624 0
47625 9
47626 0
47627 8
47628 4
47629 2
47630 9
47631 1
47632 1
47633 2
47634 9
47635 3
47636 0
47637 8
47638 2
47639 4
47640 4
47641 4
47642 1
47643 1
47644 7
47645 7
47646 1
47647 1
47648 8
47649 6
47650 0
47651 4
47652 2
47653 7
47654 7
47655 4
47656 1
47657 4
47658 1
47659 7
47660 4
47661 5
47662 4
47663 3
47664 1
47665 5
47666 1
47667 3
47668 8
47669 1
47670 7
47671 7
47672 0
47673 5
47674 6
47675 6
47676 1
47677 3
47678 4
47679 2
47680 5
47681 1
47682 0
47683 7
47684 7
47685 2
47686 1
47687 8
47688 4
47689 4
47690 1
47691 5
47692 2
47693 5
47694 7
47695 7
47696 2
47697 4
47698 9
47699 0
47700 0
47701 5
47702 6
47703 2
47704 0
47705 5
47706 9
47707 9
47708 7
47709 0
47710 2
47711 7
47712 6
47713 5
47714 5
47715 3
47716 3
47717 2
47718 2
47719 4
47720 1
47721 6
47722 9
47723 5
47724 0
47725 9
47726 5
47727 7
47728 0
47729 9
47730 6
47731 1
47732 6
47733 6
47734 6
47735 0
47736 0
47737 9
47738 9
47739 0
47740 1
47741 1
47742 6
47743 4
47744 2
47745 9
47746 0
47747 0
47748 1
47749 8
47750 3
47751 6
47752 3
47753 2
47754 8
47755 4
47756 2
47757 3
47758 1
47759 9
47760 9
47761 0
47762 2
47763 3
47764 0
47765 3
47766 6
47767 6
47768 0
47769 7
47770 9
47771 6
47772 3
47773 3
47774 4
47775 3
47776 1
47777 0
47778 9
47779 2
47780 6
47781 7
47782 1
47783 9
47784 7
47785 9
47786 0
47787 6
47788 0
47789 0
47790 3
47791 1
47792 9
47793 4
47794 1
47795 6
47796 6
47797 9
47798 5
47799 0
47800 0
47801 2
47802 7
47803 4
47804 9
47805 5
47806 5
47807 2
47808 3
47809 7
47810 4
47811 4
47812 9
47813 5
47814 0
47815 0
47816 3
47817 0
47818 4
47819 7
47820 0
47821 2
47822 7
47823 1
47824 5
47825 4
47826 2
47827 3
47828 6
47829 7
47830 9
47831 8
47832 1
47833 9
47834 3
47835 7
47836 2
47837 8
47838 4
47839 6
47840 2
47841 2
47842 6
47843 3
47844 0
47845 2
47846 4
47847 2
47848 2
47849 7
47850 4
47851 7
47852 9
47853 7
47854 5
47855 2
47856 0
47857 4
47858 6
47859 8
47860 6
47861 8
47862 6
47863 6
47864 3
47865 9
47866 3
47867 0
47868 6
47869 6
47870 2
47871 4
47872 3
47873 4
47874 1
47875 6
47876 3
47877 1
47878 3
47879 8
47880 8
47881 6
47882 6
47883 9
47884 7
47885 2
47886 2
47887 8
47888 7
47889 1
47890 7
47891 2
47892 0
47893 5
47894 5
47895 9
47896 8
47897 7
47898 1
47899 4
47900 4
47901 1
47902 9
47903 6
47904 7
47905 0
47906 7
47907 7
47908 3
47909 2
47910 1
47911 2
47912 1
47913 2
47914 9
47915 2
47916 3
47917 0
47918 9
47919 2
47920 3
47921 1
47922 5
47923 4
47924 5
47925 9
47926 9
47927 6
47928 4
47929 0
47930 0
47931 4
47932 5
47933 8
47934 9
47935 7
47936 8
47937 5
47938 5
47939 9
47940 3
47941 6
47942 2
47943 9
47944 2
47945 4
47946 6
47947 6
47948 7
47949 8
47950 6
47951 7
47952 4
47953 9
47954 2
47955 2
47956 8
47957 1
47958 0
47959 2
47960 8
47961 3
47962 6
47963 3
47964 6
47965 9
47966 4
47967 9
47968 0
47969 0
47970 6
47971 5
47972 7
47973 4
47974 1
47975 4
47976 6
47977 6
47978 2
47979 2
47980 7
47981 7
47982 5
47983 5
47984 0
47985 5
47986 4
47987 4
47988 1
47989 0
47990 5
47991 6
47992 1
47993 9
47994 6
47995 1
47996 8
47997 9
47998 7
47999 1
48000 7
48001 3
48002 1
48003 7
48004 1
48005 3
48006 2
48007 2
48008 8
48009 3
48010 3
48011 5
48012 2
48013 3
48014 6
48015 1
48016 6
48017 0
48018 5
48019 7
48020 6
48021 8
48022 2
48023 2
48024 1
48025 5
48026 1
48027 2
48028 2
48029 8
48030 3
48031 5
48032 4
48033 2
48034 1
48035 3
48036 1
48037 7
48038 3
48039 3
48040 0
48041 7
48042 0
48043 3
48044 5
48045 7
48046 9
48047 9
48048 4
48049 6
48050 3
48051 2
48052 8
48053 4
48054 9
48055 2
48056 2
48057 3
48058 4
48059 3
48060 3
48061 4
48062 5
48063 6
48064 4
48065 3
48066 2
48067 9
48068 5
48069 8
48070 6
48071 4
48072 0
48073 3
48074 6
48075 3
48076 8
48077 7
48078 1
48079 7
48080 5
48081 6
48082 5
48083 9
48084 1
48085 2
48086 3
48087 0
48088 4
48089 9
48090 1
48091 3
48092 2
48093 6
48094 4
48095 2
48096 0
48097 5
48098 6
48099 0
48100 1
48101 7
48102 8
48103 4
48104 3
48105 1
48106 1
48107 2
48108 8
48109 0
48110 4
48111 2
48112 1
48113 2
48114 2
48115 4
48116 3
48117 5
48118 9
48119 7
48120 8
48121 4
48122 6
48123 7
48124 9
48125 4
48126 0
48127 5
48128 0
48129 5
48130 1
48131 2
48132 8
48133 3
48134 5
48135 4
48136 0
48137 6
48138 0
48139 6
48140 2
48141 3
48142 6
48143 3
48144 1
48145 8
48146 0
48147 0
48148 4
48149 1
48150 0
48151 5
48152 0
48153 2
48154 5
48155 2
48156 4
48157 6
48158 2
48159 9
48160 0
48161 4
48162 9
48163 6
48164 7
48165 2
48166 3
48167 6
48168 3
48169 3
48170 5
48171 7
48172 9
48173 4
48174 8
48175 2
48176 4
48177 8
48178 7
48179 3
48180 4
48181 0
48182 0
48183 2
48184 8
48185 2
48186 5
48187 5
48188 7
48189 7
48190 8
48191 1
48192 6
48193 0
48194 6
48195 5
48196 3
48197 9
48198 9
48199 8
48200 1
48201 2
48202 4
48203 8
48204 6
48205 3
48206 5
48207 2
48208 6
48209 0
48210 9
48211 4
48212 0
48213 0
48214 5
48215 8
48216 1
48217 8
48218 4
48219 7
48220 2
48221 3
48222 8
48223 1
48224 4
48225 8
48226 8
48227 2
48228 2
48229 4
48230 2
48231 9
48232 5
48233 5
48234 0
48235 5
48236 8
48237 3
48238 2
48239 0
48240 9
48241 2
48242 3
48243 8
48244 8
48245 7
48246 7
48247 1
48248 4
48249 2
48250 5
48251 7
48252 6
48253 9
48254 1
48255 8
48256 2
48257 0
48258 8
48259 1
48260 6
48261 7
48262 8
48263 8
48264 1
48265 6
48266 1
48267 9
48268 5
48269 3
48270 1
48271 7
48272 7
48273 6
48274 5
48275 0
48276 8
48277 8
48278 3
48279 8
48280 4
48281 2
48282 1
48283 4
48284 6
48285 1
48286 2
48287 5
48288 4
48289 8
48290 7
48291 3
48292 3
48293 3
48294 8
48295 0
48296 1
48297 4
48298 8
48299 8
48300 9
48301 4
48302 6
48303 7
48304 0
48305 9
48306 6
48307 3
48308 6
48309 5
48310 3
48311 5
48312 9
48313 2
48314 1
48315 8
48316 8
48317 3
48318 5
48319 7
48320 1
48321 9
48322 3
48323 0
48324 6
48325 5
48326 4
48327 9
48328 1
48329 8
48330 2
48331 0
48332 0
48333 1
48334 8
48335 2
48336 1
48337 0
48338 8
48339 2
48340 6
48341 4
48342 3
48343 2
48344 3
48345 5
48346 0
48347 2
48348 8
48349 8
48350 1
48351 2
48352 8
48353 8
48354 5
48355 4
48356 7
48357 1
48358 0
48359 3
48360 3
48361 1
48362 8
48363 3
48364 1
48365 6
48366 7
48367 5
48368 9
48369 3
48370 1
48371 4
48372 0
48373 2
48374 1
48375 0
48376 7
48377 4
48378 3
48379 3
48380 0
48381 2
48382 3
48383 9
48384 9
48385 7
48386 0
48387 5
48388 9
48389 9
48390 6
48391 6
48392 2
48393 6
48394 6
48395 2
48396 4
48397 2
48398 4
48399 0
48400 8
48401 8
48402 3
48403 9
48404 4
48405 6
48406 1
48407 2
48408 4
48409 8
48410 6
48411 0
48412 5
48413 4
48414 0
48415 8
48416 3
48417 0
48418 7
48419 8
48420 7
48421 2
48422 8
48423 0
48424 3
48425 5
48426 8
48427 9
48428 7
48429 7
48430 8
48431 6
48432 9
48433 8
48434 8
48435 2
48436 7
48437 6
48438 9
48439 2
48440 2
48441 1
48442 7
48443 1
48444 8
48445 6
48446 0
48447 8
48448 8
48449 3
48450 8
48451 3
48452 6
48453 6
48454 3
48455 9
48456 4
48457 1
48458 4
48459 5
48460 0
48461 2
48462 1
48463 6
48464 0
48465 2
48466 0
48467 7
48468 6
48469 4
48470 6
48471 0
48472 3
48473 5
48474 1
48475 5
48476 0
48477 2
48478 5
48479 5
48480 0
48481 6
48482 4
48483 1
48484 2
48485 6
48486 6
48487 2
48488 6
48489 7
48490 2
48491 6
48492 5
48493 1
48494 2
48495 2
48496 6
48497 5
48498 2
48499 1
48500 3
48501 2
48502 2
48503 7
48504 3
48505 5
48506 7
48507 1
48508 0
48509 5
48510 1
48511 3
48512 1
48513 3
48514 0
48515 9
48516 7
48517 5
48518 1
48519 5
48520 4
48521 2
48522 3
48523 8
48524 0
48525 7
48526 7
48527 3
48528 4
48529 2
48530 0
48531 2
48532 9
48533 0
48534 8
48535 0
48536 7
48537 7
48538 2
48539 9
48540 9
48541 6
48542 9
48543 2
48544 0
48545 1
48546 3
48547 5
48548 0
48549 2
48550 2
48551 2
48552 4
48553 5
48554 6
48555 5
48556 8
48557 1
48558 9
48559 4
48560 8
48561 8
48562 8
48563 4
48564 5
48565 3
48566 3
48567 2
48568 6
48569 7
48570 0
48571 8
48572 1
48573 0
48574 2
48575 0
48576 7
48577 3
48578 1
48579 3
48580 3
48581 9
48582 3
48583 4
48584 1
48585 3
48586 2
48587 2
48588 7
48589 1
48590 7
48591 7
48592 6
48593 3
48594 2
48595 4
48596 6
48597 2
48598 4
48599 3
48600 9
48601 7
48602 9
48603 5
48604 2
48605 3
48606 2
48607 5
48608 2
48609 3
48610 2
48611 0
48612 2
48613 6
48614 4
48615 5
48616 8
48617 3
48618 3
48619 9
48620 1
48621 1
48622 5
48623 3
48624 6
48625 0
48626 5
48627 9
48628 9
48629 3
48630 1
48631 5
48632 5
48633 4
48634 3
48635 3
48636 4
48637 9
48638 9
48639 0
48640 7
48641 4
48642 2
48643 8
48644 7
48645 7
48646 7
48647 0
48648 0
48649 6
48650 3
48651 6
48652 3
48653 1
48654 2
48655 9
48656 7
48657 2
48658 6
48659 8
48660 4
48661 5
48662 2
48663 4
48664 7
48665 5
48666 0
48667 6
48668 3
48669 6
48670 7
48671 2
48672 6
48673 6
48674 6
48675 0
48676 4
48677 3
48678 6
48679 8
48680 2
48681 8
48682 6
48683 6
48684 5
48685 3
48686 7
48687 6
48688 2
48689 6
48690 9
48691 5
48692 6
48693 0
48694 4
48695 1
48696 0
48697 0
48698 0
48699 3
48700 5
48701 7
48702 2
48703 0
48704 8
48705 1
48706 6
48707 2
48708 7
48709 0
48710 3
48711 6
48712 3
48713 6
48714 2
48715 3
48716 8
48717 2
48718 1
48719 7
48720 7
48721 7
48722 6
48723 1
48724 6
48725 5
48726 0
48727 8
48728 1
48729 2
48730 7
48731 3
48732 1
48733 4
48734 4
48735 4
48736 5
48737 8
48738 7
48739 6
48740 1
48741 6
48742 0
48743 5
48744 6
48745 6
48746 2
48747 5
48748 1
48749 1
48750 3
48751 0
48752 0
48753 6
48754 7
48755 3
48756 5
48757 7
48758 0
48759 0
48760 4
48761 6
48762 1
48763 9
48764 0
48765 5
48766 3
48767 4
48768 9
48769 5
48770 2
48771 6
48772 0
48773 6
48774 2
48775 5
48776 0
48777 5
48778 6
48779 6
48780 4
48781 7
48782 3
48783 8
48784 2
48785 3
48786 7
48787 8
48788 1
48789 9
48790 2
48791 2
48792 5
48793 0
48794 5
48795 4
48796 3
48797 9
48798 9
48799 4
48800 6
48801 9
48802 2
48803 5
48804 4
48805 2
48806 9
48807 2
48808 0
48809 1
48810 3
48811 0
48812 0
48813 2
48814 1
48815 9
48816 6
48817 5
48818 4
48819 0
48820 6
48821 6
48822 8
48823 3
48824 0
48825 0
48826 4
48827 2
48828 9
48829 4
48830 9
48831 7
48832 0
48833 1
48834 9
48835 6
48836 9
48837 8
48838 9
48839 6
48840 3
48841 9
48842 0
48843 6
48844 3
48845 0
48846 7
48847 6
48848 2
48849 6
48850 8
48851 3
48852 1
48853 8
48854 3
48855 0
48856 1
48857 6
48858 7
48859 3
48860 2
48861 3
48862 4
48863 1
48864 8
48865 2
48866 3
48867 1
48868 8
48869 1
48870 9
48871 0
48872 5
48873 9
48874 1
48875 7
48876 7
48877 5
48878 7
48879 6
48880 8
48881 9
48882 4
48883 2
48884 3
48885 0
48886 1
48887 8
48888 8
48889 3
48890 6
48891 8
48892 0
48893 2
48894 6
48895 3
48896 1
48897 9
48898 4
48899 9
48900 5
48901 5
48902 4
48903 1
48904 1
48905 5
48906 2
48907 0
48908 0
48909 4
48910 8
48911 2
48912 4
48913 2
48914 3
48915 5
48916 5
48917 1
48918 0
48919 4
48920 1
48921 2
48922 0
48923 8
48924 6
48925 5
48926 1
48927 3
48928 4
48929 5
48930 8
48931 6
48932 0
48933 6
48934 1
48935 0
48936 7
48937 3
48938 8
48939 5
48940 4
48941 8
48942 1
48943 0
48944 8
48945 1
48946 2
48947 2
48948 2
48949 5
48950 2
48951 1
48952 6
48953 8
48954 3
48955 9
48956 6
48957 9
48958 1
48959 5
48960 6
48961 8
48962 5
48963 1
48964 5
48965 1
48966 9
48967 1
48968 0
48969 0
48970 3
48971 4
48972 8
48973 3
48974 5
48975 3
48976 4
48977 4
48978 4
48979 5
48980 0
48981 3
48982 9
48983 0
48984 7
48985 8
48986 7
48987 0
48988 2
48989 1
48990 4
48991 1
48992 1
48993 8
48994 7
48995 2
48996 8
48997 1
48998 6
48999 8
49000 4
49001 3
49002 6
49003 8
49004 2
49005 7
49006 9
49007 0
49008 4
49009 3
49010 9
49011 9
49012 0
49013 1
49014 0
49015 9
49016 6
49017 2
49018 2
49019 3
49020 5
49021 8
49022 1
49023 6
49024 5
49025 3
49026 0
49027 3
49028 4
49029 7
49030 0
49031 6
49032 3
49033 8
49034 5
49035 5
49036 5
49037 3
49038 7
49039 3
49040 7
49041 3
49042 8
49043 3
49044 9
49045 5
49046 3
49047 2
49048 0
49049 2
49050 3
49051 1
49052 5
49053 2
49054 7
49055 4
49056 4
49057 7
49058 9
49059 8
49060 1
49061 0
49062 7
49063 9
49064 5
49065 9
49066 3
49067 0
49068 5
49069 3
49070 4
49071 0
49072 0
49073 3
49074 7
49075 2
49076 2
49077 9
49078 8
49079 7
49080 4
49081 0
49082 5
49083 4
49084 3
49085 2
49086 3
49087 7
49088 4
49089 2
49090 5
49091 4
49092 8
49093 7
49094 9
49095 5
49096 0
49097 2
49098 1
49099 0
49100 7
49101 2
49102 3
49103 3
49104 3
49105 7
49106 6
49107 4
49108 8
49109 4
49110 5
49111 3
49112 7
49113 0
49114 7
49115 0
49116 2
49117 6
49118 3
49119 1
49120 4
49121 2
49122 1
49123 0
49124 2
49125 8
49126 2
49127 7
49128 2
49129 3
49130 3
49131 8
49132 7
49133 3
49134 7
49135 7
49136 1
49137 0
49138 9
49139 3
49140 9
49141 8
49142 1
49143 5
49144 7
49145 3
49146 4
49147 7
49148 7
49149 3
49150 6
49151 8
49152 3
49153 7
49154 9
49155 8
49156 4
49157 9
49158 8
49159 7
49160 2
49161 8
49162 0
49163 5
49164 9
49165 9
49166 6
49167 8
49168 1
49169 8
49170 1
49171 7
49172 5
49173 1
49174 0
49175 3
49176 8
49177 1
49178 6
49179 6
49180 2
49181 8
49182 2
49183 6
49184 5
49185 7
49186 4
49187 4
49188 0
49189 9
49190 4
49191 6
49192 8
49193 4
49194 1
49195 5
49196 8
49197 0
49198 2
49199 6
49200 6
49201 7
49202 3
49203 6
49204 4
49205 1
49206 6
49207 5
49208 7
49209 7
49210 0
49211 0
49212 7
49213 9
49214 2
49215 9
49216 0
49217 7
49218 0
49219 9
49220 0
49221 1
49222 3
49223 0
49224 3
49225 4
49226 0
49227 1
49228 4
49229 0
49230 9
49231 9
49232 3
49233 4
49234 2
49235 5
49236 7
49237 2
49238 1
49239 5
49240 0
49241 5
49242 9
49243 5
49244 5
49245 9
49246 5
49247 2
49248 9
49249 5
49250 0
49251 9
49252 2
49253 6
49254 3
49255 5
49256 1
49257 5
49258 2
49259 1
49260 9
49261 6
49262 5
49263 0
49264 6
49265 1
49266 1
49267 9
49268 4
49269 3
49270 2
49271 5
49272 9
49273 6
49274 5
49275 7
49276 2
49277 0
49278 1
49279 8
49280 3
49281 6
49282 0
49283 1
49284 4
49285 0
49286 4
49287 2
49288 9
49289 0
49290 3
49291 0
49292 2
49293 4
49294 5
49295 2
49296 6
49297 6
49298 1
49299 1
49300 4
49301 6
49302 5
49303 1
49304 8
49305 6
49306 3
49307 8
49308 4
49309 0
49310 8
49311 9
49312 3
49313 6
49314 0
49315 1
49316 1
49317 7
49318 0
49319 7
49320 3
49321 3
49322 9
49323 9
49324 0
49325 6
49326 5
49327 1
49328 6
49329 8
49330 8
49331 1
49332 3
49333 5
49334 5
49335 0
49336 1
49337 7
49338 2
49339 4
49340 3
49341 1
49342 3
49343 7
49344 0
49345 7
49346 9
49347 4
49348 2
49349 6
49350 7
49351 3
49352 2
49353 3
49354 7
49355 7
49356 3
49357 9
49358 3
49359 1
49360 0
49361 3
49362 8
49363 9
49364 2
49365 4
49366 0
49367 4
49368 8
49369 0
49370 6
49371 6
49372 9
49373 3
49374 4
49375 5
49376 9
49377 0
49378 2
49379 2
49380 3
49381 2
49382 8
49383 2
49384 6
49385 6
49386 3
49387 4
49388 6
49389 2
49390 8
49391 6
49392 1
49393 1
49394 9
49395 3
49396 6
49397 3
49398 6
49399 2
49400 2
49401 5
49402 7
49403 4
49404 8
49405 0
49406 1
49407 6
49408 8
49409 6
49410 8
49411 4
49412 7
49413 9
49414 0
49415 3
49416 8
49417 2
49418 7
49419 5
49420 7
49421 5
49422 0
49423 2
49424 0
49425 7
49426 6
49427 4
49428 0
49429 5
49430 6
49431 9
49432 3
49433 1
49434 0
49435 0
49436 1
49437 6
49438 4
49439 9
49440 2
49441 6
49442 1
49443 3
49444 5
49445 2
49446 7
49447 7
49448 5
49449 4
49450 8
49451 1
49452 9
49453 4
49454 5
49455 1
49456 1
49457 2
49458 2
49459 1
49460 4
49461 2
49462 8
49463 4
49464 8
49465 3
49466 4
49467 4
49468 1
49469 5
49470 7
49471 5
49472 2
49473 6
49474 9
49475 7
49476 4
49477 9
49478 5
49479 3
49480 7
49481 9
49482 6
49483 9
49484 6
49485 7
49486 3
49487 6
49488 1
49489 7
49490 6
49491 6
49492 8
49493 7
49494 7
49495 8
49496 3
49497 7
49498 5
49499 9
49500 9
49501 9
49502 8
49503 4
49504 9
49505 4
49506 9
49507 7
49508 4
49509 2
49510 1
49511 2
49512 9
49513 0
49514 2
49515 8
49516 1
49517 4
49518 3
49519 4
49520 2
49521 2
49522 3
49523 2
49524 2
49525 7
49526 2
49527 3
49528 7
49529 9
49530 5
49531 7
49532 4
49533 3
49534 8
49535 0
49536 2
49537 4
49538 2
49539 0
49540 9
49541 7
49542 9
49543 2
49544 3
49545 2
49546 7
49547 5
49548 8
49549 4
49550 4
49551 5
49552 2
49553 7
49554 5
49555 0
49556 3
49557 0
49558 3
49559 4
49560 0
49561 0
49562 2
49563 9
49564 7
49565 8
49566 5
49567 3
49568 3
49569 6
49570 9
49571 2
49572 8
49573 6
49574 4
49575 6
49576 1
49577 0
49578 7
49579 1
49580 3
49581 7
49582 0
49583 2
49584 4
49585 6
49586 1
49587 3
49588 8
49589 6
49590 6
49591 7
49592 7
49593 7
49594 5
49595 9
49596 9
49597 8
49598 6
49599 9
49600 4
49601 9
49602 9
49603 6
49604 3
49605 2
49606 1
49607 2
49608 9
49609 1
49610 6
49611 2
49612 6
49613 4
49614 6
49615 6
49616 0
49617 5
49618 4
49619 3
49620 4
49621 2
49622 0
49623 6
49624 5
49625 9
49626 3
49627 7
49628 0
49629 4
49630 8
49631 6
49632 6
49633 0
49634 2
49635 0
49636 7
49637 6
49638 2
49639 1
49640 6
49641 8
49642 9
49643 1
49644 8
49645 0
49646 7
49647 5
49648 6
49649 7
49650 7
49651 6
49652 1
49653 8
49654 7
49655 7
49656 4
49657 7
49658 6
49659 7
49660 6
49661 8
49662 0
49663 5
49664 0
49665 8
49666 9
49667 3
49668 8
49669 2
49670 5
49671 2
49672 5
49673 5
49674 8
49675 2
49676 7
49677 8
49678 3
49679 0
49680 1
49681 7
49682 6
49683 1
49684 5
49685 9
49686 2
49687 9
49688 4
49689 4
49690 5
49691 2
49692 4
49693 5
49694 3
49695 5
49696 2
49697 5
49698 8
49699 7
49700 8
49701 1
49702 6
49703 9
49704 9
49705 7
49706 6
49707 2
49708 9
49709 6
49710 1
49711 1
49712 7
49713 6
49714 6
49715 7
49716 6
49717 2
49718 2
49719 5
49720 7
49721 7
49722 3
49723 2
49724 0
49725 1
49726 8
49727 8
49728 6
49729 9
49730 3
49731 1
49732 3
49733 5
49734 8
49735 2
49736 9
49737 7
49738 1
49739 2
49740 1
49741 9
49742 8
49743 3
49744 4
49745 3
49746 2
49747 6
49748 5
49749 6
49750 0
49751 8
49752 4
49753 1
49754 3
49755 0
49756 4
49757 1
49758 4
49759 4
49760 5
49761 7
49762 3
49763 1
49764 7
49765 4
49766 0
49767 8
49768 9
49769 4
49770 1
49771 5
49772 6
49773 9
49774 7
49775 9
49776 2
49777 8
49778 5
49779 3
49780 1
49781 5
49782 5
49783 2
49784 4
49785 3
49786 2
49787 6
49788 5
49789 7
49790 9
49791 6
49792 2
49793 5
49794 2
49795 8
49796 0
49797 4
49798 8
49799 4
49800 1
49801 2
49802 2
49803 9
49804 3
49805 4
49806 9
49807 9
49808 1
49809 5
49810 4
49811 9
49812 6
49813 4
49814 8
49815 8
49816 0
49817 4
49818 0
49819 3
49820 3
49821 4
49822 6
49823 0
49824 6
49825 6
49826 6
49827 3
49828 8
49829 7
49830 6
49831 7
49832 4
49833 7
49834 9
49835 4
49836 7
49837 0
49838 4
49839 8
49840 2
49841 7
49842 4
49843 4
49844 7
49845 7
49846 3
49847 2
49848 6
49849 2
49850 7
49851 9
49852 0
49853 0
49854 0
49855 0
49856 3
49857 7
49858 7
49859 8
49860 0
49861 3
49862 5
49863 9
49864 2
49865 7
49866 8
49867 8
49868 2
49869 5
49870 4
49871 7
49872 3
49873 2
49874 1
49875 9
49876 0
49877 5
49878 1
49879 8
49880 9
49881 1
49882 6
49883 2
49884 4
49885 9
49886 8
49887 8
49888 6
49889 0
49890 2
49891 4
49892 1
49893 4
49894 7
49895 7
49896 4
49897 7
49898 3
49899 9
49900 5
49901 8
49902 4
49903 2
49904 8
49905 6
49906 9
49907 8
49908 1
49909 6
49910 7
49911 6
49912 4
49913 4
49914 8
49915 9
49916 2
49917 7
49918 1
49919 3
49920 3
49921 4
49922 6
49923 8
49924 9
49925 0
49926 9
49927 3
49928 5
49929 1
49930 9
49931 2
49932 1
49933 4
49934 5
49935 3
49936 3
49937 9
49938 3
49939 3
49940 4
49941 4
49942 9
49943 1
49944 1
49945 2
49946 4
49947 6
49948 4
49949 4
49950 4
49951 6
49952 0
49953 5
49954 5
49955 6
49956 5
49957 4
49958 5
49959 6
49960 5
49961 8
49962 4
49963 4
49964 0
49965 2
49966 2
49967 5
49968 3
49969 3
49970 4
49971 7
49972 7
49973 0
49974 8
49975 4
49976 5
49977 9
49978 9
49979 3
49980 1
49981 3
49982 7
49983 3
49984 0
49985 7
49986 0
49987 4
49988 2
49989 7
49990 4
49991 5
49992 9
49993 1
49994 7
49995 0
49996 3
49997 7
49998 3
49999 1
50000 3
50001 5
50002 5
50003 5
50004 1
50005 9
50006 9
50007 6
50008 6
50009 8
50010 4
50011 5
50012 6
50013 6
50014 0
50015 6
50016 1
50017 3
50018 5
50019 6
50020 9
50021 4
50022 6
50023 9
50024 0
50025 9
50026 9
50027 7
50028 5
50029 2
50030 3
50031 6
50032 5
50033 4
50034 8
50035 3
50036 6
50037 6
50038 5
50039 3
50040 1
50041 2
50042 8
50043 8
50044 5
50045 9
50046 4
50047 7
50048 9
50049 2
50050 6
50051 8
50052 5
50053 8
50054 0
50055 5
50056 8
50057 4
50058 9
50059 9
50060 4
50061 0
50062 1
50063 6
50064 4
50065 3
50066 8
50067 3
50068 5
50069 2
50070 8
50071 1
50072 1
50073 9
50074 7
50075 8
50076 9
50077 5
50078 1
50079 5
50080 3
50081 6
50082 4
50083 8
50084 4
50085 0
50086 7
50087 8
50088 8
50089 4
50090 4
50091 8
50092 5
50093 8
50094 8
50095 4
50096 6
50097 9
50098 4
50099 8
50100 6
50101 4
50102 8
50103 7
50104 5
50105 1
50106 4
50107 5
50108 6
50109 0
50110 8
50111 0
50112 9
50113 4
50114 8
50115 0
50116 9
50117 1
50118 4
50119 9
50120 7
50121 8
50122 8
50123 3
50124 1
50125 2
50126 2
50127 7
50128 6
50129 3
50130 7
50131 9
50132 0
50133 9
50134 0
50135 8
50136 6
50137 4
50138 6
50139 2
50140 0
50141 1
50142 2
50143 6
50144 3
50145 6
50146 4
50147 2
50148 6
50149 1
50150 4
50151 8
50152 7
50153 4
50154 8
50155 7
50156 4
50157 2
50158 7
50159 3
50160 1
50161 8
50162 4
50163 4
50164 7
50165 9
50166 3
50167 2
50168 7
50169 1
50170 7
50171 1
50172 8
50173 7
50174 3
50175 7
50176 4
50177 9
50178 8
50179 4
50180 3
50181 2
50182 9
50183 5
50184 0
50185 1
50186 5
50187 5
50188 9
50189 3
50190 9
50191 6
50192 9
50193 0
50194 0
50195 3
50196 1
50197 8
50198 1
50199 0
50200 9
50201 2
50202 0
50203 1
50204 9
50205 9
50206 8
50207 6
50208 4
50209 4
50210 3
50211 6
50212 7
50213 7
50214 8
50215 5
50216 1
50217 7
50218 9
50219 8
50220 5
50221 4
50222 3
50223 6
50224 7
50225 6
50226 5
50227 0
50228 6
50229 8
50230 7
50231 5
50232 4
50233 4
50234 8
50235 8
50236 3
50237 5
50238 1
50239 9
50240 1
50241 0
50242 9
50243 3
50244 0
50245 8
50246 7
50247 4
50248 3
50249 3
50250 0
50251 3
50252 2
50253 3
50254 3
50255 5
50256 8
50257 9
50258 5
50259 1
50260 2
50261 9
50262 0
50263 3
50264 4
50265 7
50266 3
50267 6
50268 0
50269 6
50270 7
50271 7
50272 5
50273 5
50274 3
50275 8
50276 9
50277 6
50278 0
50279 3
50280 8
50281 0
50282 0
50283 9
50284 4
50285 5
50286 1
50287 6
50288 8
50289 3
50290 5
50291 1
50292 8
50293 2
50294 1
50295 6
50296 6
50297 9
50298 8
50299 4
50300 8
50301 8
50302 9
50303 6
50304 4
50305 5
50306 2
50307 5
50308 8
50309 3
50310 1
50311 5
50312 4
50313 6
50314 0
50315 6
50316 1
50317 4
50318 5
50319 9
50320 7
50321 7
50322 6
50323 7
50324 8
50325 1
50326 3
50327 3
50328 9
50329 1
50330 2
50331 0
50332 4
50333 2
50334 4
50335 2
50336 3
50337 9
50338 7
50339 5
50340 3
50341 3
50342 0
50343 5
50344 0
50345 8
50346 9
50347 4
50348 4
50349 1
50350 9
50351 6
50352 2
50353 2
50354 3
50355 2
50356 1
50357 1
50358 2
50359 2
50360 4
50361 6
50362 1
50363 0
50364 4
50365 3
50366 5
50367 3
50368 4
50369 5
50370 8
50371 5
50372 4
50373 5
50374 6
50375 8
50376 1
50377 5
50378 3
50379 6
50380 8
50381 0
50382 0
50383 8
50384 6
50385 3
50386 6
50387 5
50388 6
50389 3
50390 0
50391 1
50392 9
50393 1
50394 5
50395 3
50396 9
50397 7
50398 7
50399 0
50400 3
50401 3
50402 0
50403 9
50404 2
50405 8
50406 4
50407 5
50408 1
50409 1
50410 6
50411 7
50412 6
50413 4
50414 2
50415 2
50416 8
50417 9
50418 6
50419 0
50420 0
50421 5
50422 8
50423 6
50424 0
50425 4
50426 3
50427 9
50428 5
50429 0
50430 7
50431 1
50432 8
50433 5
50434 6
50435 8
50436 4
50437 8
50438 4
50439 1
50440 7
50441 7
50442 6
50443 1
50444 6
50445 7
50446 7
50447 7
50448 8
50449 5
50450 2
50451 9
50452 4
50453 7
50454 9
50455 6
50456 9
50457 2
50458 2
50459 8
50460 2
50461 8
50462 5
50463 5
50464 4
50465 6
50466 4
50467 3
50468 7
50469 6
50470 4
50471 2
50472 7
50473 5
50474 6
50475 3
50476 4
50477 1
50478 8
50479 9
50480 0
50481 5
50482 5
50483 0
50484 0
50485 0
50486 3
50487 8
50488 3
50489 9
50490 2
50491 1
50492 9
50493 3
50494 1
50495 7
50496 5
50497 7
50498 7
50499 2
50500 3
50501 8
50502 0
50503 4
50504 4
50505 7
50506 7
50507 5
50508 5
50509 2
50510 8
50511 3
50512 4
50513 5
50514 6
50515 7
50516 8
50517 7
50518 6
50519 9
50520 5
50521 5
50522 9
50523 4
50524 8
50525 7
50526 3
50527 0
50528 7
50529 8
50530 4
50531 5
50532 4
50533 6
50534 9
50535 7
50536 7
50537 4
50538 3
50539 5
50540 5
50541 9
50542 7
50543 7
50544 5
50545 3
50546 9
50547 6
50548 0
50549 8
50550 2
50551 3
50552 5
50553 5
50554 6
50555 9
50556 8
50557 0
50558 0
50559 0
50560 0
50561 3
50562 0
50563 4
50564 4
50565 7
50566 2
50567 4
50568 3
50569 9
50570 7
50571 3
50572 1
50573 4
50574 7
50575 0
50576 1
50577 7
50578 5
50579 3
50580 2
50581 5
50582 9
50583 0
50584 8
50585 3
50586 5
50587 7
50588 1
50589 0
50590 5
50591 4
50592 2
50593 7
50594 8
50595 2
50596 0
50597 6
50598 0
50599 6
50600 8
50601 2
50602 3
50603 3
50604 4
50605 3
50606 6
50607 0
50608 3
50609 3
50610 9
50611 0
50612 8
50613 0
50614 8
50615 8
50616 6
50617 4
50618 5
50619 4
50620 7
50621 6
50622 0
50623 6
50624 8
50625 6
50626 1
50627 3
50628 8
50629 5
50630 4
50631 0
50632 4
50633 3
50634 1
50635 1
50636 9
50637 4
50638 0
50639 1
50640 5
50641 8
50642 2
50643 7
50644 6
50645 7
50646 8
50647 1
50648 3
50649 7
50650 7
50651 3
50652 9
50653 2
50654 9
50655 6
50656 8
50657 5
50658 7
50659 8
50660 0
50661 9
50662 4
50663 0
50664 6
50665 9
50666 3
50667 0
50668 5
50669 6
50670 2
50671 6
50672 1
50673 7
50674 9
50675 9
50676 5
50677 8
50678 4
50679 5
50680 2
50681 1
50682 1
50683 2
50684 4
50685 0
50686 8
50687 4
50688 9
50689 5
50690 7
50691 7
50692 3
50693 7
50694 9
50695 3
50696 7
50697 4
50698 2
50699 9
50700 2
50701 1
50702 9
50703 1
50704 8
50705 8
50706 6
50707 2
50708 4
50709 7
50710 2
50711 4
50712 0
50713 2
50714 3
50715 7
50716 9
50717 4
50718 6
50719 8
50720 0
50721 0
50722 3
50723 6
50724 0
50725 9
50726 8
50727 2
50728 0
50729 0
50730 2
50731 8
50732 7
50733 9
50734 3
50735 7
50736 3
50737 9
50738 3
50739 3
50740 6
50741 5
50742 3
50743 8
50744 0
50745 0
50746 5
50747 2
50748 1
50749 6
50750 9
50751 3
50752 5
50753 8
50754 3
50755 6
50756 6
50757 5
50758 0
50759 1
50760 3
50761 8
50762 7
50763 4
50764 0
50765 8
50766 9
50767 6
50768 1
50769 4
50770 7
50771 2
50772 3
50773 8
50774 5
50775 5
50776 1
50777 5
50778 0
50779 0
50780 0
50781 1
50782 1
50783 9
50784 9
50785 4
50786 7
50787 8
50788 7
50789 3
50790 4
50791 5
50792 8
50793 8
50794 8
50795 2
50796 6
50797 8
50798 0
50799 8
50800 6
50801 3
50802 2
50803 1
50804 2
50805 5
50806 8
50807 6
50808 2
50809 9
50810 0
50811 8
50812 0
50813 5
50814 1
50815 2
50816 0
50817 4
50818 3
50819 7
50820 0
50821 7
50822 6
50823 4
50824 6
50825 9
50826 4
50827 1
50828 4
50829 7
50830 9
50831 6
50832 5
50833 1
50834 1
50835 1
50836 3
50837 5
50838 6
50839 4
50840 8
50841 9
50842 0
50843 4
50844 5
50845 3
50846 8
50847 6
50848 8
50849 7
50850 8
50851 3
50852 4
50853 7
50854 0
50855 8
50856 2
50857 8
50858 9
50859 7
50860 0
50861 0
50862 2
50863 1
50864 0
50865 7
50866 3
50867 4
50868 7
50869 1
50870 6
50871 8
50872 2
50873 5
50874 4
50875 8
50876 7
50877 9
50878 0
50879 3
50880 8
50881 7
50882 8
50883 7
50884 2
50885 3
50886 6
50887 3
50888 0
50889 2
50890 4
50891 3
50892 0
50893 8
50894 2
50895 6
50896 7
50897 0
50898 2
50899 7
50900 4
50901 9
50902 6
50903 7
50904 5
50905 1
50906 1
50907 4
50908 7
50909 6
50910 2
50911 1
50912 6
50913 3
50914 1
50915 6
50916 3
50917 6
50918 2
50919 6
50920 4
50921 8
50922 1
50923 8
50924 4
50925 4
50926 0
50927 0
50928 7
50929 9
50930 4
50931 7
50932 2
50933 3
50934 9
50935 5
50936 3
50937 4
50938 5
50939 9
50940 6
50941 7
50942 6
50943 3
50944 4
50945 3
50946 3
50947 2
50948 7
50949 6
50950 8
50951 5
50952 1
50953 3
50954 5
50955 9
50956 6
50957 1
50958 8
50959 5
50960 9
50961 0
50962 5
50963 8
50964 6
50965 9
50966 6
50967 7
50968 0
50969 0
50970 5
50971 7
50972 1
50973 2
50974 0
50975 1
50976 2
50977 9
50978 4
50979 9
50980 9
50981 2
50982 9
50983 8
50984 4
50985 6
50986 1
50987 2
50988 4
50989 3
50990 1
50991 9
50992 1
50993 0
50994 3
50995 7
50996 1
50997 5
50998 0
50999 2
51000 2
51001 1
51002 7
51003 5
51004 6
51005 3
51006 6
51007 7
51008 7
51009 1
51010 0
51011 8
51012 9
51013 5
51014 8
51015 3
51016 2
51017 1
51018 0
51019 8
51020 1
51021 4
51022 8
51023 6
51024 4
51025 6
51026 7
51027 7
51028 2
51029 6
51030 4
51031 3
51032 2
51033 9
51034 9
51035 2
51036 1
51037 7
51038 0
51039 8
51040 9
51041 2
51042 0
51043 7
51044 4
51045 9
51046 4
51047 5
51048 4
51049 5
51050 2
51051 0
51052 1
51053 9
51054 1
51055 9
51056 4
51057 8
51058 3
51059 9
51060 7
51061 4
51062 8
51063 0
51064 6
51065 4
51066 1
51067 2
51068 0
51069 5
51070 4
51071 3
51072 1
51073 6
51074 9
51075 6
51076 2
51077 5
51078 7
51079 1
51080 6
51081 0
51082 5
51083 3
51084 7
51085 3
51086 6
51087 1
51088 5
51089 1
51090 6
51091 1
51092 4
51093 0
51094 3
51095 5
51096 2
51097 0
51098 5
51099 8
51100 4
51101 5
51102 3
51103 4
51104 2
51105 2
51106 4
51107 4
51108 2
51109 1
51110 3
51111 9
51112 4
51113 4
51114 9
51115 3
51116 1
51117 1
51118 5
51119 3
51120 3
51121 5
51122 9
51123 5
51124 0
51125 0
51126 5
51127 6
51128 8
51129 4
51130 9
51131 8
51132 4
51133 4
51134 6
51135 2
51136 9
51137 1
51138 9
51139 5
51140 5
51141 3
51142 8
51143 4
51144 2
51145 8
51146 0
51147 9
51148 2
51149 8
51150 2
51151 5
51152 1
51153 8
51154 4
51155 2
51156 1
51157 7
51158 9
51159 4
51160 3
51161 1
51162 4
51163 3
51164 2
51165 9
51166 7
51167 2
51168 2
51169 6
51170 1
51171 8
51172 5
51173 8
51174 0
51175 4
51176 5
51177 2
51178 7
51179 2
51180 2
51181 0
51182 4
51183 3
51184 6
51185 5
51186 5
51187 0
51188 2
51189 8
51190 2
51191 5
51192 0
51193 6
51194 0
51195 8
51196 7
51197 1
51198 9
51199 8
51200 0
51201 8
51202 7
51203 1
51204 9
51205 1
51206 8
51207 3
51208 2
51209 1
51210 1
51211 8
51212 9
51213 6
51214 4
51215 4
51216 7
51217 8
51218 8
51219 2
51220 0
51221 3
51222 3
51223 3
51224 9
51225 0
51226 6
51227 1
51228 8
51229 7
51230 4
51231 8
51232 9
51233 2
51234 9
51235 9
51236 4
51237 9
51238 4
51239 4
51240 0
51241 8
51242 7
51243 4
51244 9
51245 0
51246 2
51247 5
51248 6
51249 6
51250 7
51251 1
51252 8
51253 6
51254 1
51255 8
51256 4
51257 2
51258 7
51259 7
51260 0
51261 1
51262 6
51263 4
51264 5
51265 3
51266 5
51267 2
51268 7
51269 7
51270 9
51271 5
51272 5
51273 8
51274 4
51275 9
51276 3
51277 1
51278 4
51279 9
51280 4
51281 8
51282 3
51283 9
51284 1
51285 6
51286 4
51287 2
51288 3
51289 9
51290 5
51291 8
51292 6
51293 3
51294 6
51295 4
51296 1
51297 6
51298 0
51299 5
51300 8
51301 9
51302 3
51303 7
51304 4
51305 3
51306 2
51307 9
51308 0
51309 7
51310 8
51311 3
51312 1
51313 9
51314 9
51315 0
51316 4
51317 5
51318 7
51319 8
51320 3
51321 0
51322 7
51323 8
51324 9
51325 3
51326 0
51327 0
51328 7
51329 3
51330 1
51331 2
51332 5
51333 1
51334 8
51335 9
51336 4
51337 4
51338 6
51339 7
51340 6
51341 2
51342 8
51343 4
51344 1
51345 1
51346 7
51347 3
51348 2
51349 7
51350 4
51351 0
51352 9
51353 1
51354 2
51355 2
51356 7
51357 2
51358 8
51359 9
51360 1
51361 9
51362 6
51363 1
51364 9
51365 9
51366 8
51367 2
51368 5
51369 0
51370 0
51371 9
51372 4
51373 1
51374 9
51375 6
51376 9
51377 6
51378 4
51379 6
51380 9
51381 7
51382 0
51383 0
51384 7
51385 7
51386 5
51387 9
51388 7
51389 7
51390 1
51391 0
51392 7
51393 1
51394 0
51395 6
51396 6
51397 2
51398 8
51399 5
51400 4
51401 9
51402 6
51403 5
51404 4
51405 9
51406 7
51407 5
51408 9
51409 0
51410 8
51411 5
51412 0
51413 9
51414 8
51415 8
51416 9
51417 1
51418 2
51419 3
51420 4
51421 8
51422 8
51423 6
51424 7
51425 1
51426 5
51427 5
51428 6
51429 4
51430 8
51431 4
51432 6
51433 0
51434 0
51435 6
51436 7
51437 2
51438 8
51439 5
51440 5
51441 9
51442 6
51443 3
51444 7
51445 2
51446 1
51447 8
51448 3
51449 8
51450 4
51451 2
51452 8
51453 7
51454 6
51455 4
51456 9
51457 8
51458 8
51459 5
51460 1
51461 7
51462 3
51463 1
51464 1
51465 0
51466 5
51467 8
51468 6
51469 5
51470 0
51471 1
51472 7
51473 7
51474 1
51475 9
51476 1
51477 1
51478 3
51479 4
51480 3
51481 4
51482 1
51483 9
51484 9
51485 9
51486 1
51487 5
51488 4
51489 4
51490 2
51491 5
51492 2
51493 4
51494 9
51495 6
51496 6
51497 3
51498 8
51499 2
51500 3
51501 5
51502 9
51503 9
51504 8
51505 4
51506 3
51507 7
51508 1
51509 0
51510 2
51511 8
51512 2
51513 6
51514 7
51515 4
51516 1
51517 7
51518 8
51519 6
51520 4
51521 5
51522 0
51523 6
51524 6
51525 9
51526 2
51527 5
51528 2
51529 6
51530 5
51531 0
51532 5
51533 0
51534 9
51535 0
51536 3
51537 2
51538 0
51539 0
51540 8
51541 5
51542 9
51543 7
51544 9
51545 8
51546 3
51547 3
51548 2
51549 4
51550 8
51551 3
51552 2
51553 3
51554 0
51555 7
51556 3
51557 9
51558 4
51559 5
51560 0
51561 0
51562 2
51563 4
51564 4
51565 5
51566 8
51567 6
51568 7
51569 6
51570 0
51571 7
51572 4
51573 1
51574 8
51575 8
51576 9
51577 1
51578 3
51579 1
51580 7
51581 9
51582 6
51583 2
51584 0
51585 8
51586 3
51587 7
51588 4
51589 2
51590 6
51591 7
51592 6
51593 0
51594 0
51595 1
51596 5
51597 9
51598 0
51599 5
51600 7
51601 5
51602 0
51603 4
51604 4
51605 7
51606 9
51607 4
51608 9
51609 9
51610 3
51611 6
51612 7
51613 3
51614 9
51615 6
51616 9
51617 0
51618 7
51619 6
51620 6
51621 6
51622 7
51623 8
51624 3
51625 0
51626 9
51627 6
51628 7
51629 5
51630 1
51631 0
51632 9
51633 4
51634 9
51635 3
51636 3
51637 9
51638 8
51639 2
51640 4
51641 9
51642 0
51643 8
51644 4
51645 8
51646 3
51647 6
51648 3
51649 5
51650 8
51651 1
51652 6
51653 9
51654 4
51655 6
51656 1
51657 5
51658 2
51659 0
51660 4
51661 1
51662 6
51663 7
51664 6
51665 4
51666 3
51667 2
51668 3
51669 1
51670 5
51671 2
51672 7
51673 0
51674 6
51675 2
51676 4
51677 6
51678 0
51679 8
51680 3
51681 3
51682 9
51683 2
51684 6
51685 0
51686 4
51687 4
51688 3
51689 7
51690 9
51691 0
51692 1
51693 6
51694 1
51695 9
51696 2
51697 4
51698 7
51699 9
51700 5
51701 0
51702 0
51703 0
51704 2
51705 2
51706 0
51707 9
51708 4
51709 9
51710 4
51711 7
51712 9
51713 2
51714 7
51715 9
51716 7
51717 6
51718 6
51719 0
51720 2
51721 8
51722 0
51723 4
51724 5
51725 4
51726 3
51727 5
51728 8
51729 7
51730 6
51731 4
51732 0
51733 7
51734 8
51735 7
51736 5
51737 1
51738 1
51739 2
51740 5
51741 8
51742 3
51743 0
51744 3
51745 5
51746 2
51747 7
51748 8
51749 5
51750 5
51751 8
51752 5
51753 9
51754 7
51755 0
51756 8
51757 0
51758 2
51759 6
51760 6
51761 4
51762 7
51763 4
51764 2
51765 0
51766 1
51767 1
51768 6
51769 9
51770 6
51771 8
51772 2
51773 0
51774 8
51775 3
51776 2
51777 4
51778 2
51779 9
51780 9
51781 5
51782 4
51783 3
51784 8
51785 7
51786 3
51787 7
51788 7
51789 4
51790 4
51791 3
51792 7
51793 1
51794 9
51795 0
51796 4
51797 1
51798 1
51799 1
51800 8
51801 5
51802 1
51803 7
51804 5
51805 2
51806 5
51807 1
51808 8
51809 1
51810 8
51811 0
51812 4
51813 0
51814 4
51815 6
51816 2
51817 1
51818 4
51819 0
51820 1
51821 6
51822 4
51823 5
51824 6
51825 6
51826 8
51827 6
51828 8
51829 4
51830 7
51831 1
51832 0
51833 6
51834 8
51835 1
51836 0
51837 3
51838 0
51839 3
51840 2
51841 6
51842 8
51843 9
51844 3
51845 3
51846 7
51847 6
51848 4
51849 4
51850 5
51851 3
51852 0
51853 8
51854 5
51855 4
51856 2
51857 6
51858 2
51859 7
51860 4
51861 3
51862 2
51863 2
51864 5
51865 9
51866 2
51867 8
51868 2
51869 1
51870 7
51871 2
51872 4
51873 8
51874 8
51875 3
51876 8
51877 2
51878 6
51879 1
51880 8
51881 1
51882 3
51883 9
51884 5
51885 9
51886 8
51887 6
51888 9
51889 5
51890 3
51891 1
51892 7
51893 6
51894 3
51895 9
51896 2
51897 6
51898 1
51899 3
51900 4
51901 2
51902 9
51903 7
51904 7
51905 8
51906 0
51907 4
51908 1
51909 8
51910 0
51911 6
51912 4
51913 5
51914 0
51915 8
51916 0
51917 3
51918 7
51919 1
51920 9
51921 8
51922 1
51923 5
51924 3
51925 2
51926 3
51927 4
51928 6
51929 2
51930 5
51931 4
51932 0
51933 6
51934 2
51935 8
51936 6
51937 0
51938 4
51939 6
51940 2
51941 2
51942 5
51943 6
51944 0
51945 4
51946 2
51947 0
51948 8
51949 0
51950 4
51951 6
51952 8
51953 2
51954 9
51955 4
51956 8
51957 6
51958 6
51959 1
51960 0
51961 9
51962 0
51963 1
51964 6
51965 6
51966 7
51967 1
51968 1
51969 5
51970 5
51971 1
51972 8
51973 9
51974 8
51975 2
51976 4
51977 4
51978 7
51979 5
51980 7
51981 5
51982 1
51983 9
51984 4
51985 6
51986 9
51987 3
51988 5
51989 4
51990 5
51991 5
51992 2
51993 7
51994 7
51995 2
51996 0
51997 4
51998 7
51999 3
52000 7
52001 8
52002 7
52003 9
52004 7
52005 9
52006 3
52007 9
52008 2
52009 8
52010 9
52011 5
52012 9
52013 9
52014 7
52015 3
52016 7
52017 7
52018 5
52019 3
52020 5
52021 4
52022 3
52023 7
52024 1
52025 1
52026 6
52027 1
52028 4
52029 0
52030 1
52031 1
52032 8
52033 8
52034 7
52035 2
52036 9
52037 9
52038 2
52039 8
52040 4
52041 9
52042 7
52043 6
52044 8
52045 1
52046 9
52047 9
52048 9
52049 9
52050 9
52051 3
52052 1
52053 6
52054 8
52055 2
52056 1
52057 1
52058 0
52059 5
52060 7
52061 4
52062 5
52063 3
52064 0
52065 6
52066 4
52067 3
52068 9
52069 0
52070 1
52071 6
52072 1
52073 3
52074 4
52075 3
52076 0
52077 7
52078 4
52079 4
52080 0
52081 2
52082 9
52083 2
52084 8
52085 2
52086 1
52087 2
52088 5
52089 5
52090 1
52091 8
52092 8
52093 6
52094 3
52095 9
52096 2
52097 3
52098 8
52099 2
52100 3
52101 5
52102 6
52103 2
52104 5
52105 8
52106 1
52107 4
52108 5
52109 2
52110 2
52111 3
52112 3
52113 9
52114 8
52115 8
52116 8
52117 8
52118 4
52119 1
52120 3
52121 5
52122 1
52123 1
52124 1
52125 6
52126 5
52127 9
52128 0
52129 1
52130 5
52131 5
52132 8
52133 9
52134 9
52135 9
52136 8
52137 9
52138 3
52139 2
52140 4
52141 0
52142 9
52143 5
52144 5
52145 1
52146 6
52147 5
52148 9
52149 1
52150 2
52151 2
52152 5
52153 1
52154 6
52155 1
52156 7
52157 3
52158 8
52159 8
52160 3
52161 4
52162 7
52163 1
52164 1
52165 6
52166 4
52167 3
52168 6
52169 5
52170 4
52171 3
52172 0
52173 3
52174 7
52175 7
52176 3
52177 0
52178 4
52179 9
52180 1
52181 2
52182 2
52183 2
52184 2
52185 5
52186 5
52187 0
52188 5
52189 7
52190 9
52191 4
52192 7
52193 2
52194 4
52195 7
52196 4
52197 2
52198 2
52199 9
52200 9
52201 5
52202 9
52203 7
52204 4
52205 0
52206 8
52207 9
52208 3
52209 1
52210 5
52211 5
52212 2
52213 6
52214 8
52215 8
52216 4
52217 2
52218 7
52219 1
52220 6
52221 5
52222 3
52223 1
52224 8
52225 5
52226 0
52227 0
52228 2
52229 6
52230 9
52231 8
52232 0
52233 9
52234 3
52235 2
52236 6
52237 7
52238 4
52239 2
52240 7
52241 6
52242 3
52243 9
52244 9
52245 6
52246 1
52247 5
52248 2
52249 2
52250 0
52251 1
52252 7
52253 0
52254 3
52255 8
52256 7
52257 2
52258 1
52259 3
52260 5
52261 8
52262 4
52263 6
52264 2
52265 4
52266 6
52267 1
52268 8
52269 1
52270 8
52271 8
52272 7
52273 8
52274 7
52275 1
52276 8
52277 2
52278 1
52279 8
52280 0
52281 1
52282 2
52283 8
52284 1
52285 6
52286 1
52287 4
52288 0
52289 4
52290 0
52291 1
52292 8
52293 9
52294 1
52295 2
52296 1
52297 4
52298 0
52299 5
52300 9
52301 1
52302 3
52303 5
52304 0
52305 4
52306 7
52307 4
52308 6
52309 1
52310 7
52311 6
52312 5
52313 1
52314 7
52315 0
52316 7
52317 9
52318 6
52319 9
52320 9
52321 0
52322 3
52323 8
52324 9
52325 1
52326 8
52327 3
52328 8
52329 0
52330 4
52331 7
52332 1
52333 4
52334 9
52335 3
52336 8
52337 3
52338 2
52339 0
52340 5
52341 3
52342 2
52343 5
52344 4
52345 3
52346 5
52347 1
52348 2
52349 1
52350 0
52351 2
52352 7
52353 6
52354 9
52355 5
52356 3
52357 6
52358 5
52359 3
52360 9
52361 0
52362 6
52363 1
52364 6
52365 9
52366 5
52367 3
52368 3
52369 6
52370 6
52371 2
52372 8
52373 9
52374 3
52375 4
52376 6
52377 8
52378 9
52379 4
52380 2
52381 5
52382 1
52383 9
52384 3
52385 8
52386 3
52387 1
52388 0
52389 7
52390 5
52391 8
52392 7
52393 9
52394 1
52395 5
52396 1
52397 8
52398 0
52399 5
52400 5
52401 7
52402 0
52403 1
52404 3
52405 7
52406 2
52407 0
52408 7
52409 4
52410 2
52411 5
52412 0
52413 7
52414 6
52415 5
52416 2
52417 6
52418 5
52419 5
52420 0
52421 2
52422 3
52423 7
52424 5
52425 4
52426 2
52427 4
52428 4
52429 3
52430 1
52431 9
52432 1
52433 2
52434 9
52435 3
52436 6
52437 3
52438 5
52439 3
52440 3
52441 6
52442 0
52443 6
52444 3
52445 1
52446 7
52447 5
52448 2
52449 0
52450 4
52451 5
52452 3
52453 0
52454 4
52455 2
52456 7
52457 1
52458 3
52459 9
52460 3
52461 5
52462 3
52463 2
52464 3
52465 5
52466 5
52467 9
52468 2
52469 2
52470 2
52471 4
52472 2
52473 0
52474 5
52475 2
52476 1
52477 2
52478 9
52479 8
52480 3
52481 7
52482 7
52483 5
52484 7
52485 7
52486 1
52487 4
52488 2
52489 7
52490 4
52491 6
52492 8
52493 1
52494 3
52495 4
52496 9
52497 6
52498 2
52499 1
52500 4
52501 6
52502 1
52503 9
52504 1
52505 1
52506 7
52507 2
52508 2
52509 3
52510 6
52511 6
52512 0
52513 7
52514 5
52515 1
52516 5
52517 7
52518 5
52519 7
52520 9
52521 8
52522 0
52523 0
52524 0
52525 2
52526 2
52527 5
52528 1
52529 3
52530 3
52531 6
52532 5
52533 8
52534 3
52535 8
52536 5
52537 1
52538 5
52539 0
52540 4
52541 0
52542 3
52543 7
52544 0
52545 0
52546 3
52547 7
52548 2
52549 0
52550 2
52551 5
52552 4
52553 7
52554 7
52555 6
52556 6
52557 1
52558 0
52559 9
52560 6
52561 4
52562 4
52563 2
52564 7
52565 8
52566 6
52567 6
52568 1
52569 3
52570 7
52571 6
52572 6
52573 8
52574 9
52575 4
52576 3
52577 1
52578 0
52579 1
52580 6
52581 6
52582 6
52583 6
52584 7
52585 6
52586 3
52587 3
52588 7
52589 5
52590 7
52591 1
52592 8
52593 2
52594 6
52595 8
52596 0
52597 7
52598 3
52599 9
52600 2
52601 3
52602 7
52603 4
52604 0
52605 9
52606 9
52607 2
52608 8
52609 9
52610 2
52611 3
52612 2
52613 0
52614 9
52615 0
52616 3
52617 1
52618 0
52619 1
52620 8
52621 6
52622 1
52623 0
52624 0
52625 9
52626 3
52627 2
52628 0
52629 6
52630 8
52631 3
52632 0
52633 2
52634 3
52635 7
52636 6
52637 0
52638 3
52639 6
52640 5
52641 4
52642 4
52643 9
52644 1
52645 5
52646 8
52647 6
52648 1
52649 5
52650 2
52651 2
52652 9
52653 3
52654 3
52655 8
52656 6
52657 3
52658 1
52659 7
52660 2
52661 0
52662 9
52663 6
52664 1
52665 2
52666 9
52667 4
52668 0
52669 3
52670 2
52671 3
52672 1
52673 4
52674 5
52675 5
52676 9
52677 7
52678 2
52679 9
52680 6
52681 8
52682 3
52683 4
52684 4
52685 8
52686 7
52687 1
52688 4
52689 2
52690 1
52691 9
52692 1
52693 0
52694 2
52695 7
52696 1
52697 7
52698 7
52699 8
52700 8
52701 1
52702 7
52703 3
52704 9
52705 7
52706 7
52707 9
52708 3
52709 3
52710 9
52711 6
52712 2
52713 0
52714 5
52715 0
52716 6
52717 1
52718 0
52719 5
52720 4
52721 2
52722 2
52723 7
52724 7
52725 6
52726 7
52727 4
52728 6
52729 8
52730 6
52731 8
52732 4
52733 6
52734 1
52735 9
52736 8
52737 7
52738 0
52739 5
52740 7
52741 0
52742 0
52743 0
52744 1
52745 6
52746 3
52747 0
52748 3
52749 6
52750 1
52751 5
52752 5
52753 1
52754 2
52755 0
52756 4
52757 3
52758 3
52759 2
52760 7
52761 2
52762 7
52763 2
52764 8
52765 3
52766 1
52767 5
52768 6
52769 6
52770 2
52771 6
52772 5
52773 3
52774 8
52775 5
52776 2
52777 0
52778 8
52779 4
52780 4
52781 2
52782 4
52783 2
52784 3
52785 2
52786 1
52787 7
52788 3
52789 3
52790 6
52791 8
52792 6
52793 7
52794 3
52795 9
52796 1
52797 3
52798 4
52799 5
52800 7
52801 7
52802 0
52803 4
52804 6
52805 1
52806 5
52807 5
52808 2
52809 1
52810 3
52811 2
52812 9
52813 3
52814 2
52815 9
52816 1
52817 4
52818 3
52819 6
52820 3
52821 1
52822 4
52823 8
52824 8
52825 5
52826 6
52827 8
52828 2
52829 9
52830 8
52831 3
52832 1
52833 9
52834 5
52835 0
52836 7
52837 6
52838 4
52839 4
52840 9
52841 4
52842 6
52843 8
52844 3
52845 5
52846 5
52847 9
52848 6
52849 7
52850 4
52851 4
52852 5
52853 4
52854 4
52855 6
52856 0
52857 0
52858 1
52859 1
52860 3
52861 6
52862 8
52863 8
52864 2
52865 2
52866 8
52867 1
52868 4
52869 4
52870 7
52871 1
52872 7
52873 8
52874 4
52875 6
52876 8
52877 5
52878 2
52879 8
52880 1
52881 2
52882 9
52883 3
52884 0
52885 4
52886 6
52887 1
52888 5
52889 8
52890 9
52891 7
52892 0
52893 6
52894 8
52895 0
52896 5
52897 9
52898 9
52899 3
52900 0
52901 5
52902 9
52903 2
52904 2
52905 2
52906 1
52907 8
52908 0
52909 9
52910 0
52911 1
52912 9
52913 1
52914 5
52915 6
52916 0
52917 5
52918 9
52919 3
52920 5
52921 4
52922 6
52923 8
52924 7
52925 4
52926 1
52927 0
52928 3
52929 4
52930 6
52931 8
52932 1
52933 1
52934 1
52935 9
52936 4
52937 5
52938 4
52939 8
52940 2
52941 9
52942 8
52943 3
52944 6
52945 4
52946 4
52947 0
52948 2
52949 6
52950 3
52951 6
52952 9
52953 6
52954 8
52955 3
52956 7
52957 8
52958 8
52959 2
52960 2
52961 4
52962 9
52963 6
52964 9
52965 0
52966 2
52967 1
52968 3
52969 0
52970 7
52971 6
52972 8
52973 2
52974 1
52975 3
52976 7
52977 8
52978 5
52979 9
52980 3
52981 6
52982 5
52983 4
52984 7
52985 0
52986 7
52987 6
52988 2
52989 8
52990 2
52991 1
52992 6
52993 0
52994 1
52995 3
52996 7
52997 7
52998 0
52999 1
53000 9
53001 6
53002 6
53003 2
53004 0
53005 6
53006 2
53007 9
53008 5
53009 7
53010 7
53011 2
53012 7
53013 2
53014 8
53015 8
53016 2
53017 2
53018 5
53019 9
53020 4
53021 8
53022 2
53023 3
53024 8
53025 0
53026 8
53027 9
53028 9
53029 6
53030 4
53031 7
53032 8
53033 9
53034 8
53035 5
53036 6
53037 5
53038 7
53039 9
53040 5
53041 2
53042 2
53043 5
53044 8
53045 9
53046 8
53047 5
53048 8
53049 3
53050 2
53051 7
53052 3
53053 3
53054 1
53055 8
53056 7
53057 7
53058 9
53059 9
53060 1
53061 4
53062 2
53063 2
53064 8
53065 2
53066 8
53067 2
53068 5
53069 7
53070 0
53071 3
53072 0
53073 2
53074 1
53075 4
53076 6
53077 2
53078 3
53079 4
53080 6
53081 2
53082 5
53083 3
53084 1
53085 5
53086 6
53087 0
53088 2
53089 4
53090 7
53091 8
53092 0
53093 8
53094 0
53095 5
53096 3
53097 3
53098 0
53099 4
53100 7
53101 5
53102 8
53103 0
53104 3
53105 5
53106 1
53107 2
53108 6
53109 7
53110 4
53111 3
53112 5
53113 0
53114 6
53115 1
53116 4
53117 8
53118 8
53119 2
53120 1
53121 2
53122 6
53123 3
53124 1
53125 9
53126 9
53127 8
53128 5
53129 3
53130 0
53131 8
53132 0
53133 2
53134 3
53135 7
53136 8
53137 3
53138 6
53139 4
53140 0
53141 2
53142 1
53143 4
53144 2
53145 8
53146 7
53147 0
53148 9
53149 6
53150 0
53151 9
53152 5
53153 1
53154 1
53155 1
53156 7
53157 5
53158 3
53159 1
53160 2
53161 3
53162 9
53163 6
53164 6
53165 8
53166 4
53167 0
53168 3
53169 1
53170 6
53171 5
53172 7
53173 3
53174 4
53175 6
53176 8
53177 9
53178 8
53179 8
53180 3
53181 3
53182 4
53183 6
53184 0
53185 2
53186 3
53187 9
53188 1
53189 7
53190 8
53191 9
53192 6
53193 0
53194 9
53195 4
53196 8
53197 9
53198 1
53199 7
53200 2
53201 2
53202 9
53203 1
53204 7
53205 4
53206 6
53207 1
53208 1
53209 8
53210 2
53211 1
53212 6
53213 4
53214 3
53215 8
53216 5
53217 8
53218 0
53219 7
53220 2
53221 7
53222 5
53223 2
53224 8
53225 3
53226 0
53227 8
53228 2
53229 8
53230 2
53231 3
53232 0
53233 1
53234 3
53235 9
53236 1
53237 5
53238 6
53239 1
53240 1
53241 3
53242 0
53243 4
53244 4
53245 5
53246 2
53247 3
53248 9
53249 9
53250 6
53251 5
53252 8
53253 5
53254 8
53255 6
53256 8
53257 5
53258 6
53259 8
53260 5
53261 4
53262 3
53263 8
53264 5
53265 8
53266 2
53267 1
53268 4
53269 5
53270 1
53271 9
53272 6
53273 7
53274 2
53275 9
53276 1
53277 3
53278 0
53279 1
53280 3
53281 9
53282 1
53283 3
53284 1
53285 4
53286 8
53287 9
53288 8
53289 4
53290 9
53291 2
53292 5
53293 5
53294 7
53295 5
53296 5
53297 6
53298 8
53299 6
53300 2
53301 3
53302 7
53303 8
53304 8
53305 1
53306 8
53307 8
53308 9
53309 5
53310 0
53311 2
53312 5
53313 5
53314 9
53315 1
53316 8
53317 6
53318 3
53319 0
53320 8
53321 8
53322 3
53323 8
53324 6
53325 1
53326 0
53327 0
53328 8
53329 3
53330 9
53331 0
53332 5
53333 9
53334 9
53335 1
53336 9
53337 5
53338 5
53339 8
53340 5
53341 2
53342 9
53343 0
53344 0
53345 1
53346 6
53347 1
53348 7
53349 4
53350 8
53351 0
53352 0
53353 4
53354 6
53355 9
53356 6
53357 0
53358 6
53359 2
53360 4
53361 4
53362 2
53363 9
53364 3
53365 1
53366 2
53367 4
53368 2
53369 2
53370 5
53371 3
53372 1
53373 6
53374 8
53375 3
53376 8
53377 5
53378 8
53379 8
53380 8
53381 6
53382 8
53383 5
53384 6
53385 3
53386 1
53387 0
53388 4
53389 9
53390 1
53391 4
53392 4
53393 9
53394 7
53395 9
53396 2
53397 1
53398 8
53399 2
53400 7
53401 0
53402 3
53403 6
53404 3
53405 1
53406 1
53407 1
53408 1
53409 1
53410 7
53411 5
53412 7
53413 2
53414 8
53415 9
53416 5
53417 4
53418 5
53419 2
53420 9
53421 7
53422 2
53423 1
53424 1
53425 0
53426 2
53427 6
53428 5
53429 2
53430 5
53431 1
53432 2
53433 5
53434 0
53435 2
53436 1
53437 6
53438 1
53439 4
53440 4
53441 4
53442 6
53443 8
53444 6
53445 7
53446 5
53447 0
53448 1
53449 7
53450 2
53451 1
53452 7
53453 0
53454 3
53455 9
53456 4
53457 9
53458 6
53459 0
53460 1
53461 3
53462 0
53463 4
53464 0
53465 0
53466 3
53467 3
53468 7
53469 2
53470 8
53471 6
53472 7
53473 6
53474 4
53475 0
53476 1
53477 9
53478 2
53479 6
53480 4
53481 0
53482 3
53483 1
53484 2
53485 2
53486 1
53487 0
53488 0
53489 9
53490 1
53491 7
53492 4
53493 0
53494 8
53495 0
53496 2
53497 7
53498 0
53499 3
53500 7
53501 6
53502 3
53503 3
53504 3
53505 6
53506 2
53507 0
53508 2
53509 8
53510 8
53511 7
53512 5
53513 9
53514 4
53515 0
53516 7
53517 0
53518 0
53519 5
53520 7
53521 0
53522 1
53523 7
53524 3
53525 1
53526 1
53527 8
53528 6
53529 7
53530 9
53531 4
53532 5
53533 1
53534 9
53535 4
53536 4
53537 0
53538 7
53539 8
53540 6
53541 8
53542 7
53543 3
53544 9
53545 3
53546 9
53547 2
53548 6
53549 2
53550 2
53551 9
53552 4
53553 1
53554 7
53555 7
53556 5
53557 2
53558 1
53559 7
53560 5
53561 3
53562 0
53563 2
53564 1
53565 5
53566 3
53567 4
53568 0
53569 2
53570 8
53571 1
53572 7
53573 6
53574 5
53575 5
53576 5
53577 2
53578 0
53579 7
53580 4
53581 1
53582 5
53583 4
53584 3
53585 5
53586 7
53587 9
53588 6
53589 4
53590 7
53591 6
53592 1
53593 4
53594 8
53595 8
53596 0
53597 4
53598 1
53599 7
53600 5
53601 5
53602 3
53603 9
53604 6
53605 0
53606 4
53607 0
53608 9
53609 9
53610 0
53611 8
53612 1
53613 2
53614 9
53615 0
53616 9
53617 8
53618 7
53619 0
53620 4
53621 7
53622 0
53623 4
53624 2
53625 0
53626 4
53627 7
53628 4
53629 9
53630 5
53631 1
53632 2
53633 0
53634 2
53635 6
53636 2
53637 3
53638 6
53639 0
53640 9
53641 5
53642 7
53643 3
53644 3
53645 1
53646 0
53647 5
53648 5
53649 8
53650 7
53651 4
53652 5
53653 1
53654 2
53655 4
53656 4
53657 3
53658 3
53659 4
53660 4
53661 9
53662 7
53663 6
53664 8
53665 7
53666 7
53667 2
53668 9
53669 9
53670 4
53671 7
53672 0
53673 9
53674 8
53675 9
53676 3
53677 5
53678 8
53679 4
53680 2
53681 6
53682 6
53683 4
53684 9
53685 9
53686 8
53687 4
53688 6
53689 6
53690 6
53691 5
53692 2
53693 8
53694 1
53695 5
53696 5
53697 2
53698 1
53699 1
53700 2
53701 0
53702 7
53703 5
53704 6
53705 7
53706 0
53707 9
53708 5
53709 3
53710 4
53711 7
53712 4
53713 1
53714 5
53715 9
53716 8
53717 4
53718 8
53719 2
53720 8
53721 1
53722 2
53723 7
53724 4
53725 1
53726 4
53727 5
53728 3
53729 1
53730 7
53731 2
53732 6
53733 7
53734 2
53735 1
53736 2
53737 7
53738 4
53739 3
53740 6
53741 2
53742 8
53743 3
53744 2
53745 2
53746 0
53747 3
53748 3
53749 1
53750 1
53751 9
53752 1
53753 8
53754 2
53755 5
53756 7
53757 9
53758 1
53759 0
53760 0
53761 6
53762 9
53763 5
53764 0
53765 0
53766 9
53767 2
53768 7
53769 5
53770 0
53771 7
53772 0
53773 1
53774 9
53775 7
53776 5
53777 0
53778 8
53779 4
53780 1
53781 1
53782 2
53783 1
53784 3
53785 9
53786 7
53787 3
53788 7
53789 7
53790 5
53791 2
53792 5
53793 7
53794 9
53795 8
53796 7
53797 2
53798 7
53799 6
53800 9
53801 8
53802 1
53803 9
53804 5
53805 4
53806 7
53807 9
53808 9
53809 2
53810 7
53811 1
53812 4
53813 7
53814 4
53815 7
53816 8
53817 6
53818 7
53819 5
53820 2
53821 3
53822 9
53823 6
53824 3
53825 0
53826 8
53827 1
53828 1
53829 1
53830 3
53831 5
53832 7
53833 6
53834 5
53835 3
53836 6
53837 5
53838 2
53839 7
53840 3
53841 4
53842 3
53843 2
53844 3
53845 3
53846 6
53847 5
53848 1
53849 7
53850 0
53851 8
53852 7
53853 9
53854 4
53855 1
53856 3
53857 5
53858 2
53859 8
53860 5
53861 0
53862 2
53863 7
53864 3
53865 9
53866 9
53867 9
53868 6
53869 1
53870 6
53871 3
53872 7
53873 3
53874 6
53875 5
53876 9
53877 9
53878 9
53879 3
53880 8
53881 4
53882 1
53883 8
53884 5
53885 0
53886 1
53887 7
53888 0
53889 6
53890 3
53891 9
53892 7
53893 3
53894 5
53895 0
53896 1
53897 1
53898 7
53899 7
53900 4
53901 7
53902 8
53903 7
53904 6
53905 7
53906 7
53907 5
53908 7
53909 9
53910 8
53911 1
53912 6
53913 0
53914 1
53915 2
53916 3
53917 3
53918 1
53919 3
53920 1
53921 2
53922 4
53923 0
53924 8
53925 2
53926 3
53927 2
53928 7
53929 6
53930 9
53931 1
53932 3
53933 6
53934 9
53935 5
53936 8
53937 1
53938 5
53939 9
53940 0
53941 1
53942 0
53943 7
53944 4
53945 5
53946 0
53947 7
53948 7
53949 9
53950 1
53951 9
53952 7
53953 0
53954 3
53955 1
53956 3
53957 3
53958 8
53959 2
53960 9
53961 0
53962 0
53963 9
53964 0
53965 5
53966 5
53967 2
53968 1
53969 5
53970 7
53971 6
53972 5
53973 0
53974 0
53975 2
53976 6
53977 6
53978 1
53979 0
53980 7
53981 8
53982 2
53983 8
53984 9
53985 3
53986 7
53987 4
53988 1
53989 5
53990 0
53991 6
53992 5
53993 2
53994 9
53995 3
53996 0
53997 0
53998 5
53999 0
54000 0
54001 3
54002 1
54003 6
54004 1
54005 1
54006 1
54007 1
54008 1
54009 5
54010 5
54011 0
54012 4
54013 7
54014 9
54015 6
54016 6
54017 1
54018 8
54019 8
54020 8
54021 3
54022 5
54023 9
54024 6
54025 3
54026 8
54027 9
54028 1
54029 9
54030 7
54031 5
54032 7
54033 9
54034 9
54035 1
54036 0
54037 4
54038 9
54039 8
54040 3
54041 6
54042 3
54043 4
54044 3
54045 5
54046 0
54047 4
54048 2
54049 5
54050 0
54051 6
54052 6
54053 4
54054 3
54055 6
54056 4
54057 5
54058 4
54059 8
54060 7
54061 3
54062 6
54063 2
54064 6
54065 9
54066 3
54067 3
54068 6
54069 4
54070 0
54071 1
54072 2
54073 8
54074 3
54075 6
54076 0
54077 0
54078 9
54079 7
54080 0
54081 0
54082 8
54083 2
54084 1
54085 1
54086 8
54087 1
54088 8
54089 1
54090 9
54091 2
54092 5
54093 4
54094 3
54095 6
54096 8
54097 0
54098 2
54099 9
54100 8
54101 3
54102 9
54103 7
54104 2
54105 7
54106 6
54107 2
54108 5
54109 0
54110 5
54111 1
54112 5
54113 3
54114 3
54115 2
54116 3
54117 8
54118 9
54119 1
54120 0
54121 1
54122 3
54123 7
54124 6
54125 3
54126 2
54127 6
54128 9
54129 8
54130 3
54131 2
54132 7
54133 9
54134 0
54135 4
54136 5
54137 6
54138 6
54139 4
54140 2
54141 8
54142 6
54143 4
54144 6
54145 1
54146 1
54147 2
54148 3
54149 7
54150 8
54151 4
54152 0
54153 9
54154 7
54155 2
54156 5
54157 3
54158 8
54159 7
54160 5
54161 4
54162 8
54163 0
54164 2
54165 4
54166 0
54167 8
54168 6
54169 2
54170 7
54171 6
54172 6
54173 2
54174 8
54175 1
54176 9
54177 8
54178 5
54179 7
54180 4
54181 0
54182 1
54183 5
54184 7
54185 4
54186 3
54187 7
54188 3
54189 4
54190 6
54191 0
54192 9
54193 8
54194 3
54195 1
54196 5
54197 8
54198 6
54199 8
54200 5
54201 8
54202 3
54203 6
54204 5
54205 5
54206 0
54207 3
54208 2
54209 2
54210 8
54211 2
54212 6
54213 4
54214 3
54215 5
54216 6
54217 0
54218 9
54219 5
54220 4
54221 4
54222 7
54223 2
54224 8
54225 8
54226 7
54227 2
54228 1
54229 5
54230 6
54231 6
54232 1
54233 7
54234 9
54235 6
54236 5
54237 8
54238 5
54239 3
54240 3
54241 8
54242 3
54243 8
54244 6
54245 1
54246 1
54247 3
54248 7
54249 7
54250 6
54251 6
54252 0
54253 4
54254 3
54255 5
54256 6
54257 7
54258 8
54259 1
54260 7
54261 5
54262 1
54263 5
54264 4
54265 4
54266 8
54267 1
54268 0
54269 3
54270 5
54271 4
54272 5
54273 1
54274 8
54275 6
54276 6
54277 7
54278 4
54279 1
54280 1
54281 9
54282 3
54283 1
54284 9
54285 9
54286 4
54287 4
54288 0
54289 6
54290 8
54291 2
54292 0
54293 4
54294 2
54295 1
54296 5
54297 2
54298 1
54299 7
54300 4
54301 8
54302 0
54303 5
54304 4
54305 2
54306 1
54307 2
54308 7
54309 2
54310 7
54311 4
54312 3
54313 5
54314 8
54315 3
54316 4
54317 5
54318 6
54319 4
54320 6
54321 9
54322 2
54323 6
54324 9
54325 7
54326 8
54327 8
54328 2
54329 5
54330 5
54331 7
54332 1
54333 3
54334 6
54335 0
54336 1
54337 3
54338 0
54339 8
54340 9
54341 8
54342 8
54343 3
54344 9
54345 6
54346 9
54347 6
54348 5
54349 7
54350 3
54351 6
54352 3
54353 8
54354 3
54355 4
54356 7
54357 9
54358 4
54359 1
54360 6
54361 8
54362 9
54363 9
54364 9
54365 4
54366 4
54367 2
54368 4
54369 3
54370 5
54371 4
54372 3
54373 5
54374 5
54375 9
54376 7
54377 8
54378 3
54379 2
54380 1
54381 2
54382 3
54383 1
54384 8
54385 1
54386 2
54387 2
54388 6
54389 0
54390 7
54391 3
54392 8
54393 4
54394 2
54395 4
54396 9
54397 6
54398 1
54399 9
54400 4
54401 2
54402 0
54403 2
54404 1
54405 5
54406 6
54407 3
54408 2
54409 2
54410 4
54411 5
54412 3
54413 4
54414 3
54415 6
54416 3
54417 1
54418 7
54419 5
54420 9
54421 0
54422 2
54423 4
54424 8
54425 7
54426 6
54427 9
54428 4
54429 3
54430 9
54431 7
54432 8
54433 3
54434 5
54435 3
54436 8
54437 1
54438 0
54439 4
54440 1
54441 4
54442 9
54443 5
54444 5
54445 6
54446 1
54447 5
54448 6
54449 6
54450 5
54451 3
54452 8
54453 2
54454 2
54455 5
54456 6
54457 8
54458 6
54459 3
54460 5
54461 4
54462 7
54463 9
54464 2
54465 7
54466 5
54467 6
54468 3
54469 7
54470 8
54471 1
54472 8
54473 5
54474 7
54475 2
54476 4
54477 9
54478 8
54479 0
54480 1
54481 8
54482 5
54483 5
54484 8
54485 4
54486 5
54487 1
54488 0
54489 2
54490 9
54491 5
54492 4
54493 1
54494 9
54495 0
54496 2
54497 7
54498 8
54499 2
54500 6
54501 3
54502 7
54503 6
54504 7
54505 9
54506 6
54507 3
54508 6
54509 3
54510 5
54511 7
54512 7
54513 8
54514 4
54515 5
54516 4
54517 3
54518 4
54519 7
54520 4
54521 3
54522 8
54523 8
54524 8
54525 4
54526 0
54527 7
54528 6
54529 1
54530 9
54531 6
54532 2
54533 2
54534 9
54535 0
54536 3
54537 7
54538 4
54539 9
54540 8
54541 2
54542 9
54543 9
54544 9
54545 3
54546 7
54547 3
54548 3
54549 9
54550 6
54551 2
54552 7
54553 9
54554 7
54555 8
54556 6
54557 3
54558 5
54559 8
54560 3
54561 3
54562 6
54563 4
54564 0
54565 6
54566 6
54567 8
54568 5
54569 8
54570 8
54571 8
54572 7
54573 1
54574 9
54575 5
54576 2
54577 7
54578 4
54579 1
54580 1
54581 5
54582 8
54583 7
54584 4
54585 8
54586 0
54587 6
54588 2
54589 2
54590 1
54591 4
54592 2
54593 6
54594 6
54595 1
54596 9
54597 0
54598 9
54599 3
54600 0
54601 6
54602 5
54603 3
54604 2
54605 1
54606 7
54607 9
54608 8
54609 7
54610 9
54611 3
54612 5
54613 9
54614 3
54615 3
54616 3
54617 3
54618 7
54619 9
54620 3
54621 4
54622 5
54623 1
54624 1
54625 2
54626 9
54627 3
54628 7
54629 7
54630 6
54631 5
54632 5
54633 7
54634 2
54635 9
54636 2
54637 2
54638 2
54639 9
54640 7
54641 4
54642 1
54643 4
54644 1
54645 1
54646 4
54647 6
54648 5
54649 0
54650 8
54651 9
54652 3
54653 4
54654 5
54655 4
54656 4
54657 2
54658 3
54659 0
54660 3
54661 1
54662 9
54663 7
54664 0
54665 6
54666 9
54667 6
54668 9
54669 6
54670 5
54671 7
54672 9
54673 2
54674 5
54675 5
54676 6
54677 6
54678 6
54679 6
54680 1
54681 1
54682 9
54683 8
54684 4
54685 1
54686 4
54687 6
54688 9
54689 0
54690 6
54691 1
54692 7
54693 4
54694 2
54695 5
54696 8
54697 0
54698 7
54699 0
54700 6
54701 1
54702 5
54703 8
54704 2
54705 1
54706 6
54707 9
54708 8
54709 7
54710 1
54711 0
54712 7
54713 0
54714 4
54715 9
54716 4
54717 1
54718 1
54719 0
54720 5
54721 4
54722 9
54723 2
54724 2
54725 1
54726 2
54727 8
54728 8
54729 1
54730 1
54731 2
54732 8
54733 3
54734 0
54735 7
54736 3
54737 8
54738 1
54739 7
54740 5
54741 5
54742 2
54743 5
54744 1
54745 7
54746 8
54747 1
54748 8
54749 5
54750 4
54751 4
54752 4
54753 3
54754 7
54755 9
54756 2
54757 2
54758 7
54759 7
54760 8
54761 4
54762 2
54763 7
54764 4
54765 6
54766 4
54767 2
54768 7
54769 8
54770 8
54771 6
54772 2
54773 1
54774 4
54775 2
54776 9
54777 0
54778 6
54779 4
54780 9
54781 7
54782 1
54783 1
54784 0
54785 3
54786 6
54787 2
54788 4
54789 4
54790 9
54791 7
54792 3
54793 9
54794 6
54795 4
54796 3
54797 8
54798 5
54799 5
54800 5
54801 0
54802 2
54803 1
54804 2
54805 8
54806 4
54807 7
54808 3
54809 3
54810 5
54811 1
54812 6
54813 4
54814 6
54815 7
54816 8
54817 0
54818 5
54819 5
54820 9
54821 0
54822 2
54823 7
54824 5
54825 8
54826 1
54827 2
54828 6
54829 4
54830 3
54831 3
54832 7
54833 9
54834 2
54835 7
54836 8
54837 0
54838 8
54839 4
54840 7
54841 4
54842 4
54843 7
54844 8
54845 7
54846 6
54847 5
54848 7
54849 6
54850 9
54851 7
54852 5
54853 7
54854 3
54855 3
54856 1
54857 8
54858 6
54859 3
54860 8
54861 8
54862 5
54863 8
54864 1
54865 4
54866 7
54867 3
54868 4
54869 8
54870 9
54871 6
54872 4
54873 3
54874 9
54875 2
54876 0
54877 7
54878 0
54879 9
54880 2
54881 4
54882 3
54883 6
54884 7
54885 0
54886 3
54887 2
54888 1
54889 0
54890 2
54891 8
54892 7
54893 8
54894 4
54895 9
54896 8
54897 9
54898 4
54899 5
54900 2
54901 2
54902 3
54903 6
54904 5
54905 5
54906 6
54907 2
54908 4
54909 3
54910 2
54911 6
54912 3
54913 0
54914 8
54915 5
54916 1
54917 0
54918 8
54919 8
54920 8
54921 2
54922 9
54923 0
54924 6
54925 7
54926 7
54927 4
54928 6
54929 0
54930 7
54931 3
54932 5
54933 9
54934 2
54935 0
54936 3
54937 6
54938 5
54939 7
54940 4
54941 3
54942 2
54943 4
54944 6
54945 3
54946 5
54947 8
54948 6
54949 0
54950 8
54951 8
54952 0
54953 1
54954 7
54955 7
54956 7
54957 3
54958 9
54959 9
54960 9
54961 6
54962 7
54963 5
54964 5
54965 3
54966 1
54967 7
54968 1
54969 7
54970 4
54971 8
54972 9
54973 3
54974 1
54975 7
54976 4
54977 3
54978 6
54979 6
54980 7
54981 2
54982 0
54983 1
54984 0
54985 1
54986 8
54987 0
54988 1
54989 5
54990 8
54991 9
54992 7
54993 1
54994 5
54995 5
54996 9
54997 3
54998 7
54999 5
55000 5
55001 6
55002 1
55003 6
55004 6
55005 1
55006 6
55007 2
55008 9
55009 7
55010 7
55011 3
55012 9
55013 7
55014 1
55015 1
55016 2
55017 4
55018 7
55019 0
55020 1
55021 2
55022 7
55023 5
55024 2
55025 6
55026 0
55027 3
55028 2
55029 6
55030 5
55031 8
55032 2
55033 6
55034 1
55035 5
55036 2
55037 7
55038 5
55039 7
55040 7
55041 2
55042 4
55043 2
55044 9
55045 5
55046 7
55047 7
55048 0
55049 1
55050 0
55051 5
55052 7
55053 6
55054 2
55055 1
55056 8
55057 2
55058 6
55059 6
55060 1
55061 6
55062 5
55063 2
55064 0
55065 4
55066 6
55067 5
55068 3
55069 1
55070 5
55071 5
55072 3
55073 7
55074 2
55075 0
55076 2
55077 2
55078 8
55079 8
55080 9
55081 1
55082 2
55083 5
55084 3
55085 1
55086 3
55087 6
55088 4
55089 2
55090 7
55091 4
55092 9
55093 9
55094 6
55095 0
55096 7
55097 3
55098 1
55099 3
55100 5
55101 2
55102 8
55103 6
55104 1
55105 9
55106 8
55107 4
55108 2
55109 1
55110 0
55111 2
55112 2
55113 4
55114 3
55115 6
55116 2
55117 4
55118 4
55119 2
55120 6
55121 7
55122 1
55123 3
55124 5
55125 2
55126 3
55127 7
55128 4
55129 8
55130 1
55131 0
55132 6
55133 2
55134 2
55135 6
55136 1
55137 8
55138 3
55139 6
55140 5
55141 7
55142 0
55143 0
55144 7
55145 2
55146 1
55147 4
55148 0
55149 3
55150 6
55151 2
55152 1
55153 9
55154 7
55155 2
55156 0
55157 1
55158 5
55159 0
55160 8
55161 8
55162 8
55163 9
55164 1
55165 2
55166 8
55167 3
55168 3
55169 8
55170 9
55171 0
55172 7
55173 0
55174 9
55175 0
55176 1
55177 6
55178 6
55179 6
55180 2
55181 5
55182 1
55183 7
55184 3
55185 1
55186 7
55187 0
55188 4
55189 1
55190 9
55191 4
55192 5
55193 9
55194 7
55195 9
55196 3
55197 5
55198 3
55199 4
55200 8
55201 6
55202 3
55203 8
55204 8
55205 2
55206 9
55207 9
55208 1
55209 1
55210 4
55211 1
55212 3
55213 6
55214 7
55215 6
55216 6
55217 5
55218 5
55219 2
55220 0
55221 5
55222 6
55223 8
55224 0
55225 6
55226 8
55227 9
55228 0
55229 0
55230 9
55231 7
55232 8
55233 5
55234 1
55235 0
55236 2
55237 8
55238 8
55239 1
55240 0
55241 0
55242 7
55243 9
55244 3
55245 7
55246 0
55247 0
55248 8
55249 9
55250 6
55251 6
55252 1
55253 0
55254 7
55255 6
55256 9
55257 9
55258 4
55259 3
55260 0
55261 3
55262 3
55263 9
55264 5
55265 6
55266 9
55267 4
55268 6
55269 6
55270 7
55271 7
55272 8
55273 1
55274 5
55275 9
55276 5
55277 2
55278 5
55279 5
55280 4
55281 1
55282 0
55283 8
55284 6
55285 4
55286 1
55287 0
55288 5
55289 2
55290 9
55291 7
55292 7
55293 5
55294 1
55295 8
55296 5
55297 1
55298 5
55299 2
55300 1
55301 2
55302 1
55303 9
55304 9
55305 0
55306 0
55307 9
55308 1
55309 5
55310 4
55311 0
55312 1
55313 2
55314 9
55315 5
55316 1
55317 4
55318 6
55319 8
55320 4
55321 2
55322 5
55323 5
55324 6
55325 8
55326 2
55327 8
55328 0
55329 8
55330 4
55331 3
55332 1
55333 5
55334 0
55335 1
55336 2
55337 3
55338 5
55339 6
55340 1
55341 7
55342 5
55343 1
55344 1
55345 5
55346 6
55347 0
55348 3
55349 6
55350 7
55351 6
55352 3
55353 4
55354 8
55355 5
55356 9
55357 7
55358 7
55359 4
55360 8
55361 3
55362 9
55363 9
55364 8
55365 8
55366 7
55367 2
55368 7
55369 1
55370 2
55371 6
55372 0
55373 3
55374 8
55375 8
55376 5
55377 5
55378 7
55379 6
55380 5
55381 2
55382 2
55383 9
55384 3
55385 1
55386 5
55387 6
55388 2
55389 1
55390 4
55391 8
55392 5
55393 0
55394 9
55395 1
55396 3
55397 4
55398 6
55399 9
55400 6
55401 0
55402 2
55403 2
55404 7
55405 2
55406 5
55407 3
55408 8
55409 4
55410 9
55411 0
55412 3
55413 9
55414 2
55415 5
55416 8
55417 2
55418 2
55419 6
55420 4
55421 9
55422 0
55423 6
55424 3
55425 2
55426 7
55427 4
55428 2
55429 8
55430 3
55431 0
55432 6
55433 2
55434 1
55435 0
55436 6
55437 6
55438 5
55439 3
55440 9
55441 4
55442 2
55443 0
55444 4
55445 5
55446 1
55447 7
55448 5
55449 2
55450 1
55451 0
55452 4
55453 2
55454 9
55455 1
55456 7
55457 1
55458 0
55459 6
55460 3
55461 4
55462 0
55463 9
55464 9
55465 1
55466 9
55467 3
55468 9
55469 3
55470 2
55471 6
55472 0
55473 5
55474 7
55475 0
55476 5
55477 1
55478 5
55479 7
55480 2
55481 8
55482 1
55483 4
55484 6
55485 7
55486 0
55487 3
55488 4
55489 2
55490 5
55491 7
55492 7
55493 7
55494 1
55495 6
55496 1
55497 3
55498 8
55499 1
55500 3
55501 6
55502 4
55503 5
55504 9
55505 4
55506 4
55507 2
55508 0
55509 4
55510 6
55511 9
55512 6
55513 4
55514 2
55515 7
55516 0
55517 2
55518 8
55519 0
55520 5
55521 9
55522 0
55523 7
55524 7
55525 3
55526 4
55527 7
55528 2
55529 9
55530 4
55531 4
55532 4
55533 4
55534 4
55535 5
55536 6
55537 4
55538 0
55539 4
55540 2
55541 1
55542 2
55543 7
55544 3
55545 9
55546 2
55547 8
55548 8
55549 9
55550 6
55551 7
55552 1
55553 2
55554 5
55555 5
55556 5
55557 2
55558 2
55559 2
55560 3
55561 7
55562 7
55563 0
55564 9
55565 0
55566 1
55567 7
55568 2
55569 9
55570 3
55571 2
55572 5
55573 0
55574 2
55575 1
55576 1
55577 4
55578 7
55579 5
55580 8
55581 8
55582 6
55583 3
55584 0
55585 5
55586 7
55587 9
55588 5
55589 3
55590 6
55591 0
55592 2
55593 6
55594 1
55595 7
55596 3
55597 1
55598 4
55599 7
55600 9
55601 6
55602 4
55603 3
55604 5
55605 4
55606 7
55607 0
55608 1
55609 7
55610 0
55611 2
55612 7
55613 2
55614 5
55615 8
55616 3
55617 9
55618 4
55619 0
55620 2
55621 8
55622 4
55623 9
55624 5
55625 6
55626 9
55627 1
55628 2
55629 3
55630 7
55631 9
55632 5
55633 8
55634 1
55635 2
55636 3
55637 6
55638 1
55639 0
55640 7
55641 3
55642 9
55643 5
55644 6
55645 2
55646 6
55647 9
55648 7
55649 2
55650 2
55651 1
55652 3
55653 7
55654 0
55655 4
55656 8
55657 7
55658 1
55659 2
55660 5
55661 8
55662 4
55663 0
55664 8
55665 7
55666 1
55667 1
55668 5
55669 2
55670 5
55671 3
55672 7
55673 9
55674 5
55675 7
55676 9
55677 3
55678 3
55679 7
55680 2
55681 0
55682 5
55683 5
55684 0
55685 9
55686 7
55687 6
55688 6
55689 1
55690 8
55691 7
55692 3
55693 8
55694 0
55695 7
55696 6
55697 0
55698 4
55699 4
55700 6
55701 6
55702 2
55703 7
55704 5
55705 6
55706 2
55707 2
55708 2
55709 4
55710 4
55711 1
55712 9
55713 2
55714 2
55715 4
55716 2
55717 9
55718 4
55719 9
55720 0
55721 2
55722 4
55723 8
55724 6
55725 8
55726 7
55727 2
55728 0
55729 3
55730 5
55731 0
55732 7
55733 3
55734 3
55735 2
55736 4
55737 1
55738 6
55739 2
55740 7
55741 8
55742 8
55743 3
55744 8
55745 9
55746 9
55747 8
55748 9
55749 5
55750 4
55751 8
55752 8
55753 6
55754 8
55755 9
55756 0
55757 0
55758 0
55759 0
55760 4
55761 1
55762 5
55763 2
55764 7
55765 4
55766 3
55767 5
55768 2
55769 6
55770 5
55771 7
55772 3
55773 1
55774 5
55775 2
55776 2
55777 7
55778 8
55779 1
55780 8
55781 5
55782 5
55783 0
55784 3
55785 6
55786 0
55787 8
55788 9
55789 3
55790 7
55791 9
55792 3
55793 1
55794 0
55795 9
55796 6
55797 3
55798 1
55799 1
55800 1
55801 9
55802 3
55803 2
55804 7
55805 0
55806 6
55807 3
55808 8
55809 6
55810 1
55811 9
55812 3
55813 3
55814 9
55815 0
55816 7
55817 6
55818 3
55819 5
55820 4
55821 9
55822 2
55823 0
55824 6
55825 6
55826 0
55827 9
55828 6
55829 1
55830 7
55831 5
55832 0
55833 9
55834 9
55835 9
55836 1
55837 8
55838 5
55839 3
55840 9
55841 5
55842 3
55843 8
55844 2
55845 8
55846 2
55847 4
55848 6
55849 8
55850 8
55851 0
55852 6
55853 7
55854 8
55855 7
55856 6
55857 3
55858 4
55859 7
55860 0
55861 4
55862 9
55863 1
55864 1
55865 3
55866 2
55867 2
55868 4
55869 9
55870 9
55871 9
55872 3
55873 1
55874 2
55875 8
55876 6
55877 7
55878 4
55879 7
55880 7
55881 1
55882 1
55883 1
55884 8
55885 0
55886 4
55887 1
55888 2
55889 9
55890 8
55891 5
55892 6
55893 9
55894 1
55895 0
55896 8
55897 7
55898 0
55899 6
55900 9
55901 0
55902 9
55903 4
55904 2
55905 7
55906 8
55907 9
55908 1
55909 4
55910 4
55911 9
55912 3
55913 1
55914 9
55915 3
55916 9
55917 7
55918 1
55919 6
55920 0
55921 9
55922 8
55923 4
55924 4
55925 7
55926 3
55927 3
55928 0
55929 3
55930 4
55931 2
55932 8
55933 3
55934 0
55935 7
55936 6
55937 1
55938 5
55939 1
55940 4
55941 2
55942 9
55943 4
55944 6
55945 0
55946 4
55947 4
55948 5
55949 2
55950 5
55951 3
55952 8
55953 7
55954 6
55955 0
55956 2
55957 2
55958 3
55959 0
55960 8
55961 3
55962 0
55963 6
55964 7
55965 9
55966 9
55967 6
55968 3
55969 1
55970 9
55971 8
55972 0
55973 4
55974 6
55975 8
55976 1
55977 0
55978 1
55979 3
55980 2
55981 5
55982 1
55983 4
55984 0
55985 8
55986 3
55987 9
55988 1
55989 9
55990 3
55991 5
55992 1
55993 5
55994 0
55995 5
55996 8
55997 6
55998 6
55999 9
56000 5
56001 2
56002 8
56003 2
56004 9
56005 9
56006 4
56007 0
56008 7
56009 3
56010 2
56011 3
56012 1
56013 7
56014 8
56015 6
56016 7
56017 9
56018 4
56019 9
56020 0
56021 4
56022 5
56023 9
56024 9
56025 7
56026 8
56027 6
56028 7
56029 6
56030 3
56031 0
56032 6
56033 3
56034 6
56035 7
56036 4
56037 8
56038 4
56039 3
56040 5
56041 1
56042 8
56043 1
56044 6
56045 0
56046 8
56047 3
56048 8
56049 2
56050 4
56051 8
56052 0
56053 7
56054 6
56055 9
56056 9
56057 0
56058 0
56059 9
56060 7
56061 3
56062 2
56063 5
56064 5
56065 7
56066 3
56067 3
56068 8
56069 7
56070 8
56071 8
56072 5
56073 3
56074 6
56075 8
56076 9
56077 9
56078 0
56079 0
56080 5
56081 2
56082 3
56083 0
56084 6
56085 1
56086 3
56087 8
56088 3
56089 5
56090 6
56091 5
56092 0
56093 9
56094 9
56095 6
56096 1
56097 2
56098 0
56099 5
56100 1
56101 5
56102 9
56103 9
56104 8
56105 6
56106 4
56107 5
56108 5
56109 5
56110 6
56111 2
56112 8
56113 1
56114 5
56115 7
56116 5
56117 7
56118 4
56119 8
56120 9
56121 8
56122 5
56123 8
56124 9
56125 0
56126 9
56127 9
56128 3
56129 2
56130 0
56131 3
56132 2
56133 1
56134 3
56135 7
56136 7
56137 5
56138 4
56139 0
56140 3
56141 1
56142 6
56143 8
56144 5
56145 5
56146 7
56147 4
56148 0
56149 9
56150 8
56151 8
56152 8
56153 1
56154 3
56155 6
56156 7
56157 1
56158 3
56159 7
56160 1
56161 7
56162 0
56163 5
56164 7
56165 0
56166 5
56167 5
56168 1
56169 3
56170 9
56171 5
56172 2
56173 0
56174 5
56175 7
56176 4
56177 7
56178 0
56179 8
56180 7
56181 6
56182 2
56183 3
56184 3
56185 1
56186 7
56187 3
56188 7
56189 4
56190 3
56191 9
56192 8
56193 4
56194 1
56195 8
56196 1
56197 3
56198 6
56199 2
56200 0
56201 5
56202 2
56203 8
56204 3
56205 5
56206 8
56207 5
56208 2
56209 0
56210 9
56211 2
56212 8
56213 7
56214 6
56215 6
56216 1
56217 0
56218 4
56219 8
56220 1
56221 4
56222 7
56223 9
56224 0
56225 7
56226 4
56227 5
56228 1
56229 8
56230 3
56231 2
56232 6
56233 3
56234 7
56235 9
56236 3
56237 3
56238 9
56239 1
56240 0
56241 1
56242 9
56243 9
56244 9
56245 5
56246 9
56247 5
56248 5
56249 0
56250 3
56251 6
56252 9
56253 5
56254 1
56255 4
56256 9
56257 8
56258 8
56259 1
56260 6
56261 4
56262 5
56263 8
56264 8
56265 5
56266 3
56267 4
56268 1
56269 0
56270 9
56271 5
56272 5
56273 0
56274 9
56275 9
56276 1
56277 6
56278 7
56279 1
56280 9
56281 3
56282 9
56283 4
56284 4
56285 0
56286 0
56287 4
56288 3
56289 3
56290 1
56291 4
56292 4
56293 9
56294 0
56295 0
56296 3
56297 2
56298 9
56299 9
56300 3
56301 7
56302 2
56303 8
56304 4
56305 9
56306 8
56307 4
56308 9
56309 4
56310 6
56311 2
56312 7
56313 7
56314 4
56315 9
56316 4
56317 3
56318 7
56319 4
56320 6
56321 4
56322 0
56323 7
56324 8
56325 2
56326 0
56327 2
56328 5
56329 1
56330 9
56331 3
56332 3
56333 7
56334 8
56335 2
56336 4
56337 7
56338 2
56339 2
56340 3
56341 9
56342 7
56343 6
56344 2
56345 8
56346 5
56347 4
56348 6
56349 4
56350 3
56351 4
56352 4
56353 1
56354 1
56355 5
56356 7
56357 4
56358 3
56359 4
56360 8
56361 3
56362 7
56363 3
56364 8
56365 2
56366 8
56367 9
56368 2
56369 8
56370 3
56371 3
56372 8
56373 3
56374 0
56375 1
56376 1
56377 1
56378 8
56379 8
56380 8
56381 5
56382 7
56383 7
56384 2
56385 4
56386 2
56387 1
56388 1
56389 6
56390 5
56391 3
56392 3
56393 8
56394 5
56395 5
56396 8
56397 9
56398 8
56399 2
56400 3
56401 7
56402 9
56403 5
56404 8
56405 1
56406 6
56407 5
56408 3
56409 2
56410 4
56411 4
56412 5
56413 4
56414 9
56415 7
56416 4
56417 0
56418 6
56419 7
56420 6
56421 1
56422 4
56423 2
56424 5
56425 8
56426 0
56427 6
56428 5
56429 4
56430 5
56431 3
56432 6
56433 6
56434 9
56435 6
56436 0
56437 3
56438 2
56439 0
56440 3
56441 4
56442 6
56443 3
56444 8
56445 5
56446 8
56447 4
56448 8
56449 9
56450 3
56451 9
56452 5
56453 6
56454 1
56455 3
56456 2
56457 9
56458 7
56459 2
56460 1
56461 3
56462 1
56463 9
56464 9
56465 0
56466 7
56467 2
56468 2
56469 0
56470 5
56471 7
56472 3
56473 6
56474 0
56475 0
56476 7
56477 9
56478 6
56479 5
56480 1
56481 7
56482 5
56483 0
56484 9
56485 8
56486 1
56487 9
56488 1
56489 7
56490 1
56491 1
56492 6
56493 7
56494 8
56495 7
56496 0
56497 8
56498 3
56499 4
56500 3
56501 9
56502 3
56503 5
56504 2
56505 0
56506 6
56507 9
56508 7
56509 1
56510 8
56511 0
56512 2
56513 2
56514 2
56515 9
56516 2
56517 6
56518 8
56519 7
56520 0
56521 6
56522 9
56523 5
56524 9
56525 5
56526 7
56527 8
56528 2
56529 0
56530 6
56531 3
56532 5
56533 3
56534 0
56535 9
56536 1
56537 4
56538 6
56539 5
56540 2
56541 1
56542 4
56543 7
56544 9
56545 1
56546 8
56547 4
56548 3
56549 4
56550 0
56551 6
56552 4
56553 8
56554 1
56555 6
56556 3
56557 3
56558 8
56559 6
56560 4
56561 7
56562 0
56563 3
56564 7
56565 8
56566 8
56567 7
56568 7
56569 7
56570 8
56571 0
56572 9
56573 9
56574 4
56575 0
56576 0
56577 3
56578 1
56579 5
56580 4
56581 7
56582 9
56583 7
56584 4
56585 9
56586 5
56587 9
56588 6
56589 5
56590 5
56591 8
56592 8
56593 7
56594 8
56595 5
56596 0
56597 6
56598 3
56599 2
56600 1
56601 9
56602 4
56603 4
56604 7
56605 7
56606 2
56607 3
56608 9
56609 5
56610 2
56611 7
56612 6
56613 0
56614 2
56615 6
56616 5
56617 2
56618 9
56619 9
56620 3
56621 6
56622 5
56623 0
56624 0
56625 2
56626 2
56627 4
56628 9
56629 6
56630 8
56631 6
56632 7
56633 7
56634 6
56635 8
56636 5
56637 7
56638 1
56639 4
56640 7
56641 8
56642 0
56643 0
56644 8
56645 5
56646 2
56647 4
56648 8
56649 6
56650 7
56651 1
56652 6
56653 3
56654 3
56655 5
56656 6
56657 7
56658 2
56659 9
56660 3
56661 1
56662 4
56663 4
56664 2
56665 1
56666 2
56667 6
56668 2
56669 7
56670 7
56671 5
56672 7
56673 5
56674 4
56675 9
56676 6
56677 0
56678 8
56679 5
56680 9
56681 8
56682 1
56683 7
56684 1
56685 5
56686 2
56687 8
56688 8
56689 1
56690 5
56691 5
56692 9
56693 3
56694 3
56695 3
56696 7
56697 1
56698 0
56699 5
56700 4
56701 9
56702 8
56703 3
56704 7
56705 8
56706 2
56707 4
56708 7
56709 6
56710 5
56711 7
56712 8
56713 5
56714 0
56715 6
56716 0
56717 3
56718 4
56719 5
56720 3
56721 5
56722 3
56723 4
56724 5
56725 7
56726 6
56727 9
56728 0
56729 5
56730 2
56731 2
56732 4
56733 3
56734 2
56735 2
56736 6
56737 8
56738 7
56739 6
56740 7
56741 4
56742 2
56743 9
56744 4
56745 1
56746 4
56747 1
56748 6
56749 6
56750 4
56751 6
56752 2
56753 3
56754 0
56755 6
56756 6
56757 7
56758 8
56759 7
56760 5
56761 4
56762 5
56763 1
56764 1
56765 0
56766 1
56767 1
56768 3
56769 6
56770 5
56771 8
56772 0
56773 7
56774 6
56775 1
56776 1
56777 1
56778 9
56779 3
56780 1
56781 4
56782 3
56783 9
56784 7
56785 7
56786 7
56787 1
56788 4
56789 0
56790 0
56791 8
56792 4
56793 5
56794 0
56795 6
56796 6
56797 3
56798 4
56799 9
56800 2
56801 7
56802 6
56803 5
56804 3
56805 9
56806 6
56807 7
56808 1
56809 8
56810 7
56811 8
56812 1
56813 0
56814 2
56815 1
56816 7
56817 1
56818 0
56819 0
56820 7
56821 1
56822 8
56823 3
56824 6
56825 0
56826 2
56827 7
56828 3
56829 8
56830 1
56831 9
56832 3
56833 9
56834 4
56835 3
56836 4
56837 9
56838 6
56839 2
56840 0
56841 1
56842 1
56843 5
56844 4
56845 7
56846 8
56847 5
56848 0
56849 2
56850 2
56851 7
56852 2
56853 8
56854 6
56855 9
56856 3
56857 2
56858 4
56859 0
56860 7
56861 5
56862 5
56863 2
56864 6
56865 3
56866 0
56867 6
56868 3
56869 9
56870 7
56871 1
56872 1
56873 8
56874 6
56875 9
56876 7
56877 1
56878 1
56879 5
56880 1
56881 0
56882 1
56883 9
56884 1
56885 7
56886 0
56887 4
56888 3
56889 5
56890 7
56891 5
56892 4
56893 8
56894 5
56895 8
56896 4
56897 9
56898 6
56899 6
56900 2
56901 3
56902 2
56903 8
56904 4
56905 2
56906 3
56907 0
56908 9
56909 4
56910 3
56911 6
56912 3
56913 4
56914 2
56915 4
56916 4
56917 6
56918 7
56919 5
56920 0
56921 1
56922 1
56923 2
56924 4
56925 6
56926 5
56927 2
56928 8
56929 7
56930 2
56931 1
56932 0
56933 4
56934 5
56935 1
56936 6
56937 3
56938 8
56939 0
56940 1
56941 9
56942 1
56943 7
56944 1
56945 2
56946 9
56947 4
56948 2
56949 8
56950 9
56951 2
56952 6
56953 0
56954 2
56955 3
56956 2
56957 0
56958 2
56959 9
56960 1
56961 9
56962 5
56963 4
56964 4
56965 9
56966 9
56967 2
56968 1
56969 8
56970 9
56971 9
56972 2
56973 1
56974 8
56975 8
56976 9
56977 5
56978 5
56979 2
56980 7
56981 4
56982 1
56983 4
56984 5
56985 5
56986 4
56987 0
56988 7
56989 2
56990 3
56991 8
56992 0
56993 9
56994 4
56995 4
56996 2
56997 4
56998 9
56999 1
57000 4
57001 0
57002 6
57003 7
57004 2
57005 8
57006 7
57007 0
57008 7
57009 7
57010 3
57011 3
57012 9
57013 2
57014 8
57015 5
57016 1
57017 5
57018 3
57019 1
57020 3
57021 8
57022 7
57023 3
57024 4
57025 1
57026 4
57027 4
57028 0
57029 6
57030 8
57031 3
57032 6
57033 7
57034 7
57035 0
57036 7
57037 6
57038 6
57039 7
57040 5
57041 2
57042 7
57043 6
57044 9
57045 4
57046 3
57047 1
57048 6
57049 7
57050 8
57051 8
57052 7
57053 7
57054 1
57055 4
57056 7
57057 9
57058 9
57059 5
57060 6
57061 4
57062 4
57063 4
57064 5
57065 2
57066 8
57067 4
57068 2
57069 4
57070 3
57071 3
57072 9
57073 5
57074 5
57075 2
57076 3
57077 3
57078 3
57079 4
57080 7
57081 7
57082 8
57083 3
57084 0
57085 8
57086 6
57087 6
57088 0
57089 6
57090 7
57091 9
57092 9
57093 4
57094 8
57095 9
57096 2
57097 8
57098 0
57099 0
57100 3
57101 5
57102 7
57103 8
57104 3
57105 6
57106 3
57107 2
57108 5
57109 0
57110 9
57111 5
57112 6
57113 8
57114 5
57115 2
57116 0
57117 2
57118 3
57119 1
57120 0
57121 6
57122 2
57123 4
57124 1
57125 6
57126 9
57127 3
57128 7
57129 2
57130 5
57131 5
57132 4
57133 3
57134 6
57135 8
57136 5
57137 5
57138 4
57139 5
57140 3
57141 6
57142 5
57143 5
57144 6
57145 3
57146 9
57147 9
57148 5
57149 3
57150 1
57151 8
57152 1
57153 1
57154 1
57155 0
57156 5
57157 0
57158 7
57159 0
57160 2
57161 1
57162 0
57163 9
57164 4
57165 1
57166 9
57167 4
57168 1
57169 5
57170 3
57171 8
57172 5
57173 5
57174 4
57175 1
57176 6
57177 4
57178 3
57179 5
57180 9
57181 6
57182 7
57183 1
57184 5
57185 7
57186 0
57187 9
57188 2
57189 4
57190 0
57191 5
57192 3
57193 3
57194 1
57195 2
57196 9
57197 1
57198 8
57199 2
57200 4
57201 9
57202 6
57203 0
57204 4
57205 4
57206 4
57207 8
57208 5
57209 5
57210 6
57211 2
57212 0
57213 0
57214 2
57215 4
57216 8
57217 8
57218 4
57219 5
57220 5
57221 8
57222 0
57223 4
57224 2
57225 6
57226 4
57227 3
57228 5
57229 3
57230 7
57231 4
57232 7
57233 6
57234 0
57235 0
57236 1
57237 5
57238 3
57239 5
57240 7
57241 5
57242 7
57243 3
57244 4
57245 5
57246 9
57247 4
57248 9
57249 0
57250 0
57251 2
57252 9
57253 9
57254 0
57255 6
57256 8
57257 4
57258 7
57259 7
57260 5
57261 6
57262 3
57263 8
57264 7
57265 7
57266 9
57267 9
57268 5
57269 6
57270 3
57271 1
57272 5
57273 9
57274 9
57275 6
57276 9
57277 9
57278 2
57279 3
57280 8
57281 3
57282 8
57283 6
57284 0
57285 4
57286 4
57287 1
57288 1
57289 5
57290 4
57291 2
57292 7
57293 6
57294 4
57295 6
57296 5
57297 7
57298 8
57299 1
57300 6
57301 6
57302 3
57303 6
57304 4
57305 5
57306 2
57307 8
57308 2
57309 2
57310 0
57311 1
57312 8
57313 1
57314 9
57315 3
57316 4
57317 4
57318 1
57319 8
57320 5
57321 9
57322 9
57323 6
57324 2
57325 6
57326 7
57327 4
57328 0
57329 8
57330 2
57331 0
57332 7
57333 5
57334 7
57335 8
57336 8
57337 3
57338 1
57339 0
57340 0
57341 8
57342 9
57343 1
57344 4
57345 7
57346 6
57347 4
57348 4
57349 7
57350 9
57351 4
57352 0
57353 8
57354 2
57355 5
57356 0
57357 0
57358 8
57359 4
57360 0
57361 0
57362 3
57363 4
57364 0
57365 1
57366 0
57367 8
57368 2
57369 3
57370 6
57371 4
57372 0
57373 5
57374 6
57375 7
57376 2
57377 9
57378 0
57379 1
57380 0
57381 2
57382 2
57383 5
57384 6
57385 6
57386 4
57387 6
57388 4
57389 6
57390 1
57391 8
57392 9
57393 8
57394 8
57395 5
57396 8
57397 8
57398 5
57399 2
57400 4
57401 2
57402 3
57403 7
57404 6
57405 0
57406 2
57407 0
57408 4
57409 2
57410 3
57411 4
57412 2
57413 2
57414 8
57415 7
57416 9
57417 6
57418 3
57419 4
57420 0
57421 2
57422 7
57423 8
57424 1
57425 7
57426 6
57427 9
57428 1
57429 7
57430 7
57431 4
57432 3
57433 8
57434 1
57435 7
57436 8
57437 8
57438 6
57439 5
57440 1
57441 5
57442 5
57443 2
57444 4
57445 3
57446 2
57447 0
57448 5
57449 6
57450 4
57451 9
57452 0
57453 8
57454 5
57455 5
57456 3
57457 9
57458 8
57459 3
57460 9
57461 2
57462 0
57463 3
57464 3
57465 0
57466 5
57467 9
57468 0
57469 3
57470 3
57471 1
57472 6
57473 7
57474 0
57475 4
57476 3
57477 3
57478 6
57479 9
57480 0
57481 9
57482 5
57483 2
57484 0
57485 5
57486 7
57487 0
57488 6
57489 5
57490 0
57491 5
57492 3
57493 2
57494 4
57495 4
57496 3
57497 7
57498 5
57499 9
57500 4
57501 6
57502 2
57503 7
57504 4
57505 1
57506 5
57507 7
57508 7
57509 4
57510 0
57511 7
57512 1
57513 6
57514 0
57515 0
57516 3
57517 3
57518 9
57519 7
57520 3
57521 6
57522 1
57523 6
57524 2
57525 8
57526 6
57527 6
57528 6
57529 8
57530 9
57531 4
57532 0
57533 0
57534 6
57535 5
57536 1
57537 0
57538 8
57539 3
57540 6
57541 7
57542 2
57543 2
57544 0
57545 3
57546 8
57547 3
57548 9
57549 5
57550 6
57551 1
57552 1
57553 7
57554 1
57555 9
57556 5
57557 3
57558 5
57559 8
57560 8
57561 9
57562 1
57563 2
57564 4
57565 5
57566 9
57567 1
57568 3
57569 8
57570 0
57571 5
57572 4
57573 8
57574 5
57575 1
57576 9
57577 2
57578 5
57579 9
57580 5
57581 8
57582 9
57583 7
57584 3
57585 5
57586 8
57587 0
57588 9
57589 7
57590 3
57591 8
57592 4
57593 7
57594 9
57595 4
57596 7
57597 6
57598 8
57599 6
57600 7
57601 4
57602 3
57603 3
57604 8
57605 1
57606 8
57607 1
57608 1
57609 8
57610 8
57611 5
57612 0
57613 0
57614 0
57615 3
57616 2
57617 8
57618 4
57619 5
57620 4
57621 0
57622 7
57623 0
57624 4
57625 3
57626 5
57627 3
57628 9
57629 0
57630 2
57631 4
57632 4
57633 4
57634 1
57635 9
57636 4
57637 8
57638 9
57639 2
57640 8
57641 1
57642 7
57643 3
57644 3
57645 8
57646 0
57647 7
57648 8
57649 6
57650 7
57651 2
57652 7
57653 8
57654 7
57655 8
57656 0
57657 0
57658 2
57659 2
57660 5
57661 9
57662 4
57663 8
57664 0
57665 8
57666 4
57667 9
57668 5
57669 7
57670 1
57671 2
57672 5
57673 6
57674 3
57675 1
57676 4
57677 5
57678 3
57679 9
57680 5
57681 6
57682 3
57683 4
57684 0
57685 2
57686 6
57687 2
57688 5
57689 2
57690 5
57691 6
57692 9
57693 7
57694 1
57695 7
57696 5
57697 0
57698 6
57699 4
57700 0
57701 3
57702 3
57703 3
57704 4
57705 5
57706 8
57707 7
57708 1
57709 2
57710 4
57711 9
57712 6
57713 5
57714 0
57715 6
57716 3
57717 9
57718 3
57719 7
57720 4
57721 7
57722 9
57723 8
57724 1
57725 0
57726 7
57727 9
57728 0
57729 1
57730 4
57731 0
57732 2
57733 0
57734 7
57735 6
57736 7
57737 0
57738 2
57739 8
57740 1
57741 7
57742 2
57743 5
57744 2
57745 3
57746 2
57747 9
57748 9
57749 4
57750 1
57751 1
57752 9
57753 8
57754 3
57755 8
57756 3
57757 0
57758 0
57759 2
57760 3
57761 4
57762 8
57763 5
57764 7
57765 5
57766 7
57767 5
57768 6
57769 1
57770 2
57771 7
57772 1
57773 0
57774 9
57775 5
57776 2
57777 8
57778 6
57779 8
57780 4
57781 4
57782 5
57783 1
57784 9
57785 2
57786 2
57787 6
57788 6
57789 2
57790 8
57791 4
57792 3
57793 9
57794 3
57795 5
57796 5
57797 2
57798 2
57799 3
57800 1
57801 2
57802 4
57803 7
57804 8
57805 1
57806 9
57807 3
57808 3
57809 8
57810 3
57811 9
57812 9
57813 6
57814 7
57815 8
57816 9
57817 3
57818 4
57819 2
57820 6
57821 2
57822 2
57823 8
57824 9
57825 5
57826 7
57827 8
57828 2
57829 6
57830 5
57831 4
57832 4
57833 2
57834 6
57835 1
57836 3
57837 4
57838 2
57839 2
57840 7
57841 2
57842 8
57843 8
57844 5
57845 4
57846 2
57847 0
57848 5
57849 5
57850 7
57851 8
57852 4
57853 7
57854 5
57855 7
57856 1
57857 5
57858 9
57859 0
57860 7
57861 3
57862 1
57863 6
57864 6
57865 5
57866 4
57867 2
57868 0
57869 7
57870 1
57871 5
57872 7
57873 2
57874 1
57875 4
57876 1
57877 8
57878 6
57879 4
57880 4
57881 6
57882 6
57883 3
57884 2
57885 3
57886 6
57887 0
57888 6
57889 2
57890 4
57891 9
57892 3
57893 9
57894 9
57895 4
57896 6
57897 1
57898 1
57899 1
57900 2
57901 4
57902 4
57903 1
57904 2
57905 8
57906 9
57907 1
57908 4
57909 2
57910 3
57911 1
57912 2
57913 8
57914 0
57915 3
57916 7
57917 4
57918 6
57919 7
57920 9
57921 4
57922 6
57923 1
57924 6
57925 5
57926 9
57927 5
57928 9
57929 0
57930 4
57931 3
57932 0
57933 0
57934 3
57935 0
57936 2
57937 4
57938 0
57939 6
57940 9
57941 8
57942 7
57943 6
57944 8
57945 7
57946 5
57947 4
57948 1
57949 6
57950 8
57951 3
57952 2
57953 5
57954 8
57955 5
57956 4
57957 3
57958 7
57959 7
57960 1
57961 5
57962 8
57963 3
57964 3
57965 2
57966 4
57967 9
57968 0
57969 2
57970 6
57971 2
57972 2
57973 7
57974 4
57975 2
57976 9
57977 3
57978 5
57979 9
57980 5
57981 0
57982 9
57983 7
57984 1
57985 2
57986 5
57987 0
57988 3
57989 1
57990 3
57991 9
57992 7
57993 5
57994 2
57995 9
57996 9
57997 3
57998 0
57999 8
58000 7
58001 4
58002 6
58003 0
58004 0
58005 6
58006 4
58007 2
58008 3
58009 1
58010 7
58011 4
58012 8
58013 4
58014 5
58015 0
58016 9
58017 7
58018 1
58019 1
58020 9
58021 1
58022 6
58023 4
58024 8
58025 5
58026 6
58027 9
58028 0
58029 1
58030 4
58031 9
58032 9
58033 7
58034 5
58035 3
58036 4
58037 1
58038 1
58039 6
58040 9
58041 0
58042 6
58043 2
58044 0
58045 9
58046 5
58047 2
58048 8
58049 3
58050 1
58051 3
58052 3
58053 0
58054 5
58055 0
58056 0
58057 5
58058 7
58059 3
58060 6
58061 4
58062 1
58063 6
58064 5
58065 1
58066 3
58067 9
58068 2
58069 0
58070 7
58071 1
58072 8
58073 7
58074 7
58075 7
58076 0
58077 1
58078 6
58079 9
58080 6
58081 8
58082 3
58083 7
58084 7
58085 9
58086 0
58087 6
58088 8
58089 2
58090 1
58091 4
58092 9
58093 1
58094 2
58095 2
58096 1
58097 8
58098 8
58099 5
58100 0
58101 9
58102 8
58103 3
58104 1
58105 2
58106 1
58107 1
58108 3
58109 9
58110 9
58111 3
58112 4
58113 5
58114 5
58115 6
58116 1
58117 6
58118 8
58119 1
58120 2
58121 0
58122 6
58123 5
58124 1
58125 7
58126 2
58127 4
58128 5
58129 1
58130 3
58131 3
58132 7
58133 5
58134 5
58135 5
58136 1
58137 8
58138 2
58139 6
58140 9
58141 7
58142 9
58143 5
58144 6
58145 8
58146 7
58147 1
58148 4
58149 4
58150 4
58151 4
58152 1
58153 5
58154 9
58155 6
58156 0
58157 5
58158 8
58159 1
58160 5
58161 3
58162 9
58163 1
58164 2
58165 4
58166 9
58167 2
58168 4
58169 2
58170 7
58171 8
58172 9
58173 0
58174 9
58175 0
58176 5
58177 7
58178 3
58179 5
58180 0
58181 5
58182 3
58183 3
58184 3
58185 8
58186 6
58187 7
58188 6
58189 8
58190 6
58191 6
58192 5
58193 3
58194 2
58195 3
58196 9
58197 3
58198 0
58199 5
58200 7
58201 8
58202 0
58203 5
58204 5
58205 9
58206 4
58207 2
58208 8
58209 4
58210 3
58211 2
58212 5
58213 8
58214 2
58215 2
58216 2
58217 6
58218 9
58219 3
58220 8
58221 7
58222 7
58223 2
58224 2
58225 2
58226 2
58227 0
58228 3
58229 4
58230 5
58231 8
58232 8
58233 4
58234 7
58235 1
58236 6
58237 2
58238 9
58239 7
58240 1
58241 5
58242 3
58243 8
58244 6
58245 9
58246 3
58247 2
58248 7
58249 3
58250 2
58251 3
58252 8
58253 9
58254 9
58255 2
58256 4
58257 5
58258 4
58259 5
58260 3
58261 3
58262 6
58263 3
58264 3
58265 4
58266 8
58267 9
58268 3
58269 2
58270 7
58271 3
58272 5
58273 5
58274 1
58275 7
58276 1
58277 9
58278 0
58279 6
58280 9
58281 2
58282 0
58283 2
58284 8
58285 1
58286 5
58287 3
58288 2
58289 8
58290 1
58291 7
58292 8
58293 8
58294 2
58295 0
58296 7
58297 4
58298 1
58299 9
58300 2
58301 6
58302 5
58303 3
58304 0
58305 1
58306 8
58307 0
58308 9
58309 7
58310 1
58311 2
58312 5
58313 4
58314 7
58315 3
58316 2
58317 9
58318 2
58319 8
58320 5
58321 7
58322 7
58323 5
58324 2
58325 6
58326 4
58327 7
58328 2
58329 1
58330 3
58331 8
58332 8
58333 3
58334 4
58335 0
58336 4
58337 3
58338 8
58339 2
58340 5
58341 1
58342 9
58343 3
58344 5
58345 7
58346 4
58347 6
58348 6
58349 7
58350 4
58351 5
58352 4
58353 7
58354 8
58355 5
58356 5
58357 4
58358 8
58359 0
58360 0
58361 2
58362 3
58363 1
58364 0
58365 0
58366 8
58367 4
58368 2
58369 8
58370 0
58371 7
58372 1
58373 9
58374 7
58375 0
58376 1
58377 0
58378 1
58379 4
58380 6
58381 6
58382 6
58383 2
58384 7
58385 6
58386 0
58387 2
58388 8
58389 6
58390 5
58391 7
58392 5
58393 9
58394 8
58395 4
58396 9
58397 3
58398 3
58399 0
58400 4
58401 3
58402 6
58403 4
58404 6
58405 7
58406 7
58407 3
58408 1
58409 3
58410 9
58411 8
58412 1
58413 5
58414 1
58415 8
58416 6
58417 6
58418 6
58419 7
58420 8
58421 0
58422 9
58423 6
58424 1
58425 9
58426 2
58427 0
58428 0
58429 6
58430 3
58431 3
58432 5
58433 9
58434 6
58435 3
58436 9
58437 6
58438 3
58439 5
58440 9
58441 9
58442 4
58443 5
58444 5
58445 5
58446 9
58447 1
58448 2
58449 5
58450 8
58451 6
58452 5
58453 4
58454 8
58455 8
58456 3
58457 7
58458 8
58459 9
58460 3
58461 4
58462 9
58463 7
58464 5
58465 3
58466 0
58467 4
58468 4
58469 1
58470 9
58471 4
58472 7
58473 5
58474 3
58475 0
58476 9
58477 1
58478 0
58479 3
58480 7
58481 0
58482 4
58483 5
58484 4
58485 0
58486 6
58487 1
58488 7
58489 2
58490 4
58491 2
58492 8
58493 8
58494 9
58495 3
58496 2
58497 3
58498 1
58499 4
58500 2
58501 1
58502 3
58503 0
58504 4
58505 7
58506 3
58507 7
58508 6
58509 5
58510 6
58511 7
58512 2
58513 3
58514 8
58515 1
58516 7
58517 0
58518 9
58519 1
58520 6
58521 4
58522 5
58523 1
58524 1
58525 1
58526 5
58527 2
58528 0
58529 9
58530 4
58531 3
58532 0
58533 0
58534 7
58535 1
58536 1
58537 1
58538 6
58539 7
58540 7
58541 9
58542 2
58543 1
58544 5
58545 9
58546 7
58547 7
58548 4
58549 1
58550 5
58551 4
58552 0
58553 0
58554 5
58555 8
58556 9
58557 5
58558 2
58559 8
58560 0
58561 5
58562 6
58563 1
58564 5
58565 6
58566 0
58567 7
58568 1
58569 4
58570 4
58571 4
58572 5
58573 7
58574 2
58575 9
58576 0
58577 6
58578 7
58579 9
58580 4
58581 6
58582 9
58583 9
58584 2
58585 9
58586 0
58587 8
58588 7
58589 7
58590 3
58591 1
58592 9
58593 0
58594 8
58595 8
58596 8
58597 3
58598 9
58599 3
58600 0
58601 0
58602 5
58603 0
58604 2
58605 0
58606 0
58607 7
58608 8
58609 2
58610 8
58611 8
58612 7
58613 2
58614 7
58615 5
58616 7
58617 2
58618 7
58619 9
58620 1
58621 4
58622 9
58623 2
58624 3
58625 8
58626 0
58627 6
58628 9
58629 4
58630 8
58631 6
58632 6
58633 7
58634 9
58635 3
58636 2
58637 2
58638 0
58639 9
58640 3
58641 4
58642 8
58643 8
58644 9
58645 5
58646 7
58647 4
58648 7
58649 9
58650 8
58651 5
58652 5
58653 8
58654 3
58655 9
58656 0
58657 6
58658 5
58659 0
58660 9
58661 6
58662 3
58663 5
58664 4
58665 3
58666 7
58667 0
58668 3
58669 3
58670 4
58671 9
58672 0
58673 1
58674 6
58675 8
58676 7
58677 1
58678 0
58679 9
58680 0
58681 5
58682 8
58683 9
58684 2
58685 7
58686 9
58687 0
58688 9
58689 8
58690 8
58691 8
58692 6
58693 1
58694 2
58695 7
58696 9
58697 0
58698 0
58699 4
58700 0
58701 6
58702 2
58703 5
58704 0
58705 5
58706 7
58707 4
58708 6
58709 8
58710 2
58711 4
58712 9
58713 6
58714 4
58715 0
58716 7
58717 2
58718 9
58719 2
58720 2
58721 4
58722 7
58723 6
58724 6
58725 4
58726 6
58727 3
58728 2
58729 0
58730 3
58731 7
58732 3
58733 7
58734 9
58735 8
58736 3
58737 8
58738 4
58739 1
58740 6
58741 0
58742 1
58743 9
58744 3
58745 0
58746 3
58747 3
58748 8
58749 0
58750 2
58751 6
58752 9
58753 7
58754 3
58755 7
58756 5
58757 9
58758 7
58759 5
58760 9
58761 3
58762 1
58763 0
58764 0
58765 4
58766 9
58767 0
58768 6
58769 4
58770 8
58771 6
58772 3
58773 0
58774 7
58775 3
58776 2
58777 1
58778 6
58779 8
58780 1
58781 8
58782 3
58783 2
58784 4
58785 8
58786 5
58787 2
58788 1
58789 6
58790 9
58791 0
58792 3
58793 4
58794 4
58795 5
58796 1
58797 4
58798 2
58799 3
58800 7
58801 6
58802 9
58803 6
58804 3
58805 1
58806 4
58807 4
58808 7
58809 7
58810 4
58811 3
58812 9
58813 5
58814 4
58815 1
58816 7
58817 6
58818 1
58819 1
58820 0
58821 5
58822 8
58823 0
58824 1
58825 6
58826 4
58827 5
58828 5
58829 8
58830 5
58831 8
58832 8
58833 8
58834 3
58835 2
58836 8
58837 9
58838 0
58839 2
58840 3
58841 1
58842 9
58843 7
58844 5
58845 0
58846 7
58847 3
58848 8
58849 6
58850 8
58851 2
58852 7
58853 5
58854 2
58855 4
58856 0
58857 7
58858 2
58859 3
58860 9
58861 8
58862 5
58863 2
58864 3
58865 5
58866 9
58867 5
58868 4
58869 7
58870 0
58871 8
58872 5
58873 2
58874 2
58875 0
58876 6
58877 1
58878 0
58879 4
58880 2
58881 2
58882 0
58883 6
58884 4
58885 7
58886 6
58887 6
58888 8
58889 9
58890 4
58891 2
58892 8
58893 8
58894 6
58895 0
58896 1
58897 7
58898 7
58899 5
58900 3
58901 6
58902 7
58903 6
58904 2
58905 2
58906 1
58907 4
58908 2
58909 1
58910 8
58911 1
58912 3
58913 2
58914 9
58915 5
58916 5
58917 9
58918 7
58919 6
58920 4
58921 4
58922 3
58923 6
58924 1
58925 9
58926 7
58927 5
58928 5
58929 8
58930 7
58931 4
58932 0
58933 2
58934 7
58935 6
58936 2
58937 9
58938 9
58939 4
58940 5
58941 7
58942 9
58943 7
58944 2
58945 0
58946 2
58947 1
58948 3
58949 0
58950 6
58951 9
58952 4
58953 7
58954 0
58955 3
58956 0
58957 1
58958 8
58959 0
58960 7
58961 6
58962 9
58963 2
58964 0
58965 7
58966 8
58967 7
58968 9
58969 7
58970 4
58971 0
58972 6
58973 6
58974 9
58975 0
58976 8
58977 9
58978 2
58979 6
58980 6
58981 9
58982 0
58983 3
58984 1
58985 2
58986 5
58987 3
58988 5
58989 0
58990 3
58991 5
58992 3
58993 1
58994 6
58995 8
58996 2
58997 8
58998 2
58999 6
59000 5
59001 1
59002 4
59003 2
59004 1
59005 3
59006 0
59007 7
59008 6
59009 5
59010 1
59011 3
59012 2
59013 4
59014 0
59015 9
59016 1
59017 3
59018 2
59019 7
59020 0
59021 2
59022 6
59023 4
59024 9
59025 5
59026 2
59027 7
59028 5
59029 2
59030 6
59031 5
59032 9
59033 8
59034 6
59035 9
59036 6
59037 7
59038 4
59039 7
59040 6
59041 1
59042 6
59043 3
59044 4
59045 3
59046 5
59047 6
59048 9
59049 2
59050 2
59051 9
59052 6
59053 9
59054 4
59055 3
59056 4
59057 1
59058 9
59059 6
59060 7
59061 5
59062 2
59063 8
59064 2
59065 7
59066 1
59067 6
59068 2
59069 5
59070 4
59071 1
59072 9
59073 2
59074 0
59075 5
59076 0
59077 5
59078 0
59079 3
59080 5
59081 4
59082 7
59083 9
59084 3
59085 8
59086 5
59087 9
59088 4
59089 7
59090 3
59091 4
59092 6
59093 2
59094 2
59095 7
59096 9
59097 5
59098 6
59099 8
59100 5
59101 2
59102 4
59103 9
59104 7
59105 3
59106 4
59107 4
59108 6
59109 1
59110 9
59111 0
59112 5
59113 5
59114 0
59115 5
59116 1
59117 9
59118 4
59119 9
59120 0
59121 9
59122 5
59123 1
59124 8
59125 7
59126 9
59127 9
59128 6
59129 1
59130 1
59131 6
59132 3
59133 5
59134 6
59135 4
59136 1
59137 8
59138 6
59139 6
59140 4
59141 0
59142 6
59143 6
59144 8
59145 1
59146 7
59147 3
59148 4
59149 7
59150 9
59151 6
59152 2
59153 7
59154 2
59155 9
59156 7
59157 3
59158 0
59159 3
59160 7
59161 5
59162 0
59163 7
59164 7
59165 6
59166 5
59167 7
59168 5
59169 2
59170 3
59171 6
59172 3
59173 3
59174 6
59175 3
59176 3
59177 5
59178 0
59179 0
59180 0
59181 3
59182 0
59183 0
59184 2
59185 5
59186 9
59187 0
59188 1
59189 0
59190 9
59191 3
59192 4
59193 9
59194 4
59195 8
59196 4
59197 9
59198 6
59199 4
59200 6
59201 3
59202 8
59203 6
59204 3
59205 1
59206 9
59207 4
59208 1
59209 5
59210 2
59211 9
59212 7
59213 4
59214 8
59215 4
59216 7
59217 4
59218 5
59219 1
59220 5
59221 2
59222 5
59223 1
59224 3
59225 0
59226 4
59227 6
59228 5
59229 7
59230 4
59231 9
59232 7
59233 4
59234 6
59235 0
59236 5
59237 0
59238 2
59239 6
59240 8
59241 2
59242 9
59243 2
59244 5
59245 5
59246 6
59247 4
59248 1
59249 8
59250 6
59251 2
59252 0
59253 5
59254 3
59255 0
59256 2
59257 7
59258 4
59259 3
59260 9
59261 2
59262 8
59263 7
59264 7
59265 8
59266 2
59267 3
59268 8
59269 6
59270 0
59271 6
59272 8
59273 7
59274 1
59275 0
59276 2
59277 6
59278 9
59279 9
59280 3
59281 0
59282 8
59283 0
59284 3
59285 9
59286 5
59287 5
59288 2
59289 0
59290 5
59291 0
59292 1
59293 2
59294 0
59295 2
59296 2
59297 9
59298 3
59299 3
59300 8
59301 9
59302 7
59303 8
59304 5
59305 9
59306 1
59307 9
59308 7
59309 2
59310 3
59311 6
59312 2
59313 6
59314 4
59315 3
59316 0
59317 5
59318 3
59319 3
59320 5
59321 3
59322 5
59323 3
59324 0
59325 6
59326 3
59327 7
59328 1
59329 0
59330 2
59331 6
59332 5
59333 5
59334 5
59335 0
59336 8
59337 2
59338 5
59339 1
59340 5
59341 2
59342 8
59343 5
59344 9
59345 8
59346 0
59347 2
59348 6
59349 8
59350 7
59351 2
59352 2
59353 7
59354 2
59355 0
59356 9
59357 4
59358 0
59359 4
59360 6
59361 2
59362 5
59363 4
59364 0
59365 9
59366 8
59367 4
59368 7
59369 7
59370 7
59371 1
59372 2
59373 4
59374 6
59375 8
59376 9
59377 6
59378 6
59379 8
59380 5
59381 4
59382 9
59383 1
59384 3
59385 1
59386 5
59387 1
59388 0
59389 2
59390 4
59391 8
59392 6
59393 7
59394 8
59395 5
59396 9
59397 3
59398 2
59399 2
59400 6
59401 6
59402 4
59403 9
59404 4
59405 4
59406 8
59407 2
59408 9
59409 4
59410 5
59411 7
59412 1
59413 1
59414 0
59415 6
59416 7
59417 6
59418 4
59419 9
59420 1
59421 2
59422 8
59423 9
59424 8
59425 7
59426 1
59427 9
59428 6
59429 4
59430 9
59431 1
59432 7
59433 9
59434 8
59435 0
59436 6
59437 4
59438 8
59439 1
59440 6
59441 3
59442 4
59443 2
59444 9
59445 3
59446 7
59447 1
59448 2
59449 8
59450 5
59451 8
59452 4
59453 1
59454 7
59455 5
59456 6
59457 0
59458 9
59459 1
59460 0
59461 4
59462 0
59463 4
59464 9
59465 2
59466 8
59467 1
59468 3
59469 9
59470 0
59471 9
59472 0
59473 3
59474 1
59475 0
59476 5
59477 5
59478 1
59479 7
59480 3
59481 5
59482 2
59483 2
59484 7
59485 2
59486 0
59487 7
59488 1
59489 0
59490 9
59491 2
59492 2
59493 7
59494 4
59495 1
59496 2
59497 3
59498 3
59499 7
59500 7
59501 4
59502 9
59503 9
59504 7
59505 0
59506 6
59507 4
59508 9
59509 6
59510 8
59511 0
59512 0
59513 6
59514 5
59515 2
59516 4
59517 7
59518 3
59519 3
59520 9
59521 3
59522 0
59523 4
59524 7
59525 6
59526 5
59527 7
59528 3
59529 6
59530 4
59531 2
59532 9
59533 9
59534 5
59535 0
59536 5
59537 7
59538 6
59539 2
59540 9
59541 8
59542 6
59543 3
59544 1
59545 5
59546 9
59547 0
59548 2
59549 2
59550 9
59551 5
59552 4
59553 4
59554 3
59555 3
59556 0
59557 0
59558 9
59559 0
59560 2
59561 2
59562 6
59563 3
59564 8
59565 1
59566 8
59567 1
59568 0
59569 8
59570 8
59571 3
59572 3
59573 2
59574 5
59575 8
59576 0
59577 3
59578 0
59579 2
59580 3
59581 8
59582 7
59583 7
59584 8
59585 6
59586 3
59587 8
59588 1
59589 1
59590 5
59591 1
59592 2
59593 2
59594 2
59595 7
59596 0
59597 3
59598 9
59599 6
59600 1
59601 8
59602 1
59603 5
59604 1
59605 6
59606 0
59607 0
59608 4
59609 5
59610 1
59611 2
59612 5
59613 5
59614 8
59615 6
59616 9
59617 6
59618 4
59619 2
59620 9
59621 3
59622 6
59623 2
59624 2
59625 5
59626 1
59627 4
59628 9
59629 1
59630 8
59631 5
59632 9
59633 7
59634 0
59635 4
59636 1
59637 8
59638 8
59639 2
59640 7
59641 6
59642 3
59643 1
59644 1
59645 8
59646 2
59647 7
59648 9
59649 2
59650 9
59651 6
59652 0
59653 2
59654 7
59655 5
59656 2
59657 5
59658 0
59659 3
59660 0
59661 9
59662 9
59663 1
59664 1
59665 9
59666 7
59667 7
59668 6
59669 5
59670 9
59671 6
59672 2
59673 2
59674 6
59675 8
59676 3
59677 4
59678 9
59679 3
59680 3
59681 1
59682 0
59683 5
59684 1
59685 3
59686 5
59687 6
59688 7
59689 9
59690 6
59691 7
59692 0
59693 5
59694 0
59695 4
59696 5
59697 7
59698 2
59699 8
59700 9
59701 9
59702 1
59703 5
59704 5
59705 8
59706 1
59707 9
59708 3
59709 7
59710 5
59711 5
59712 1
59713 4
59714 9
59715 3
59716 0
59717 4
59718 1
59719 1
59720 1
59721 3
59722 7
59723 3
59724 6
59725 7
59726 3
59727 9
59728 1
59729 6
59730 1
59731 0
59732 2
59733 2
59734 7
59735 1
59736 3
59737 7
59738 0
59739 2
59740 5
59741 9
59742 9
59743 7
59744 5
59745 7
59746 8
59747 9
59748 6
59749 0
59750 9
59751 7
59752 8
59753 9
59754 0
59755 9
59756 8
59757 2
59758 4
59759 4
59760 3
59761 8
59762 2
59763 6
59764 1
59765 9
59766 0
59767 6
59768 0
59769 2
59770 4
59771 9
59772 9
59773 4
59774 8
59775 3
59776 5
59777 9
59778 1
59779 3
59780 6
59781 7
59782 5
59783 2
59784 2
59785 4
59786 0
59787 9
59788 3
59789 6
59790 5
59791 0
59792 0
59793 6
59794 9
59795 8
59796 8
59797 7
59798 7
59799 3
59800 0
59801 1
59802 7
59803 8
59804 8
59805 5
59806 3
59807 6
59808 2
59809 1
59810 4
59811 9
59812 7
59813 4
59814 1
59815 7
59816 5
59817 5
59818 7
59819 6
59820 0
59821 1
59822 1
59823 3
59824 2
59825 2
59826 3
59827 4
59828 1
59829 8
59830 5
59831 4
59832 3
59833 5
59834 7
59835 6
59836 6
59837 7
59838 9
59839 0
59840 9
59841 4
59842 9
59843 6
59844 9
59845 5
59846 5
59847 1
59848 0
59849 4
59850 3
59851 9
59852 6
59853 7
59854 7
59855 3
59856 1
59857 1
59858 8
59859 8
59860 6
59861 0
59862 3
59863 2
59864 5
59865 4
59866 9
59867 3
59868 7
59869 1
59870 8
59871 6
59872 0
59873 0
59874 6
59875 2
59876 3
59877 6
59878 3
59879 9
59880 6
59881 9
59882 3
59883 4
59884 9
59885 3
59886 3
59887 2
59888 5
59889 0
59890 4
59891 3
59892 0
59893 5
59894 1
59895 7
59896 2
59897 7
59898 2
59899 3
59900 5
59901 2
59902 1
59903 5
59904 8
59905 5
59906 6
59907 5
59908 7
59909 6
59910 3
59911 4
59912 4
59913 5
59914 0
59915 9
59916 1
59917 0
59918 1
59919 6
59920 3
59921 7
59922 4
59923 0
59924 8
59925 2
59926 7
59927 1
59928 9
59929 8
59930 8
59931 5
59932 1
59933 7
59934 1
59935 1
59936 9
59937 0
59938 9
59939 9
59940 2
59941 1
59942 0
59943 0
59944 5
59945 0
59946 4
59947 8
59948 3
59949 7
59950 3
59951 9
59952 6
59953 9
59954 4
59955 6
59956 3
59957 6
59958 2
59959 9
59960 9
59961 4
59962 3
59963 4
59964 5
59965 6
59966 4
59967 1
59968 1
59969 0
59970 7
59971 4
59972 4
59973 2
59974 5
59975 1
59976 1
59977 4
59978 7
59979 7
59980 7
59981 6
59982 7
59983 9
59984 8
59985 1
59986 4
59987 2
59988 1
59989 9
59990 7
59991 7
59992 6
59993 4
59994 8
59995 1
59996 3
59997 2
59998 2
59999 9
60000 2
60001 0
60002 3
60003 3
60004 8
60005 3
60006 6
60007 7
60008 2
60009 2
60010 7
60011 9
60012 9
60013 9
60014 4
60015 4
60016 4
60017 0
60018 9
60019 1
60020 3
60021 5
60022 1
60023 4
60024 2
60025 3
60026 6
60027 3
60028 7
60029 0
60030 3
60031 0
60032 4
60033 5
60034 1
60035 2
60036 8
60037 9
60038 0
60039 0
60040 8
60041 9
60042 7
60043 2
60044 1
60045 5
60046 0
60047 3
60048 6
60049 0
60050 3
60051 6
60052 0
60053 5
60054 8
60055 6
60056 5
60057 5
60058 1
60059 5
60060 4
60061 4
60062 7
60063 8
60064 9
60065 6
60066 4
60067 3
60068 1
60069 9
60070 3
60071 5
60072 2
60073 0
60074 7
60075 0
60076 5
60077 9
60078 2
60079 2
60080 6
60081 6
60082 0
60083 0
60084 6
60085 7
60086 7
60087 8
60088 6
60089 6
60090 5
60091 3
60092 3
60093 0
60094 5
60095 9
60096 8
60097 7
60098 9
60099 7
60100 7
60101 0
60102 3
60103 3
60104 3
60105 2
60106 9
60107 0
60108 6
60109 1
60110 0
60111 2
60112 6
60113 3
60114 6
60115 5
60116 4
60117 3
60118 2
60119 3
60120 3
60121 3
60122 5
60123 9
60124 3
60125 5
60126 9
60127 9
60128 5
60129 9
60130 6
60131 6
60132 3
60133 4
60134 9
60135 7
60136 9
60137 8
60138 4
60139 7
60140 2
60141 0
60142 2
60143 6
60144 9
60145 8
60146 6
60147 9
60148 2
60149 0
60150 0
60151 5
60152 0
60153 5
60154 3
60155 6
60156 9
60157 5
60158 5
60159 2
60160 0
60161 3
60162 0
60163 6
60164 7
60165 3
60166 2
60167 7
60168 4
60169 6
60170 4
60171 2
60172 4
60173 2
60174 2
60175 9
60176 6
60177 0
60178 8
60179 5
60180 0
60181 3
60182 8
60183 0
60184 8
60185 5
60186 4
60187 5
60188 0
60189 7
60190 0
60191 5
60192 8
60193 2
60194 1
60195 4
60196 1
60197 5
60198 0
60199 1
60200 9
60201 1
60202 8
60203 5
60204 8
60205 5
60206 6
60207 5
60208 5
60209 7
60210 3
60211 2
60212 5
60213 7
60214 5
60215 0
60216 9
60217 8
60218 0
60219 3
60220 1
60221 7
60222 9
60223 3
60224 5
60225 1
60226 1
60227 7
60228 2
60229 5
60230 1
60231 1
60232 0
60233 6
60234 3
60235 4
60236 3
60237 4
60238 4
60239 0
60240 5
60241 6
60242 2
60243 1
60244 8
60245 2
60246 3
60247 3
60248 2
60249 9
60250 7
60251 9
60252 6
60253 0
60254 0
60255 2
60256 4
60257 0
60258 2
60259 2
60260 0
60261 4
60262 0
60263 6
60264 2
60265 4
60266 8
60267 1
60268 9
60269 1
60270 6
60271 1
60272 0
60273 2
60274 3
60275 7
60276 3
60277 0
60278 6
60279 0
60280 1
60281 0
60282 6
60283 8
60284 1
60285 8
60286 4
60287 6
60288 9
60289 8
60290 7
60291 7
60292 9
60293 4
60294 3
60295 2
60296 3
60297 7
60298 5
60299 2
60300 6
60301 9
60302 1
60303 4
60304 4
60305 4
60306 4
60307 7
60308 0
60309 6
60310 0
60311 0
60312 7
60313 0
60314 5
60315 3
60316 2
60317 1
60318 5
60319 0
60320 0
60321 0
60322 0
60323 6
60324 7
60325 5
60326 5
60327 5
60328 1
60329 8
60330 0
60331 4
60332 4
60333 4
60334 3
60335 6
60336 7
60337 6
60338 5
60339 9
60340 2
60341 5
60342 2
60343 5
60344 1
60345 1
60346 3
60347 9
60348 5
60349 1
60350 7
60351 1
60352 4
60353 5
60354 6
60355 5
60356 5
60357 3
60358 9
60359 8
60360 1
60361 7
60362 2
60363 1
60364 7
60365 3
60366 2
60367 0
60368 9
60369 8
60370 9
60371 7
60372 9
60373 1
60374 0
60375 8
60376 0
60377 9
60378 9
60379 6
60380 6
60381 6
60382 0
60383 2
60384 5
60385 7
60386 4
60387 9
60388 2
60389 6
60390 2
60391 1
60392 9
60393 7
60394 1
60395 4
60396 3
60397 9
60398 3
60399 9
60400 2
60401 5
60402 5
60403 1
60404 0
60405 7
60406 6
60407 5
60408 0
60409 1
60410 4
60411 2
60412 7
60413 7
60414 1
60415 0
60416 5
60417 7
60418 9
60419 2
60420 0
60421 2
60422 6
60423 2
60424 6
60425 7
60426 1
60427 9
60428 9
60429 3
60430 2
60431 4
60432 5
60433 9
60434 3
60435 5
60436 8
60437 5
60438 8
60439 5
60440 3
60441 1
60442 6
60443 2
60444 0
60445 0
60446 2
60447 3
60448 4
60449 5
60450 3
60451 4
60452 3
60453 1
60454 3
60455 3
60456 5
60457 2
60458 1
60459 4
60460 2
60461 5
60462 7
60463 7
60464 9
60465 6
60466 9
60467 7
60468 7
60469 8
60470 3
60471 4
60472 7
60473 8
60474 0
60475 1
60476 1
60477 4
60478 4
60479 3
60480 2
60481 6
60482 9
60483 7
60484 1
60485 2
60486 3
60487 5
60488 9
60489 0
60490 2
60491 2
60492 7
60493 2
60494 9
60495 5
60496 2
60497 9
60498 2
60499 6
60500 3
60501 1
60502 1
60503 2
60504 4
60505 7
60506 3
60507 8
60508 5
60509 4
60510 6
60511 8
60512 4
60513 1
60514 8
60515 7
60516 6
60517 4
60518 4
60519 6
60520 8
60521 8
60522 8
60523 5
60524 1
60525 8
60526 7
60527 3
60528 1
60529 0
60530 8
60531 6
60532 4
60533 6
60534 5
60535 8
60536 7
60537 4
60538 0
60539 9
60540 0
60541 2
60542 1
60543 5
60544 0
60545 0
60546 1
60547 6
60548 5
60549 7
60550 3
60551 2
60552 4
60553 8
60554 2
60555 5
60556 5
60557 4
60558 1
60559 3
60560 1
60561 8
60562 5
60563 8
60564 4
60565 9
60566 1
60567 9
60568 4
60569 4
60570 8
60571 3
60572 9
60573 0
60574 8
60575 0
60576 1
60577 8
60578 9
60579 3
60580 5
60581 5
60582 2
60583 5
60584 3
60585 8
60586 5
60587 1
60588 5
60589 3
60590 2
60591 3
60592 6
60593 0
60594 9
60595 5
60596 1
60597 7
60598 5
60599 5
60600 5
60601 6
60602 5
60603 0
60604 6
60605 9
60606 6
60607 9
60608 6
60609 2
60610 1
60611 2
60612 0
60613 4
60614 3
60615 0
60616 0
60617 5
60618 9
60619 5
60620 3
60621 2
60622 3
60623 3
60624 5
60625 4
60626 1
60627 0
60628 7
60629 8
60630 8
60631 9
60632 1
60633 6
60634 3
60635 1
60636 2
60637 6
60638 2
60639 3
60640 2
60641 8
60642 0
60643 9
60644 9
60645 0
60646 2
60647 2
60648 5
60649 6
60650 3
60651 1
60652 7
60653 2
60654 6
60655 6
60656 2
60657 6
60658 5
60659 2
60660 3
60661 5
60662 4
60663 4
60664 8
60665 7
60666 2
60667 4
60668 7
60669 4
60670 5
60671 3
60672 0
60673 9
60674 6
60675 1
60676 2
60677 6
60678 0
60679 5
60680 3
60681 7
60682 2
60683 2
60684 8
60685 4
60686 1
60687 9
60688 5
60689 1
60690 7
60691 5
60692 4
60693 3
60694 9
60695 0
60696 8
60697 1
60698 3
60699 8
60700 2
60701 4
60702 5
60703 2
60704 3
60705 8
60706 0
60707 0
60708 6
60709 3
60710 6
60711 2
60712 6
60713 3
60714 0
60715 4
60716 0
60717 1
60718 2
60719 0
60720 2
60721 5
60722 9
60723 6
60724 9
60725 0
60726 5
60727 1
60728 8
60729 1
60730 1
60731 1
60732 5
60733 1
60734 2
60735 6
60736 8
60737 0
60738 9
60739 9
60740 2
60741 0
60742 8
60743 9
60744 9
60745 7
60746 7
60747 5
60748 9
60749 8
60750 7
60751 3
60752 4
60753 1
60754 5
60755 6
60756 1
60757 1
60758 2
60759 1
60760 0
60761 3
60762 9
60763 5
60764 4
60765 7
60766 2
60767 3
60768 5
60769 1
60770 0
60771 3
60772 9
60773 7
60774 0
60775 1
60776 1
60777 6
60778 5
60779 1
60780 6
60781 0
60782 8
60783 5
60784 0
60785 7
60786 0
60787 2
60788 6
60789 5
60790 8
60791 1
60792 2
60793 0
60794 8
60795 8
60796 7
60797 5
60798 6
60799 6
60800 0
60801 4
60802 8
60803 0
60804 4
60805 4
60806 1
60807 4
60808 2
60809 5
60810 3
60811 0
60812 6
60813 7
60814 3
60815 3
60816 4
60817 3
60818 9
60819 3
60820 3
60821 5
60822 9
60823 0
60824 6
60825 8
60826 7
60827 8
60828 5
60829 3
60830 7
60831 9
60832 6
60833 3
60834 7
60835 8
60836 2
60837 1
60838 7
60839 9
60840 2
60841 4
60842 5
60843 1
60844 9
60845 8
60846 6
60847 6
60848 0
60849 1
60850 0
60851 9
60852 0
60853 1
60854 5
60855 2
60856 7
60857 5
60858 4
60859 4
60860 6
60861 2
60862 2
60863 9
60864 8
60865 2
60866 0
60867 2
60868 8
60869 7
60870 2
60871 4
60872 6
60873 0
60874 9
60875 4
60876 5
60877 9
60878 4
60879 5
60880 0
60881 1
60882 8
60883 6
60884 7
60885 7
60886 9
60887 7
60888 1
60889 6
60890 8
60891 8
60892 4
60893 8
60894 5
60895 4
60896 9
60897 6
60898 8
60899 7
60900 8
60901 2
60902 5
60903 2
60904 1
60905 0
60906 8
60907 9
60908 3
60909 4
60910 1
60911 7
60912 5
60913 2
60914 3
60915 8
60916 8
60917 1
60918 5
60919 9
60920 0
60921 7
60922 1
60923 9
60924 8
60925 4
60926 8
60927 2
60928 7
60929 3
60930 9
60931 1
60932 6
60933 4
60934 6
60935 2
60936 7
60937 9
60938 2
60939 7
60940 8
60941 8
60942 3
60943 9
60944 8
60945 6
60946 9
60947 9
60948 6
60949 6
60950 4
60951 7
60952 0
60953 1
60954 7
60955 6
60956 9
60957 3
60958 9
60959 3
60960 3
60961 7
60962 0
60963 6
60964 7
60965 3
60966 6
60967 6
60968 2
60969 8
60970 2
60971 3
60972 9
60973 3
60974 5
60975 9
60976 2
60977 2
60978 4
60979 3
60980 3
60981 4
60982 1
60983 7
60984 5
60985 5
60986 9
60987 6
60988 5
60989 0
60990 7
60991 8
60992 2
60993 1
60994 3
60995 0
60996 3
60997 6
60998 0
60999 8
61000 5
61001 9
61002 6
61003 6
61004 6
61005 9
61006 2
61007 2
61008 9
61009 7
61010 6
61011 1
61012 1
61013 4
61014 6
61015 3
61016 5
61017 7
61018 3
61019 3
61020 4
61021 7
61022 3
61023 8
61024 7
61025 1
61026 2
61027 2
61028 0
61029 4
61030 1
61031 6
61032 1
61033 4
61034 3
61035 3
61036 0
61037 1
61038 0
61039 9
61040 8
61041 3
61042 7
61043 2
61044 7
61045 2
61046 0
61047 8
61048 2
61049 7
61050 3
61051 7
61052 3
61053 1
61054 1
61055 1
61056 7
61057 2
61058 6
61059 9
61060 3
61061 7
61062 1
61063 2
61064 9
61065 1
61066 7
61067 5
61068 5
61069 9
61070 6
61071 1
61072 2
61073 5
61074 1
61075 3
61076 4
61077 9
61078 7
61079 9
61080 4
61081 7
61082 2
61083 1
61084 0
61085 4
61086 9
61087 0
61088 6
61089 5
61090 5
61091 1
61092 7
61093 1
61094 4
61095 8
61096 7
61097 8
61098 0
61099 1
61100 9
61101 5
61102 8
61103 8
61104 5
61105 5
61106 5
61107 0
61108 3
61109 5
61110 2
61111 3
61112 4
61113 5
61114 7
61115 5
61116 8
61117 6
61118 9
61119 2
61120 5
61121 7
61122 5
61123 9
61124 4
61125 2
61126 8
61127 8
61128 7
61129 7
61130 3
61131 2
61132 4
61133 4
61134 8
61135 4
61136 1
61137 3
61138 8
61139 7
61140 1
61141 0
61142 2
61143 1
61144 5
61145 6
61146 0
61147 8
61148 0
61149 5
61150 7
61151 8
61152 3
61153 2
61154 4
61155 6
61156 7
61157 5
61158 1
61159 7
61160 4
61161 6
61162 1
61163 4
61164 7
61165 6
61166 4
61167 5
61168 6
61169 4
61170 3
61171 6
61172 8
61173 1
61174 4
61175 5
61176 5
61177 1
61178 7
61179 9
61180 1
61181 3
61182 7
61183 8
61184 1
61185 7
61186 3
61187 2
61188 8
61189 1
61190 1
61191 1
61192 8
61193 6
61194 6
61195 1
61196 2
61197 3
61198 8
61199 9
61200 9
61201 0
61202 6
61203 3
61204 5
61205 5
61206 6
61207 3
61208 8
61209 8
61210 3
61211 5
61212 8
61213 0
61214 6
61215 6
61216 8
61217 1
61218 2
61219 6
61220 2
61221 0
61222 1
61223 6
61224 6
61225 7
61226 7
61227 8
61228 6
61229 8
61230 9
61231 7
61232 8
61233 6
61234 5
61235 8
61236 0
61237 4
61238 4
61239 8
61240 2
61241 5
61242 5
61243 3
61244 3
61245 0
61246 6
61247 0
61248 5
61249 1
61250 7
61251 3
61252 3
61253 9
61254 3
61255 8
61256 8
61257 2
61258 3
61259 7
61260 6
61261 3
61262 1
61263 9
61264 3
61265 7
61266 5
61267 4
61268 5
61269 7
61270 0
61271 4
61272 6
61273 1
61274 6
61275 8
61276 9
61277 7
61278 9
61279 7
61280 7
61281 7
61282 8
61283 4
61284 0
61285 4
61286 8
61287 7
61288 6
61289 6
61290 2
61291 3
61292 2
61293 6
61294 0
61295 8
61296 2
61297 3
61298 6
61299 9
61300 2
61301 3
61302 5
61303 9
61304 6
61305 7
61306 2
61307 0
61308 5
61309 6
61310 8
61311 3
61312 4
61313 9
61314 8
61315 2
61316 7
61317 9
61318 6
61319 6
61320 8
61321 2
61322 3
61323 4
61324 7
61325 9
61326 1
61327 0
61328 9
61329 1
61330 2
61331 0
61332 0
61333 1
61334 5
61335 8
61336 8
61337 2
61338 9
61339 3
61340 9
61341 6
61342 9
61343 5
61344 6
61345 5
61346 1
61347 0
61348 1
61349 9
61350 5
61351 3
61352 3
61353 0
61354 1
61355 0
61356 0
61357 7
61358 5
61359 2
61360 3
61361 8
61362 0
61363 6
61364 5
61365 9
61366 5
61367 3
61368 5
61369 4
61370 9
61371 1
61372 0
61373 0
61374 7
61375 7
61376 7
61377 1
61378 1
61379 1
61380 8
61381 7
61382 1
61383 6
61384 9
61385 3
61386 4
61387 6
61388 3
61389 6
61390 9
61391 8
61392 0
61393 7
61394 3
61395 9
61396 1
61397 7
61398 0
61399 1
61400 5
61401 4
61402 1
61403 4
61404 8
61405 1
61406 1
61407 1
61408 1
61409 5
61410 7
61411 0
61412 7
61413 6
61414 2
61415 4
61416 1
61417 8
61418 7
61419 5
61420 5
61421 6
61422 4
61423 1
61424 8
61425 0
61426 7
61427 8
61428 9
61429 6
61430 7
61431 7
61432 6
61433 3
61434 2
61435 4
61436 3
61437 1
61438 5
61439 5
61440 4
61441 0
61442 6
61443 1
61444 3
61445 2
61446 8
61447 4
61448 1
61449 4
61450 3
61451 5
61452 7
61453 8
61454 9
61455 7
61456 1
61457 0
61458 6
61459 4
61460 5
61461 8
61462 5
61463 0
61464 2
61465 9
61466 5
61467 6
61468 6
61469 1
61470 8
61471 8
61472 0
61473 3
61474 1
61475 1
61476 9
61477 4
61478 7
61479 2
61480 4
61481 0
61482 3
61483 2
61484 1
61485 9
61486 0
61487 0
61488 8
61489 5
61490 0
61491 2
61492 5
61493 2
61494 3
61495 5
61496 8
61497 2
61498 0
61499 4
61500 6
61501 2
61502 9
61503 5
61504 4
61505 5
61506 7
61507 5
61508 2
61509 0
61510 5
61511 5
61512 7
61513 8
61514 9
61515 0
61516 8
61517 3
61518 5
61519 3
61520 4
61521 0
61522 8
61523 6
61524 0
61525 6
61526 9
61527 4
61528 6
61529 3
61530 2
61531 7
61532 7
61533 7
61534 8
61535 2
61536 7
61537 8
61538 3
61539 4
61540 7
61541 2
61542 5
61543 7
61544 9
61545 5
61546 7
61547 8
61548 4
61549 5
61550 9
61551 7
61552 1
61553 8
61554 8
61555 0
61556 1
61557 1
61558 1
61559 9
61560 6
61561 2
61562 7
61563 8
61564 9
61565 7
61566 4
61567 0
61568 6
61569 0
61570 1
61571 6
61572 9
61573 0
61574 1
61575 6
61576 0
61577 5
61578 7
61579 9
61580 3
61581 8
61582 7
61583 3
61584 4
61585 8
61586 7
61587 4
61588 7
61589 9
61590 0
61591 4
61592 3
61593 6
61594 5
61595 4
61596 8
61597 9
61598 2
61599 8
61600 9
61601 7
61602 9
61603 1
61604 4
61605 1
61606 6
61607 8
61608 5
61609 4
61610 2
61611 2
61612 8
61613 8
61614 9
61615 1
61616 2
61617 4
61618 2
61619 9
61620 7
61621 5
61622 8
61623 2
61624 8
61625 9
61626 4
61627 7
61628 0
61629 9
61630 4
61631 1
61632 0
61633 7
61634 0
61635 7
61636 2
61637 0
61638 3
61639 0
61640 5
61641 9
61642 1
61643 1
61644 8
61645 5
61646 4
61647 5
61648 4
61649 4
61650 4
61651 7
61652 0
61653 6
61654 0
61655 6
61656 5
61657 4
61658 2
61659 2
61660 9
61661 2
61662 5
61663 4
61664 2
61665 5
61666 4
61667 7
61668 4
61669 3
61670 1
61671 5
61672 5
61673 6
61674 8
61675 5
61676 1
61677 1
61678 1
61679 9
61680 4
61681 6
61682 2
61683 2
61684 0
61685 8
61686 3
61687 6
61688 0
61689 0
61690 6
61691 8
61692 9
61693 1
61694 4
61695 8
61696 6
61697 8
61698 9
61699 3
61700 0
61701 0
61702 6
61703 8
61704 8
61705 5
61706 1
61707 9
61708 4
61709 8
61710 9
61711 7
61712 9
61713 5
61714 3
61715 7
61716 5
61717 4
61718 1
61719 3
61720 1
61721 2
61722 7
61723 2
61724 9
61725 7
61726 0
61727 3
61728 4
61729 8
61730 2
61731 4
61732 0
61733 7
61734 8
61735 6
61736 9
61737 0
61738 8
61739 2
61740 4
61741 2
61742 1
61743 7
61744 8
61745 0
61746 5
61747 5
61748 7
61749 4
61750 0
61751 3
61752 1
61753 5
61754 0
61755 5
61756 7
61757 9
61758 0
61759 5
61760 8
61761 6
61762 7
61763 2
61764 1
61765 3
61766 8
61767 2
61768 4
61769 9
61770 4
61771 3
61772 7
61773 0
61774 8
61775 4
61776 7
61777 8
61778 3
61779 4
61780 1
61781 8
61782 9
61783 3
61784 7
61785 8
61786 7
61787 1
61788 1
61789 8
61790 3
61791 4
61792 3
61793 8
61794 3
61795 1
61796 5
61797 0
61798 5
61799 9
61800 1
61801 8
61802 3
61803 6
61804 9
61805 5
61806 0
61807 0
61808 0
61809 4
61810 6
61811 0
61812 4
61813 6
61814 1
61815 4
61816 5
61817 7
61818 7
61819 3
61820 8
61821 6
61822 7
61823 0
61824 7
61825 4
61826 9
61827 7
61828 0
61829 0
61830 6
61831 5
61832 6
61833 1
61834 7
61835 7
61836 3
61837 6
61838 6
61839 1
61840 8
61841 3
61842 3
61843 2
61844 3
61845 1
61846 9
61847 0
61848 9
61849 0
61850 0
61851 2
61852 1
61853 6
61854 7
61855 6
61856 3
61857 9
61858 2
61859 2
61860 1
61861 7
61862 3
61863 7
61864 6
61865 3
61866 3
61867 2
61868 5
61869 7
61870 4
61871 8
61872 4
61873 6
61874 6
61875 4
61876 1
61877 9
61878 4
61879 6
61880 3
61881 2
61882 2
61883 0
61884 6
61885 4
61886 8
61887 0
61888 1
61889 5
61890 0
61891 4
61892 8
61893 7
61894 4
61895 7
61896 5
61897 1
61898 4
61899 9
61900 1
61901 1
61902 2
61903 6
61904 9
61905 2
61906 6
61907 0
61908 5
61909 8
61910 5
61911 0
61912 0
61913 1
61914 0
61915 7
61916 9
61917 8
61918 3
61919 9
61920 8
61921 1
61922 7
61923 1
61924 3
61925 0
61926 2
61927 4
61928 3
61929 8
61930 5
61931 0
61932 4
61933 4
61934 6
61935 1
61936 6
61937 8
61938 1
61939 5
61940 3
61941 8
61942 3
61943 8
61944 6
61945 2
61946 3
61947 2
61948 4
61949 6
61950 7
61951 9
61952 4
61953 5
61954 2
61955 7
61956 5
61957 6
61958 5
61959 4
61960 5
61961 2
61962 5
61963 0
61964 6
61965 0
61966 7
61967 8
61968 1
61969 9
61970 1
61971 7
61972 6
61973 4
61974 9
61975 6
61976 7
61977 4
61978 5
61979 6
61980 9
61981 7
61982 0
61983 4
61984 6
61985 9
61986 5
61987 6
61988 0
61989 7
61990 7
61991 3
61992 3
61993 3
61994 6
61995 6
61996 8
61997 2
61998 3
61999 3
62000 5
62001 9
62002 7
62003 8
62004 2
62005 0
62006 0
62007 2
62008 0
62009 1
62010 1
62011 4
62012 7
62013 5
62014 7
62015 1
62016 3
62017 2
62018 0
62019 8
62020 5
62021 3
62022 0
62023 6
62024 6
62025 3
62026 9
62027 5
62028 2
62029 5
62030 6
62031 3
62032 6
62033 8
62034 6
62035 0
62036 3
62037 7
62038 2
62039 0
62040 6
62041 5
62042 5
62043 2
62044 9
62045 4
62046 7
62047 6
62048 6
62049 0
62050 0
62051 8
62052 3
62053 8
62054 4
62055 8
62056 2
62057 3
62058 4
62059 8
62060 0
62061 5
62062 1
62063 3
62064 8
62065 1
62066 5
62067 1
62068 5
62069 0
62070 7
62071 0
62072 1
62073 3
62074 0
62075 8
62076 0
62077 2
62078 7
62079 6
62080 0
62081 2
62082 7
62083 4
62084 3
62085 0
62086 5
62087 5
62088 0
62089 0
62090 7
62091 9
62092 9
62093 1
62094 8
62095 8
62096 2
62097 3
62098 0
62099 6
62100 8
62101 6
62102 0
62103 4
62104 0
62105 4
62106 8
62107 9
62108 6
62109 9
62110 5
62111 6
62112 4
62113 9
62114 5
62115 6
62116 3
62117 7
62118 5
62119 6
62120 1
62121 8
62122 9
62123 5
62124 6
62125 6
62126 9
62127 5
62128 6
62129 5
62130 2
62131 2
62132 7
62133 7
62134 4
62135 5
62136 9
62137 2
62138 0
62139 2
62140 3
62141 2
62142 0
62143 5
62144 8
62145 9
62146 4
62147 1
62148 0
62149 6
62150 9
62151 4
62152 6
62153 9
62154 1
62155 1
62156 3
62157 4
62158 4
62159 5
62160 5
62161 6
62162 5
62163 7
62164 8
62165 1
62166 9
62167 9
62168 5
62169 2
62170 0
62171 0
62172 4
62173 0
62174 4
62175 4
62176 9
62177 5
62178 5
62179 4
62180 6
62181 5
62182 3
62183 3
62184 2
62185 4
62186 5
62187 8
62188 9
62189 0
62190 0
62191 8
62192 6
62193 0
62194 8
62195 5
62196 2
62197 5
62198 2
62199 4
62200 2
62201 3
62202 6
62203 0
62204 4
62205 7
62206 3
62207 0
62208 4
62209 6
62210 9
62211 6
62212 4
62213 2
62214 5
62215 0
62216 9
62217 0
62218 8
62219 3
62220 1
62221 3
62222 1
62223 1
62224 0
62225 1
62226 4
62227 1
62228 3
62229 4
62230 1
62231 1
62232 2
62233 0
62234 2
62235 0
62236 9
62237 2
62238 4
62239 7
62240 9
62241 1
62242 1
62243 6
62244 4
62245 8
62246 4
62247 8
62248 8
62249 1
62250 2
62251 3
62252 6
62253 1
62254 4
62255 1
62256 8
62257 9
62258 6
62259 6
62260 9
62261 3
62262 7
62263 0
62264 7
62265 3
62266 4
62267 0
62268 1
62269 3
62270 9
62271 3
62272 2
62273 5
62274 3
62275 6
62276 3
62277 1
62278 0
62279 4
62280 8
62281 7
62282 8
62283 9
62284 9
62285 7
62286 0
62287 7
62288 0
62289 1
62290 4
62291 9
62292 6
62293 2
62294 1
62295 2
62296 9
62297 9
62298 3
62299 5
62300 7
62301 7
62302 6
62303 5
62304 6
62305 1
62306 0
62307 5
62308 1
62309 9
62310 5
62311 2
62312 9
62313 2
62314 2
62315 0
62316 2
62317 8
62318 4
62319 7
62320 9
62321 1
62322 2
62323 4
62324 4
62325 8
62326 9
62327 8
62328 3
62329 7
62330 4
62331 4
62332 5
62333 0
62334 2
62335 3
62336 2
62337 1
62338 3
62339 6
62340 0
62341 8
62342 6
62343 1
62344 9
62345 9
62346 7
62347 3
62348 1
62349 8
62350 9
62351 4
62352 4
62353 2
62354 5
62355 0
62356 3
62357 6
62358 3
62359 2
62360 7
62361 8
62362 5
62363 2
62364 6
62365 0
62366 1
62367 3
62368 6
62369 6
62370 5
62371 1
62372 3
62373 2
62374 1
62375 9
62376 4
62377 1
62378 7
62379 4
62380 1
62381 9
62382 3
62383 6
62384 9
62385 0
62386 6
62387 5
62388 1
62389 9
62390 6
62391 0
62392 4
62393 0
62394 9
62395 4
62396 6
62397 6
62398 8
62399 5
62400 4
62401 2
62402 3
62403 1
62404 6
62405 8
62406 1
62407 7
62408 2
62409 5
62410 8
62411 0
62412 4
62413 7
62414 8
62415 9
62416 4
62417 7
62418 9
62419 2
62420 8
62421 2
62422 2
62423 7
62424 5
62425 0
62426 8
62427 5
62428 5
62429 8
62430 0
62431 5
62432 2
62433 2
62434 0
62435 7
62436 6
62437 2
62438 6
62439 4
62440 8
62441 5
62442 1
62443 4
62444 1
62445 1
62446 3
62447 1
62448 8
62449 7
62450 2
62451 1
62452 1
62453 4
62454 1
62455 9
62456 5
62457 4
62458 7
62459 1
62460 9
62461 2
62462 6
62463 1
62464 7
62465 7
62466 8
62467 4
62468 0
62469 0
62470 8
62471 5
62472 2
62473 4
62474 7
62475 4
62476 2
62477 9
62478 3
62479 7
62480 5
62481 2
62482 2
62483 2
62484 7
62485 1
62486 9
62487 9
62488 1
62489 2
62490 8
62491 9
62492 0
62493 9
62494 3
62495 8
62496 0
62497 7
62498 4
62499 9
62500 1
62501 6
62502 2
62503 6
62504 4
62505 4
62506 5
62507 9
62508 9
62509 8
62510 7
62511 6
62512 8
62513 0
62514 6
62515 0
62516 7
62517 7
62518 0
62519 7
62520 7
62521 5
62522 2
62523 4
62524 8
62525 0
62526 0
62527 7
62528 8
62529 2
62530 6
62531 0
62532 2
62533 4
62534 6
62535 6
62536 8
62537 9
62538 5
62539 4
62540 2
62541 7
62542 8
62543 1
62544 5
62545 0
62546 9
62547 3
62548 0
62549 6
62550 0
62551 3
62552 4
62553 6
62554 5
62555 9
62556 8
62557 2
62558 0
62559 7
62560 8
62561 3
62562 5
62563 3
62564 3
62565 6
62566 9
62567 3
62568 0
62569 4
62570 7
62571 9
62572 2
62573 2
62574 4
62575 0
62576 8
62577 4
62578 0
62579 5
62580 1
62581 7
62582 3
62583 9
62584 4
62585 0
62586 6
62587 5
62588 2
62589 4
62590 8
62591 3
62592 1
62593 6
62594 7
62595 3
62596 0
62597 5
62598 3
62599 5
62600 4
62601 5
62602 9
62603 9
62604 2
62605 2
62606 4
62607 7
62608 4
62609 0
62610 8
62611 1
62612 2
62613 6
62614 3
62615 1
62616 8
62617 5
62618 2
62619 6
62620 1
62621 9
62622 1
62623 5
62624 8
62625 2
62626 7
62627 3
62628 4
62629 0
62630 9
62631 3
62632 2
62633 0
62634 0
62635 5
62636 3
62637 0
62638 5
62639 5
62640 8
62641 1
62642 0
62643 9
62644 5
62645 3
62646 7
62647 0
62648 5
62649 2
62650 5
62651 2
62652 7
62653 4
62654 9
62655 8
62656 1
62657 4
62658 2
62659 3
62660 7
62661 7
62662 7
62663 1
62664 5
62665 3
62666 3
62667 4
62668 7
62669 0
62670 8
62671 3
62672 1
62673 7
62674 7
62675 8
62676 4
62677 0
62678 8
62679 5
62680 0
62681 1
62682 2
62683 2
62684 7
62685 8
62686 2
62687 0
62688 9
62689 9
62690 5
62691 7
62692 9
62693 3
62694 2
62695 9
62696 7
62697 3
62698 5
62699 0
62700 3
62701 6
62702 1
62703 0
62704 3
62705 5
62706 0
62707 9
62708 3
62709 5
62710 2
62711 9
62712 0
62713 6
62714 7
62715 8
62716 6
62717 7
62718 5
62719 0
62720 4
62721 0
62722 1
62723 3
62724 7
62725 4
62726 8
62727 2
62728 7
62729 7
62730 8
62731 5
62732 3
62733 7
62734 3
62735 0
62736 6
62737 6
62738 8
62739 8
62740 1
62741 5
62742 6
62743 3
62744 6
62745 8
62746 1
62747 5
62748 2
62749 5
62750 6
62751 3
62752 3
62753 9
62754 2
62755 5
62756 3
62757 6
62758 7
62759 9
62760 7
62761 9
62762 5
62763 4
62764 4
62765 5
62766 2
62767 5
62768 1
62769 9
62770 3
62771 6
62772 5
62773 1
62774 0
62775 3
62776 2
62777 1
62778 7
62779 8
62780 1
62781 4
62782 6
62783 5
62784 9
62785 1
62786 8
62787 5
62788 3
62789 9
62790 5
62791 6
62792 4
62793 9
62794 5
62795 6
62796 7
62797 2
62798 4
62799 0
62800 7
62801 9
62802 9
62803 5
62804 1
62805 1
62806 1
62807 2
62808 4
62809 2
62810 6
62811 2
62812 5
62813 7
62814 6
62815 6
62816 3
62817 4
62818 3
62819 5
62820 0
62821 7
62822 7
62823 3
62824 5
62825 4
62826 0
62827 8
62828 1
62829 4
62830 6
62831 8
62832 0
62833 2
62834 8
62835 4
62836 6
62837 3
62838 5
62839 0
62840 7
62841 6
62842 9
62843 4
62844 4
62845 2
62846 4
62847 5
62848 6
62849 1
62850 4
62851 7
62852 5
62853 4
62854 5
62855 9
62856 2
62857 9
62858 5
62859 5
62860 4
62861 8
62862 3
62863 0
62864 3
62865 8
62866 0
62867 2
62868 7
62869 6
62870 0
62871 6
62872 1
62873 4
62874 1
62875 3
62876 5
62877 0
62878 5
62879 7
62880 7
62881 3
62882 0
62883 4
62884 8
62885 1
62886 6
62887 4
62888 5
62889 9
62890 0
62891 6
62892 8
62893 2
62894 7
62895 8
62896 5
62897 7
62898 7
62899 5
62900 1
62901 9
62902 0
62903 2
62904 5
62905 0
62906 8
62907 1
62908 4
62909 8
62910 0
62911 6
62912 4
62913 1
62914 0
62915 4
62916 4
62917 6
62918 7
62919 7
62920 3
62921 7
62922 9
62923 4
62924 7
62925 9
62926 3
62927 8
62928 5
62929 6
62930 4
62931 1
62932 2
62933 0
62934 8
62935 6
62936 5
62937 6
62938 5
62939 5
62940 0
62941 4
62942 5
62943 3
62944 9
62945 9
62946 6
62947 2
62948 2
62949 6
62950 0
62951 8
62952 7
62953 8
62954 5
62955 5
62956 3
62957 5
62958 9
62959 6
62960 8
62961 5
62962 9
62963 6
62964 4
62965 1
62966 7
62967 3
62968 7
62969 7
62970 8
62971 2
62972 3
62973 2
62974 7
62975 1
62976 3
62977 7
62978 3
62979 6
62980 0
62981 9
62982 9
62983 4
62984 3
62985 1
62986 6
62987 6
62988 6
62989 0
62990 0
62991 1
62992 1
62993 0
62994 5
62995 4
62996 4
62997 3
62998 2
62999 6
63000 3
63001 0
63002 8
63003 1
63004 2
63005 8
63006 2
63007 2
63008 1
63009 8
63010 8
63011 6
63012 4
63013 5
63014 1
63015 0
63016 3
63017 6
63018 3
63019 5
63020 5
63021 7
63022 4
63023 6
63024 0
63025 6
63026 2
63027 9
63028 4
63029 2
63030 3
63031 7
63032 9
63033 5
63034 8
63035 7
63036 1
63037 3
63038 8
63039 8
63040 2
63041 3
63042 0
63043 1
63044 1
63045 0
63046 9
63047 7
63048 8
63049 9
63050 3
63051 4
63052 1
63053 2
63054 6
63055 6
63056 3
63057 4
63058 0
63059 3
63060 0
63061 1
63062 9
63063 3
63064 2
63065 2
63066 7
63067 9
63068 4
63069 5
63070 0
63071 9
63072 0
63073 3
63074 4
63075 5
63076 4
63077 1
63078 6
63079 8
63080 7
63081 3
63082 5
63083 2
63084 8
63085 9
63086 8
63087 7
63088 8
63089 6
63090 7
63091 8
63092 0
63093 0
63094 0
63095 1
63096 3
63097 6
63098 2
63099 0
63100 7
63101 2
63102 8
63103 4
63104 5
63105 5
63106 1
63107 7
63108 8
63109 4
63110 9
63111 0
63112 1
63113 7
63114 7
63115 0
63116 9
63117 1
63118 5
63119 1
63120 4
63121 0
63122 1
63123 1
63124 7
63125 8
63126 5
63127 9
63128 2
63129 6
63130 3
63131 1
63132 8
63133 1
63134 7
63135 8
63136 8
63137 7
63138 0
63139 7
63140 1
63141 5
63142 6
63143 1
63144 3
63145 0
63146 4
63147 8
63148 2
63149 1
63150 0
63151 1
63152 6
63153 7
63154 1
63155 3
63156 9
63157 6
63158 3
63159 1
63160 8
63161 5
63162 2
63163 8
63164 3
63165 3
63166 4
63167 7
63168 1
63169 2
63170 6
63171 5
63172 8
63173 8
63174 2
63175 2
63176 8
63177 8
63178 0
63179 5
63180 1
63181 9
63182 1
63183 9
63184 1
63185 0
63186 2
63187 4
63188 7
63189 0
63190 8
63191 3
63192 5
63193 0
63194 7
63195 7
63196 8
63197 2
63198 5
63199 2
63200 3
63201 5
63202 2
63203 7
63204 9
63205 1
63206 1
63207 0
63208 0
63209 6
63210 9
63211 8
63212 6
63213 4
63214 7
63215 0
63216 9
63217 7
63218 1
63219 4
63220 7
63221 3
63222 3
63223 9
63224 9
63225 8
63226 2
63227 6
63228 6
63229 4
63230 7
63231 8
63232 4
63233 7
63234 0
63235 9
63236 0
63237 8
63238 5
63239 7
63240 3
63241 2
63242 6
63243 7
63244 7
63245 9
63246 0
63247 0
63248 4
63249 0
63250 2
63251 2
63252 1
63253 9
63254 8
63255 2
63256 6
63257 4
63258 3
63259 4
63260 5
63261 0
63262 1
63263 8
63264 1
63265 7
63266 1
63267 4
63268 3
63269 4
63270 2
63271 7
63272 2
63273 4
63274 2
63275 9
63276 4
63277 0
63278 7
63279 8
63280 9
63281 4
63282 6
63283 2
63284 9
63285 4
63286 2
63287 3
63288 6
63289 0
63290 1
63291 2
63292 9
63293 1
63294 9
63295 5
63296 4
63297 9
63298 3
63299 0
63300 6
63301 5
63302 6
63303 5
63304 7
63305 1
63306 6
63307 1
63308 6
63309 9
63310 2
63311 1
63312 3
63313 5
63314 7
63315 9
63316 6
63317 1
63318 5
63319 4
63320 2
63321 7
63322 0
63323 1
63324 8
63325 5
63326 1
63327 1
63328 6
63329 1
63330 3
63331 6
63332 1
63333 9
63334 7
63335 6
63336 1
63337 3
63338 5
63339 3
63340 7
63341 8
63342 8
63343 5
63344 7
63345 1
63346 1
63347 1
63348 3
63349 6
63350 5
63351 1
63352 7
63353 9
63354 5
63355 4
63356 5
63357 9
63358 2
63359 7
63360 5
63361 1
63362 2
63363 4
63364 8
63365 8
63366 4
63367 6
63368 2
63369 0
63370 5
63371 6
63372 5
63373 0
63374 8
63375 6
63376 5
63377 1
63378 0
63379 9
63380 5
63381 3
63382 6
63383 3
63384 9
63385 2
63386 9
63387 7
63388 4
63389 8
63390 3
63391 6
63392 2
63393 1
63394 1
63395 2
63396 3
63397 0
63398 2
63399 5
63400 9
63401 8
63402 2
63403 7
63404 6
63405 1
63406 4
63407 4
63408 8
63409 3
63410 0
63411 2
63412 6
63413 7
63414 8
63415 8
63416 8
63417 6
63418 9
63419 1
63420 3
63421 2
63422 2
63423 7
63424 9
63425 3
63426 8
63427 9
63428 7
63429 1
63430 1
63431 6
63432 2
63433 7
63434 6
63435 7
63436 6
63437 6
63438 2
63439 9
63440 8
63441 1
63442 3
63443 9
63444 5
63445 0
63446 7
63447 1
63448 1
63449 5
63450 2
63451 7
63452 3
63453 8
63454 2
63455 5
63456 8
63457 6
63458 6
63459 7
63460 7
63461 4
63462 1
63463 8
63464 8
63465 4
63466 1
63467 1
63468 2
63469 7
63470 0
63471 7
63472 1
63473 9
63474 2
63475 4
63476 9
63477 4
63478 2
63479 0
63480 7
63481 3
63482 3
63483 6
63484 2
63485 2
63486 7
63487 8
63488 4
63489 6
63490 0
63491 3
63492 3
63493 6
63494 2
63495 9
63496 6
63497 8
63498 8
63499 4
63500 3
63501 7
63502 3
63503 2
63504 7
63505 6
63506 6
63507 2
63508 6
63509 4
63510 9
63511 4
63512 2
63513 6
63514 1
63515 7
63516 7
63517 2
63518 0
63519 9
63520 7
63521 3
63522 2
63523 1
63524 8
63525 0
63526 4
63527 0
63528 8
63529 4
63530 2
63531 3
63532 7
63533 2
63534 9
63535 2
63536 8
63537 8
63538 7
63539 3
63540 1
63541 0
63542 1
63543 6
63544 0
63545 4
63546 0
63547 7
63548 1
63549 2
63550 0
63551 0
63552 4
63553 0
63554 3
63555 5
63556 1
63557 6
63558 1
63559 4
63560 2
63561 0
63562 8
63563 2
63564 2
63565 2
63566 4
63567 2
63568 8
63569 8
63570 7
63571 3
63572 3
63573 7
63574 4
63575 1
63576 5
63577 2
63578 3
63579 4
63580 8
63581 8
63582 3
63583 1
63584 6
63585 2
63586 7
63587 7
63588 4
63589 3
63590 3
63591 9
63592 9
63593 6
63594 6
63595 2
63596 7
63597 2
63598 8
63599 6
63600 7
63601 5
63602 1
63603 4
63604 3
63605 9
63606 2
63607 5
63608 0
63609 3
63610 0
63611 8
63612 9
63613 1
63614 8
63615 6
63616 4
63617 9
63618 5
63619 1
63620 8
63621 3
63622 8
63623 4
63624 2
63625 1
63626 3
63627 8
63628 4
63629 6
63630 9
63631 5
63632 4
63633 4
63634 1
63635 8
63636 4
63637 4
63638 0
63639 7
63640 7
63641 0
63642 4
63643 7
63644 6
63645 3
63646 6
63647 5
63648 1
63649 5
63650 3
63651 0
63652 8
63653 8
63654 7
63655 7
63656 3
63657 0
63658 4
63659 9
63660 7
63661 8
63662 4
63663 2
63664 1
63665 1
63666 4
63667 3
63668 7
63669 7
63670 9
63671 3
63672 5
63673 1
63674 3
63675 8
63676 6
63677 6
63678 6
63679 2
63680 6
63681 6
63682 6
63683 0
63684 6
63685 4
63686 7
63687 8
63688 7
63689 7
63690 6
63691 6
63692 9
63693 0
63694 9
63695 9
63696 4
63697 2
63698 2
63699 6
63700 4
63701 7
63702 4
63703 4
63704 3
63705 4
63706 6
63707 2
63708 5
63709 3
63710 4
63711 1
63712 3
63713 2
63714 0
63715 8
63716 5
63717 5
63718 2
63719 0
63720 1
63721 6
63722 3
63723 1
63724 8
63725 9
63726 7
63727 1
63728 5
63729 1
63730 1
63731 2
63732 1
63733 3
63734 5
63735 9
63736 6
63737 3
63738 7
63739 0
63740 2
63741 3
63742 0
63743 1
63744 0
63745 0
63746 8
63747 0
63748 8
63749 2
63750 1
63751 9
63752 7
63753 8
63754 9
63755 0
63756 5
63757 0
63758 1
63759 6
63760 5
63761 7
63762 3
63763 0
63764 2
63765 8
63766 6
63767 4
63768 4
63769 9
63770 7
63771 0
63772 8
63773 1
63774 5
63775 1
63776 5
63777 2
63778 4
63779 1
63780 3
63781 5
63782 4
63783 3
63784 9
63785 4
63786 9
63787 0
63788 1
63789 6
63790 9
63791 8
63792 5
63793 5
63794 2
63795 1
63796 9
63797 8
63798 6
63799 6
63800 3
63801 0
63802 4
63803 7
63804 4
63805 4
63806 7
63807 1
63808 7
63809 0
63810 9
63811 7
63812 7
63813 1
63814 9
63815 4
63816 9
63817 5
63818 6
63819 0
63820 7
63821 4
63822 4
63823 2
63824 3
63825 4
63826 1
63827 4
63828 8
63829 8
63830 7
63831 5
63832 4
63833 5
63834 3
63835 9
63836 6
63837 0
63838 4
63839 8
63840 1
63841 5
63842 7
63843 9
63844 0
63845 2
63846 2
63847 1
63848 3
63849 9
63850 1
63851 2
63852 3
63853 8
63854 0
63855 7
63856 4
63857 6
63858 3
63859 9
63860 6
63861 9
63862 9
63863 2
63864 2
63865 4
63866 2
63867 5
63868 5
63869 2
63870 8
63871 8
63872 8
63873 3
63874 6
63875 8
63876 7
63877 1
63878 8
63879 5
63880 0
63881 5
63882 2
63883 0
63884 0
63885 9
63886 4
63887 0
63888 5
63889 5
63890 3
63891 9
63892 7
63893 1
63894 5
63895 9
63896 3
63897 3
63898 9
63899 3
63900 9
63901 9
63902 9
63903 7
63904 5
63905 3
63906 5
63907 6
63908 0
63909 6
63910 1
63911 2
63912 8
63913 8
63914 3
63915 7
63916 2
63917 9
63918 7
63919 6
63920 5
63921 6
63922 2
63923 7
63924 1
63925 5
63926 1
63927 0
63928 4
63929 1
63930 7
63931 2
63932 8
63933 8
63934 6
63935 2
63936 0
63937 0
63938 7
63939 2
63940 0
63941 7
63942 5
63943 6
63944 2
63945 8
63946 9
63947 6
63948 6
63949 4
63950 6
63951 6
63952 8
63953 5
63954 5
63955 8
63956 9
63957 2
63958 7
63959 6
63960 3
63961 7
63962 9
63963 0
63964 5
63965 1
63966 5
63967 2
63968 8
63969 4
63970 2
63971 6
63972 4
63973 4
63974 3
63975 9
63976 5
63977 1
63978 2
63979 1
63980 8
63981 4
63982 4
63983 1
63984 6
63985 0
63986 3
63987 0
63988 7
63989 3
63990 3
63991 0
63992 8
63993 8
63994 6
63995 8
63996 5
63997 1
63998 8
63999 5
64000 8
64001 2
64002 7
64003 8
64004 5
64005 7
64006 3
64007 6
64008 4
64009 5
64010 2
64011 2
64012 0
64013 0
64014 3
64015 2
64016 7
64017 6
64018 7
64019 2
64020 3
64021 7
64022 4
64023 3
64024 7
64025 4
64026 9
64027 8
64028 5
64029 2
64030 0
64031 0
64032 5
64033 8
64034 8
64035 5
64036 3
64037 8
64038 0
64039 1
64040 8
64041 7
64042 0
64043 2
64044 1
64045 1
64046 3
64047 6
64048 4
64049 7
64050 5
64051 7
64052 0
64053 8
64054 0
64055 7
64056 1
64057 1
64058 6
64059 6
64060 4
64061 6
64062 2
64063 0
64064 6
64065 4
64066 3
64067 7
64068 2
64069 3
64070 6
64071 4
64072 5
64073 9
64074 9
64075 8
64076 6
64077 8
64078 8
64079 4
64080 9
64081 4
64082 0
64083 4
64084 2
64085 3
64086 1
64087 6
64088 9
64089 2
64090 1
64091 7
64092 2
64093 7
64094 2
64095 4
64096 4
64097 7
64098 7
64099 4
64100 9
64101 5
64102 8
64103 4
64104 0
64105 9
64106 7
64107 5
64108 1
64109 1
64110 3
64111 0
64112 1
64113 6
64114 2
64115 4
64116 4
64117 1
64118 8
64119 6
64120 3
64121 8
64122 6
64123 9
64124 2
64125 2
64126 4
64127 8
64128 3
64129 7
64130 3
64131 2
64132 0
64133 4
64134 6
64135 2
64136 1
64137 8
64138 5
64139 2
64140 0
64141 1
64142 5
64143 0
64144 1
64145 7
64146 9
64147 8
64148 7
64149 4
64150 0
64151 6
64152 4
64153 5
64154 9
64155 7
64156 9
64157 0
64158 0
64159 8
64160 5
64161 1
64162 7
64163 8
64164 3
64165 3
64166 5
64167 0
64168 5
64169 2
64170 1
64171 0
64172 5
64173 2
64174 2
64175 6
64176 5
64177 5
64178 6
64179 6
64180 1
64181 6
64182 6
64183 6
64184 2
64185 0
64186 9
64187 2
64188 3
64189 0
64190 2
64191 0
64192 3
64193 4
64194 6
64195 5
64196 8
64197 7
64198 8
64199 8
64200 6
64201 4
64202 8
64203 9
64204 5
64205 3
64206 9
64207 8
64208 8
64209 6
64210 3
64211 3
64212 5
64213 8
64214 9
64215 5
64216 8
64217 8
64218 1
64219 4
64220 6
64221 5
64222 5
64223 4
64224 0
64225 5
64226 6
64227 7
64228 5
64229 4
64230 6
64231 5
64232 3
64233 6
64234 9
64235 0
64236 9
64237 3
64238 2
64239 6
64240 3
64241 3
64242 1
64243 5
64244 9
64245 9
64246 0
64247 0
64248 8
64249 2
64250 7
64251 3
64252 3
64253 8
64254 2
64255 0
64256 0
64257 8
64258 8
64259 1
64260 8
64261 0
64262 4
64263 9
64264 5
64265 6
64266 0
64267 1
64268 0
64269 5
64270 5
64271 5
64272 8
64273 1
64274 2
64275 1
64276 3
64277 0
64278 1
64279 6
64280 6
64281 7
64282 8
64283 0
64284 9
64285 1
64286 8
64287 1
64288 0
64289 2
64290 1
64291 0
64292 7
64293 6
64294 5
64295 2
64296 0
64297 9
64298 0
64299 1
64300 9
64301 7
64302 4
64303 1
64304 4
64305 4
64306 4
64307 5
64308 1
64309 4
64310 1
64311 7
64312 9
64313 0
64314 1
64315 5
64316 7
64317 0
64318 6
64319 5
64320 8
64321 0
64322 0
64323 4
64324 2
64325 9
64326 6
64327 4
64328 8
64329 0
64330 6
64331 3
64332 1
64333 6
64334 5
64335 4
64336 6
64337 0
64338 4
64339 4
64340 4
64341 5
64342 8
64343 4
64344 0
64345 1
64346 0
64347 9
64348 0
64349 3
64350 1
64351 0
64352 0
64353 0
64354 0
64355 8
64356 2
64357 2
64358 3
64359 2
64360 0
64361 1
64362 5
64363 4
64364 0
64365 4
64366 1
64367 5
64368 4
64369 3
64370 2
64371 7
64372 3
64373 5
64374 0
64375 8
64376 6
64377 3
64378 9
64379 2
64380 1
64381 9
64382 9
64383 0
64384 2
64385 4
64386 1
64387 9
64388 0
64389 9
64390 8
64391 9
64392 4
64393 2
64394 7
64395 8
64396 4
64397 6
64398 9
64399 0
64400 1
64401 1
64402 7
64403 0
64404 9
64405 9
64406 4
64407 7
64408 4
64409 1
64410 7
64411 5
64412 2
64413 9
64414 0
64415 8
64416 4
64417 5
64418 4
64419 7
64420 6
64421 5
64422 5
64423 7
64424 3
64425 1
64426 4
64427 8
64428 7
64429 7
64430 6
64431 8
64432 2
64433 1
64434 2
64435 4
64436 8
64437 8
64438 8
64439 7
64440 9
64441 6
64442 7
64443 2
64444 3
64445 2
64446 3
64447 2
64448 4
64449 7
64450 8
64451 4
64452 3
64453 0
64454 7
64455 8
64456 1
64457 8
64458 5
64459 0
64460 5
64461 5
64462 6
64463 5
64464 9
64465 0
64466 1
64467 6
64468 5
64469 8
64470 8
64471 1
64472 7
64473 5
64474 0
64475 8
64476 6
64477 5
64478 1
64479 0
64480 0
64481 8
64482 8
64483 3
64484 3
64485 4
64486 5
64487 7
64488 1
64489 2
64490 4
64491 0
64492 3
64493 3
64494 4
64495 9
64496 8
64497 6
64498 2
64499 1
64500 5
64501 1
64502 0
64503 5
64504 0
64505 2
64506 9
64507 4
64508 7
64509 5
64510 8
64511 5
64512 1
64513 1
64514 5
64515 7
64516 6
64517 8
64518 4
64519 6
64520 2
64521 5
64522 2
64523 1
64524 0
64525 5
64526 7
64527 9
64528 8
64529 8
64530 5
64531 9
64532 0
64533 0
64534 0
64535 1
64536 7
64537 4
64538 2
64539 5
64540 6
64541 7
64542 7
64543 3
64544 0
64545 3
64546 8
64547 3
64548 4
64549 5
64550 6
64551 7
64552 1
64553 7
64554 6
64555 3
64556 8
64557 1
64558 9
64559 0
64560 1
64561 2
64562 2
64563 7
64564 1
64565 2
64566 0
64567 6
64568 6
64569 0
64570 2
64571 3
64572 3
64573 0
64574 3
64575 2
64576 0
64577 8
64578 1
64579 3
64580 4
64581 4
64582 5
64583 0
64584 0
64585 2
64586 8
64587 1
64588 7
64589 8
64590 4
64591 7
64592 6
64593 5
64594 7
64595 8
64596 4
64597 3
64598 1
64599 2
64600 3
64601 3
64602 9
64603 6
64604 1
64605 2
64606 0
64607 7
64608 3
64609 5
64610 1
64611 8
64612 0
64613 1
64614 5
64615 8
64616 5
64617 3
64618 8
64619 0
64620 3
64621 2
64622 7
64623 5
64624 4
64625 4
64626 3
64627 6
64628 9
64629 0
64630 0
64631 9
64632 7
64633 8
64634 3
64635 8
64636 7
64637 1
64638 6
64639 5
64640 3
64641 3
64642 7
64643 0
64644 9
64645 5
64646 4
64647 8
64648 3
64649 5
64650 4
64651 4
64652 7
64653 4
64654 9
64655 1
64656 1
64657 2
64658 2
64659 4
64660 7
64661 5
64662 7
64663 8
64664 5
64665 3
64666 7
64667 6
64668 3
64669 5
64670 8
64671 0
64672 3
64673 7
64674 3
64675 3
64676 5
64677 7
64678 5
64679 0
64680 5
64681 2
64682 2
64683 1
64684 7
64685 7
64686 3
64687 1
64688 4
64689 8
64690 5
64691 0
64692 4
64693 7
64694 0
64695 5
64696 7
64697 0
64698 0
64699 2
64700 4
64701 1
64702 4
64703 2
64704 0
64705 9
64706 9
64707 4
64708 8
64709 7
64710 9
64711 1
64712 7
64713 0
64714 5
64715 0
64716 6
64717 6
64718 5
64719 2
64720 2
64721 8
64722 4
64723 2
64724 8
64725 2
64726 5
64727 3
64728 6
64729 0
64730 9
64731 6
64732 0
64733 0
64734 3
64735 6
64736 4
64737 3
64738 4
64739 7
64740 5
64741 5
64742 2
64743 7
64744 6
64745 1
64746 0
64747 6
64748 7
64749 2
64750 7
64751 1
64752 4
64753 8
64754 7
64755 8
64756 4
64757 3
64758 3
64759 0
64760 4
64761 1
64762 0
64763 4
64764 6
64765 8
64766 3
64767 0
64768 2
64769 6
64770 2
64771 1
64772 1
64773 4
64774 7
64775 0
64776 9
64777 9
64778 4
64779 8
64780 1
64781 4
64782 8
64783 5
64784 5
64785 3
64786 1
64787 2
64788 0
64789 7
64790 5
64791 4
64792 9
64793 2
64794 0
64795 6
64796 0
64797 6
64798 7
64799 4
64800 4
64801 9
64802 7
64803 9
64804 5
64805 0
64806 7
64807 0
64808 3
64809 6
64810 2
64811 9
64812 4
64813 3
64814 6
64815 9
64816 2
64817 5
64818 6
64819 2
64820 2
64821 4
64822 1
64823 7
64824 5
64825 3
64826 6
64827 1
64828 8
64829 2
64830 3
64831 4
64832 9
64833 4
64834 7
64835 6
64836 9
64837 8
64838 3
64839 4
64840 7
64841 7
64842 3
64843 6
64844 5
64845 8
64846 4
64847 7
64848 8
64849 4
64850 3
64851 5
64852 8
64853 2
64854 7
64855 9
64856 1
64857 5
64858 0
64859 4
64860 7
64861 0
64862 8
64863 9
64864 0
64865 1
64866 9
64867 8
64868 4
64869 3
64870 8
64871 0
64872 3
64873 6
64874 5
64875 8
64876 0
64877 1
64878 2
64879 6
64880 5
64881 9
64882 7
64883 6
64884 6
64885 9
64886 7
64887 2
64888 9
64889 5
64890 4
64891 1
64892 5
64893 0
64894 9
64895 0
64896 8
64897 7
64898 7
64899 9
64900 1
64901 1
64902 0
64903 4
64904 5
64905 7
64906 3
64907 1
64908 8
64909 4
64910 6
64911 6
64912 0
64913 4
64914 6
64915 5
64916 5
64917 5
64918 7
64919 9
64920 1
64921 6
64922 6
64923 2
64924 3
64925 5
64926 9
64927 2
64928 4
64929 3
64930 2
64931 5
64932 8
64933 0
64934 9
64935 0
64936 2
64937 6
64938 3
64939 6
64940 7
64941 5
64942 4
64943 3
64944 1
64945 6
64946 5
64947 8
64948 4
64949 6
64950 2
64951 7
64952 1
64953 3
64954 9
64955 7
64956 9
64957 7
64958 2
64959 1
64960 9
64961 9
64962 7
64963 6
64964 6
64965 5
64966 9
64967 3
64968 5
64969 4
64970 4
64971 3
64972 8
64973 9
64974 4
64975 2
64976 2
64977 2
64978 2
64979 2
64980 6
64981 3
64982 3
64983 9
64984 1
64985 6
64986 7
64987 6
64988 5
64989 7
64990 9
64991 4
64992 7
64993 0
64994 9
64995 9
64996 0
64997 1
64998 6
64999 0
65000 9
65001 9
65002 5
65003 4
65004 3
65005 2
65006 7
65007 2
65008 3
65009 9
65010 0
65011 9
65012 8
65013 9
65014 3
65015 7
65016 9
65017 9
65018 1
65019 9
65020 3
65021 1
65022 9
65023 1
65024 3
65025 6
65026 8
65027 8
65028 9
65029 8
65030 7
65031 3
65032 0
65033 0
65034 8
65035 9
65036 7
65037 1
65038 9
65039 6
65040 6
65041 3
65042 4
65043 4
65044 9
65045 7
65046 0
65047 8
65048 3
65049 1
65050 1
65051 2
65052 5
65053 2
65054 7
65055 1
65056 7
65057 5
65058 4
65059 5
65060 1
65061 3
65062 7
65063 4
65064 7
65065 0
65066 4
65067 9
65068 4
65069 2
65070 8
65071 1
65072 8
65073 5
65074 9
65075 9
65076 6
65077 9
65078 5
65079 4
65080 0
65081 4
65082 4
65083 3
65084 7
65085 6
65086 9
65087 4
65088 4
65089 9
65090 8
65091 6
65092 2
65093 4
65094 6
65095 3
65096 6
65097 4
65098 8
65099 4
65100 9
65101 5
65102 1
65103 0
65104 9
65105 7
65106 1
65107 8
65108 8
65109 9
65110 7
65111 2
65112 9
65113 3
65114 6
65115 5
65116 2
65117 6
65118 1
65119 1
65120 4
65121 5
65122 4
65123 5
65124 5
65125 4
65126 2
65127 4
65128 8
65129 3
65130 7
65131 5
65132 0
65133 7
65134 8
65135 1
65136 3
65137 8
65138 5
65139 5
65140 4
65141 5
65142 2
65143 4
65144 5
65145 5
65146 6
65147 7
65148 7
65149 0
65150 5
65151 1
65152 5
65153 6
65154 3
65155 8
65156 0
65157 4
65158 2
65159 3
65160 0
65161 0
65162 9
65163 4
65164 5
65165 9
65166 4
65167 1
65168 6
65169 3
65170 9
65171 9
65172 1
65173 8
65174 8
65175 2
65176 1
65177 4
65178 6
65179 0
65180 2
65181 7
65182 8
65183 5
65184 9
65185 3
65186 9
65187 3
65188 1
65189 4
65190 0
65191 2
65192 4
65193 7
65194 7
65195 8
65196 9
65197 8
65198 5
65199 2
65200 0
65201 2
65202 7
65203 1
65204 2
65205 2
65206 0
65207 8
65208 4
65209 7
65210 0
65211 8
65212 4
65213 8
65214 7
65215 8
65216 3
65217 8
65218 8
65219 8
65220 1
65221 3
65222 7
65223 4
65224 4
65225 1
65226 8
65227 2
65228 5
65229 5
65230 4
65231 7
65232 5
65233 6
65234 1
65235 5
65236 1
65237 4
65238 8
65239 0
65240 2
65241 5
65242 3
65243 8
65244 3
65245 7
65246 2
65247 8
65248 8
65249 8
65250 3
65251 1
65252 5
65253 6
65254 6
65255 5
65256 0
65257 4
65258 5
65259 7
65260 9
65261 2
65262 4
65263 8
65264 9
65265 9
65266 3
65267 1
65268 0
65269 7
65270 2
65271 5
65272 4
65273 7
65274 8
65275 0
65276 4
65277 8
65278 8
65279 5
65280 8
65281 5
65282 7
65283 1
65284 7
65285 1
65286 1
65287 4
65288 2
65289 0
65290 6
65291 3
65292 8
65293 4
65294 5
65295 7
65296 2
65297 7
65298 8
65299 0
65300 0
65301 5
65302 9
65303 0
65304 7
65305 3
65306 4
65307 0
65308 9
65309 4
65310 6
65311 0
65312 6
65313 4
65314 6
65315 5
65316 2
65317 6
65318 7
65319 1
65320 5
65321 2
65322 0
65323 4
65324 3
65325 7
65326 9
65327 5
65328 3
65329 5
65330 7
65331 4
65332 9
65333 5
65334 8
65335 8
65336 7
65337 2
65338 0
65339 8
65340 5
65341 3
65342 4
65343 1
65344 0
65345 3
65346 1
65347 2
65348 1
65349 6
65350 7
65351 7
65352 4
65353 3
65354 2
65355 7
65356 3
65357 3
65358 4
65359 6
65360 0
65361 0
65362 9
65363 6
65364 3
65365 3
65366 3
65367 6
65368 9
65369 1
65370 7
65371 5
65372 4
65373 2
65374 1
65375 7
65376 9
65377 4
65378 3
65379 0
65380 8
65381 7
65382 8
65383 7
65384 6
65385 7
65386 9
65387 3
65388 4
65389 0
65390 5
65391 3
65392 6
65393 5
65394 6
65395 6
65396 9
65397 3
65398 9
65399 8
65400 5
65401 5
65402 5
65403 8
65404 9
65405 8
65406 5
65407 4
65408 7
65409 4
65410 9
65411 1
65412 1
65413 6
65414 7
65415 9
65416 6
65417 9
65418 1
65419 7
65420 6
65421 7
65422 7
65423 4
65424 6
65425 8
65426 3
65427 2
65428 6
65429 9
65430 5
65431 1
65432 8
65433 8
65434 6
65435 1
65436 5
65437 7
65438 4
65439 9
65440 7
65441 0
65442 6
65443 6
65444 0
65445 5
65446 1
65447 8
65448 8
65449 2
65450 5
65451 6
65452 5
65453 7
65454 5
65455 8
65456 4
65457 0
65458 2
65459 6
65460 7
65461 1
65462 7
65463 0
65464 3
65465 5
65466 7
65467 7
65468 8
65469 3
65470 9
65471 6
65472 8
65473 6
65474 1
65475 8
65476 2
65477 3
65478 2
65479 1
65480 1
65481 0
65482 9
65483 2
65484 4
65485 8
65486 7
65487 9
65488 6
65489 9
65490 6
65491 8
65492 2
65493 2
65494 5
65495 0
65496 6
65497 8
65498 1
65499 5
65500 2
65501 0
65502 1
65503 4
65504 3
65505 8
65506 3
65507 9
65508 0
65509 4
65510 5
65511 2
65512 7
65513 5
65514 8
65515 5
65516 6
65517 8
65518 2
65519 5
65520 2
65521 8
65522 1
65523 5
65524 7
65525 5
65526 9
65527 1
65528 4
65529 2
65530 8
65531 1
65532 9
65533 3
65534 9
65535 7
65536 6
65537 1
65538 9
65539 7
65540 0
65541 7
65542 6
65543 1
65544 9
65545 5
65546 2
65547 2
65548 8
65549 6
65550 7
65551 2
65552 2
65553 8
65554 5
65555 6
65556 3
65557 2
65558 6
65559 2
65560 1
65561 5
65562 3
65563 5
65564 4
65565 4
65566 5
65567 3
65568 0
65569 5
65570 6
65571 2
65572 4
65573 5
65574 1
65575 6
65576 4
65577 3
65578 2
65579 8
65580 3
65581 8
65582 9
65583 1
65584 1
65585 6
65586 4
65587 8
65588 1
65589 9
65590 6
65591 3
65592 4
65593 6
65594 8
65595 2
65596 8
65597 3
65598 2
65599 0
65600 7
65601 7
65602 2
65603 3
65604 8
65605 7
65606 5
65607 8
65608 6
65609 4
65610 0
65611 7
65612 7
65613 4
65614 4
65615 4
65616 4
65617 9
65618 1
65619 2
65620 2
65621 6
65622 2
65623 1
65624 5
65625 2
65626 8
65627 3
65628 3
65629 4
65630 4
65631 2
65632 0
65633 9
65634 3
65635 5
65636 1
65637 9
65638 2
65639 4
65640 1
65641 7
65642 6
65643 5
65644 7
65645 5
65646 5
65647 8
65648 8
65649 0
65650 1
65651 0
65652 6
65653 4
65654 5
65655 6
65656 6
65657 9
65658 6
65659 1
65660 3
65661 9
65662 8
65663 8
65664 6
65665 8
65666 8
65667 1
65668 0
65669 2
65670 3
65671 4
65672 3
65673 9
65674 5
65675 4
65676 2
65677 6
65678 4
65679 0
65680 7
65681 6
65682 3
65683 1
65684 2
65685 3
65686 0
65687 9
65688 4
65689 3
65690 1
65691 6
65692 8
65693 2
65694 7
65695 7
65696 7
65697 4
65698 4
65699 9
65700 7
65701 7
65702 0
65703 6
65704 8
65705 1
65706 9
65707 5
65708 8
65709 1
65710 1
65711 7
65712 9
65713 8
65714 8
65715 2
65716 2
65717 7
65718 3
65719 0
65720 0
65721 4
65722 1
65723 2
65724 4
65725 5
65726 6
65727 1
65728 3
65729 8
65730 3
65731 6
65732 2
65733 3
65734 8
65735 1
65736 4
65737 7
65738 8
65739 3
65740 5
65741 4
65742 9
65743 2
65744 0
65745 4
65746 1
65747 0
65748 1
65749 5
65750 9
65751 2
65752 1
65753 4
65754 5
65755 6
65756 2
65757 8
65758 0
65759 6
65760 3
65761 9
65762 1
65763 8
65764 0
65765 8
65766 0
65767 2
65768 4
65769 9
65770 0
65771 9
65772 5
65773 1
65774 7
65775 4
65776 1
65777 9
65778 8
65779 4
65780 9
65781 3
65782 3
65783 7
65784 1
65785 2
65786 6
65787 4
65788 2
65789 6
65790 7
65791 2
65792 2
65793 2
65794 8
65795 1
65796 4
65797 6
65798 7
65799 5
65800 1
65801 5
65802 9
65803 5
65804 7
65805 8
65806 2
65807 7
65808 7
65809 8
65810 1
65811 1
65812 7
65813 3
65814 5
65815 1
65816 1
65817 4
65818 1
65819 3
65820 4
65821 2
65822 6
65823 3
65824 1
65825 3
65826 7
65827 7
65828 5
65829 1
65830 1
65831 2
65832 8
65833 8
65834 3
65835 8
65836 4
65837 7
65838 0
65839 0
65840 1
65841 5
65842 4
65843 7
65844 4
65845 5
65846 1
65847 3
65848 2
65849 1
65850 7
65851 4
65852 4
65853 3
65854 9
65855 8
65856 6
65857 6
65858 6
65859 5
65860 7
65861 3
65862 3
65863 8
65864 0
65865 9
65866 6
65867 1
65868 3
65869 6
65870 5
65871 2
65872 8
65873 7
65874 7
65875 3
65876 0
65877 9
65878 9
65879 0
65880 9
65881 1
65882 7
65883 6
65884 4
65885 8
65886 7
65887 7
65888 9
65889 8
65890 5
65891 1
65892 4
65893 6
65894 1
65895 3
65896 1
65897 4
65898 2
65899 2
65900 9
65901 7
65902 1
65903 3
65904 3
65905 3
65906 5
65907 7
65908 1
65909 6
65910 6
65911 9
65912 6
65913 3
65914 0
65915 0
65916 3
65917 1
65918 6
65919 5
65920 7
65921 7
65922 1
65923 4
65924 0
65925 1
65926 3
65927 0
65928 8
65929 5
65930 5
65931 4
65932 3
65933 4
65934 2
65935 0
65936 8
65937 4
65938 6
65939 6
65940 8
65941 2
65942 3
65943 3
65944 9
65945 7
65946 1
65947 4
65948 4
65949 6
65950 5
65951 2
65952 2
65953 3
65954 8
65955 7
65956 6
65957 4
65958 0
65959 3
65960 2
65961 6
65962 4
65963 8
65964 9
65965 1
65966 2
65967 3
65968 2
65969 7
65970 9
65971 5
65972 1
65973 1
65974 5
65975 9
65976 5
65977 2
65978 0
65979 1
65980 1
65981 9
65982 2
65983 7
65984 8
65985 5
65986 7
65987 0
65988 5
65989 4
65990 4
65991 8
65992 9
65993 7
65994 6
65995 0
65996 7
65997 2
65998 7
65999 3
66000 7
66001 8
66002 1
66003 1
66004 9
66005 0
66006 5
66007 0
66008 5
66009 2
66010 5
66011 0
66012 6
66013 1
66014 2
66015 4
66016 2
66017 1
66018 8
66019 6
66020 4
66021 3
66022 0
66023 3
66024 0
66025 8
66026 1
66027 2
66028 7
66029 2
66030 6
66031 7
66032 7
66033 9
66034 2
66035 0
66036 9
66037 4
66038 5
66039 9
66040 8
66041 3
66042 1
66043 3
66044 3
66045 5
66046 5
66047 7
66048 3
66049 1
66050 4
66051 2
66052 5
66053 3
66054 7
66055 8
66056 9
66057 4
66058 8
66059 4
66060 1
66061 2
66062 6
66063 5
66064 2
66065 2
66066 9
66067 6
66068 9
66069 6
66070 8
66071 8
66072 9
66073 0
66074 7
66075 2
66076 3
66077 7
66078 7
66079 0
66080 5
66081 5
66082 4
66083 3
66084 2
66085 1
66086 7
66087 4
66088 1
66089 7
66090 9
66091 6
66092 8
66093 8
66094 7
66095 6
66096 9
66097 3
66098 2
66099 0
66100 6
66101 7
66102 5
66103 7
66104 9
66105 4
66106 3
66107 0
66108 2
66109 7
66110 7
66111 6
66112 7
66113 5
66114 8
66115 2
66116 8
66117 7
66118 1
66119 9
66120 0
66121 1
66122 6
66123 8
66124 8
66125 3
66126 6
66127 6
66128 5
66129 6
66130 0
66131 6
66132 1
66133 4
66134 4
66135 7
66136 0
66137 7
66138 4
66139 4
66140 4
66141 1
66142 4
66143 3
66144 9
66145 0
66146 3
66147 4
66148 1
66149 9
66150 3
66151 2
66152 0
66153 9
66154 9
66155 4
66156 9
66157 3
66158 7
66159 1
66160 0
66161 4
66162 7
66163 9
66164 0
66165 3
66166 0
66167 1
66168 8
66169 5
66170 3
66171 1
66172 4
66173 1
66174 6
66175 8
66176 0
66177 4
66178 8
66179 2
66180 2
66181 8
66182 9
66183 2
66184 9
66185 1
66186 7
66187 3
66188 9
66189 7
66190 1
66191 5
66192 1
66193 0
66194 1
66195 9
66196 0
66197 8
66198 8
66199 6
66200 4
66201 6
66202 7
66203 8
66204 0
66205 8
66206 1
66207 3
66208 0
66209 8
66210 3
66211 3
66212 4
66213 7
66214 0
66215 8
66216 6
66217 7
66218 2
66219 4
66220 2
66221 4
66222 7
66223 0
66224 5
66225 3
66226 1
66227 6
66228 6
66229 0
66230 4
66231 1
66232 9
66233 3
66234 9
66235 3
66236 0
66237 9
66238 4
66239 4
66240 5
66241 2
66242 4
66243 8
66244 8
66245 8
66246 8
66247 8
66248 4
66249 1
66250 0
66251 7
66252 3
66253 6
66254 3
66255 8
66256 0
66257 6
66258 9
66259 8
66260 8
66261 5
66262 3
66263 4
66264 3
66265 4
66266 9
66267 7
66268 7
66269 6
66270 2
66271 9
66272 0
66273 1
66274 5
66275 2
66276 2
66277 9
66278 8
66279 3
66280 7
66281 1
66282 7
66283 0
66284 7
66285 1
66286 5
66287 1
66288 0
66289 8
66290 0
66291 5
66292 5
66293 9
66294 5
66295 3
66296 6
66297 3
66298 4
66299 9
66300 5
66301 0
66302 8
66303 4
66304 3
66305 9
66306 7
66307 7
66308 8
66309 1
66310 6
66311 0
66312 0
66313 5
66314 7
66315 9
66316 0
66317 4
66318 4
66319 9
66320 8
66321 1
66322 2
66323 4
66324 9
66325 7
66326 0
66327 4
66328 2
66329 0
66330 1
66331 6
66332 5
66333 3
66334 9
66335 9
66336 5
66337 6
66338 1
66339 3
66340 4
66341 5
66342 3
66343 6
66344 6
66345 5
66346 1
66347 1
66348 0
66349 4
66350 1
66351 8
66352 9
66353 2
66354 7
66355 7
66356 7
66357 8
66358 2
66359 9
66360 3
66361 9
66362 5
66363 3
66364 1
66365 6
66366 1
66367 3
66368 2
66369 7
66370 3
66371 3
66372 8
66373 9
66374 3
66375 8
66376 6
66377 9
66378 8
66379 6
66380 4
66381 4
66382 3
66383 0
66384 8
66385 7
66386 3
66387 3
66388 2
66389 3
66390 1
66391 5
66392 3
66393 1
66394 6
66395 7
66396 4
66397 9
66398 7
66399 7
66400 9
66401 5
66402 6
66403 8
66404 6
66405 7
66406 1
66407 7
66408 0
66409 4
66410 4
66411 6
66412 0
66413 7
66414 3
66415 9
66416 0
66417 7
66418 7
66419 2
66420 3
66421 1
66422 1
66423 1
66424 3
66425 6
66426 1
66427 9
66428 2
66429 8
66430 8
66431 9
66432 1
66433 2
66434 1
66435 0
66436 9
66437 5
66438 4
66439 2
66440 1
66441 2
66442 4
66443 7
66444 9
66445 3
66446 7
66447 4
66448 6
66449 0
66450 1
66451 2
66452 9
66453 5
66454 8
66455 8
66456 0
66457 5
66458 0
66459 1
66460 7
66461 1
66462 9
66463 6
66464 5
66465 2
66466 0
66467 3
66468 5
66469 4
66470 7
66471 2
66472 9
66473 2
66474 1
66475 5
66476 8
66477 5
66478 7
66479 5
66480 1
66481 6
66482 1
66483 9
66484 2
66485 4
66486 7
66487 2
66488 6
66489 4
66490 9
66491 9
66492 9
66493 3
66494 0
66495 9
66496 8
66497 3
66498 9
66499 5
66500 6
66501 5
66502 4
66503 4
66504 3
66505 5
66506 9
66507 5
66508 0
66509 5
66510 3
66511 1
66512 8
66513 3
66514 0
66515 3
66516 7
66517 8
66518 2
66519 9
66520 0
66521 1
66522 5
66523 9
66524 7
66525 7
66526 4
66527 6
66528 4
66529 7
66530 6
66531 5
66532 4
66533 5
66534 0
66535 5
66536 8
66537 1
66538 6
66539 5
66540 8
66541 1
66542 9
66543 0
66544 0
66545 9
66546 6
66547 8
66548 7
66549 2
66550 5
66551 7
66552 3
66553 6
66554 4
66555 7
66556 2
66557 8
66558 0
66559 6
66560 8
66561 3
66562 9
66563 0
66564 2
66565 3
66566 2
66567 7
66568 6
66569 0
66570 1
66571 5
66572 2
66573 0
66574 0
66575 4
66576 4
66577 1
66578 9
66579 8
66580 4
66581 2
66582 8
66583 4
66584 0
66585 8
66586 9
66587 6
66588 6
66589 9
66590 1
66591 9
66592 4
66593 0
66594 8
66595 2
66596 9
66597 4
66598 3
66599 5
66600 3
66601 3
66602 7
66603 8
66604 7
66605 8
66606 1
66607 5
66608 0
66609 9
66610 1
66611 1
66612 9
66613 5
66614 2
66615 2
66616 2
66617 8
66618 2
66619 3
66620 9
66621 3
66622 7
66623 7
66624 0
66625 5
66626 1
66627 6
66628 0
66629 7
66630 9
66631 5
66632 5
66633 8
66634 5
66635 1
66636 2
66637 1
66638 6
66639 8
66640 1
66641 3
66642 5
66643 8
66644 3
66645 2
66646 4
66647 4
66648 0
66649 7
66650 8
66651 9
66652 1
66653 5
66654 4
66655 3
66656 0
66657 3
66658 8
66659 6
66660 7
66661 5
66662 4
66663 7
66664 0
66665 6
66666 2
66667 8
66668 3
66669 9
66670 9
66671 5
66672 5
66673 0
66674 2
66675 8
66676 0
66677 2
66678 4
66679 2
66680 7
66681 5
66682 4
66683 9
66684 6
66685 9
66686 4
66687 2
66688 4
66689 8
66690 6
66691 6
66692 9
66693 1
66694 0
66695 1
66696 1
66697 1
66698 4
66699 2
66700 8
66701 2
66702 0
66703 6
66704 5
66705 2
66706 3
66707 7
66708 8
66709 8
66710 0
66711 5
66712 1
66713 1
66714 0
66715 8
66716 0
66717 4
66718 4
66719 6
66720 8
66721 5
66722 0
66723 0
66724 6
66725 0
66726 2
66727 2
66728 2
66729 3
66730 1
66731 9
66732 2
66733 4
66734 9
66735 5
66736 3
66737 5
66738 9
66739 1
66740 4
66741 8
66742 5
66743 3
66744 9
66745 0
66746 8
66747 4
66748 5
66749 3
66750 3
66751 2
66752 1
66753 9
66754 1
66755 1
66756 3
66757 1
66758 2
66759 0
66760 5
66761 4
66762 9
66763 8
66764 0
66765 1
66766 7
66767 4
66768 0
66769 9
66770 8
66771 6
66772 9
66773 0
66774 9
66775 7
66776 9
66777 7
66778 1
66779 9
66780 1
66781 7
66782 1
66783 5
66784 0
66785 5
66786 7
66787 8
66788 8
66789 8
66790 7
66791 6
66792 1
66793 3
66794 6
66795 3
66796 2
66797 2
66798 5
66799 1
66800 6
66801 0
66802 8
66803 2
66804 6
66805 2
66806 8
66807 5
66808 2
66809 0
66810 2
66811 3
66812 1
66813 5
66814 5
66815 4
66816 0
66817 5
66818 5
66819 6
66820 7
66821 2
66822 0
66823 6
66824 9
66825 7
66826 5
66827 6
66828 3
66829 7
66830 1
66831 7
66832 8
66833 4
66834 6
66835 3
66836 5
66837 0
66838 0
66839 0
66840 4
66841 0
66842 2
66843 3
66844 3
66845 9
66846 1
66847 4
66848 6
66849 5
66850 3
66851 0
66852 1
66853 4
66854 4
66855 1
66856 3
66857 9
66858 7
66859 1
66860 6
66861 2
66862 6
66863 9
66864 3
66865 3
66866 8
66867 0
66868 9
66869 9
66870 0
66871 4
66872 6
66873 7
66874 3
66875 8
66876 2
66877 1
66878 0
66879 2
66880 8
66881 0
66882 6
66883 8
66884 4
66885 3
66886 4
66887 0
66888 6
66889 0
66890 4
66891 4
66892 0
66893 0
66894 6
66895 9
66896 7
66897 9
66898 6
66899 6
66900 9
66901 6
66902 7
66903 2
66904 3
66905 6
66906 0
66907 6
66908 0
66909 7
66910 4
66911 6
66912 5
66913 5
66914 5
66915 8
66916 8
66917 3
66918 7
66919 8
66920 1
66921 1
66922 2
66923 3
66924 1
66925 8
66926 7
66927 4
66928 1
66929 3
66930 8
66931 4
66932 7
66933 8
66934 7
66935 9
66936 4
66937 2
66938 0
66939 7
66940 8
66941 0
66942 5
66943 7
66944 8
66945 6
66946 3
66947 4
66948 0
66949 8
66950 4
66951 8
66952 4
66953 5
66954 2
66955 2
66956 2
66957 8
66958 9
66959 3
66960 2
66961 4
66962 5
66963 8
66964 2
66965 2
66966 9
66967 4
66968 8
66969 5
66970 2
66971 8
66972 8
66973 2
66974 1
66975 5
66976 5
66977 0
66978 1
66979 1
66980 2
66981 5
66982 2
66983 7
66984 6
66985 8
66986 0
66987 0
66988 7
66989 2
66990 0
66991 0
66992 7
66993 6
66994 9
66995 1
66996 6
66997 8
66998 3
66999 2
67000 8
67001 1
67002 4
67003 1
67004 3
67005 1
67006 1
67007 1
67008 4
67009 7
67010 4
67011 5
67012 1
67013 8
67014 8
67015 6
67016 7
67017 0
67018 0
67019 4
67020 4
67021 5
67022 9
67023 7
67024 2
67025 6
67026 6
67027 1
67028 6
67029 2
67030 1
67031 5
67032 0
67033 9
67034 2
67035 1
67036 1
67037 5
67038 9
67039 1
67040 8
67041 2
67042 7
67043 6
67044 6
67045 4
67046 0
67047 1
67048 7
67049 8
67050 4
67051 7
67052 7
67053 2
67054 7
67055 5
67056 9
67057 4
67058 3
67059 0
67060 0
67061 5
67062 0
67063 3
67064 5
67065 6
67066 7
67067 7
67068 1
67069 1
67070 9
67071 7
67072 4
67073 3
67074 8
67075 1
67076 5
67077 3
67078 6
67079 8
67080 3
67081 9
67082 5
67083 9
67084 3
67085 4
67086 8
67087 3
67088 8
67089 2
67090 6
67091 5
67092 7
67093 3
67094 5
67095 8
67096 6
67097 1
67098 3
67099 5
67100 6
67101 0
67102 8
67103 2
67104 1
67105 3
67106 6
67107 4
67108 9
67109 3
67110 9
67111 6
67112 1
67113 8
67114 0
67115 1
67116 3
67117 0
67118 7
67119 3
67120 3
67121 7
67122 1
67123 6
67124 5
67125 2
67126 6
67127 5
67128 8
67129 4
67130 2
67131 0
67132 1
67133 3
67134 7
67135 9
67136 6
67137 5
67138 4
67139 5
67140 7
67141 9
67142 3
67143 3
67144 7
67145 3
67146 6
67147 6
67148 1
67149 9
67150 0
67151 4
67152 4
67153 1
67154 6
67155 1
67156 1
67157 1
67158 5
67159 4
67160 4
67161 0
67162 2
67163 8
67164 3
67165 3
67166 8
67167 8
67168 1
67169 4
67170 3
67171 6
67172 7
67173 4
67174 0
67175 9
67176 3
67177 1
67178 7
67179 8
67180 5
67181 7
67182 8
67183 8
67184 5
67185 0
67186 8
67187 0
67188 5
67189 2
67190 3
67191 8
67192 0
67193 8
67194 6
67195 0
67196 3
67197 1
67198 2
67199 7
67200 9
67201 6
67202 1
67203 1
67204 2
67205 9
67206 6
67207 2
67208 6
67209 0
67210 7
67211 9
67212 2
67213 4
67214 6
67215 8
67216 0
67217 2
67218 8
67219 9
67220 3
67221 5
67222 5
67223 2
67224 7
67225 3
67226 6
67227 9
67228 8
67229 8
67230 2
67231 4
67232 6
67233 6
67234 5
67235 7
67236 5
67237 9
67238 8
67239 7
67240 0
67241 5
67242 4
67243 8
67244 1
67245 6
67246 8
67247 5
67248 8
67249 7
67250 8
67251 5
67252 2
67253 6
67254 7
67255 8
67256 9
67257 4
67258 5
67259 9
67260 8
67261 9
67262 2
67263 9
67264 0
67265 2
67266 9
67267 3
67268 8
67269 7
67270 4
67271 9
67272 0
67273 8
67274 0
67275 6
67276 1
67277 1
67278 1
67279 3
67280 1
67281 5
67282 3
67283 0
67284 8
67285 1
67286 5
67287 2
67288 0
67289 7
67290 6
67291 0
67292 7
67293 9
67294 9
67295 2
67296 1
67297 9
67298 7
67299 1
67300 7
67301 7
67302 0
67303 3
67304 9
67305 2
67306 5
67307 5
67308 8
67309 6
67310 9
67311 7
67312 2
67313 6
67314 7
67315 6
67316 3
67317 9
67318 1
67319 6
67320 6
67321 2
67322 7
67323 4
67324 9
67325 0
67326 7
67327 4
67328 3
67329 3
67330 9
67331 6
67332 6
67333 5
67334 0
67335 8
67336 5
67337 0
67338 0
67339 8
67340 8
67341 5
67342 3
67343 0
67344 2
67345 0
67346 9
67347 5
67348 9
67349 2
67350 9
67351 7
67352 2
67353 0
67354 2
67355 6
67356 0
67357 5
67358 2
67359 4
67360 2
67361 6
67362 0
67363 0
67364 7
67365 4
67366 7
67367 6
67368 2
67369 8
67370 0
67371 7
67372 4
67373 3
67374 3
67375 9
67376 4
67377 1
67378 9
67379 7
67380 4
67381 0
67382 4
67383 0
67384 2
67385 8
67386 2
67387 6
67388 2
67389 3
67390 5
67391 1
67392 3
67393 8
67394 9
67395 1
67396 0
67397 8
67398 7
67399 6
67400 7
67401 9
67402 7
67403 4
67404 5
67405 3
67406 2
67407 9
67408 8
67409 5
67410 5
67411 2
67412 9
67413 2
67414 8
67415 6
67416 9
67417 2
67418 0
67419 5
67420 8
67421 8
67422 6
67423 6
67424 5
67425 5
67426 6
67427 5
67428 4
67429 1
67430 8
67431 2
67432 2
67433 0
67434 1
67435 0
67436 4
67437 4
67438 7
67439 3
67440 0
67441 7
67442 1
67443 8
67444 7
67445 2
67446 0
67447 8
67448 4
67449 2
67450 0
67451 3
67452 1
67453 8
67454 8
67455 6
67456 3
67457 8
67458 9
67459 3
67460 5
67461 5
67462 9
67463 9
67464 1
67465 8
67466 2
67467 1
67468 0
67469 7
67470 3
67471 5
67472 5
67473 9
67474 4
67475 1
67476 7
67477 6
67478 3
67479 5
67480 7
67481 1
67482 5
67483 4
67484 6
67485 1
67486 1
67487 2
67488 1
67489 6
67490 3
67491 6
67492 9
67493 5
67494 8
67495 7
67496 3
67497 7
67498 4
67499 0
67500 0
67501 8
67502 5
67503 8
67504 6
67505 7
67506 6
67507 8
67508 2
67509 2
67510 3
67511 3
67512 3
67513 5
67514 6
67515 6
67516 8
67517 3
67518 7
67519 7
67520 5
67521 6
67522 9
67523 3
67524 3
67525 5
67526 2
67527 5
67528 7
67529 1
67530 4
67531 2
67532 1
67533 1
67534 2
67535 4
67536 5
67537 9
67538 6
67539 9
67540 4
67541 8
67542 7
67543 0
67544 3
67545 7
67546 9
67547 1
67548 7
67549 3
67550 6
67551 2
67552 6
67553 6
67554 6
67555 6
67556 4
67557 1
67558 9
67559 7
67560 0
67561 1
67562 8
67563 0
67564 9
67565 4
67566 0
67567 5
67568 9
67569 6
67570 8
67571 6
67572 1
67573 4
67574 2
67575 6
67576 8
67577 1
67578 0
67579 4
67580 3
67581 3
67582 6
67583 6
67584 0
67585 1
67586 8
67587 2
67588 2
67589 1
67590 0
67591 0
67592 3
67593 7
67594 5
67595 2
67596 7
67597 9
67598 6
67599 7
67600 3
67601 1
67602 9
67603 4
67604 9
67605 7
67606 2
67607 9
67608 2
67609 4
67610 2
67611 7
67612 0
67613 6
67614 2
67615 4
67616 5
67617 7
67618 7
67619 3
67620 0
67621 4
67622 5
67623 7
67624 7
67625 4
67626 6
67627 6
67628 8
67629 5
67630 3
67631 5
67632 1
67633 8
67634 2
67635 2
67636 2
67637 0
67638 2
67639 5
67640 8
67641 2
67642 3
67643 2
67644 3
67645 9
67646 6
67647 2
67648 3
67649 1
67650 3
67651 3
67652 1
67653 4
67654 1
67655 4
67656 9
67657 9
67658 0
67659 9
67660 3
67661 0
67662 0
67663 6
67664 4
67665 0
67666 7
67667 0
67668 5
67669 3
67670 4
67671 3
67672 3
67673 2
67674 8
67675 5
67676 6
67677 1
67678 4
67679 3
67680 3
67681 3
67682 8
67683 2
67684 0
67685 4
67686 7
67687 9
67688 5
67689 9
67690 2
67691 6
67692 2
67693 9
67694 9
67695 5
67696 5
67697 0
67698 9
67699 4
67700 3
67701 1
67702 9
67703 6
67704 9
67705 1
67706 0
67707 2
67708 9
67709 5
67710 4
67711 9
67712 7
67713 6
67714 1
67715 9
67716 0
67717 2
67718 9
67719 0
67720 7
67721 1
67722 6
67723 0
67724 6
67725 7
67726 8
67727 8
67728 1
67729 5
67730 1
67731 2
67732 3
67733 0
67734 8
67735 0
67736 6
67737 3
67738 2
67739 8
67740 7
67741 0
67742 6
67743 7
67744 1
67745 3
67746 0
67747 9
67748 0
67749 2
67750 5
67751 7
67752 8
67753 4
67754 7
67755 9
67756 7
67757 4
67758 8
67759 8
67760 0
67761 8
67762 0
67763 2
67764 3
67765 4
67766 2
67767 9
67768 4
67769 0
67770 4
67771 0
67772 3
67773 9
67774 0
67775 0
67776 3
67777 4
67778 7
67779 6
67780 7
67781 2
67782 1
67783 3
67784 7
67785 2
67786 8
67787 8
67788 3
67789 2
67790 5
67791 4
67792 3
67793 5
67794 2
67795 2
67796 0
67797 4
67798 3
67799 1
67800 5
67801 7
67802 2
67803 3
67804 3
67805 6
67806 8
67807 7
67808 6
67809 0
67810 7
67811 0
67812 9
67813 3
67814 8
67815 0
67816 0
67817 1
67818 8
67819 3
67820 6
67821 4
67822 9
67823 6
67824 0
67825 6
67826 6
67827 6
67828 1
67829 4
67830 8
67831 8
67832 5
67833 7
67834 4
67835 6
67836 2
67837 4
67838 4
67839 8
67840 0
67841 5
67842 5
67843 5
67844 7
67845 1
67846 2
67847 6
67848 5
67849 2
67850 5
67851 2
67852 1
67853 7
67854 1
67855 5
67856 3
67857 3
67858 9
67859 9
67860 3
67861 7
67862 3
67863 0
67864 3
67865 7
67866 7
67867 1
67868 9
67869 1
67870 5
67871 4
67872 0
67873 5
67874 6
67875 9
67876 4
67877 4
67878 3
67879 6
67880 2
67881 2
67882 0
67883 4
67884 6
67885 4
67886 1
67887 6
67888 6
67889 8
67890 3
67891 2
67892 5
67893 8
67894 5
67895 5
67896 8
67897 0
67898 0
67899 2
67900 8
67901 9
67902 0
67903 8
67904 3
67905 0
67906 6
67907 1
67908 4
67909 0
67910 0
67911 9
67912 6
67913 0
67914 6
67915 0
67916 7
67917 7
67918 4
67919 7
67920 6
67921 5
67922 2
67923 5
67924 8
67925 3
67926 1
67927 5
67928 5
67929 6
67930 1
67931 3
67932 7
67933 4
67934 2
67935 1
67936 5
67937 2
67938 8
67939 9
67940 3
67941 1
67942 6
67943 9
67944 8
67945 1
67946 7
67947 5
67948 1
67949 4
67950 8
67951 7
67952 7
67953 1
67954 2
67955 6
67956 9
67957 1
67958 2
67959 4
67960 3
67961 7
67962 1
67963 9
67964 4
67965 4
67966 5
67967 2
67968 1
67969 6
67970 5
67971 7
67972 8
67973 4
67974 7
67975 7
67976 2
67977 7
67978 7
67979 6
67980 4
67981 5
67982 1
67983 4
67984 1
67985 8
67986 0
67987 1
67988 7
67989 4
67990 1
67991 8
67992 1
67993 4
67994 1
67995 4
67996 0
67997 0
67998 9
67999 5
68000 5
68001 8
68002 7
68003 2
68004 6
68005 8
68006 0
68007 7
68008 5
68009 8
68010 5
68011 2
68012 3
68013 8
68014 0
68015 4
68016 7
68017 5
68018 0
68019 1
68020 2
68021 2
68022 7
68023 8
68024 3
68025 3
68026 7
68027 7
68028 8
68029 8
68030 1
68031 1
68032 5
68033 6
68034 2
68035 8
68036 4
68037 4
68038 2
68039 0
68040 9
68041 4
68042 8
68043 7
68044 2
68045 5
68046 7
68047 9
68048 6
68049 0
68050 9
68051 0
68052 8
68053 4
68054 2
68055 4
68056 2
68057 1
68058 3
68059 9
68060 5
68061 7
68062 0
68063 6
68064 4
68065 5
68066 4
68067 6
68068 5
68069 4
68070 4
68071 7
68072 9
68073 0
68074 8
68075 9
68076 6
68077 3
68078 2
68079 5
68080 2
68081 5
68082 7
68083 8
68084 9
68085 5
68086 2
68087 4
68088 0
68089 8
68090 0
68091 2
68092 1
68093 2
68094 9
68095 9
68096 8
68097 5
68098 9
68099 2
68100 1
68101 8
68102 3
68103 9
68104 4
68105 4
68106 7
68107 3
68108 6
68109 5
68110 4
68111 1
68112 8
68113 6
68114 2
68115 2
68116 4
68117 3
68118 2
68119 7
68120 6
68121 2
68122 7
68123 1
68124 2
68125 9
68126 6
68127 6
68128 2
68129 1
68130 0
68131 5
68132 2
68133 1
68134 9
68135 6
68136 0
68137 2
68138 6
68139 8
68140 6
68141 5
68142 7
68143 5
68144 0
68145 7
68146 1
68147 6
68148 2
68149 4
68150 9
68151 6
68152 5
68153 7
68154 4
68155 1
68156 4
68157 8
68158 6
68159 3
68160 2
68161 5
68162 2
68163 8
68164 6
68165 7
68166 8
68167 1
68168 2
68169 6
68170 7
68171 4
68172 5
68173 3
68174 5
68175 0
68176 5
68177 5
68178 2
68179 1
68180 4
68181 2
68182 3
68183 3
68184 6
68185 7
68186 8
68187 3
68188 0
68189 7
68190 9
68191 8
68192 2
68193 0
68194 8
68195 1
68196 7
68197 3
68198 1
68199 5
68200 9
68201 6
68202 2
68203 7
68204 0
68205 7
68206 5
68207 8
68208 8
68209 1
68210 3
68211 1
68212 3
68213 1
68214 0
68215 7
68216 6
68217 7
68218 4
68219 3
68220 9
68221 8
68222 7
68223 5
68224 7
68225 9
68226 1
68227 5
68228 6
68229 8
68230 2
68231 4
68232 1
68233 5
68234 7
68235 1
68236 3
68237 4
68238 5
68239 7
68240 0
68241 9
68242 0
68243 9
68244 9
68245 1
68246 2
68247 9
68248 4
68249 2
68250 1
68251 5
68252 5
68253 7
68254 4
68255 7
68256 9
68257 7
68258 0
68259 6
68260 7
68261 5
68262 2
68263 6
68264 8
68265 0
68266 1
68267 4
68268 2
68269 6
68270 0
68271 8
68272 1
68273 2
68274 7
68275 1
68276 5
68277 8
68278 0
68279 7
68280 4
68281 1
68282 2
68283 6
68284 2
68285 2
68286 0
68287 0
68288 5
68289 2
68290 3
68291 8
68292 7
68293 0
68294 9
68295 6
68296 9
68297 7
68298 0
68299 2
68300 4
68301 7
68302 5
68303 1
68304 1
68305 8
68306 5
68307 0
68308 7
68309 1
68310 6
68311 5
68312 4
68313 9
68314 2
68315 3
68316 4
68317 4
68318 9
68319 0
68320 4
68321 2
68322 3
68323 8
68324 1
68325 5
68326 3
68327 9
68328 6
68329 1
68330 5
68331 6
68332 3
68333 8
68334 1
68335 6
68336 6
68337 8
68338 6
68339 4
68340 7
68341 5
68342 3
68343 7
68344 2
68345 7
68346 2
68347 4
68348 9
68349 3
68350 5
68351 3
68352 0
68353 0
68354 4
68355 5
68356 0
68357 3
68358 7
68359 0
68360 7
68361 4
68362 0
68363 3
68364 8
68365 7
68366 3
68367 1
68368 8
68369 3
68370 5
68371 8
68372 2
68373 0
68374 5
68375 9
68376 3
68377 6
68378 5
68379 7
68380 8
68381 1
68382 4
68383 2
68384 9
68385 4
68386 0
68387 9
68388 3
68389 4
68390 4
68391 0
68392 8
68393 2
68394 5
68395 7
68396 7
68397 4
68398 1
68399 4
68400 4
68401 0
68402 0
68403 7
68404 3
68405 9
68406 8
68407 0
68408 5
68409 9
68410 0
68411 1
68412 3
68413 5
68414 0
68415 3
68416 4
68417 2
68418 9
68419 2
68420 6
68421 3
68422 8
68423 3
68424 8
68425 5
68426 9
68427 1
68428 4
68429 5
68430 9
68431 4
68432 7
68433 8
68434 2
68435 1
68436 0
68437 2
68438 3
68439 4
68440 6
68441 9
68442 1
68443 7
68444 7
68445 2
68446 6
68447 6
68448 2
68449 6
68450 8
68451 5
68452 3
68453 2
68454 2
68455 8
68456 6
68457 2
68458 5
68459 3
68460 0
68461 0
68462 9
68463 1
68464 9
68465 6
68466 7
68467 6
68468 3
68469 1
68470 6
68471 4
68472 9
68473 9
68474 7
68475 3
68476 2
68477 7
68478 3
68479 5
68480 6
68481 9
68482 8
68483 4
68484 2
68485 3
68486 7
68487 9
68488 5
68489 6
68490 9
68491 4
68492 9
68493 1
68494 0
68495 8
68496 2
68497 7
68498 5
68499 0
68500 1
68501 0
68502 9
68503 7
68504 8
68505 2
68506 7
68507 2
68508 2
68509 9
68510 1
68511 5
68512 3
68513 1
68514 7
68515 3
68516 7
68517 8
68518 1
68519 2
68520 4
68521 4
68522 4
68523 5
68524 9
68525 6
68526 9
68527 7
68528 7
68529 4
68530 1
68531 5
68532 7
68533 0
68534 6
68535 1
68536 3
68537 0
68538 3
68539 9
68540 7
68541 7
68542 5
68543 8
68544 6
68545 6
68546 2
68547 0
68548 2
68549 4
68550 5
68551 0
68552 0
68553 2
68554 0
68555 3
68556 2
68557 6
68558 0
68559 6
68560 8
68561 6
68562 2
68563 5
68564 2
68565 0
68566 5
68567 2
68568 1
68569 5
68570 8
68571 7
68572 1
68573 4
68574 9
68575 3
68576 4
68577 6
68578 0
68579 7
68580 1
68581 9
68582 7
68583 7
68584 7
68585 0
68586 8
68587 2
68588 6
68589 6
68590 5
68591 6
68592 2
68593 5
68594 1
68595 4
68596 8
68597 1
68598 0
68599 0
68600 2
68601 9
68602 2
68603 3
68604 9
68605 4
68606 5
68607 9
68608 4
68609 3
68610 7
68611 8
68612 0
68613 8
68614 5
68615 4
68616 7
68617 8
68618 3
68619 8
68620 0
68621 6
68622 1
68623 0
68624 3
68625 1
68626 4
68627 0
68628 8
68629 9
68630 9
68631 4
68632 1
68633 2
68634 8
68635 0
68636 1
68637 8
68638 2
68639 7
68640 0
68641 4
68642 9
68643 7
68644 7
68645 6
68646 9
68647 2
68648 6
68649 4
68650 6
68651 2
68652 8
68653 2
68654 9
68655 8
68656 9
68657 2
68658 1
68659 5
68660 4
68661 6
68662 5
68663 2
68664 0
68665 4
68666 4
68667 5
68668 1
68669 8
68670 9
68671 7
68672 7
68673 6
68674 0
68675 8
68676 8
68677 3
68678 3
68679 4
68680 1
68681 0
68682 3
68683 0
68684 0
68685 1
68686 9
68687 8
68688 5
68689 7
68690 4
68691 5
68692 5
68693 4
68694 9
68695 1
68696 2
68697 5
68698 6
68699 3
68700 1
68701 8
68702 5
68703 1
68704 8
68705 6
68706 0
68707 8
68708 0
68709 6
68710 5
68711 2
68712 2
68713 1
68714 4
68715 2
68716 8
68717 3
68718 4
68719 8
68720 6
68721 9
68722 2
68723 7
68724 3
68725 5
68726 2
68727 7
68728 6
68729 4
68730 8
68731 6
68732 8
68733 8
68734 9
68735 9
68736 7
68737 9
68738 4
68739 2
68740 4
68741 1
68742 3
68743 8
68744 4
68745 5
68746 3
68747 5
68748 5
68749 5
68750 0
68751 4
68752 3
68753 9
68754 4
68755 1
68756 7
68757 2
68758 0
68759 9
68760 6
68761 6
68762 7
68763 9
68764 6
68765 3
68766 3
68767 9
68768 3
68769 3
68770 1
68771 0
68772 2
68773 2
68774 3
68775 9
68776 3
68777 0
68778 0
68779 3
68780 4
68781 6
68782 3
68783 0
68784 0
68785 3
68786 9
68787 1
68788 3
68789 4
68790 9
68791 1
68792 1
68793 3
68794 7
68795 0
68796 4
68797 6
68798 5
68799 7
68800 5
68801 5
68802 6
68803 1
68804 2
68805 3
68806 5
68807 9
68808 0
68809 4
68810 8
68811 0
68812 8
68813 9
68814 2
68815 1
68816 1
68817 2
68818 0
68819 1
68820 7
68821 2
68822 7
68823 3
68824 2
68825 6
68826 0
68827 1
68828 5
68829 1
68830 5
68831 9
68832 8
68833 0
68834 1
68835 8
68836 5
68837 1
68838 1
68839 9
68840 8
68841 5
68842 9
68843 0
68844 7
68845 1
68846 7
68847 7
68848 2
68849 1
68850 2
68851 7
68852 3
68853 9
68854 6
68855 8
68856 6
68857 6
68858 0
68859 5
68860 9
68861 9
68862 0
68863 9
68864 2
68865 1
68866 2
68867 9
68868 0
68869 9
68870 9
68871 7
68872 8
68873 5
68874 1
68875 8
68876 8
68877 2
68878 2
68879 2
68880 6
68881 0
68882 4
68883 6
68884 2
68885 1
68886 3
68887 5
68888 3
68889 5
68890 2
68891 4
68892 0
68893 4
68894 2
68895 5
68896 4
68897 9
68898 7
68899 8
68900 0
68901 1
68902 4
68903 0
68904 3
68905 1
68906 5
68907 0
68908 2
68909 7
68910 5
68911 1
68912 3
68913 9
68914 9
68915 0
68916 7
68917 9
68918 5
68919 9
68920 8
68921 8
68922 7
68923 1
68924 1
68925 7
68926 1
68927 8
68928 9
68929 5
68930 1
68931 9
68932 9
68933 4
68934 5
68935 3
68936 2
68937 7
68938 9
68939 4
68940 4
68941 1
68942 5
68943 1
68944 9
68945 2
68946 7
68947 6
68948 7
68949 5
68950 6
68951 9
68952 3
68953 9
68954 8
68955 4
68956 9
68957 2
68958 3
68959 3
68960 9
68961 8
68962 3
68963 9
68964 8
68965 4
68966 1
68967 3
68968 2
68969 1
68970 3
68971 9
68972 5
68973 6
68974 3
68975 1
68976 6
68977 6
68978 4
68979 3
68980 9
68981 5
68982 0
68983 8
68984 4
68985 2
68986 0
68987 2
68988 3
68989 2
68990 9
68991 2
68992 1
68993 0
68994 5
68995 0
68996 0
68997 4
68998 5
68999 7
69000 1
69001 2
69002 7
69003 7
69004 6
69005 9
69006 4
69007 1
69008 0
69009 9
69010 8
69011 0
69012 0
69013 7
69014 1
69015 9
69016 5
69017 1
69018 6
69019 0
69020 4
69021 9
69022 4
69023 7
69024 0
69025 4
69026 3
69027 7
69028 5
69029 1
69030 9
69031 8
69032 0
69033 1
69034 7
69035 9
69036 2
69037 8
69038 3
69039 5
69040 5
69041 1
69042 6
69043 4
69044 5
69045 4
69046 8
69047 0
69048 5
69049 9
69050 9
69051 7
69052 5
69053 2
69054 0
69055 9
69056 7
69057 3
69058 2
69059 1
69060 9
69061 7
69062 3
69063 6
69064 3
69065 4
69066 9
69067 9
69068 3
69069 0
69070 0
69071 3
69072 6
69073 9
69074 6
69075 7
69076 1
69077 4
69078 8
69079 6
69080 5
69081 5
69082 9
69083 0
69084 5
69085 5
69086 1
69087 9
69088 4
69089 2
69090 7
69091 1
69092 9
69093 7
69094 3
69095 6
69096 1
69097 5
69098 3
69099 1
69100 6
69101 8
69102 9
69103 1
69104 4
69105 0
69106 6
69107 9
69108 1
69109 0
69110 9
69111 7
69112 7
69113 5
69114 1
69115 6
69116 1
69117 1
69118 0
69119 4
69120 1
69121 3
69122 1
69123 7
69124 9
69125 2
69126 6
69127 9
69128 5
69129 1
69130 3
69131 1
69132 9
69133 5
69134 6
69135 1
69136 4
69137 4
69138 1
69139 9
69140 4
69141 8
69142 1
69143 8
69144 5
69145 6
69146 4
69147 5
69148 2
69149 3
69150 3
69151 7
69152 0
69153 8
69154 7
69155 6
69156 5
69157 3
69158 6
69159 8
69160 5
69161 7
69162 4
69163 4
69164 3
69165 4
69166 6
69167 4
69168 3
69169 6
69170 7
69171 9
69172 2
69173 4
69174 1
69175 7
69176 0
69177 1
69178 3
69179 5
69180 1
69181 9
69182 2
69183 8
69184 5
69185 3
69186 8
69187 2
69188 1
69189 2
69190 4
69191 0
69192 2
69193 3
69194 5
69195 1
69196 7
69197 7
69198 2
69199 8
69200 5
69201 0
69202 3
69203 2
69204 6
69205 6
69206 4
69207 6
69208 9
69209 1
69210 4
69211 1
69212 0
69213 4
69214 5
69215 3
69216 9
69217 8
69218 8
69219 9
69220 7
69221 5
69222 3
69223 1
69224 7
69225 9
69226 2
69227 0
69228 6
69229 7
69230 5
69231 5
69232 8
69233 4
69234 5
69235 5
69236 5
69237 0
69238 3
69239 4
69240 0
69241 8
69242 0
69243 7
69244 3
69245 7
69246 0
69247 2
69248 8
69249 7
69250 1
69251 9
69252 9
69253 9
69254 9
69255 4
69256 1
69257 2
69258 9
69259 2
69260 2
69261 4
69262 4
69263 8
69264 2
69265 8
69266 9
69267 0
69268 8
69269 1
69270 1
69271 1
69272 4
69273 5
69274 9
69275 4
69276 1
69277 0
69278 5
69279 0
69280 6
69281 6
69282 3
69283 1
69284 2
69285 0
69286 0
69287 5
69288 3
69289 2
69290 7
69291 5
69292 5
69293 4
69294 7
69295 4
69296 5
69297 9
69298 8
69299 7
69300 9
69301 8
69302 3
69303 8
69304 1
69305 3
69306 0
69307 2
69308 8
69309 5
69310 0
69311 1
69312 0
69313 0
69314 1
69315 4
69316 5
69317 0
69318 8
69319 3
69320 4
69321 1
69322 1
69323 0
69324 0
69325 1
69326 7
69327 0
69328 2
69329 2
69330 5
69331 5
69332 8
69333 8
69334 4
69335 9
69336 6
69337 4
69338 4
69339 7
69340 1
69341 3
69342 6
69343 6
69344 7
69345 8
69346 9
69347 6
69348 2
69349 5
69350 4
69351 6
69352 2
69353 5
69354 6
69355 9
69356 7
69357 0
69358 8
69359 8
69360 4
69361 8
69362 6
69363 4
69364 2
69365 5
69366 9
69367 9
69368 3
69369 9
69370 3
69371 5
69372 9
69373 6
69374 5
69375 9
69376 3
69377 4
69378 4
69379 0
69380 2
69381 7
69382 3
69383 8
69384 9
69385 0
69386 0
69387 4
69388 7
69389 8
69390 1
69391 5
69392 2
69393 9
69394 4
69395 2
69396 8
69397 0
69398 8
69399 0
69400 6
69401 0
69402 3
69403 9
69404 4
69405 3
69406 6
69407 3
69408 9
69409 7
69410 1
69411 8
69412 4
69413 2
69414 2
69415 3
69416 2
69417 0
69418 9
69419 9
69420 7
69421 7
69422 4
69423 8
69424 8
69425 2
69426 4
69427 1
69428 9
69429 8
69430 3
69431 4
69432 7
69433 7
69434 4
69435 9
69436 4
69437 8
69438 2
69439 3
69440 4
69441 6
69442 5
69443 3
69444 0
69445 5
69446 8
69447 0
69448 4
69449 6
69450 4
69451 6
69452 1
69453 8
69454 8
69455 9
69456 6
69457 1
69458 1
69459 4
69460 0
69461 3
69462 8
69463 2
69464 0
69465 2
69466 3
69467 8
69468 2
69469 8
69470 3
69471 4
69472 8
69473 6
69474 6
69475 2
69476 5
69477 7
69478 1
69479 4
69480 9
69481 9
69482 9
69483 4
69484 3
69485 7
69486 2
69487 6
69488 9
69489 7
69490 1
69491 3
69492 5
69493 3
69494 3
69495 2
69496 3
69497 8
69498 5
69499 3
69500 2
69501 8
69502 4
69503 3
69504 9
69505 9
69506 5
69507 2
69508 3
69509 0
69510 7
69511 4
69512 1
69513 9
69514 3
69515 0
69516 5
69517 0
69518 3
69519 9
69520 4
69521 8
69522 5
69523 6
69524 2
69525 5
69526 1
69527 8
69528 8
69529 5
69530 8
69531 3
69532 4
69533 8
69534 6
69535 2
69536 3
69537 5
69538 7
69539 8
69540 6
69541 7
69542 5
69543 3
69544 5
69545 8
69546 1
69547 3
69548 5
69549 8
69550 5
69551 4
69552 5
69553 1
69554 4
69555 7
69556 7
69557 8
69558 2
69559 2
69560 9
69561 4
69562 7
69563 7
69564 3
69565 7
69566 0
69567 0
69568 1
69569 4
69570 5
69571 5
69572 4
69573 3
69574 9
69575 1
69576 5
69577 6
69578 5
69579 3
69580 4
69581 8
69582 3
69583 3
69584 0
69585 8
69586 8
69587 2
69588 9
69589 0
69590 9
69591 6
69592 6
69593 3
69594 4
69595 0
69596 3
69597 6
69598 1
69599 4
69600 6
69601 4
69602 1
69603 5
69604 3
69605 6
69606 8
69607 5
69608 5
69609 9
69610 5
69611 4
69612 8
69613 8
69614 5
69615 4
69616 3
69617 3
69618 5
69619 3
69620 7
69621 7
69622 0
69623 7
69624 0
69625 6
69626 4
69627 4
69628 3
69629 4
69630 9
69631 0
69632 0
69633 4
69634 6
69635 3
69636 4
69637 5
69638 5
69639 9
69640 6
69641 9
69642 1
69643 0
69644 8
69645 7
69646 4
69647 0
69648 0
69649 9
69650 3
69651 1
69652 3
69653 1
69654 9
69655 1
69656 0
69657 6
69658 0
69659 8
69660 5
69661 8
69662 5
69663 0
69664 7
69665 8
69666 6
69667 8
69668 2
69669 9
69670 0
69671 0
69672 3
69673 0
69674 3
69675 5
69676 7
69677 9
69678 7
69679 0
69680 2
69681 3
69682 1
69683 2
69684 2
69685 8
69686 9
69687 0
69688 6
69689 2
69690 6
69691 5
69692 1
69693 9
69694 0
69695 1
69696 7
69697 3
69698 2
69699 1
69700 8
69701 7
69702 5
69703 8
69704 2
69705 3
69706 7
69707 7
69708 2
69709 4
69710 2
69711 3
69712 5
69713 7
69714 4
69715 2
69716 0
69717 1
69718 9
69719 8
69720 0
69721 1
69722 6
69723 9
69724 0
69725 6
69726 9
69727 3
69728 7
69729 5
69730 1
69731 9
69732 5
69733 4
69734 0
69735 8
69736 1
69737 3
69738 5
69739 9
69740 8
69741 3
69742 6
69743 9
69744 6
69745 9
69746 1
69747 1
69748 6
69749 8
69750 2
69751 3
69752 5
69753 3
69754 6
69755 1
69756 9
69757 6
69758 9
69759 1
69760 7
69761 2
69762 8
69763 3
69764 7
69765 6
69766 2
69767 2
69768 2
69769 4
69770 3
69771 6
69772 3
69773 9
69774 7
69775 6
69776 4
69777 5
69778 8
69779 4
69780 1
69781 0
69782 8
69783 8
69784 9
69785 6
69786 5
69787 8
69788 4
69789 7
69790 2
69791 5
69792 5
69793 0
69794 5
69795 6
69796 5
69797 6
69798 0
69799 3
69800 6
69801 3
69802 2
69803 4
69804 9
69805 0
69806 9
69807 6
69808 6
69809 8
69810 0
69811 2
69812 5
69813 1
69814 0
69815 3
69816 5
69817 1
69818 7
69819 3
69820 0
69821 0
69822 3
69823 6
69824 4
69825 7
69826 6
69827 5
69828 7
69829 3
69830 8
69831 8
69832 4
69833 2
69834 2
69835 2
69836 3
69837 1
69838 5
69839 4
69840 8
69841 8
69842 8
69843 1
69844 5
69845 1
69846 7
69847 5
69848 0
69849 8
69850 6
69851 8
69852 0
69853 1
69854 4
69855 3
69856 8
69857 2
69858 1
69859 1
69860 0
69861 3
69862 1
69863 9
69864 1
69865 9
69866 0
69867 5
69868 3
69869 5
69870 6
69871 9
69872 8
69873 9
69874 2
69875 5
69876 5
69877 1
69878 2
69879 8
69880 2
69881 9
69882 6
69883 8
69884 1
69885 4
69886 6
69887 7
69888 6
69889 6
69890 7
69891 5
69892 3
69893 9
69894 8
69895 6
69896 4
69897 3
69898 8
69899 7
69900 2
69901 8
69902 7
69903 2
69904 3
69905 4
69906 0
69907 2
69908 1
69909 2
69910 5
69911 7
69912 8
69913 9
69914 7
69915 0
69916 4
69917 5
69918 8
69919 9
69920 4
69921 5
69922 3
69923 5
69924 7
69925 0
69926 5
69927 9
69928 2
69929 1
69930 7
69931 5
69932 8
69933 7
69934 7
69935 6
69936 6
69937 9
69938 4
69939 5
69940 5
69941 7
69942 9
69943 5
69944 3
69945 3
69946 2
69947 1
69948 4
69949 5
69950 0
69951 0
69952 1
69953 5
69954 0
69955 4
69956 5
69957 0
69958 1
69959 5
69960 8
69961 2
69962 7
69963 4
69964 6
69965 2
69966 9
69967 9
69968 0
69969 5
69970 9
69971 6
69972 3
69973 4
69974 7
69975 4
69976 0
69977 1
69978 4
69979 0
69980 5
69981 2
69982 7
69983 8
69984 4
69985 9
69986 8
69987 2
69988 0
69989 2
69990 1
69991 8
69992 5
69993 7
69994 5
69995 0
69996 3
69997 1
69998 0
69999 1
70000 5
70001 8
70002 0
70003 6
70004 7
70005 9
70006 0
70007 4
70008 2
70009 0
70010 9
70011 2
70012 6
70013 4
70014 8
70015 1
70016 3
70017 2
70018 3
70019 6
70020 0
70021 5
70022 0
70023 2
70024 1
70025 5
70026 4
70027 9
70028 9
70029 9
70030 7
70031 9
70032 3
70033 9
70034 1
70035 8
70036 5
70037 5
70038 9
70039 0
70040 7
70041 7
70042 2
70043 4
70044 0
70045 4
70046 2
70047 0
70048 6
70049 3
70050 3
70051 2
70052 2
70053 9
70054 8
70055 6
70056 3
70057 3
70058 7
70059 9
70060 3
70061 3
70062 1
70063 6
70064 2
70065 7
70066 5
70067 8
70068 8
70069 2
70070 1
70071 6
70072 6
70073 6
70074 5
70075 2
70076 2
70077 1
70078 9
70079 7
70080 2
70081 2
70082 6
70083 6
70084 0
70085 8
70086 2
70087 3
70088 8
70089 6
70090 3
70091 6
70092 0
70093 1
70094 3
70095 8
70096 3
70097 6
70098 1
70099 1
70100 4
70101 8
70102 3
70103 5
70104 6
70105 7
70106 0
70107 4
70108 6
70109 4
70110 4
70111 5
70112 0
70113 5
70114 6
70115 6
70116 9
70117 8
70118 7
70119 0
70120 0
70121 2
70122 2
70123 0
70124 0
70125 3
70126 1
70127 3
70128 3
70129 7
70130 0
70131 3
70132 5
70133 1
70134 6
70135 3
70136 4
70137 7
70138 1
70139 8
70140 3
70141 0
70142 1
70143 4
70144 9
70145 1
70146 1
70147 3
70148 1
70149 2
70150 5
70151 9
70152 9
70153 6
70154 7
70155 2
70156 4
70157 2
70158 8
70159 1
70160 1
70161 4
70162 4
70163 0
70164 5
70165 8
70166 5
70167 3
70168 7
70169 7
70170 7
70171 4
70172 8
70173 7
70174 7
70175 6
70176 0
70177 4
70178 2
70179 8
70180 8
70181 7
70182 2
70183 0
70184 1
70185 3
70186 6
70187 6
70188 4
70189 5
70190 2
70191 5
70192 6
70193 8
70194 4
70195 8
70196 3
70197 9
70198 6
70199 7
70200 9
70201 6
70202 8
70203 9
70204 2
70205 7
70206 4
70207 3
70208 8
70209 7
70210 2
70211 4
70212 7
70213 1
70214 7
70215 7
70216 2
70217 2
70218 1
70219 0
70220 4
70221 4
70222 0
70223 9
70224 1
70225 7
70226 8
70227 5
70228 5
70229 9
70230 7
70231 6
70232 7
70233 4
70234 2
70235 1
70236 7
70237 4
70238 1
70239 5
70240 2
70241 1
70242 4
70243 4
70244 6
70245 6
70246 9
70247 8
70248 2
70249 9
70250 0
70251 6
70252 6
70253 9
70254 7
70255 3
70256 3
70257 2
70258 4
70259 6
70260 9
70261 9
70262 8
70263 0
70264 7
70265 5
70266 6
70267 0
70268 6
70269 5
70270 0
70271 6
70272 4
70273 7
70274 8
70275 2
70276 6
70277 4
70278 6
70279 3
70280 7
70281 7
70282 9
70283 1
70284 2
70285 3
70286 1
70287 0
70288 5
70289 9
70290 9
70291 9
70292 5
70293 4
70294 7
70295 9
70296 3
70297 4
70298 4
70299 3
70300 2
70301 7
70302 6
70303 7
70304 8
70305 8
70306 9
70307 7
70308 4
70309 1
70310 5
70311 6
70312 8
70313 6
70314 7
70315 3
70316 4
70317 7
70318 9
70319 4
70320 8
70321 5
70322 3
70323 6
70324 9
70325 8
70326 4
70327 0
70328 4
70329 8
70330 0
70331 2
70332 9
70333 1
70334 0
70335 9
70336 0
70337 0
70338 9
70339 0
70340 4
70341 3
70342 2
70343 2
70344 0
70345 5
70346 3
70347 5
70348 7
70349 8
70350 4
70351 6
70352 1
70353 3
70354 7
70355 7
70356 4
70357 8
70358 6
70359 3
70360 6
70361 0
70362 2
70363 9
70364 4
70365 7
70366 1
70367 7
70368 4
70369 7
70370 3
70371 4
70372 5
70373 3
70374 0
70375 8
70376 0
70377 0
70378 9
70379 3
70380 3
70381 8
70382 8
70383 1
70384 3
70385 2
70386 8
70387 7
70388 7
70389 9
70390 4
70391 9
70392 1
70393 6
70394 2
70395 2
70396 9
70397 7
70398 9
70399 5
70400 5
70401 5
70402 5
70403 1
70404 4
70405 6
70406 7
70407 4
70408 7
70409 4
70410 8
70411 2
70412 8
70413 3
70414 2
70415 3
70416 3
70417 3
70418 8
70419 3
70420 5
70421 2
70422 8
70423 6
70424 8
70425 8
70426 2
70427 5
70428 4
70429 4
70430 0
70431 9
70432 6
70433 7
70434 0
70435 7
70436 9
70437 6
70438 3
70439 0
70440 3
70441 4
70442 9
70443 1
70444 3
70445 3
70446 4
70447 6
70448 8
70449 7
70450 7
70451 9
70452 5
70453 0
70454 9
70455 8
70456 7
70457 3
70458 5
70459 9
70460 8
70461 4
70462 3
70463 3
70464 5
70465 3
70466 0
70467 2
70468 8
70469 1
70470 0
70471 9
70472 0
70473 0
70474 6
70475 0
70476 4
70477 3
70478 7
70479 8
70480 4
70481 1
70482 8
70483 4
70484 9
70485 9
70486 0
70487 6
70488 0
70489 5
70490 6
70491 2
70492 6
70493 0
70494 7
70495 5
70496 7
70497 2
70498 1
70499 5
70500 4
70501 2
70502 5
70503 1
70504 4
70505 2
70506 3
70507 2
70508 2
70509 3
70510 2
70511 8
70512 9
70513 6
70514 8
70515 5
70516 8
70517 6
70518 4
70519 5
70520 6
70521 5
70522 9
70523 3
70524 4
70525 9
70526 1
70527 9
70528 2
70529 8
70530 9
70531 9
70532 4
70533 9
70534 0
70535 4
70536 6
70537 8
70538 3
70539 0
70540 6
70541 4
70542 3
70543 3
70544 8
70545 1
70546 1
70547 3
70548 9
70549 1
70550 7
70551 1
70552 9
70553 4
70554 2
70555 5
70556 2
70557 0
70558 0
70559 3
70560 2
70561 1
70562 7
70563 1
70564 3
70565 4
70566 5
70567 9
70568 8
70569 6
70570 5
70571 5
70572 6
70573 3
70574 6
70575 7
70576 0
70577 9
70578 9
70579 9
70580 4
70581 1
70582 0
70583 3
70584 0
70585 3
70586 4
70587 7
70588 6
70589 2
70590 2
70591 2
70592 5
70593 4
70594 9
70595 3
70596 5
70597 2
70598 0
70599 0
70600 5
70601 1
70602 8
70603 1
70604 2
70605 4
70606 9
70607 5
70608 0
70609 2
70610 2
70611 6
70612 0
70613 5
70614 4
70615 7
70616 0
70617 9
70618 7
70619 6
70620 6
70621 8
70622 6
70623 0
70624 3
70625 6
70626 8
70627 3
70628 5
70629 2
70630 0
70631 9
70632 7
70633 8
70634 3
70635 7
70636 4
70637 5
70638 3
70639 3
70640 2
70641 2
70642 6
70643 7
70644 6
70645 6
70646 4
70647 2
70648 1
70649 8
70650 8
70651 6
70652 6
70653 0
70654 2
70655 7
70656 5
70657 4
70658 2
70659 4
70660 2
70661 3
70662 8
70663 5
70664 0
70665 5
70666 7
70667 7
70668 1
70669 4
70670 5
70671 7
70672 3
70673 1
70674 9
70675 1
70676 8
70677 4
70678 3
70679 0
70680 3
70681 4
70682 1
70683 2
70684 6
70685 8
70686 1
70687 8
70688 9
70689 7
70690 6
70691 3
70692 3
70693 5
70694 6
70695 9
70696 1
70697 5
70698 8
70699 9
70700 6
70701 1
70702 9
70703 3
70704 2
70705 1
70706 0
70707 1
70708 0
70709 6
70710 2
70711 6
70712 5
70713 7
70714 5
70715 0
70716 0
70717 1
70718 2
70719 8
70720 2
70721 4
70722 4
70723 7
70724 5
70725 5
70726 7
70727 7
70728 0
70729 0
70730 3
70731 4
70732 8
70733 6
70734 6
70735 5
70736 4
70737 7
70738 7
70739 9
70740 7
70741 5
70742 8
70743 6
70744 0
70745 9
70746 2
70747 5
70748 7
70749 5
70750 8
70751 7
70752 8
70753 4
70754 5
70755 9
70756 8
70757 2
70758 7
70759 1
70760 2
70761 1
70762 9
70763 5
70764 7
70765 6
70766 1
70767 7
70768 1
70769 1
70770 1
70771 2
70772 6
70773 9
70774 2
70775 7
70776 8
70777 6
70778 2
70779 1
70780 3
70781 2
70782 1
70783 9
70784 1
70785 1
70786 5
70787 6
70788 9
70789 1
70790 0
70791 3
70792 0
70793 8
70794 6
70795 9
70796 8
70797 2
70798 6
70799 8
70800 4
70801 7
70802 9
70803 4
70804 7
70805 0
70806 8
70807 9
70808 1
70809 5
70810 6
70811 3
70812 8
70813 6
70814 8
70815 7
70816 4
70817 7
70818 4
70819 7
70820 9
70821 8
70822 9
70823 0
70824 4
70825 4
70826 2
70827 9
70828 3
70829 7
70830 4
70831 6
70832 6
70833 1
70834 0
70835 4
70836 7
70837 5
70838 6
70839 3
70840 9
70841 5
70842 6
70843 0
70844 4
70845 1
70846 2
70847 6
70848 0
70849 1
70850 1
70851 6
70852 4
70853 5
70854 1
70855 5
70856 5
70857 5
70858 1
70859 0
70860 7
70861 3
70862 8
70863 9
70864 6
70865 1
70866 7
70867 6
70868 7
70869 6
70870 8
70871 0
70872 4
70873 6
70874 2
70875 0
70876 3
70877 9
70878 1
70879 4
70880 7
70881 3
70882 2
70883 3
70884 5
70885 7
70886 4
70887 8
70888 3
70889 1
70890 7
70891 8
70892 1
70893 2
70894 8
70895 5
70896 4
70897 0
70898 4
70899 0
70900 0
70901 2
70902 2
70903 8
70904 6
70905 7
70906 5
70907 4
70908 0
70909 9
70910 0
70911 5
70912 5
70913 6
70914 4
70915 8
70916 8
70917 4
70918 6
70919 8
70920 7
70921 3
70922 8
70923 7
70924 2
70925 1
70926 9
70927 5
70928 7
70929 4
70930 2
70931 9
70932 2
70933 4
70934 2
70935 2
70936 4
70937 7
70938 2
70939 5
70940 4
70941 5
70942 4
70943 7
70944 3
70945 9
70946 3
70947 0
70948 4
70949 7
70950 6
70951 2
70952 4
70953 0
70954 3
70955 7
70956 6
70957 9
70958 9
70959 5
70960 9
70961 3
70962 3
70963 4
70964 2
70965 3
70966 6
70967 8
70968 9
70969 4
70970 9
70971 1
70972 5
70973 6
70974 5
70975 2
70976 4
70977 7
70978 0
70979 6
70980 0
70981 2
70982 8
70983 8
70984 3
70985 5
70986 3
70987 4
70988 6
70989 9
70990 8
70991 2
70992 3
70993 7
70994 3
70995 8
70996 2
70997 0
70998 2
70999 8
71000 7
71001 8
71002 5
71003 1
71004 2
71005 4
71006 6
71007 4
71008 2
71009 7
71010 0
71011 3
71012 0
71013 1
71014 0
71015 9
71016 9
71017 6
71018 2
71019 5
71020 6
71021 2
71022 4
71023 3
71024 5
71025 3
71026 7
71027 9
71028 9
71029 7
71030 9
71031 4
71032 5
71033 1
71034 8
71035 8
71036 7
71037 7
71038 7
71039 5
71040 0
71041 9
71042 0
71043 2
71044 6
71045 8
71046 8
71047 2
71048 0
71049 1
71050 8
71051 8
71052 0
71053 8
71054 3
71055 4
71056 6
71057 5
71058 2
71059 2
71060 3
71061 8
71062 2
71063 7
71064 3
71065 5
71066 8
71067 3
71068 3
71069 7
71070 8
71071 7
71072 1
71073 1
71074 1
71075 2
71076 5
71077 9
71078 8
71079 5
71080 3
71081 9
71082 4
71083 9
71084 0
71085 0
71086 7
71087 6
71088 4
71089 9
71090 6
71091 0
71092 6
71093 5
71094 2
71095 5
71096 4
71097 0
71098 6
71099 9
71100 9
71101 7
71102 3
71103 0
71104 0
71105 6
71106 6
71107 7
71108 3
71109 9
71110 4
71111 5
71112 1
71113 5
71114 5
71115 1
71116 8
71117 2
71118 5
71119 1
71120 5
71121 2
71122 8
71123 3
71124 8
71125 8
71126 5
71127 4
71128 3
71129 1
71130 9
71131 1
71132 9
71133 3
71134 9
71135 4
71136 1
71137 1
71138 6
71139 3
71140 1
71141 4
71142 2
71143 5
71144 9
71145 9
71146 3
71147 3
71148 0
71149 9
71150 5
71151 1
71152 5
71153 3
71154 2
71155 9
71156 9
71157 3
71158 6
71159 3
71160 4
71161 1
71162 3
71163 3
71164 7
71165 3
71166 4
71167 7
71168 8
71169 3
71170 1
71171 7
71172 5
71173 1
71174 9
71175 4
71176 7
71177 5
71178 5
71179 5
71180 3
71181 6
71182 3
71183 7
71184 2
71185 8
71186 1
71187 5
71188 4
71189 9
71190 8
71191 1
71192 5
71193 5
71194 8
71195 1
71196 1
71197 1
71198 4
71199 9
71200 3
71201 8
71202 1
71203 2
71204 5
71205 8
71206 8
71207 4
71208 8
71209 5
71210 0
71211 1
71212 2
71213 5
71214 0
71215 8
71216 2
71217 8
71218 3
71219 5
71220 2
71221 8
71222 9
71223 5
71224 3
71225 0
71226 2
71227 6
71228 9
71229 1
71230 2
71231 1
71232 1
71233 4
71234 6
71235 4
71236 7
71237 9
71238 3
71239 4
71240 1
71241 1
71242 9
71243 1
71244 2
71245 4
71246 1
71247 9
71248 1
71249 9
71250 2
71251 4
71252 3
71253 1
71254 8
71255 5
71256 9
71257 5
71258 5
71259 8
71260 5
71261 6
71262 2
71263 1
71264 6
71265 4
71266 3
71267 6
71268 4
71269 6
71270 2
71271 1
71272 3
71273 1
71274 2
71275 7
71276 8
71277 8
71278 6
71279 3
71280 7
71281 5
71282 6
71283 6
71284 7
71285 5
71286 7
71287 9
71288 3
71289 8
71290 0
71291 9
71292 0
71293 1
71294 1
71295 6
71296 7
71297 6
71298 1
71299 7
71300 1
71301 8
71302 0
71303 8
71304 0
71305 0
71306 2
71307 7
71308 4
71309 4
71310 8
71311 4
71312 2
71313 1
71314 5
71315 6
71316 9
71317 1
71318 3
71319 7
71320 1
71321 2
71322 5
71323 7
71324 4
71325 4
71326 3
71327 9
71328 6
71329 5
71330 9
71331 5
71332 9
71333 1
71334 6
71335 8
71336 4
71337 7
71338 4
71339 1
71340 6
71341 8
71342 1
71343 8
71344 5
71345 1
71346 8
71347 4
71348 3
71349 2
71350 4
71351 1
71352 0
71353 1
71354 8
71355 9
71356 7
71357 3
71358 5
71359 1
71360 0
71361 6
71362 4
71363 8
71364 5
71365 6
71366 6
71367 0
71368 9
71369 4
71370 6
71371 9
71372 0
71373 9
71374 7
71375 1
71376 0
71377 6
71378 7
71379 2
71380 1
71381 0
71382 6
71383 8
71384 9
71385 5
71386 7
71387 5
71388 1
71389 1
71390 3
71391 5
71392 4
71393 0
71394 2
71395 9
71396 5
71397 0
71398 9
71399 4
71400 9
71401 3
71402 5
71403 7
71404 3
71405 0
71406 7
71407 9
71408 6
71409 2
71410 2
71411 1
71412 4
71413 2
71414 7
71415 4
71416 7
71417 8
71418 0
71419 1
71420 5
71421 0
71422 6
71423 8
71424 8
71425 8
71426 8
71427 4
71428 9
71429 3
71430 3
71431 7
71432 5
71433 5
71434 7
71435 1
71436 6
71437 3
71438 6
71439 8
71440 5
71441 0
71442 6
71443 5
71444 7
71445 4
71446 5
71447 6
71448 2
71449 3
71450 5
71451 8
71452 3
71453 5
71454 6
71455 1
71456 9
71457 7
71458 3
71459 2
71460 8
71461 0
71462 1
71463 3
71464 2
71465 9
71466 6
71467 7
71468 9
71469 1
71470 7
71471 9
71472 1
71473 9
71474 4
71475 7
71476 2
71477 8
71478 9
71479 8
71480 2
71481 1
71482 3
71483 8
71484 1
71485 8
71486 9
71487 2
71488 7
71489 3
71490 6
71491 4
71492 6
71493 6
71494 0
71495 9
71496 0
71497 5
71498 4
71499 6
71500 5
71501 0
71502 1
71503 3
71504 0
71505 0
71506 7
71507 1
71508 3
71509 5
71510 8
71511 0
71512 6
71513 0
71514 1
71515 7
71516 9
71517 2
71518 7
71519 0
71520 2
71521 6
71522 6
71523 1
71524 6
71525 3
71526 0
71527 5
71528 7
71529 8
71530 9
71531 0
71532 1
71533 1
71534 2
71535 5
71536 2
71537 3
71538 9
71539 1
71540 5
71541 8
71542 8
71543 1
71544 8
71545 6
71546 2
71547 7
71548 0
71549 6
71550 6
71551 0
71552 8
71553 1
71554 6
71555 2
71556 7
71557 8
71558 7
71559 9
71560 6
71561 3
71562 2
71563 0
71564 3
71565 6
71566 1
71567 3
71568 5
71569 6
71570 4
71571 3
71572 5
71573 8
71574 7
71575 9
71576 9
71577 0
71578 3
71579 7
71580 4
71581 0
71582 9
71583 9
71584 4
71585 8
71586 7
71587 7
71588 6
71589 6
71590 0
71591 4
71592 5
71593 9
71594 8
71595 8
71596 7
71597 8
71598 7
71599 9
71600 8
71601 6
71602 2
71603 1
71604 4
71605 8
71606 1
71607 4
71608 8
71609 0
71610 0
71611 7
71612 5
71613 8
71614 1
71615 7
71616 1
71617 4
71618 0
71619 5
71620 0
71621 4
71622 7
71623 4
71624 8
71625 8
71626 9
71627 5
71628 6
71629 1
71630 1
71631 8
71632 3
71633 5
71634 6
71635 7
71636 3
71637 6
71638 8
71639 8
71640 5
71641 6
71642 9
71643 0
71644 2
71645 8
71646 5
71647 4
71648 2
71649 0
71650 9
71651 1
71652 6
71653 6
71654 5
71655 9
71656 9
71657 0
71658 3
71659 4
71660 2
71661 1
71662 1
71663 5
71664 1
71665 7
71666 3
71667 2
71668 7
71669 1
71670 9
71671 3
71672 6
71673 0
71674 1
71675 5
71676 6
71677 5
71678 8
71679 1
71680 5
71681 8
71682 7
71683 1
71684 5
71685 2
71686 5
71687 7
71688 3
71689 4
71690 2
71691 0
71692 2
71693 1
71694 0
71695 3
71696 4
71697 8
71698 2
71699 6
71700 9
71701 8
71702 1
71703 0
71704 2
71705 4
71706 4
71707 3
71708 4
71709 6
71710 6
71711 7
71712 8
71713 6
71714 4
71715 8
71716 2
71717 3
71718 1
71719 4
71720 2
71721 1
71722 6
71723 4
71724 1
71725 9
71726 6
71727 0
71728 6
71729 8
71730 9
71731 2
71732 3
71733 4
71734 1
71735 5
71736 8
71737 8
71738 3
71739 1
71740 9
71741 8
71742 4
71743 7
71744 6
71745 1
71746 8
71747 5
71748 8
71749 3
71750 8
71751 7
71752 4
71753 6
71754 8
71755 3
71756 2
71757 9
71758 2
71759 5
71760 9
71761 0
71762 9
71763 6
71764 1
71765 8
71766 4
71767 8
71768 4
71769 9
71770 2
71771 3
71772 5
71773 4
71774 8
71775 4
71776 0
71777 0
71778 3
71779 2
71780 3
71781 9
71782 1
71783 4
71784 2
71785 0
71786 2
71787 1
71788 2
71789 1
71790 5
71791 6
71792 1
71793 0
71794 4
71795 4
71796 9
71797 8
71798 0
71799 7
71800 2
71801 4
71802 0
71803 3
71804 8
71805 9
71806 5
71807 0
71808 4
71809 0
71810 8
71811 3
71812 6
71813 8
71814 6
71815 5
71816 6
71817 4
71818 2
71819 1
71820 9
71821 5
71822 4
71823 0
71824 6
71825 3
71826 1
71827 3
71828 7
71829 1
71830 0
71831 8
71832 2
71833 7
71834 1
71835 2
71836 9
71837 2
71838 5
71839 2
71840 1
71841 2
71842 1
71843 9
71844 4
71845 3
71846 9
71847 9
71848 8
71849 4
71850 0
71851 2
71852 3
71853 4
71854 5
71855 5
71856 7
71857 1
71858 0
71859 6
71860 9
71861 9
71862 9
71863 5
71864 6
71865 4
71866 2
71867 0
71868 8
71869 8
71870 7
71871 9
71872 8
71873 2
71874 2
71875 3
71876 9
71877 2
71878 9
71879 4
71880 5
71881 9
71882 9
71883 4
71884 4
71885 6
71886 5
71887 1
71888 7
71889 9
71890 3
71891 8
71892 1
71893 1
71894 9
71895 3
71896 8
71897 1
71898 2
71899 7
71900 2
71901 6
71902 9
71903 5
71904 7
71905 8
71906 7
71907 6
71908 5
71909 3
71910 2
71911 0
71912 2
71913 2
71914 9
71915 6
71916 6
71917 7
71918 0
71919 9
71920 5
71921 1
71922 9
71923 5
71924 6
71925 4
71926 9
71927 3
71928 5
71929 1
71930 0
71931 7
71932 1
71933 8
71934 3
71935 5
71936 8
71937 3
71938 2
71939 0
71940 7
71941 1
71942 9
71943 7
71944 6
71945 0
71946 8
71947 6
71948 5
71949 3
71950 9
71951 4
71952 0
71953 3
71954 8
71955 1
71956 9
71957 3
71958 3
71959 8
71960 0
71961 1
71962 8
71963 2
71964 1
71965 5
71966 3
71967 6
71968 4
71969 2
71970 7
71971 6
71972 7
71973 5
71974 9
71975 6
71976 0
71977 6
71978 4
71979 1
71980 5
71981 1
71982 1
71983 6
71984 6
71985 8
71986 8
71987 7
71988 7
71989 9
71990 3
71991 0
71992 1
71993 8
71994 4
71995 3
71996 4
71997 2
71998 9
71999 0
72000 8
72001 1
72002 6
72003 9
72004 7
72005 6
72006 9
72007 2
72008 5
72009 4
72010 6
72011 1
72012 2
72013 9
72014 9
72015 6
72016 3
72017 6
72018 7
72019 5
72020 6
72021 7
72022 9
72023 8
72024 0
72025 4
72026 0
72027 4
72028 5
72029 1
72030 8
72031 2
72032 7
72033 4
72034 1
72035 8
72036 5
72037 6
72038 7
72039 1
72040 2
72041 3
72042 2
72043 3
72044 3
72045 3
72046 0
72047 8
72048 3
72049 3
72050 5
72051 2
72052 4
72053 5
72054 3
72055 2
72056 5
72057 2
72058 6
72059 8
72060 1
72061 8
72062 4
72063 8
72064 7
72065 6
72066 4
72067 6
72068 7
72069 3
72070 1
72071 0
72072 3
72073 2
72074 9
72075 1
72076 7
72077 0
72078 2
72079 9
72080 8
72081 8
72082 5
72083 4
72084 0
72085 6
72086 7
72087 0
72088 8
72089 5
72090 7
72091 5
72092 1
72093 8
72094 4
72095 2
72096 6
72097 1
72098 2
72099 4
72100 9
72101 0
72102 5
72103 8
72104 8
72105 1
72106 4
72107 6
72108 4
72109 2
72110 4
72111 2
72112 5
72113 9
72114 9
72115 7
72116 8
72117 0
72118 8
72119 6
72120 7
72121 4
72122 2
72123 8
72124 8
72125 0
72126 8
72127 6
72128 3
72129 3
72130 2
72131 4
72132 4
72133 5
72134 3
72135 6
72136 3
72137 3
72138 8
72139 7
72140 0
72141 7
72142 4
72143 8
72144 2
72145 9
72146 8
72147 4
72148 5
72149 3
72150 9
72151 0
72152 4
72153 9
72154 6
72155 0
72156 8
72157 0
72158 4
72159 2
72160 9
72161 6
72162 8
72163 7
72164 2
72165 0
72166 0
72167 5
72168 7
72169 9
72170 7
72171 3
72172 6
72173 9
72174 9
72175 7
72176 2
72177 1
72178 5
72179 0
72180 0
72181 6
72182 3
72183 4
72184 9
72185 2
72186 1
72187 2
72188 6
72189 8
72190 3
72191 9
72192 9
72193 1
72194 9
72195 2
72196 3
72197 6
72198 6
72199 9
72200 2
72201 6
72202 6
72203 6
72204 9
72205 1
72206 6
72207 7
72208 6
72209 8
72210 8
72211 7
72212 5
72213 7
72214 5
72215 6
72216 6
72217 6
72218 1
72219 5
72220 6
72221 9
72222 4
72223 3
72224 9
72225 9
72226 5
72227 8
72228 7
72229 6
72230 2
72231 6
72232 4
72233 5
72234 4
72235 3
72236 1
72237 1
72238 3
72239 0
72240 6
72241 6
72242 9
72243 0
72244 0
72245 6
72246 5
72247 7
72248 9
72249 4
72250 1
72251 9
72252 9
72253 7
72254 0
72255 5
72256 9
72257 1
72258 2
72259 9
72260 1
72261 9
72262 1
72263 2
72264 4
72265 3
72266 9
72267 2
72268 3
72269 5
72270 7
72271 6
72272 1
72273 0
72274 2
72275 7
72276 3
72277 8
72278 1
72279 4
72280 8
72281 1
72282 9
72283 8
72284 8
72285 2
72286 8
72287 0
72288 2
72289 7
72290 7
72291 7
72292 3
72293 2
72294 5
72295 1
72296 8
72297 3
72298 2
72299 6
72300 8
72301 9
72302 1
72303 1
72304 0
72305 0
72306 5
72307 7
72308 9
72309 1
72310 9
72311 9
72312 3
72313 1
72314 0
72315 3
72316 7
72317 2
72318 4
72319 9
72320 8
72321 2
72322 2
72323 2
72324 6
72325 3
72326 9
72327 1
72328 3
72329 7
72330 6
72331 7
72332 0
72333 7
72334 1
72335 7
72336 1
72337 8
72338 4
72339 4
72340 8
72341 1
72342 2
72343 7
72344 8
72345 5
72346 1
72347 1
72348 0
72349 0
72350 8
72351 4
72352 7
72353 9
72354 5
72355 2
72356 7
72357 8
72358 1
72359 1
72360 5
72361 6
72362 9
72363 3
72364 4
72365 1
72366 1
72367 9
72368 6
72369 6
72370 5
72371 7
72372 9
72373 5
72374 3
72375 6
72376 1
72377 7
72378 6
72379 4
72380 3
72381 2
72382 1
72383 3
72384 9
72385 5
72386 6
72387 2
72388 2
72389 6
72390 6
72391 3
72392 5
72393 2
72394 4
72395 8
72396 2
72397 1
72398 8
72399 3
72400 0
72401 4
72402 0
72403 6
72404 5
72405 8
72406 7
72407 4
72408 1
72409 8
72410 5
72411 9
72412 3
72413 6
72414 1
72415 0
72416 3
72417 1
72418 1
72419 8
72420 1
72421 5
72422 9
72423 3
72424 4
72425 0
72426 7
72427 5
72428 0
72429 2
72430 5
72431 1
72432 9
72433 8
72434 8
72435 2
72436 3
72437 5
72438 2
72439 2
72440 4
72441 0
72442 9
72443 6
72444 4
72445 0
72446 6
72447 8
72448 4
72449 3
72450 2
72451 9
72452 1
72453 4
72454 2
72455 2
72456 2
72457 9
72458 3
72459 8
72460 4
72461 3
72462 0
72463 1
72464 5
72465 5
72466 3
72467 3
72468 8
72469 5
72470 0
72471 0
72472 8
72473 7
72474 9
72475 3
72476 3
72477 3
72478 2
72479 7
72480 9
72481 1
72482 5
72483 7
72484 9
72485 8
72486 5
72487 7
72488 0
72489 3
72490 8
72491 0
72492 2
72493 4
72494 7
72495 0
72496 4
72497 6
72498 1
72499 3
72500 5
72501 4
72502 6
72503 0
72504 5
72505 3
72506 9
72507 7
72508 5
72509 8
72510 6
72511 4
72512 1
72513 3
72514 1
72515 3
72516 4
72517 1
72518 9
72519 4
72520 6
72521 9
72522 9
72523 9
72524 4
72525 0
72526 6
72527 2
72528 9
72529 6
72530 0
72531 0
72532 8
72533 0
72534 9
72535 0
72536 1
72537 6
72538 3
72539 3
72540 1
72541 7
72542 9
72543 7
72544 1
72545 5
72546 2
72547 5
72548 2
72549 1
72550 0
72551 7
72552 7
72553 3
72554 9
72555 2
72556 2
72557 6
72558 9
72559 4
72560 9
72561 9
72562 0
72563 5
72564 8
72565 4
72566 6
72567 1
72568 3
72569 8
72570 5
72571 4
72572 7
72573 5
72574 9
72575 8
72576 6
72577 0
72578 9
72579 0
72580 6
72581 8
72582 4
72583 5
72584 9
72585 7
72586 7
72587 8
72588 3
72589 6
72590 2
72591 9
72592 7
72593 0
72594 8
72595 1
72596 5
72597 0
72598 8
72599 9
72600 7
72601 6
72602 4
72603 4
72604 1
72605 0
72606 8
72607 2
72608 9
72609 9
72610 3
72611 6
72612 9
72613 4
72614 0
72615 6
72616 0
72617 5
72618 1
72619 7
72620 3
72621 9
72622 9
72623 0
72624 9
72625 1
72626 6
72627 4
72628 4
72629 5
72630 7
72631 7
72632 4
72633 0
72634 5
72635 7
72636 6
72637 7
72638 8
72639 2
72640 9
72641 5
72642 8
72643 3
72644 6
72645 7
72646 3
72647 2
72648 7
72649 5
72650 2
72651 8
72652 3
72653 4
72654 5
72655 5
72656 5
72657 0
72658 0
72659 7
72660 0
72661 4
72662 6
72663 3
72664 6
72665 2
72666 9
72667 0
72668 9
72669 6
72670 6
72671 9
72672 4
72673 4
72674 3
72675 9
72676 6
72677 9
72678 3
72679 1
72680 2
72681 8
72682 8
72683 9
72684 5
72685 9
72686 7
72687 6
72688 7
72689 5
72690 0
72691 3
72692 8
72693 5
72694 1
72695 4
72696 0
72697 0
72698 8
72699 0
72700 2
72701 7
72702 6
72703 4
72704 2
72705 2
72706 0
72707 5
72708 3
72709 1
72710 1
72711 7
72712 3
72713 7
72714 9
72715 0
72716 1
72717 8
72718 1
72719 4
72720 9
72721 8
72722 0
72723 7
72724 6
72725 8
72726 3
72727 1
72728 5
72729 7
72730 4
72731 7
72732 9
72733 2
72734 9
72735 9
72736 6
72737 3
72738 4
72739 9
72740 5
72741 7
72742 3
72743 8
72744 8
72745 5
72746 0
72747 9
72748 0
72749 1
72750 7
72751 7
72752 3
72753 0
72754 4
72755 0
72756 4
72757 6
72758 4
72759 0
72760 9
72761 9
72762 9
72763 7
72764 1
72765 7
72766 0
72767 5
72768 7
72769 2
72770 8
72771 8
72772 1
72773 0
72774 8
72775 1
72776 5
72777 7
72778 9
72779 8
72780 4
72781 1
72782 5
72783 3
72784 3
72785 2
72786 2
72787 2
72788 7
72789 2
72790 4
72791 6
72792 1
72793 9
72794 2
72795 4
72796 4
72797 9
72798 6
72799 9
72800 3
72801 0
72802 9
72803 1
72804 3
72805 1
72806 5
72807 4
72808 3
72809 7
72810 7
72811 2
72812 9
72813 3
72814 1
72815 1
72816 3
72817 4
72818 0
72819 2
72820 2
72821 9
72822 6
72823 9
72824 8
72825 6
72826 0
72827 1
72828 3
72829 8
72830 1
72831 5
72832 6
72833 2
72834 1
72835 0
72836 3
72837 9
72838 2
72839 8
72840 0
72841 1
72842 2
72843 9
72844 7
72845 2
72846 9
72847 2
72848 0
72849 7
72850 6
72851 3
72852 6
72853 9
72854 3
72855 0
72856 6
72857 9
72858 4
72859 4
72860 2
72861 8
72862 3
72863 4
72864 7
72865 6
72866 4
72867 8
72868 8
72869 1
72870 3
72871 9
72872 4
72873 4
72874 7
72875 0
72876 3
72877 0
72878 1
72879 4
72880 2
72881 6
72882 5
72883 5
72884 6
72885 0
72886 4
72887 3
72888 6
72889 1
72890 8
72891 8
72892 9
72893 1
72894 3
72895 4
72896 3
72897 1
72898 7
72899 2
72900 9
72901 3
72902 0
72903 3
72904 3
72905 7
72906 3
72907 3
72908 8
72909 3
72910 3
72911 5
72912 7
72913 6
72914 4
72915 5
72916 6
72917 9
72918 3
72919 4
72920 2
72921 4
72922 9
72923 9
72924 3
72925 9
72926 2
72927 1
72928 3
72929 3
72930 6
72931 5
72932 4
72933 6
72934 9
72935 4
72936 4
72937 7
72938 2
72939 9
72940 9
72941 6
72942 5
72943 8
72944 3
72945 6
72946 2
72947 3
72948 5
72949 7
72950 1
72951 9
72952 9
72953 3
72954 8
72955 3
72956 3
72957 9
72958 9
72959 1
72960 2
72961 2
72962 7
72963 6
72964 1
72965 8
72966 1
72967 9
72968 5
72969 4
72970 1
72971 5
72972 3
72973 1
72974 5
72975 7
72976 2
72977 6
72978 1
72979 9
72980 7
72981 6
72982 1
72983 8
72984 5
72985 2
72986 9
72987 1
72988 8
72989 5
72990 6
72991 4
72992 8
72993 2
72994 3
72995 1
72996 8
72997 3
72998 9
72999 4
73000 6
73001 5
73002 0
73003 3
73004 3
73005 6
73006 3
73007 6
73008 1
73009 6
73010 3
73011 6
73012 1
73013 1
73014 8
73015 2
73016 0
73017 3
73018 0
73019 9
73020 3
73021 1
73022 3
73023 1
73024 7
73025 6
73026 7
73027 8
73028 1
73029 5
73030 6
73031 2
73032 9
73033 2
73034 4
73035 5
73036 3
73037 8
73038 6
73039 7
73040 7
73041 4
73042 3
73043 1
73044 7
73045 7
73046 2
73047 0
73048 9
73049 3
73050 6
73051 2
73052 1
73053 9
73054 9
73055 4
73056 3
73057 4
73058 5
73059 2
73060 7
73061 4
73062 3
73063 1
73064 4
73065 8
73066 2
73067 7
73068 0
73069 2
73070 6
73071 1
73072 0
73073 7
73074 5
73075 2
73076 3
73077 6
73078 7
73079 2
73080 8
73081 4
73082 3
73083 2
73084 8
73085 6
73086 7
73087 5
73088 8
73089 5
73090 0
73091 3
73092 9
73093 6
73094 3
73095 3
73096 8
73097 1
73098 5
73099 3
73100 7
73101 5
73102 3
73103 7
73104 6
73105 4
73106 0
73107 8
73108 8
73109 8
73110 6
73111 5
73112 6
73113 1
73114 5
73115 0
73116 4
73117 7
73118 0
73119 8
73120 3
73121 5
73122 5
73123 7
73124 4
73125 2
73126 9
73127 2
73128 9
73129 8
73130 6
73131 0
73132 5
73133 1
73134 7
73135 2
73136 7
73137 2
73138 8
73139 9
73140 4
73141 6
73142 6
73143 9
73144 2
73145 8
73146 9
73147 5
73148 8
73149 9
73150 3
73151 4
73152 3
73153 3
73154 6
73155 2
73156 7
73157 1
73158 9
73159 9
73160 9
73161 7
73162 7
73163 6
73164 2
73165 6
73166 6
73167 9
73168 7
73169 6
73170 1
73171 1
73172 5
73173 1
73174 0
73175 5
73176 7
73177 0
73178 7
73179 9
73180 3
73181 1
73182 0
73183 2
73184 3
73185 1
73186 4
73187 5
73188 1
73189 5
73190 2
73191 0
73192 3
73193 3
73194 1
73195 0
73196 4
73197 2
73198 7
73199 9
73200 6
73201 6
73202 3
73203 4
73204 8
73205 9
73206 2
73207 8
73208 8
73209 7
73210 3
73211 0
73212 5
73213 2
73214 8
73215 5
73216 3
73217 8
73218 8
73219 3
73220 5
73221 3
73222 8
73223 1
73224 8
73225 2
73226 3
73227 6
73228 9
73229 9
73230 2
73231 2
73232 1
73233 1
73234 9
73235 1
73236 2
73237 5
73238 0
73239 8
73240 6
73241 3
73242 2
73243 2
73244 6
73245 7
73246 6
73247 6
73248 6
73249 4
73250 7
73251 1
73252 3
73253 8
73254 8
73255 6
73256 3
73257 8
73258 5
73259 9
73260 5
73261 5
73262 1
73263 5
73264 6
73265 5
73266 8
73267 9
73268 2
73269 8
73270 1
73271 9
73272 2
73273 3
73274 5
73275 6
73276 6
73277 6
73278 3
73279 0
73280 3
73281 7
73282 0
73283 8
73284 1
73285 7
73286 3
73287 7
73288 4
73289 0
73290 0
73291 3
73292 6
73293 2
73294 7
73295 5
73296 9
73297 4
73298 0
73299 7
73300 5
73301 9
73302 8
73303 4
73304 5
73305 1
73306 7
73307 0
73308 7
73309 7
73310 1
73311 9
73312 5
73313 5
73314 8
73315 7
73316 3
73317 8
73318 5
73319 9
73320 2
73321 2
73322 1
73323 5
73324 7
73325 0
73326 6
73327 3
73328 1
73329 7
73330 7
73331 0
73332 7
73333 2
73334 3
73335 1
73336 5
73337 0
73338 4
73339 9
73340 6
73341 5
73342 3
73343 2
73344 4
73345 2
73346 4
73347 2
73348 7
73349 8
73350 0
73351 2
73352 8
73353 0
73354 7
73355 9
73356 7
73357 7
73358 1
73359 6
73360 5
73361 7
73362 0
73363 8
73364 2
73365 9
73366 1
73367 8
73368 7
73369 1
73370 5
73371 8
73372 4
73373 2
73374 0
73375 7
73376 7
73377 5
73378 2
73379 9
73380 6
73381 8
73382 3
73383 3
73384 2
73385 8
73386 1
73387 5
73388 7
73389 1
73390 5
73391 7
73392 1
73393 4
73394 1
73395 2
73396 4
73397 0
73398 4
73399 8
73400 0
73401 6
73402 0
73403 4
73404 7
73405 1
73406 1
73407 0
73408 6
73409 4
73410 9
73411 6
73412 3
73413 9
73414 5
73415 9
73416 7
73417 6
73418 8
73419 3
73420 5
73421 6
73422 7
73423 5
73424 7
73425 9
73426 7
73427 3
73428 9
73429 6
73430 7
73431 8
73432 9
73433 4
73434 6
73435 4
73436 6
73437 6
73438 1
73439 1
73440 3
73441 6
73442 2
73443 7
73444 2
73445 4
73446 1
73447 7
73448 4
73449 1
73450 7
73451 3
73452 2
73453 4
73454 4
73455 5
73456 3
73457 0
73458 0
73459 2
73460 1
73461 8
73462 7
73463 6
73464 0
73465 1
73466 2
73467 4
73468 6
73469 3
73470 8
73471 2
73472 1
73473 2
73474 8
73475 3
73476 4
73477 3
73478 7
73479 9
73480 0
73481 1
73482 2
73483 4
73484 9
73485 7
73486 7
73487 3
73488 8
73489 2
73490 6
73491 3
73492 8
73493 1
73494 0
73495 6
73496 7
73497 2
73498 3
73499 6
73500 4
73501 1
73502 4
73503 8
73504 7
73505 4
73506 3
73507 8
73508 9
73509 0
73510 3
73511 5
73512 1
73513 1
73514 4
73515 5
73516 9
73517 9
73518 5
73519 7
73520 5
73521 3
73522 3
73523 7
73524 6
73525 8
73526 6
73527 5
73528 5
73529 8
73530 1
73531 5
73532 0
73533 7
73534 1
73535 6
73536 7
73537 1
73538 9
73539 2
73540 7
73541 9
73542 4
73543 2
73544 2
73545 8
73546 1
73547 2
73548 3
73549 8
73550 0
73551 0
73552 0
73553 8
73554 8
73555 3
73556 5
73557 7
73558 4
73559 0
73560 4
73561 2
73562 9
73563 5
73564 1
73565 0
73566 1
73567 3
73568 0
73569 7
73570 1
73571 0
73572 9
73573 5
73574 1
73575 8
73576 2
73577 7
73578 5
73579 3
73580 6
73581 0
73582 2
73583 4
73584 4
73585 0
73586 0
73587 1
73588 8
73589 0
73590 7
73591 8
73592 6
73593 4
73594 8
73595 3
73596 2
73597 2
73598 7
73599 4
73600 9
73601 3
73602 7
73603 6
73604 0
73605 2
73606 5
73607 7
73608 3
73609 4
73610 0
73611 6
73612 1
73613 5
73614 3
73615 3
73616 1
73617 1
73618 5
73619 6
73620 4
73621 6
73622 4
73623 5
73624 6
73625 7
73626 2
73627 0
73628 9
73629 5
73630 0
73631 5
73632 8
73633 8
73634 8
73635 3
73636 9
73637 5
73638 8
73639 9
73640 9
73641 8
73642 5
73643 4
73644 9
73645 6
73646 0
73647 8
73648 9
73649 5
73650 3
73651 6
73652 6
73653 7
73654 3
73655 2
73656 5
73657 7
73658 5
73659 7
73660 0
73661 5
73662 3
73663 2
73664 1
73665 7
73666 0
73667 9
73668 9
73669 1
73670 2
73671 7
73672 8
73673 5
73674 6
73675 0
73676 5
73677 1
73678 1
73679 7
73680 6
73681 8
73682 8
73683 2
73684 4
73685 7
73686 1
73687 9
73688 2
73689 5
73690 3
73691 6
73692 8
73693 2
73694 0
73695 6
73696 8
73697 1
73698 3
73699 8
73700 5
73701 8
73702 8
73703 6
73704 2
73705 0
73706 1
73707 8
73708 2
73709 7
73710 4
73711 3
73712 9
73713 8
73714 8
73715 7
73716 2
73717 8
73718 5
73719 8
73720 3
73721 3
73722 0
73723 9
73724 7
73725 2
73726 9
73727 7
73728 2
73729 5
73730 0
73731 1
73732 3
73733 2
73734 1
73735 3
73736 1
73737 9
73738 6
73739 0
73740 6
73741 7
73742 8
73743 9
73744 1
73745 7
73746 6
73747 6
73748 2
73749 4
73750 4
73751 9
73752 6
73753 3
73754 8
73755 1
73756 8
73757 4
73758 5
73759 5
73760 9
73761 6
73762 3
73763 5
73764 1
73765 4
73766 8
73767 7
73768 4
73769 3
73770 0
73771 6
73772 0
73773 3
73774 9
73775 9
73776 4
73777 5
73778 9
73779 6
73780 9
73781 3
73782 9
73783 9
73784 5
73785 6
73786 0
73787 5
73788 2
73789 1
73790 4
73791 5
73792 1
73793 1
73794 0
73795 9
73796 8
73797 8
73798 9
73799 4
73800 7
73801 7
73802 6
73803 2
73804 7
73805 0
73806 7
73807 3
73808 3
73809 7
73810 1
73811 9
73812 6
73813 0
73814 1
73815 1
73816 8
73817 4
73818 7
73819 5
73820 2
73821 0
73822 6
73823 0
73824 8
73825 0
73826 6
73827 3
73828 8
73829 3
73830 7
73831 8
73832 2
73833 9
73834 1
73835 8
73836 9
73837 3
73838 9
73839 2
73840 7
73841 4
73842 9
73843 1
73844 3
73845 8
73846 7
73847 6
73848 0
73849 9
73850 7
73851 6
73852 6
73853 9
73854 5
73855 5
73856 3
73857 5
73858 9
73859 6
73860 4
73861 7
73862 6
73863 6
73864 2
73865 5
73866 5
73867 9
73868 5
73869 9
73870 8
73871 0
73872 4
73873 0
73874 9
73875 3
73876 7
73877 8
73878 2
73879 5
73880 7
73881 2
73882 0
73883 0
73884 2
73885 3
73886 9
73887 3
73888 1
73889 5
73890 2
73891 1
73892 9
73893 3
73894 0
73895 6
73896 4
73897 0
73898 3
73899 0
73900 6
73901 2
73902 3
73903 3
73904 4
73905 9
73906 0
73907 0
73908 2
73909 9
73910 5
73911 8
73912 0
73913 3
73914 5
73915 7
73916 4
73917 2
73918 6
73919 2
73920 4
73921 3
73922 4
73923 1
73924 1
73925 1
73926 0
73927 6
73928 2
73929 4
73930 2
73931 9
73932 3
73933 1
73934 8
73935 4
73936 6
73937 4
73938 3
73939 1
73940 0
73941 6
73942 8
73943 8
73944 5
73945 5
73946 4
73947 9
73948 7
73949 2
73950 5
73951 6
73952 4
73953 6
73954 0
73955 7
73956 4
73957 3
73958 5
73959 0
73960 1
73961 6
73962 2
73963 7
73964 3
73965 5
73966 3
73967 6
73968 7
73969 4
73970 9
73971 6
73972 7
73973 6
73974 4
73975 7
73976 1
73977 5
73978 1
73979 5
73980 9
73981 4
73982 1
73983 5
73984 5
73985 4
73986 4
73987 8
73988 9
73989 0
73990 4
73991 0
73992 1
73993 9
73994 4
73995 3
73996 2
73997 0
73998 4
73999 8
74000 7
74001 0
74002 3
74003 5
74004 3
74005 8
74006 5
74007 8
74008 8
74009 5
74010 3
74011 7
74012 2
74013 6
74014 5
74015 0
74016 7
74017 8
74018 3
74019 9
74020 5
74021 0
74022 2
74023 5
74024 2
74025 5
74026 1
74027 4
74028 6
74029 2
74030 5
74031 3
74032 9
74033 5
74034 5
74035 4
74036 2
74037 0
74038 4
74039 7
74040 1
74041 0
74042 8
74043 5
74044 3
74045 8
74046 1
74047 4
74048 0
74049 2
74050 2
74051 7
74052 9
74053 6
74054 8
74055 7
74056 3
74057 5
74058 9
74059 2
74060 9
74061 1
74062 3
74063 5
74064 8
74065 9
74066 1
74067 1
74068 7
74069 2
74070 0
74071 5
74072 0
74073 5
74074 2
74075 5
74076 3
74077 0
74078 6
74079 2
74080 6
74081 4
74082 3
74083 2
74084 4
74085 3
74086 2
74087 2
74088 8
74089 5
74090 3
74091 2
74092 4
74093 2
74094 6
74095 6
74096 7
74097 4
74098 9
74099 6
74100 8
74101 1
74102 4
74103 8
74104 9
74105 5
74106 7
74107 2
74108 7
74109 8
74110 9
74111 5
74112 9
74113 6
74114 1
74115 0
74116 2
74117 6
74118 8
74119 0
74120 2
74121 6
74122 6
74123 4
74124 8
74125 8
74126 8
74127 7
74128 9
74129 4
74130 9
74131 2
74132 4
74133 4
74134 7
74135 6
74136 6
74137 1
74138 2
74139 2
74140 2
74141 3
74142 5
74143 5
74144 9
74145 3
74146 9
74147 1
74148 9
74149 1
74150 4
74151 8
74152 3
74153 9
74154 1
74155 6
74156 9
74157 5
74158 0
74159 7
74160 2
74161 4
74162 7
74163 8
74164 2
74165 9
74166 5
74167 9
74168 3
74169 0
74170 4
74171 3
74172 6
74173 6
74174 6
74175 4
74176 7
74177 3
74178 5
74179 6
74180 4
74181 9
74182 6
74183 8
74184 9
74185 8
74186 7
74187 5
74188 8
74189 6
74190 8
74191 9
74192 2
74193 1
74194 0
74195 6
74196 7
74197 1
74198 3
74199 9
74200 0
74201 2
74202 9
74203 6
74204 2
74205 1
74206 2
74207 0
74208 2
74209 5
74210 7
74211 9
74212 9
74213 0
74214 4
74215 1
74216 7
74217 1
74218 1
74219 0
74220 9
74221 2
74222 2
74223 8
74224 3
74225 2
74226 7
74227 7
74228 7
74229 3
74230 8
74231 6
74232 6
74233 1
74234 2
74235 0
74236 7
74237 5
74238 5
74239 1
74240 5
74241 3
74242 7
74243 1
74244 5
74245 0
74246 0
74247 0
74248 2
74249 9
74250 2
74251 2
74252 4
74253 3
74254 4
74255 3
74256 9
74257 2
74258 6
74259 0
74260 9
74261 8
74262 1
74263 7
74264 2
74265 8
74266 1
74267 6
74268 3
74269 5
74270 0
74271 0
74272 6
74273 8
74274 8
74275 6
74276 7
74277 6
74278 9
74279 4
74280 4
74281 2
74282 3
74283 2
74284 7
74285 8
74286 2
74287 0
74288 5
74289 9
74290 9
74291 7
74292 9
74293 2
74294 0
74295 8
74296 5
74297 3
74298 9
74299 8
74300 5
74301 7
74302 9
74303 5
74304 5
74305 2
74306 2
74307 4
74308 9
74309 5
74310 0
74311 7
74312 2
74313 2
74314 9
74315 3
74316 5
74317 3
74318 9
74319 9
74320 6
74321 6
74322 2
74323 8
74324 7
74325 8
74326 6
74327 4
74328 4
74329 3
74330 9
74331 6
74332 0
74333 8
74334 9
74335 7
74336 1
74337 4
74338 7
74339 8
74340 6
74341 6
74342 8
74343 4
74344 3
74345 0
74346 0
74347 6
74348 1
74349 3
74350 0
74351 9
74352 8
74353 7
74354 1
74355 8
74356 8
74357 5
74358 9
74359 9
74360 8
74361 8
74362 7
74363 4
74364 8
74365 3
74366 6
74367 0
74368 7
74369 2
74370 1
74371 6
74372 4
74373 4
74374 9
74375 4
74376 9
74377 5
74378 8
74379 9
74380 3
74381 3
74382 0
74383 2
74384 2
74385 2
74386 8
74387 7
74388 3
74389 1
74390 9
74391 9
74392 5
74393 0
74394 3
74395 7
74396 3
74397 8
74398 2
74399 6
74400 6
74401 9
74402 1
74403 2
74404 7
74405 8
74406 2
74407 6
74408 6
74409 0
74410 7
74411 4
74412 3
74413 2
74414 6
74415 3
74416 3
74417 6
74418 1
74419 6
74420 3
74421 5
74422 7
74423 9
74424 9
74425 1
74426 2
74427 6
74428 3
74429 8
74430 3
74431 3
74432 1
74433 1
74434 4
74435 5
74436 4
74437 3
74438 6
74439 1
74440 7
74441 8
74442 0
74443 2
74444 2
74445 9
74446 6
74447 0
74448 8
74449 7
74450 4
74451 0
74452 4
74453 3
74454 2
74455 6
74456 2
74457 9
74458 1
74459 1
74460 7
74461 4
74462 8
74463 1
74464 0
74465 9
74466 3
74467 5
74468 2
74469 5
74470 3
74471 2
74472 9
74473 1
74474 7
74475 5
74476 8
74477 2
74478 8
74479 3
74480 7
74481 9
74482 0
74483 1
74484 5
74485 0
74486 4
74487 7
74488 3
74489 5
74490 4
74491 4
74492 6
74493 5
74494 2
74495 4
74496 8
74497 4
74498 1
74499 4
74500 3
74501 5
74502 4
74503 5
74504 6
74505 0
74506 9
74507 8
74508 3
74509 0
74510 3
74511 7
74512 7
74513 7
74514 5
74515 8
74516 8
74517 0
74518 1
74519 2
74520 8
74521 1
74522 0
74523 5
74524 4
74525 5
74526 9
74527 8
74528 0
74529 0
74530 9
74531 9
74532 9
74533 1
74534 1
74535 5
74536 5
74537 3
74538 8
74539 1
74540 9
74541 9
74542 3
74543 4
74544 6
74545 8
74546 1
74547 4
74548 3
74549 8
74550 9
74551 3
74552 6
74553 4
74554 1
74555 0
74556 3
74557 2
74558 1
74559 0
74560 0
74561 0
74562 7
74563 8
74564 4
74565 0
74566 4
74567 7
74568 7
74569 1
74570 2
74571 9
74572 0
74573 5
74574 8
74575 5
74576 4
74577 2
74578 8
74579 9
74580 1
74581 6
74582 3
74583 1
74584 3
74585 1
74586 2
74587 8
74588 6
74589 9
74590 3
74591 3
74592 1
74593 7
74594 0
74595 7
74596 9
74597 8
74598 2
74599 7
74600 9
74601 9
74602 6
74603 0
74604 2
74605 9
74606 2
74607 4
74608 8
74609 7
74610 5
74611 8
74612 7
74613 5
74614 1
74615 0
74616 0
74617 3
74618 3
74619 6
74620 0
74621 7
74622 1
74623 4
74624 8
74625 2
74626 9
74627 8
74628 8
74629 7
74630 7
74631 5
74632 7
74633 7
74634 1
74635 8
74636 1
74637 8
74638 8
74639 6
74640 1
74641 7
74642 6
74643 8
74644 2
74645 0
74646 9
74647 4
74648 2
74649 0
74650 9
74651 8
74652 5
74653 9
74654 9
74655 1
74656 5
74657 1
74658 7
74659 8
74660 4
74661 6
74662 4
74663 5
74664 8
74665 5
74666 2
74667 7
74668 9
74669 1
74670 0
74671 9
74672 0
74673 8
74674 4
74675 7
74676 1
74677 7
74678 7
74679 8
74680 0
74681 5
74682 8
74683 8
74684 9
74685 8
74686 6
74687 9
74688 7
74689 4
74690 7
74691 0
74692 7
74693 8
74694 8
74695 8
74696 6
74697 7
74698 8
74699 3
74700 7
74701 5
74702 7
74703 1
74704 9
74705 0
74706 2
74707 2
74708 0
74709 9
74710 9
74711 0
74712 1
74713 4
74714 6
74715 8
74716 5
74717 7
74718 1
74719 9
74720 8
74721 3
74722 1
74723 3
74724 1
74725 4
74726 0
74727 9
74728 7
74729 8
74730 7
74731 7
74732 5
74733 3
74734 9
74735 1
74736 3
74737 2
74738 0
74739 9
74740 8
74741 9
74742 2
74743 8
74744 8
74745 5
74746 4
74747 6
74748 1
74749 7
74750 9
74751 1
74752 3
74753 1
74754 4
74755 2
74756 5
74757 0
74758 4
74759 4
74760 1
74761 1
74762 0
74763 4
74764 4
74765 5
74766 9
74767 5
74768 3
74769 5
74770 3
74771 7
74772 3
74773 2
74774 4
74775 7
74776 4
74777 7
74778 6
74779 7
74780 3
74781 2
74782 5
74783 8
74784 0
74785 7
74786 7
74787 0
74788 8
74789 0
74790 7
74791 7
74792 7
74793 5
74794 6
74795 9
74796 6
74797 5
74798 5
74799 7
74800 7
74801 0
74802 6
74803 1
74804 1
74805 2
74806 3
74807 6
74808 4
74809 6
74810 5
74811 3
74812 9
74813 0
74814 9
74815 4
74816 4
74817 5
74818 5
74819 2
74820 0
74821 9
74822 8
74823 9
74824 9
74825 6
74826 5
74827 9
74828 8
74829 2
74830 1
74831 4
74832 6
74833 9
74834 5
74835 4
74836 3
74837 2
74838 7
74839 2
74840 5
74841 4
74842 4
74843 9
74844 8
74845 0
74846 4
74847 6
74848 7
74849 9
74850 4
74851 9
74852 4
74853 8
74854 4
74855 4
74856 5
74857 9
74858 5
74859 7
74860 7
74861 6
74862 8
74863 8
74864 9
74865 4
74866 1
74867 6
74868 7
74869 4
74870 2
74871 4
74872 0
74873 6
74874 8
74875 0
74876 6
74877 0
74878 8
74879 2
74880 5
74881 7
74882 2
74883 8
74884 9
74885 6
74886 7
74887 3
74888 9
74889 1
74890 8
74891 5
74892 9
74893 7
74894 7
74895 5
74896 5
74897 7
74898 5
74899 3
74900 1
74901 2
74902 9
74903 8
74904 2
74905 3
74906 3
74907 2
74908 5
74909 1
74910 7
74911 8
74912 7
74913 2
74914 0
74915 7
74916 8
74917 5
74918 2
74919 2
74920 0
74921 5
74922 6
74923 3
74924 3
74925 0
74926 7
74927 5
74928 1
74929 4
74930 5
74931 3
74932 1
74933 8
74934 4
74935 2
74936 8
74937 8
74938 9
74939 1
74940 5
74941 6
74942 6
74943 7
74944 1
74945 7
74946 7
74947 9
74948 4
74949 9
74950 6
74951 6
74952 8
74953 5
74954 5
74955 6
74956 8
74957 3
74958 8
74959 2
74960 1
74961 4
74962 2
74963 9
74964 1
74965 6
74966 0
74967 2
74968 1
74969 2
74970 7
74971 3
74972 3
74973 0
74974 9
74975 4
74976 9
74977 1
74978 9
74979 1
74980 7
74981 4
74982 6
74983 5
74984 3
74985 3
74986 7
74987 7
74988 8
74989 1
74990 7
74991 2
74992 9
74993 2
74994 3
74995 1
74996 1
74997 0
74998 8
74999 6
75000 3
75001 4
75002 3
75003 3
75004 3
75005 6
75006 9
75007 2
75008 5
75009 7
75010 2
75011 0
75012 1
75013 0
75014 2
75015 2
75016 9
75017 1
75018 6
75019 0
75020 8
75021 6
75022 0
75023 0
75024 4
75025 0
75026 8
75027 0
75028 6
75029 9
75030 1
75031 1
75032 8
75033 0
75034 5
75035 5
75036 2
75037 6
75038 5
75039 5
75040 1
75041 0
75042 9
75043 3
75044 7
75045 7
75046 0
75047 2
75048 3
75049 2
75050 2
75051 4
75052 4
75053 0
75054 7
75055 1
75056 5
75057 6
75058 0
75059 6
75060 4
75061 0
75062 2
75063 4
75064 3
75065 9
75066 2
75067 4
75068 2
75069 7
75070 8
75071 1
75072 0
75073 1
75074 3
75075 0
75076 3
75077 5
75078 7
75079 0
75080 0
75081 7
75082 7
75083 0
75084 8
75085 3
75086 9
75087 7
75088 2
75089 3
75090 5
75091 7
75092 0
75093 3
75094 6
75095 6
75096 5
75097 9
75098 8
75099 8
75100 0
75101 7
75102 1
75103 1
75104 7
75105 4
75106 1
75107 5
75108 2
75109 9
75110 3
75111 5
75112 3
75113 9
75114 7
75115 1
75116 7
75117 4
75118 4
75119 3
75120 7
75121 2
75122 3
75123 0
75124 6
75125 3
75126 2
75127 0
75128 5
75129 4
75130 7
75131 1
75132 0
75133 3
75134 9
75135 0
75136 8
75137 4
75138 3
75139 0
75140 4
75141 4
75142 6
75143 6
75144 5
75145 7
75146 7
75147 0
75148 6
75149 4
75150 0
75151 6
75152 7
75153 1
75154 3
75155 4
75156 2
75157 3
75158 7
75159 4
75160 6
75161 0
75162 2
75163 3
75164 8
75165 4
75166 4
75167 6
75168 6
75169 9
75170 6
75171 7
75172 8
75173 3
75174 7
75175 3
75176 0
75177 6
75178 1
75179 0
75180 5
75181 2
75182 8
75183 4
75184 4
75185 6
75186 3
75187 7
75188 6
75189 5
75190 9
75191 2
75192 7
75193 7
75194 6
75195 8
75196 6
75197 6
75198 1
75199 2
75200 6
75201 4
75202 9
75203 0
75204 0
75205 5
75206 7
75207 0
75208 0
75209 4
75210 6
75211 6
75212 7
75213 7
75214 5
75215 3
75216 2
75217 3
75218 3
75219 7
75220 6
75221 5
75222 6
75223 8
75224 4
75225 6
75226 6
75227 4
75228 0
75229 9
75230 5
75231 0
75232 6
75233 9
75234 2
75235 4
75236 4
75237 2
75238 0
75239 7
75240 9
75241 6
75242 9
75243 9
75244 5
75245 9
75246 4
75247 1
75248 4
75249 9
75250 3
75251 0
75252 4
75253 6
75254 4
75255 7
75256 5
75257 9
75258 4
75259 5
75260 0
75261 3
75262 4
75263 1
75264 7
75265 5
75266 2
75267 7
75268 2
75269 7
75270 9
75271 1
75272 6
75273 2
75274 2
75275 5
75276 0
75277 7
75278 9
75279 7
75280 2
75281 2
75282 9
75283 7
75284 7
75285 3
75286 0
75287 4
75288 7
75289 0
75290 9
75291 3
75292 4
75293 0
75294 4
75295 7
75296 6
75297 9
75298 6
75299 7
75300 2
75301 0
75302 3
75303 3
75304 8
75305 4
75306 6
75307 4
75308 1
75309 1
75310 6
75311 9
75312 8
75313 0
75314 0
75315 9
75316 2
75317 2
75318 6
75319 8
75320 7
75321 4
75322 5
75323 1
75324 3
75325 8
75326 2
75327 5
75328 9
75329 2
75330 8
75331 3
75332 2
75333 2
75334 3
75335 8
75336 4
75337 0
75338 8
75339 0
75340 5
75341 9
75342 6
75343 0
75344 5
75345 6
75346 6
75347 0
75348 4
75349 4
75350 0
75351 5
75352 6
75353 3
75354 3
75355 1
75356 1
75357 9
75358 8
75359 2
75360 1
75361 6
75362 1
75363 0
75364 0
75365 7
75366 0
75367 3
75368 7
75369 1
75370 4
75371 2
75372 7
75373 9
75374 2
75375 7
75376 9
75377 0
75378 5
75379 7
75380 5
75381 0
75382 8
75383 0
75384 5
75385 0
75386 3
75387 4
75388 1
75389 1
75390 8
75391 8
75392 8
75393 7
75394 1
75395 3
75396 4
75397 9
75398 5
75399 0
75400 6
75401 6
75402 3
75403 8
75404 4
75405 6
75406 0
75407 9
75408 4
75409 8
75410 1
75411 6
75412 2
75413 3
75414 4
75415 8
75416 8
75417 4
75418 0
75419 2
75420 3
75421 0
75422 8
75423 3
75424 9
75425 2
75426 5
75427 8
75428 1
75429 2
75430 8
75431 6
75432 8
75433 3
75434 7
75435 1
75436 3
75437 8
75438 0
75439 0
75440 6
75441 6
75442 3
75443 8
75444 7
75445 7
75446 0
75447 0
75448 1
75449 8
75450 8
75451 0
75452 8
75453 1
75454 6
75455 7
75456 0
75457 8
75458 8
75459 5
75460 3
75461 8
75462 5
75463 3
75464 3
75465 6
75466 4
75467 3
75468 6
75469 6
75470 6
75471 3
75472 5
75473 7
75474 1
75475 7
75476 4
75477 7
75478 5
75479 7
75480 2
75481 8
75482 4
75483 5
75484 2
75485 6
75486 9
75487 9
75488 6
75489 6
75490 0
75491 2
75492 1
75493 7
75494 6
75495 0
75496 9
75497 7
75498 4
75499 3
75500 7
75501 1
75502 6
75503 8
75504 5
75505 6
75506 6
75507 9
75508 5
75509 7
75510 4
75511 8
75512 8
75513 1
75514 2
75515 3
75516 0
75517 3
75518 5
75519 8
75520 6
75521 2
75522 6
75523 4
75524 0
75525 0
75526 7
75527 1
75528 9
75529 6
75530 8
75531 2
75532 9
75533 0
75534 7
75535 5
75536 5
75537 0
75538 9
75539 4
75540 2
75541 4
75542 9
75543 3
75544 9
75545 4
75546 1
75547 0
75548 9
75549 6
75550 7
75551 9
75552 0
75553 7
75554 7
75555 7
75556 3
75557 4
75558 0
75559 3
75560 9
75561 1
75562 0
75563 2
75564 6
75565 6
75566 9
75567 4
75568 8
75569 3
75570 7
75571 7
75572 2
75573 2
75574 3
75575 6
75576 1
75577 5
75578 4
75579 2
75580 3
75581 1
75582 5
75583 7
75584 0
75585 3
75586 4
75587 0
75588 3
75589 1
75590 9
75591 8
75592 1
75593 2
75594 5
75595 3
75596 4
75597 2
75598 2
75599 0
75600 3
75601 1
75602 7
75603 9
75604 8
75605 2
75606 8
75607 0
75608 5
75609 0
75610 9
75611 5
75612 7
75613 4
75614 8
75615 7
75616 9
75617 7
75618 8
75619 3
75620 7
75621 0
75622 7
75623 2
75624 0
75625 6
75626 0
75627 1
75628 3
75629 6
75630 3
75631 2
75632 2
75633 2
75634 1
75635 4
75636 7
75637 8
75638 6
75639 3
75640 2
75641 5
75642 3
75643 7
75644 5
75645 7
75646 9
75647 5
75648 5
75649 3
75650 5
75651 1
75652 3
75653 8
75654 0
75655 5
75656 9
75657 9
75658 1
75659 1
75660 0
75661 7
75662 3
75663 5
75664 7
75665 6
75666 7
75667 2
75668 6
75669 1
75670 5
75671 2
75672 0
75673 9
75674 5
75675 9
75676 8
75677 1
75678 6
75679 5
75680 8
75681 1
75682 7
75683 1
75684 6
75685 0
75686 6
75687 2
75688 1
75689 6
75690 5
75691 9
75692 8
75693 3
75694 6
75695 4
75696 8
75697 3
75698 5
75699 3
75700 9
75701 8
75702 0
75703 3
75704 9
75705 7
75706 6
75707 4
75708 1
75709 9
75710 3
75711 8
75712 2
75713 5
75714 1
75715 6
75716 3
75717 8
75718 2
75719 2
75720 6
75721 3
75722 2
75723 2
75724 0
75725 7
75726 7
75727 8
75728 0
75729 2
75730 0
75731 0
75732 3
75733 9
75734 2
75735 6
75736 3
75737 3
75738 9
75739 5
75740 6
75741 9
75742 2
75743 4
75744 4
75745 4
75746 7
75747 6
75748 2
75749 3
75750 2
75751 7
75752 0
75753 4
75754 3
75755 7
75756 7
75757 7
75758 4
75759 1
75760 9
75761 1
75762 3
75763 2
75764 3
75765 5
75766 5
75767 4
75768 0
75769 5
75770 4
75771 5
75772 8
75773 8
75774 6
75775 9
75776 8
75777 7
75778 8
75779 2
75780 3
75781 4
75782 6
75783 8
75784 3
75785 7
75786 4
75787 0
75788 0
75789 1
75790 1
75791 7
75792 8
75793 8
75794 8
75795 4
75796 8
75797 0
75798 6
75799 9
75800 1
75801 7
75802 8
75803 2
75804 8
75805 1
75806 1
75807 0
75808 8
75809 6
75810 0
75811 7
75812 4
75813 2
75814 4
75815 3
75816 8
75817 0
75818 9
75819 5
75820 1
75821 0
75822 8
75823 7
75824 5
75825 9
75826 5
75827 4
75828 5
75829 3
75830 0
75831 3
75832 2
75833 5
75834 7
75835 1
75836 2
75837 0
75838 7
75839 5
75840 9
75841 8
75842 3
75843 6
75844 3
75845 2
75846 4
75847 2
75848 4
75849 8
75850 8
75851 4
75852 9
75853 8
75854 1
75855 6
75856 9
75857 7
75858 1
75859 9
75860 2
75861 2
75862 7
75863 3
75864 2
75865 4
75866 3
75867 3
75868 1
75869 2
75870 0
75871 1
75872 4
75873 2
75874 6
75875 6
75876 9
75877 8
75878 0
75879 0
75880 0
75881 2
75882 4
75883 4
75884 9
75885 2
75886 0
75887 9
75888 5
75889 7
75890 2
75891 1
75892 9
75893 5
75894 4
75895 8
75896 0
75897 1
75898 0
75899 7
75900 4
75901 7
75902 2
75903 7
75904 7
75905 6
75906 0
75907 7
75908 0
75909 8
75910 8
75911 0
75912 4
75913 8
75914 7
75915 1
75916 3
75917 8
75918 6
75919 8
75920 2
75921 6
75922 1
75923 3
75924 2
75925 1
75926 4
75927 0
75928 3
75929 9
75930 6
75931 5
75932 0
75933 6
75934 3
75935 8
75936 4
75937 1
75938 7
75939 3
75940 0
75941 0
75942 1
75943 6
75944 3
75945 1
75946 9
75947 7
75948 0
75949 4
75950 6
75951 7
75952 9
75953 1
75954 1
75955 1
75956 8
75957 2
75958 4
75959 5
75960 1
75961 5
75962 0
75963 1
75964 6
75965 1
75966 0
75967 6
75968 9
75969 5
75970 4
75971 7
75972 2
75973 3
75974 7
75975 6
75976 6
75977 0
75978 7
75979 9
75980 9
75981 6
75982 4
75983 2
75984 8
75985 0
75986 6
75987 2
75988 5
75989 1
75990 5
75991 0
75992 7
75993 3
75994 2
75995 2
75996 9
75997 1
75998 7
75999 2
76000 1
76001 8
76002 3
76003 7
76004 4
76005 1
76006 4
76007 1
76008 5
76009 4
76010 8
76011 5
76012 9
76013 9
76014 4
76015 7
76016 4
76017 8
76018 9
76019 8
76020 4
76021 5
76022 3
76023 1
76024 3
76025 2
76026 3
76027 4
76028 4
76029 4
76030 8
76031 6
76032 4
76033 7
76034 1
76035 7
76036 8
76037 3
76038 1
76039 0
76040 1
76041 7
76042 9
76043 2
76044 3
76045 7
76046 4
76047 4
76048 9
76049 1
76050 6
76051 4
76052 3
76053 6
76054 4
76055 4
76056 3
76057 2
76058 2
76059 1
76060 6
76061 4
76062 2
76063 5
76064 2
76065 8
76066 7
76067 3
76068 9
76069 4
76070 9
76071 8
76072 4
76073 6
76074 6
76075 8
76076 5
76077 3
76078 6
76079 4
76080 0
76081 2
76082 4
76083 1
76084 9
76085 5
76086 0
76087 6
76088 9
76089 8
76090 6
76091 7
76092 6
76093 2
76094 1
76095 3
76096 2
76097 0
76098 4
76099 3
76100 4
76101 7
76102 0
76103 9
76104 1
76105 6
76106 1
76107 2
76108 5
76109 5
76110 5
76111 8
76112 4
76113 0
76114 7
76115 5
76116 1
76117 1
76118 2
76119 5
76120 7
76121 5
76122 2
76123 6
76124 9
76125 6
76126 6
76127 6
76128 5
76129 4
76130 6
76131 9
76132 5
76133 4
76134 2
76135 6
76136 6
76137 2
76138 6
76139 8
76140 7
76141 3
76142 7
76143 1
76144 0
76145 8
76146 1
76147 1
76148 0
76149 0
76150 1
76151 0
76152 4
76153 7
76154 0
76155 5
76156 8
76157 4
76158 4
76159 1
76160 0
76161 1
76162 6
76163 1
76164 2
76165 9
76166 8
76167 7
76168 2
76169 8
76170 5
76171 0
76172 3
76173 4
76174 6
76175 2
76176 6
76177 1
76178 8
76179 4
76180 6
76181 4
76182 7
76183 5
76184 9
76185 2
76186 4
76187 1
76188 4
76189 2
76190 4
76191 5
76192 7
76193 4
76194 6
76195 8
76196 1
76197 7
76198 5
76199 6
76200 4
76201 3
76202 5
76203 7
76204 0
76205 6
76206 2
76207 3
76208 8
76209 4
76210 5
76211 8
76212 7
76213 5
76214 7
76215 8
76216 9
76217 8
76218 9
76219 9
76220 3
76221 9
76222 3
76223 1
76224 3
76225 8
76226 3
76227 6
76228 2
76229 8
76230 6
76231 5
76232 9
76233 1
76234 5
76235 0
76236 4
76237 3
76238 0
76239 7
76240 7
76241 6
76242 2
76243 6
76244 7
76245 1
76246 8
76247 9
76248 2
76249 8
76250 8
76251 6
76252 5
76253 0
76254 7
76255 9
76256 4
76257 4
76258 4
76259 3
76260 0
76261 9
76262 5
76263 3
76264 1
76265 6
76266 9
76267 9
76268 9
76269 8
76270 3
76271 0
76272 5
76273 1
76274 3
76275 5
76276 0
76277 9
76278 8
76279 5
76280 3
76281 2
76282 2
76283 4
76284 2
76285 5
76286 8
76287 2
76288 3
76289 1
76290 0
76291 4
76292 1
76293 6
76294 1
76295 6
76296 2
76297 5
76298 1
76299 3
76300 3
76301 8
76302 4
76303 2
76304 8
76305 6
76306 6
76307 4
76308 8
76309 2
76310 7
76311 8
76312 7
76313 9
76314 2
76315 2
76316 3
76317 4
76318 3
76319 4
76320 1
76321 8
76322 2
76323 7
76324 1
76325 7
76326 0
76327 8
76328 6
76329 6
76330 5
76331 7
76332 4
76333 7
76334 4
76335 3
76336 9
76337 0
76338 4
76339 0
76340 6
76341 8
76342 8
76343 8
76344 7
76345 4
76346 5
76347 7
76348 8
76349 2
76350 5
76351 8
76352 1
76353 3
76354 9
76355 6
76356 5
76357 9
76358 2
76359 2
76360 4
76361 0
76362 1
76363 7
76364 9
76365 2
76366 9
76367 8
76368 1
76369 7
76370 7
76371 6
76372 7
76373 2
76374 7
76375 4
76376 8
76377 0
76378 3
76379 5
76380 1
76381 4
76382 1
76383 8
76384 6
76385 2
76386 6
76387 2
76388 7
76389 0
76390 3
76391 2
76392 7
76393 7
76394 8
76395 7
76396 5
76397 6
76398 9
76399 1
76400 5
76401 6
76402 3
76403 7
76404 5
76405 5
76406 8
76407 5
76408 9
76409 2
76410 2
76411 8
76412 9
76413 8
76414 1
76415 5
76416 5
76417 7
76418 7
76419 7
76420 6
76421 2
76422 2
76423 3
76424 3
76425 8
76426 8
76427 1
76428 2
76429 6
76430 7
76431 7
76432 0
76433 9
76434 5
76435 4
76436 9
76437 0
76438 6
76439 8
76440 2
76441 1
76442 3
76443 9
76444 6
76445 6
76446 1
76447 6
76448 0
76449 3
76450 0
76451 2
76452 0
76453 1
76454 5
76455 6
76456 8
76457 3
76458 7
76459 8
76460 8
76461 0
76462 6
76463 3
76464 4
76465 1
76466 6
76467 9
76468 6
76469 6
76470 4
76471 8
76472 4
76473 8
76474 3
76475 4
76476 1
76477 4
76478 7
76479 9
76480 4
76481 0
76482 7
76483 4
76484 0
76485 1
76486 0
76487 8
76488 8
76489 3
76490 2
76491 6
76492 2
76493 1
76494 5
76495 0
76496 2
76497 1
76498 7
76499 0
76500 1
76501 8
76502 2
76503 7
76504 2
76505 0
76506 0
76507 1
76508 1
76509 8
76510 6
76511 5
76512 2
76513 2
76514 5
76515 9
76516 3
76517 0
76518 5
76519 6
76520 5
76521 2
76522 8
76523 3
76524 2
76525 5
76526 0
76527 1
76528 5
76529 4
76530 1
76531 6
76532 6
76533 9
76534 9
76535 1
76536 5
76537 2
76538 3
76539 7
76540 8
76541 5
76542 8
76543 8
76544 5
76545 9
76546 9
76547 3
76548 6
76549 6
76550 5
76551 4
76552 9
76553 1
76554 6
76555 5
76556 8
76557 1
76558 3
76559 8
76560 8
76561 1
76562 6
76563 9
76564 0
76565 6
76566 2
76567 2
76568 1
76569 8
76570 5
76571 0
76572 4
76573 0
76574 6
76575 1
76576 5
76577 0
76578 4
76579 6
76580 3
76581 0
76582 9
76583 8
76584 0
76585 7
76586 9
76587 4
76588 0
76589 9
76590 7
76591 3
76592 9
76593 3
76594 0
76595 8
76596 7
76597 8
76598 1
76599 4
76600 1
76601 9
76602 8
76603 7
76604 6
76605 1
76606 2
76607 6
76608 5
76609 7
76610 7
76611 7
76612 9
76613 3
76614 3
76615 6
76616 9
76617 6
76618 1
76619 3
76620 4
76621 2
76622 1
76623 9
76624 0
76625 8
76626 5
76627 3
76628 9
76629 8
76630 3
76631 1
76632 8
76633 6
76634 7
76635 6
76636 4
76637 6
76638 3
76639 8
76640 5
76641 8
76642 7
76643 5
76644 9
76645 2
76646 4
76647 1
76648 0
76649 8
76650 6
76651 3
76652 9
76653 5
76654 4
76655 0
76656 7
76657 8
76658 4
76659 8
76660 1
76661 0
76662 9
76663 7
76664 1
76665 6
76666 5
76667 8
76668 3
76669 1
76670 9
76671 0
76672 8
76673 4
76674 3
76675 1
76676 9
76677 3
76678 1
76679 1
76680 8
76681 2
76682 8
76683 7
76684 5
76685 4
76686 5
76687 3
76688 7
76689 3
76690 0
76691 5
76692 3
76693 1
76694 8
76695 9
76696 6
76697 9
76698 5
76699 2
76700 1
76701 9
76702 7
76703 8
76704 1
76705 0
76706 8
76707 3
76708 8
76709 7
76710 3
76711 5
76712 9
76713 3
76714 4
76715 2
76716 6
76717 7
76718 4
76719 3
76720 1
76721 8
76722 6
76723 3
76724 3
76725 0
76726 0
76727 7
76728 6
76729 9
76730 3
76731 8
76732 2
76733 9
76734 9
76735 7
76736 1
76737 9
76738 1
76739 3
76740 0
76741 5
76742 1
76743 1
76744 9
76745 7
76746 7
76747 5
76748 0
76749 7
76750 1
76751 0
76752 7
76753 3
76754 2
76755 5
76756 8
76757 7
76758 8
76759 6
76760 7
76761 1
76762 6
76763 0
76764 2
76765 3
76766 3
76767 4
76768 5
76769 9
76770 8
76771 8
76772 2
76773 0
76774 5
76775 5
76776 2
76777 5
76778 3
76779 9
76780 9
76781 0
76782 3
76783 8
76784 9
76785 6
76786 1
76787 0
76788 8
76789 6
76790 6
76791 5
76792 6
76793 1
76794 7
76795 5
76796 0
76797 9
76798 0
76799 0
76800 1
76801 9
76802 7
76803 9
76804 7
76805 2
76806 0
76807 0
76808 4
76809 3
76810 7
76811 3
76812 5
76813 7
76814 5
76815 0
76816 6
76817 1
76818 1
76819 7
76820 1
76821 1
76822 3
76823 6
76824 0
76825 3
76826 3
76827 2
76828 7
76829 4
76830 6
76831 1
76832 9
76833 5
76834 6
76835 9
76836 8
76837 2
76838 7
76839 0
76840 5
76841 5
76842 1
76843 9
76844 3
76845 7
76846 0
76847 0
76848 4
76849 9
76850 3
76851 4
76852 1
76853 1
76854 2
76855 4
76856 3
76857 9
76858 9
76859 4
76860 2
76861 8
76862 6
76863 6
76864 5
76865 2
76866 0
76867 4
76868 2
76869 6
76870 8
76871 4
76872 6
76873 2
76874 3
76875 4
76876 4
76877 6
76878 2
76879 1
76880 1
76881 9
76882 9
76883 8
76884 6
76885 2
76886 0
76887 8
76888 5
76889 6
76890 9
76891 0
76892 1
76893 2
76894 0
76895 7
76896 7
76897 4
76898 6
76899 1
76900 2
76901 4
76902 8
76903 2
76904 3
76905 0
76906 3
76907 6
76908 3
76909 7
76910 6
76911 7
76912 5
76913 5
76914 6
76915 1
76916 4
76917 0
76918 5
76919 6
76920 5
76921 6
76922 0
76923 3
76924 0
76925 3
76926 3
76927 8
76928 3
76929 1
76930 6
76931 8
76932 2
76933 0
76934 3
76935 5
76936 5
76937 6
76938 7
76939 0
76940 1
76941 5
76942 5
76943 2
76944 2
76945 0
76946 5
76947 7
76948 9
76949 3
76950 6
76951 4
76952 3
76953 5
76954 3
76955 0
76956 1
76957 7
76958 3
76959 6
76960 2
76961 1
76962 9
76963 2
76964 3
76965 4
76966 7
76967 2
76968 1
76969 2
76970 4
76971 4
76972 5
76973 7
76974 3
76975 3
76976 3
76977 5
76978 0
76979 7
76980 5
76981 4
76982 2
76983 7
76984 1
76985 3
76986 6
76987 0
76988 5
76989 9
76990 8
76991 2
76992 1
76993 2
76994 5
76995 7
76996 9
76997 9
76998 7
76999 5
77000 6
77001 1
77002 7
77003 0
77004 1
77005 6
77006 7
77007 1
77008 9
77009 1
77010 8
77011 3
77012 1
77013 6
77014 1
77015 0
77016 1
77017 1
77018 3
77019 3
77020 4
77021 0
77022 3
77023 8
77024 3
77025 5
77026 9
77027 5
77028 4
77029 3
77030 1
77031 7
77032 5
77033 4
77034 6
77035 2
77036 9
77037 6
77038 3
77039 9
77040 2
77041 3
77042 9
77043 9
77044 4
77045 8
77046 5
77047 3
77048 8
77049 2
77050 9
77051 3
77052 9
77053 9
77054 1
77055 9
77056 0
77057 7
77058 6
77059 0
77060 1
77061 4
77062 6
77063 7
77064 6
77065 0
77066 8
77067 4
77068 4
77069 4
77070 1
77071 1
77072 5
77073 7
77074 6
77075 4
77076 5
77077 0
77078 8
77079 4
77080 7
77081 0
77082 6
77083 3
77084 8
77085 3
77086 3
77087 1
77088 0
77089 8
77090 2
77091 3
77092 9
77093 7
77094 7
77095 6
77096 1
77097 5
77098 2
77099 9
77100 2
77101 6
77102 1
77103 6
77104 8
77105 5
77106 7
77107 4
77108 6
77109 9
77110 3
77111 8
77112 2
77113 5
77114 4
77115 8
77116 5
77117 4
77118 2
77119 8
77120 0
77121 8
77122 2
77123 0
77124 1
77125 2
77126 5
77127 3
77128 7
77129 9
77130 9
77131 3
77132 8
77133 1
77134 0
77135 4
77136 8
77137 9
77138 1
77139 8
77140 3
77141 5
77142 9
77143 6
77144 1
77145 8
77146 4
77147 0
77148 6
77149 6
77150 7
77151 3
77152 8
77153 8
77154 9
77155 0
77156 2
77157 8
77158 8
77159 7
77160 6
77161 3
77162 2
77163 9
77164 6
77165 5
77166 4
77167 3
77168 6
77169 3
77170 6
77171 9
77172 6
77173 9
77174 4
77175 1
77176 6
77177 4
77178 3
77179 2
77180 8
77181 0
77182 6
77183 0
77184 0
77185 3
77186 3
77187 7
77188 0
77189 0
77190 4
77191 7
77192 6
77193 7
77194 5
77195 2
77196 7
77197 3
77198 3
77199 5
77200 7
77201 8
77202 8
77203 6
77204 2
77205 3
77206 5
77207 0
77208 4
77209 6
77210 1
77211 0
77212 8
77213 0
77214 7
77215 9
77216 7
77217 5
77218 1
77219 9
77220 5
77221 1
77222 5
77223 0
77224 7
77225 6
77226 9
77227 5
77228 1
77229 1
77230 6
77231 2
77232 2
77233 9
77234 8
77235 0
77236 4
77237 1
77238 5
77239 8
77240 5
77241 9
77242 4
77243 8
77244 3
77245 7
77246 7
77247 4
77248 8
77249 1
77250 9
77251 7
77252 8
77253 6
77254 0
77255 0
77256 4
77257 8
77258 0
77259 8
77260 8
77261 2
77262 9
77263 5
77264 7
77265 4
77266 0
77267 5
77268 6
77269 5
77270 4
77271 4
77272 3
77273 1
77274 9
77275 3
77276 5
77277 9
77278 2
77279 5
77280 4
77281 6
77282 7
77283 5
77284 9
77285 4
77286 4
77287 1
77288 8
77289 8
77290 9
77291 8
77292 4
77293 9
77294 6
77295 1
77296 0
77297 2
77298 9
77299 0
77300 5
77301 1
77302 8
77303 9
77304 3
77305 2
77306 9
77307 5
77308 1
77309 4
77310 1
77311 0
77312 6
77313 2
77314 0
77315 4
77316 5
77317 6
77318 4
77319 8
77320 0
77321 8
77322 8
77323 0
77324 3
77325 2
77326 0
77327 9
77328 6
77329 4
77330 1
77331 7
77332 8
77333 4
77334 9
77335 3
77336 4
77337 4
77338 5
77339 1
77340 6
77341 9
77342 5
77343 9
77344 6
77345 9
77346 7
77347 7
77348 1
77349 7
77350 4
77351 0
77352 6
77353 0
77354 6
77355 8
77356 5
77357 1
77358 6
77359 5
77360 7
77361 5
77362 7
77363 7
77364 1
77365 3
77366 3
77367 2
77368 1
77369 1
77370 0
77371 4
77372 3
77373 6
77374 2
77375 7
77376 9
77377 5
77378 2
77379 7
77380 2
77381 1
77382 9
77383 0
77384 4
77385 2
77386 8
77387 5
77388 2
77389 4
77390 6
77391 3
77392 5
77393 9
77394 2
77395 4
77396 5
77397 1
77398 8
77399 8
77400 0
77401 6
77402 8
77403 6
77404 7
77405 2
77406 4
77407 5
77408 5
77409 1
77410 3
77411 1
77412 3
77413 2
77414 6
77415 9
77416 8
77417 4
77418 4
77419 1
77420 0
77421 2
77422 7
77423 2
77424 9
77425 7
77426 5
77427 8
77428 3
77429 6
77430 2
77431 0
77432 6
77433 1
77434 0
77435 5
77436 2
77437 5
77438 5
77439 1
77440 9
77441 3
77442 9
77443 4
77444 9
77445 7
77446 4
77447 9
77448 7
77449 9
77450 9
77451 9
77452 1
77453 4
77454 9
77455 6
77456 2
77457 4
77458 0
77459 0
77460 3
77461 6
77462 4
77463 2
77464 2
77465 2
77466 3
77467 1
77468 9
77469 3
77470 2
77471 8
77472 9
77473 9
77474 0
77475 4
77476 7
77477 3
77478 1
77479 0
77480 3
77481 3
77482 5
77483 7
77484 2
77485 8
77486 2
77487 4
77488 7
77489 5
77490 7
77491 9
77492 8
77493 2
77494 1
77495 3
77496 5
77497 8
77498 0
77499 8
77500 1
77501 1
77502 1
77503 2
77504 1
77505 4
77506 3
77507 8
77508 5
77509 6
77510 3
77511 1
77512 9
77513 4
77514 6
77515 1
77516 6
77517 7
77518 5
77519 8
77520 6
77521 3
77522 1
77523 9
77524 7
77525 4
77526 5
77527 1
77528 6
77529 6
77530 3
77531 5
77532 1
77533 6
77534 0
77535 0
77536 6
77537 5
77538 9
77539 2
77540 4
77541 6
77542 9
77543 0
77544 1
77545 6
77546 8
77547 2
77548 1
77549 0
77550 4
77551 7
77552 8
77553 2
77554 2
77555 0
77556 3
77557 4
77558 5
77559 2
77560 4
77561 6
77562 1
77563 8
77564 0
77565 6
77566 8
77567 3
77568 4
77569 6
77570 7
77571 8
77572 2
77573 7
77574 1
77575 4
77576 0
77577 0
77578 0
77579 4
77580 5
77581 8
77582 5
77583 8
77584 6
77585 5
77586 0
77587 4
77588 1
77589 1
77590 5
77591 0
77592 5
77593 2
77594 7
77595 0
77596 0
77597 7
77598 0
77599 3
77600 5
77601 1
77602 1
77603 7
77604 4
77605 2
77606 7
77607 3
77608 0
77609 2
77610 8
77611 5
77612 0
77613 9
77614 1
77615 4
77616 9
77617 6
77618 4
77619 3
77620 3
77621 3
77622 3
77623 5
77624 0
77625 5
77626 3
77627 8
77628 4
77629 2
77630 9
77631 8
77632 0
77633 5
77634 1
77635 1
77636 8
77637 3
77638 4
77639 3
77640 6
77641 9
77642 5
77643 5
77644 0
77645 2
77646 0
77647 4
77648 4
77649 9
77650 6
77651 8
77652 9
77653 5
77654 4
77655 9
77656 0
77657 9
77658 9
77659 1
77660 7
77661 7
77662 0
77663 0
77664 9
77665 0
77666 2
77667 0
77668 5
77669 5
77670 5
77671 2
77672 4
77673 0
77674 1
77675 5
77676 0
77677 8
77678 5
77679 8
77680 0
77681 3
77682 2
77683 9
77684 4
77685 0
77686 2
77687 3
77688 4
77689 6
77690 4
77691 3
77692 8
77693 5
77694 0
77695 8
77696 6
77697 3
77698 3
77699 9
77700 8
77701 0
77702 0
77703 3
77704 7
77705 7
77706 9
77707 9
77708 2
77709 3
77710 1
77711 0
77712 7
77713 9
77714 3
77715 7
77716 0
77717 4
77718 5
77719 8
77720 9
77721 7
77722 2
77723 7
77724 8
77725 2
77726 7
77727 5
77728 5
77729 6
77730 4
77731 9
77732 1
77733 5
77734 1
77735 7
77736 7
77737 0
77738 4
77739 6
77740 8
77741 1
77742 0
77743 2
77744 9
77745 6
77746 9
77747 1
77748 0
77749 9
77750 0
77751 8
77752 9
77753 9
77754 6
77755 6
77756 7
77757 9
77758 8
77759 0
77760 3
77761 1
77762 7
77763 0
77764 5
77765 0
77766 9
77767 5
77768 7
77769 8
77770 7
77771 7
77772 5
77773 9
77774 9
77775 8
77776 7
77777 4
77778 5
77779 5
77780 6
77781 6
77782 2
77783 0
77784 4
77785 7
77786 5
77787 2
77788 8
77789 1
77790 9
77791 6
77792 3
77793 7
77794 5
77795 0
77796 0
77797 3
77798 7
77799 6
77800 8
77801 2
77802 0
77803 4
77804 6
77805 8
77806 4
77807 8
77808 8
77809 0
77810 6
77811 5
77812 0
77813 4
77814 8
77815 2
77816 9
77817 5
77818 7
77819 2
77820 9
77821 4
77822 6
77823 3
77824 9
77825 8
77826 0
77827 0
77828 0
77829 3
77830 6
77831 4
77832 6
77833 8
77834 5
77835 5
77836 3
77837 5
77838 1
77839 4
77840 9
77841 8
77842 1
77843 2
77844 2
77845 0
77846 5
77847 7
77848 8
77849 8
77850 6
77851 9
77852 8
77853 9
77854 5
77855 8
77856 2
77857 7
77858 0
77859 4
77860 6
77861 3
77862 1
77863 5
77864 8
77865 3
77866 9
77867 0
77868 8
77869 7
77870 1
77871 1
77872 7
77873 6
77874 6
77875 1
77876 3
77877 4
77878 4
77879 5
77880 3
77881 8
77882 2
77883 5
77884 7
77885 1
77886 7
77887 9
77888 8
77889 8
77890 6
77891 6
77892 2
77893 4
77894 4
77895 2
77896 4
77897 0
77898 7
77899 0
77900 5
77901 1
77902 2
77903 3
77904 5
77905 4
77906 0
77907 4
77908 4
77909 7
77910 4
77911 0
77912 7
77913 5
77914 9
77915 4
77916 4
77917 3
77918 0
77919 7
77920 0
77921 8
77922 7
77923 1
77924 0
77925 7
77926 1
77927 7
77928 3
77929 8
77930 3
77931 3
77932 9
77933 2
77934 2
77935 6
77936 4
77937 7
77938 0
77939 5
77940 1
77941 2
77942 8
77943 5
77944 1
77945 1
77946 6
77947 9
77948 4
77949 5
77950 3
77951 3
77952 8
77953 0
77954 6
77955 3
77956 8
77957 2
77958 5
77959 9
77960 6
77961 8
77962 9
77963 1
77964 5
77965 0
77966 1
77967 7
77968 2
77969 9
77970 5
77971 1
77972 2
77973 7
77974 1
77975 5
77976 3
77977 5
77978 4
77979 5
77980 7
77981 7
77982 0
77983 7
77984 8
77985 2
77986 4
77987 9
77988 7
77989 0
77990 8
77991 8
77992 2
77993 9
77994 8
77995 1
77996 9
77997 9
77998 5
77999 4
78000 8
78001 6
78002 3
78003 4
78004 5
78005 8
78006 7
78007 4
78008 8
78009 9
78010 7
78011 7
78012 4
78013 7
78014 0
78015 8
78016 0
78017 7
78018 3
78019 4
78020 1
78021 3
78022 1
78023 2
78024 4
78025 4
78026 1
78027 2
78028 1
78029 7
78030 7
78031 6
78032 6
78033 1
78034 5
78035 8
78036 6
78037 2
78038 4
78039 7
78040 0
78041 3
78042 4
78043 5
78044 1
78045 5
78046 5
78047 2
78048 1
78049 4
78050 0
78051 5
78052 9
78053 6
78054 7
78055 2
78056 2
78057 8
78058 3
78059 9
78060 6
78061 9
78062 0
78063 7
78064 3
78065 2
78066 8
78067 5
78068 3
78069 6
78070 6
78071 7
78072 8
78073 1
78074 8
78075 9
78076 7
78077 1
78078 3
78079 3
78080 3
78081 2
78082 8
78083 1
78084 2
78085 3
78086 2
78087 8
78088 1
78089 0
78090 9
78091 7
78092 7
78093 3
78094 1
78095 1
78096 7
78097 6
78098 8
78099 7
78100 0
78101 4
78102 9
78103 2
78104 9
78105 2
78106 1
78107 1
78108 3
78109 3
78110 6
78111 4
78112 4
78113 2
78114 9
78115 6
78116 9
78117 5
78118 0
78119 4
78120 9
78121 8
78122 7
78123 5
78124 0
78125 1
78126 1
78127 8
78128 1
78129 4
78130 1
78131 9
78132 4
78133 8
78134 3
78135 4
78136 2
78137 8
78138 5
78139 4
78140 2
78141 8
78142 8
78143 0
78144 8
78145 4
78146 2
78147 2
78148 2
78149 9
78150 8
78151 4
78152 3
78153 3
78154 1
78155 4
78156 3
78157 2
78158 8
78159 5
78160 0
78161 2
78162 3
78163 8
78164 3
78165 0
78166 3
78167 3
78168 9
78169 8
78170 2
78171 0
78172 5
78173 0
78174 0
78175 4
78176 2
78177 5
78178 7
78179 9
78180 6
78181 9
78182 6
78183 4
78184 5
78185 0
78186 5
78187 6
78188 4
78189 9
78190 9
78191 3
78192 8
78193 1
78194 3
78195 8
78196 0
78197 3
78198 2
78199 9
78200 8
78201 2
78202 4
78203 2
78204 4
78205 8
78206 7
78207 3
78208 6
78209 7
78210 3
78211 8
78212 3
78213 6
78214 9
78215 5
78216 5
78217 0
78218 3
78219 3
78220 1
78221 5
78222 3
78223 6
78224 6
78225 5
78226 4
78227 8
78228 5
78229 3
78230 7
78231 7
78232 5
78233 8
78234 3
78235 3
78236 0
78237 0
78238 2
78239 4
78240 1
78241 5
78242 5
78243 2
78244 6
78245 7
78246 1
78247 4
78248 2
78249 7
78250 9
78251 2
78252 0
78253 9
78254 0
78255 3
78256 0
78257 5
78258 2
78259 7
78260 0
78261 2
78262 2
78263 0
78264 0
78265 9
78266 4
78267 9
78268 2
78269 4
78270 5
78271 4
78272 4
78273 9
78274 8
78275 7
78276 6
78277 6
78278 1
78279 1
78280 3
78281 4
78282 6
78283 1
78284 2
78285 7
78286 2
78287 0
78288 5
78289 8
78290 0
78291 5
78292 9
78293 9
78294 8
78295 3
78296 6
78297 6
78298 2
78299 0
78300 8
78301 8
78302 5
78303 7
78304 2
78305 2
78306 7
78307 7
78308 6
78309 5
78310 2
78311 5
78312 5
78313 4
78314 2
78315 0
78316 8
78317 7
78318 4
78319 5
78320 2
78321 3
78322 1
78323 6
78324 4
78325 0
78326 8
78327 4
78328 8
78329 8
78330 8
78331 5
78332 6
78333 1
78334 7
78335 9
78336 3
78337 0
78338 9
78339 5
78340 8
78341 3
78342 4
78343 5
78344 8
78345 3
78346 3
78347 6
78348 5
78349 3
78350 5
78351 1
78352 7
78353 3
78354 4
78355 0
78356 9
78357 1
78358 1
78359 3
78360 2
78361 4
78362 4
78363 4
78364 8
78365 7
78366 1
78367 5
78368 2
78369 2
78370 1
78371 7
78372 4
78373 9
78374 7
78375 7
78376 4
78377 9
78378 0
78379 8
78380 7
78381 2
78382 2
78383 4
78384 0
78385 5
78386 4
78387 3
78388 1
78389 4
78390 3
78391 5
78392 4
78393 8
78394 4
78395 3
78396 7
78397 1
78398 6
78399 7
78400 8
78401 8
78402 2
78403 7
78404 0
78405 9
78406 8
78407 6
78408 8
78409 4
78410 7
78411 4
78412 4
78413 7
78414 9
78415 8
78416 8
78417 8
78418 8
78419 9
78420 5
78421 2
78422 0
78423 6
78424 3
78425 4
78426 3
78427 6
78428 0
78429 5
78430 1
78431 8
78432 1
78433 7
78434 5
78435 1
78436 9
78437 0
78438 4
78439 5
78440 0
78441 5
78442 2
78443 9
78444 4
78445 0
78446 0
78447 9
78448 2
78449 3
78450 9
78451 2
78452 7
78453 6
78454 0
78455 8
78456 9
78457 0
78458 6
78459 2
78460 1
78461 6
78462 5
78463 9
78464 6
78465 4
78466 6
78467 8
78468 5
78469 5
78470 6
78471 3
78472 7
78473 3
78474 9
78475 8
78476 2
78477 3
78478 1
78479 6
78480 5
78481 0
78482 5
78483 7
78484 4
78485 9
78486 2
78487 8
78488 7
78489 0
78490 4
78491 0
78492 2
78493 0
78494 1
78495 9
78496 1
78497 5
78498 7
78499 6
78500 4
78501 3
78502 3
78503 6
78504 7
78505 6
78506 6
78507 8
78508 6
78509 0
78510 7
78511 5
78512 4
78513 4
78514 8
78515 2
78516 0
78517 5
78518 2
78519 6
78520 5
78521 2
78522 6
78523 9
78524 8
78525 1
78526 9
78527 4
78528 1
78529 5
78530 7
78531 7
78532 7
78533 6
78534 4
78535 9
78536 8
78537 6
78538 0
78539 7
78540 8
78541 8
78542 4
78543 9
78544 4
78545 6
78546 1
78547 8
78548 7
78549 8
78550 6
78551 0
78552 3
78553 6
78554 9
78555 9
78556 3
78557 2
78558 5
78559 6
78560 3
78561 1
78562 2
78563 7
78564 5
78565 4
78566 5
78567 1
78568 2
78569 2
78570 1
78571 6
78572 1
78573 3
78574 6
78575 3
78576 5
78577 9
78578 1
78579 8
78580 0
78581 3
78582 7
78583 6
78584 8
78585 7
78586 8
78587 5
78588 4
78589 9
78590 7
78591 1
78592 5
78593 9
78594 6
78595 3
78596 8
78597 4
78598 4
78599 8
78600 7
78601 5
78602 3
78603 0
78604 0
78605 6
78606 0
78607 5
78608 1
78609 2
78610 7
78611 7
78612 7
78613 2
78614 5
78615 1
78616 2
78617 9
78618 6
78619 9
78620 5
78621 7
78622 5
78623 5
78624 8
78625 2
78626 4
78627 5
78628 4
78629 2
78630 8
78631 5
78632 6
78633 6
78634 9
78635 8
78636 4
78637 8
78638 8
78639 1
78640 0
78641 0
78642 7
78643 6
78644 5
78645 5
78646 1
78647 9
78648 8
78649 3
78650 6
78651 7
78652 9
78653 5
78654 1
78655 1
78656 0
78657 3
78658 0
78659 2
78660 6
78661 7
78662 1
78663 4
78664 1
78665 9
78666 8
78667 0
78668 8
78669 1
78670 2
78671 7
78672 3
78673 7
78674 9
78675 6
78676 5
78677 4
78678 7
78679 8
78680 3
78681 3
78682 8
78683 5
78684 1
78685 2
78686 0
78687 2
78688 4
78689 6
78690 4
78691 5
78692 6
78693 4
78694 4
78695 2
78696 0
78697 0
78698 5
78699 4
78700 9
78701 6
78702 4
78703 8
78704 0
78705 0
78706 2
78707 1
78708 1
78709 1
78710 8
78711 7
78712 6
78713 9
78714 6
78715 4
78716 1
78717 8
78718 7
78719 7
78720 1
78721 9
78722 2
78723 6
78724 2
78725 6
78726 0
78727 6
78728 7
78729 6
78730 6
78731 9
78732 9
78733 2
78734 9
78735 9
78736 0
78737 4
78738 6
78739 9
78740 2
78741 1
78742 1
78743 4
78744 0
78745 0
78746 9
78747 1
78748 6
78749 4
78750 9
78751 1
78752 9
78753 6
78754 4
78755 8
78756 5
78757 1
78758 5
78759 6
78760 6
78761 4
78762 0
78763 8
78764 7
78765 9
78766 4
78767 4
78768 8
78769 2
78770 6
78771 7
78772 1
78773 7
78774 9
78775 3
78776 0
78777 5
78778 0
78779 6
78780 9
78781 4
78782 9
78783 3
78784 5
78785 9
78786 5
78787 7
78788 6
78789 3
78790 3
78791 3
78792 7
78793 9
78794 0
78795 3
78796 9
78797 2
78798 3
78799 8
78800 3
78801 1
78802 4
78803 9
78804 8
78805 6
78806 3
78807 6
78808 2
78809 8
78810 9
78811 2
78812 0
78813 1
78814 2
78815 0
78816 7
78817 1
78818 5
78819 7
78820 8
78821 0
78822 2
78823 0
78824 2
78825 8
78826 5
78827 3
78828 0
78829 9
78830 3
78831 4
78832 5
78833 0
78834 0
78835 1
78836 4
78837 5
78838 1
78839 0
78840 8
78841 7
78842 2
78843 7
78844 0
78845 2
78846 0
78847 0
78848 5
78849 9
78850 5
78851 0
78852 2
78853 5
78854 5
78855 4
78856 7
78857 1
78858 2
78859 0
78860 1
78861 9
78862 2
78863 5
78864 5
78865 1
78866 8
78867 7
78868 0
78869 5
78870 1
78871 2
78872 0
78873 9
78874 9
78875 8
78876 6
78877 5
78878 2
78879 0
78880 0
78881 4
78882 6
78883 6
78884 4
78885 3
78886 9
78887 5
78888 8
78889 3
78890 3
78891 9
78892 8
78893 8
78894 5
78895 6
78896 1
78897 0
78898 7
78899 4
78900 4
78901 9
78902 0
78903 6
78904 9
78905 1
78906 3
78907 1
78908 8
78909 1
78910 0
78911 4
78912 9
78913 3
78914 3
78915 1
78916 5
78917 6
78918 2
78919 8
78920 0
78921 1
78922 8
78923 3
78924 9
78925 0
78926 5
78927 8
78928 8
78929 7
78930 9
78931 5
78932 3
78933 3
78934 6
78935 0
78936 9
78937 8
78938 7
78939 9
78940 0
78941 7
78942 8
78943 0
78944 1
78945 0
78946 8
78947 3
78948 5
78949 2
78950 1
78951 3
78952 9
78953 8
78954 0
78955 1
78956 3
78957 7
78958 6
78959 4
78960 4
78961 7
78962 5
78963 3
78964 7
78965 2
78966 3
78967 8
78968 3
78969 3
78970 1
78971 5
78972 3
78973 9
78974 7
78975 6
78976 8
78977 2
78978 7
78979 4
78980 0
78981 0
78982 6
78983 4
78984 2
78985 5
78986 4
78987 0
78988 5
78989 1
78990 8
78991 9
78992 8
78993 5
78994 3
78995 6
78996 4
78997 6
78998 0
78999 0
79000 0
79001 0
79002 0
79003 8
79004 1
79005 2
79006 9
79007 0
79008 9
79009 1
79010 6
79011 7
79012 7
79013 0
79014 1
79015 2
79016 5
79017 4
79018 3
79019 3
79020 9
79021 3
79022 8
79023 0
79024 6
79025 0
79026 8
79027 2
79028 2
79029 3
79030 8
79031 5
79032 3
79033 2
79034 1
79035 1
79036 5
79037 8
79038 9
79039 2
79040 9
79041 6
79042 5
79043 6
79044 6
79045 2
79046 8
79047 0
79048 8
79049 8
79050 7
79051 8
79052 8
79053 8
79054 2
79055 9
79056 1
79057 8
79058 3
79059 7
79060 2
79061 5
79062 7
79063 4
79064 0
79065 2
79066 4
79067 4
79068 1
79069 4
79070 3
79071 8
79072 5
79073 5
79074 7
79075 5
79076 9
79077 1
79078 8
79079 2
79080 3
79081 1
79082 3
79083 9
79084 7
79085 0
79086 5
79087 3
79088 1
79089 2
79090 3
79091 5
79092 4
79093 1
79094 5
79095 4
79096 9
79097 7
79098 7
79099 5
79100 9
79101 3
79102 6
79103 6
79104 8
79105 6
79106 3
79107 2
79108 6
79109 4
79110 3
79111 0
79112 7
79113 6
79114 9
79115 6
79116 2
79117 1
79118 7
79119 0
79120 6
79121 9
79122 0
79123 5
79124 9
79125 3
79126 7
79127 3
79128 8
79129 2
79130 0
79131 4
79132 0
79133 4
79134 7
79135 3
79136 1
79137 9
79138 7
79139 5
79140 9
79141 1
79142 9
79143 6
79144 4
79145 5
79146 7
79147 2
79148 4
79149 1
79150 5
79151 4
79152 9
79153 9
79154 4
79155 9
79156 1
79157 8
79158 8
79159 2
79160 9
79161 1
79162 4
79163 0
79164 1
79165 3
79166 6
79167 9
79168 9
79169 3
79170 9
79171 5
79172 8
79173 4
79174 8
79175 2
79176 4
79177 5
79178 8
79179 1
79180 6
79181 5
79182 1
79183 6
79184 6
79185 7
79186 3
79187 4
79188 0
79189 3
79190 2
79191 7
79192 4
79193 8
79194 5
79195 0
79196 9
79197 2
79198 2
79199 2
79200 1
79201 7
79202 9
79203 9
79204 1
79205 5
79206 6
79207 2
79208 1
79209 2
79210 6
79211 6
79212 4
79213 5
79214 2
79215 3
79216 4
79217 9
79218 0
79219 8
79220 0
79221 4
79222 2
79223 6
79224 5
79225 7
79226 8
79227 0
79228 0
79229 6
79230 0
79231 8
79232 2
79233 6
79234 4
79235 7
79236 8
79237 9
79238 6
79239 9
79240 0
79241 7
79242 7
79243 6
79244 7
79245 6
79246 4
79247 3
79248 8
79249 5
79250 6
79251 9
79252 1
79253 5
79254 3
79255 9
79256 6
79257 4
79258 6
79259 2
79260 3
79261 0
79262 5
79263 2
79264 5
79265 7
79266 8
79267 3
79268 6
79269 0
79270 9
79271 8
79272 7
79273 1
79274 6
79275 4
79276 7
79277 4
79278 1
79279 6
79280 9
79281 4
79282 1
79283 1
79284 4
79285 4
79286 7
79287 8
79288 6
79289 9
79290 9
79291 0
79292 8
79293 4
79294 5
79295 7
79296 3
79297 3
79298 0
79299 6
79300 9
79301 7
79302 7
79303 1
79304 1
79305 3
79306 9
79307 7
79308 4
79309 8
79310 5
79311 6
79312 7
79313 3
79314 9
79315 2
79316 8
79317 9
79318 4
79319 3
79320 7
79321 9
79322 3
79323 3
79324 9
79325 1
79326 1
79327 1
79328 2
79329 8
79330 6
79331 3
79332 2
79333 1
79334 6
79335 4
79336 3
79337 4
79338 3
79339 9
79340 4
79341 2
79342 0
79343 7
79344 2
79345 8
79346 7
79347 3
79348 3
79349 2
79350 4
79351 8
79352 0
79353 7
79354 9
79355 0
79356 8
79357 1
79358 0
79359 6
79360 3
79361 7
79362 5
79363 7
79364 0
79365 3
79366 6
79367 2
79368 7
79369 2
79370 4
79371 4
79372 8
79373 4
79374 9
79375 9
79376 5
79377 5
79378 8
79379 5
79380 3
79381 5
79382 5
79383 0
79384 9
79385 2
79386 6
79387 2
79388 2
79389 4
79390 1
79391 0
79392 6
79393 7
79394 9
79395 2
79396 5
79397 9
79398 4
79399 0
79400 8
79401 6
79402 9
79403 1
79404 1
79405 1
79406 0
79407 4
79408 8
79409 3
79410 6
79411 4
79412 9
79413 7
79414 1
79415 2
79416 9
79417 3
79418 5
79419 1
79420 6
79421 7
79422 1
79423 9
79424 9
79425 2
79426 2
79427 9
79428 2
79429 5
79430 0
79431 8
79432 2
79433 1
79434 6
79435 0
79436 0
79437 5
79438 5
79439 4
79440 2
79441 3
79442 6
79443 2
79444 6
79445 7
79446 0
79447 0
79448 8
79449 6
79450 6
79451 5
79452 1
79453 5
79454 8
79455 8
79456 8
79457 2
79458 1
79459 5
79460 8
79461 3
79462 3
79463 0
79464 7
79465 2
79466 2
79467 6
79468 1
79469 6
79470 6
79471 1
79472 2
79473 7
79474 2
79475 9
79476 5
79477 0
79478 3
79479 8
79480 8
79481 7
79482 4
79483 4
79484 7
79485 5
79486 6
79487 8
79488 9
79489 9
79490 8
79491 0
79492 3
79493 2
79494 5
79495 1
79496 0
79497 9
79498 4
79499 0
79500 4
79501 9
79502 1
79503 1
79504 0
79505 8
79506 3
79507 2
79508 1
79509 2
79510 9
79511 9
79512 2
79513 5
79514 8
79515 0
79516 4
79517 4
79518 8
79519 8
79520 8
79521 1
79522 6
79523 4
79524 8
79525 5
79526 4
79527 6
79528 9
79529 0
79530 4
79531 4
79532 7
79533 4
79534 6
79535 7
79536 8
79537 6
79538 1
79539 4
79540 4
79541 2
79542 3
79543 8
79544 9
79545 0
79546 4
79547 2
79548 4
79549 0
79550 3
79551 5
79552 3
79553 5
79554 5
79555 1
79556 1
79557 0
79558 9
79559 6
79560 0
79561 4
79562 5
79563 1
79564 7
79565 6
79566 4
79567 9
79568 4
79569 3
79570 6
79571 3
79572 1
79573 7
79574 8
79575 1
79576 3
79577 1
79578 8
79579 6
79580 8
79581 2
79582 7
79583 3
79584 0
79585 1
79586 2
79587 4
79588 1
79589 8
79590 4
79591 1
79592 5
79593 2
79594 0
79595 9
79596 2
79597 7
79598 3
79599 9
79600 9
79601 5
79602 9
79603 2
79604 4
79605 7
79606 0
79607 0
79608 5
79609 0
79610 2
79611 4
79612 3
79613 4
79614 4
79615 1
79616 4
79617 9
79618 2
79619 1
79620 2
79621 9
79622 8
79623 3
79624 6
79625 9
79626 6
79627 7
79628 1
79629 3
79630 1
79631 2
79632 3
79633 7
79634 5
79635 0
79636 5
79637 8
79638 4
79639 4
79640 5
79641 9
79642 2
79643 9
79644 4
79645 9
79646 1
79647 8
79648 8
79649 2
79650 1
79651 7
79652 6
79653 3
79654 6
79655 0
79656 3
79657 0
79658 9
79659 5
79660 4
79661 4
79662 2
79663 6
79664 7
79665 2
79666 0
79667 3
79668 4
79669 5
79670 9
79671 2
79672 6
79673 9
79674 6
79675 7
79676 6
79677 7
79678 0
79679 4
79680 4
79681 5
79682 9
79683 3
79684 5
79685 5
79686 5
79687 1
79688 3
79689 0
79690 4
79691 0
79692 1
79693 6
79694 0
79695 2
79696 9
79697 9
79698 2
79699 4
79700 9
79701 0
79702 6
79703 3
79704 1
79705 2
79706 8
79707 8
79708 6
79709 1
79710 2
79711 8
79712 0
79713 1
79714 4
79715 9
79716 3
79717 3
79718 8
79719 4
79720 4
79721 2
79722 3
79723 9
79724 7
79725 1
79726 1
79727 3
79728 8
79729 6
79730 1
79731 9
79732 0
79733 1
79734 8
79735 9
79736 9
79737 5
79738 6
79739 2
79740 4
79741 8
79742 1
79743 0
79744 1
79745 4
79746 6
79747 6
79748 7
79749 2
79750 7
79751 6
79752 5
79753 8
79754 3
79755 4
79756 4
79757 1
79758 7
79759 4
79760 3
79761 4
79762 6
79763 8
79764 0
79765 2
79766 8
79767 3
79768 5
79769 2
79770 5
79771 3
79772 5
79773 0
79774 7
79775 0
79776 1
79777 2
79778 1
79779 9
79780 2
79781 0
79782 7
79783 9
79784 7
79785 5
79786 8
79787 5
79788 4
79789 9
79790 5
79791 8
79792 2
79793 8
79794 3
79795 8
79796 7
79797 6
79798 3
79799 9
79800 3
79801 8
79802 1
79803 3
79804 2
79805 0
79806 2
79807 2
79808 3
79809 8
79810 3
79811 5
79812 4
79813 7
79814 5
79815 8
79816 9
79817 9
79818 1
79819 1
79820 8
79821 5
79822 5
79823 2
79824 5
79825 3
79826 4
79827 8
79828 3
79829 1
79830 6
79831 8
79832 4
79833 9
79834 7
79835 0
79836 2
79837 7
79838 0
79839 5
79840 8
79841 4
79842 0
79843 0
79844 2
79845 3
79846 4
79847 5
79848 9
79849 1
79850 7
79851 9
79852 4
79853 4
79854 5
79855 3
79856 7
79857 4
79858 6
79859 4
79860 0
79861 3
79862 8
79863 5
79864 6
79865 3
79866 3
79867 8
79868 5
79869 9
79870 8
79871 1
79872 9
79873 1
79874 1
79875 3
79876 5
79877 2
79878 7
79879 4
79880 4
79881 7
79882 3
79883 5
79884 3
79885 8
79886 3
79887 3
79888 2
79889 5
79890 4
79891 2
79892 2
79893 7
79894 2
79895 2
79896 2
79897 8
79898 5
79899 7
79900 4
79901 8
79902 2
79903 5
79904 9
79905 9
79906 3
79907 7
79908 7
79909 9
79910 9
79911 9
79912 0
79913 2
79914 0
79915 7
79916 7
79917 2
79918 2
79919 9
79920 5
79921 8
79922 4
79923 3
79924 4
79925 1
79926 0
79927 1
79928 0
79929 7
79930 7
79931 9
79932 1
79933 1
79934 2
79935 4
79936 6
79937 4
79938 7
79939 9
79940 8
79941 4
79942 9
79943 4
79944 2
79945 0
79946 1
79947 0
79948 2
79949 0
79950 5
79951 4
79952 4
79953 5
79954 3
79955 7
79956 9
79957 8
79958 1
79959 0
79960 4
79961 4
79962 2
79963 5
79964 9
79965 7
79966 5
79967 7
79968 3
79969 9
79970 2
79971 5
79972 8
79973 7
79974 0
79975 9
79976 2
79977 4
79978 9
79979 1
79980 6
79981 1
79982 6
79983 9
79984 5
79985 5
79986 0
79987 5
79988 6
79989 0
79990 9
79991 0
79992 3
79993 1
79994 2
79995 2
79996 3
79997 6
79998 5
79999 7
80000 4
80001 2
80002 5
80003 5
80004 7
80005 6
80006 8
80007 1
80008 0
80009 7
80010 7
80011 9
80012 1
80013 9
80014 6
80015 9
80016 7
80017 1
80018 4
80019 3
80020 6
80021 1
80022 0
80023 2
80024 7
80025 3
80026 6
80027 0
80028 6
80029 7
80030 3
80031 1
80032 7
80033 3
80034 2
80035 3
80036 8
80037 1
80038 9
80039 8
80040 8
80041 8
80042 9
80043 0
80044 9
80045 2
80046 3
80047 4
80048 4
80049 5
80050 0
80051 2
80052 0
80053 5
80054 4
80055 4
80056 7
80057 5
80058 8
80059 7
80060 8
80061 0
80062 5
80063 6
80064 3
80065 9
80066 1
80067 3
80068 7
80069 6
80070 0
80071 6
80072 1
80073 5
80074 0
80075 1
80076 6
80077 6
80078 7
80079 7
80080 2
80081 6
80082 0
80083 5
80084 6
80085 0
80086 6
80087 9
80088 9
80089 8
80090 3
80091 3
80092 8
80093 7
80094 5
80095 7
80096 4
80097 6
80098 7
80099 9
80100 1
80101 6
80102 9
80103 5
80104 4
80105 8
80106 5
80107 0
80108 1
80109 2
80110 2
80111 1
80112 5
80113 5
80114 5
80115 0
80116 6
80117 4
80118 8
80119 8
80120 2
80121 0
80122 8
80123 7
80124 9
80125 7
80126 5
80127 8
80128 5
80129 3
80130 5
80131 3
80132 6
80133 7
80134 9
80135 6
80136 1
80137 3
80138 9
80139 3
80140 5
80141 1
80142 3
80143 0
80144 6
80145 8
80146 2
80147 0
80148 7
80149 4
80150 1
80151 7
80152 8
80153 0
80154 3
80155 2
80156 1
80157 6
80158 1
80159 8
80160 5
80161 8
80162 7
80163 8
80164 0
80165 7
80166 8
80167 5
80168 4
80169 9
80170 0
80171 4
80172 5
80173 9
80174 1
80175 2
80176 6
80177 3
80178 1
80179 6
80180 5
80181 6
80182 2
80183 5
80184 2
80185 2
80186 9
80187 1
80188 3
80189 8
80190 2
80191 6
80192 3
80193 4
80194 4
80195 5
80196 7
80197 1
80198 3
80199 9
80200 8
80201 8
80202 2
80203 5
80204 8
80205 8
80206 1
80207 7
80208 6
80209 7
80210 7
80211 2
80212 6
80213 7
80214 0
80215 2
80216 5
80217 7
80218 4
80219 3
80220 5
80221 2
80222 7
80223 9
80224 6
80225 9
80226 6
80227 7
80228 1
80229 1
80230 2
80231 5
80232 3
80233 6
80234 6
80235 0
80236 3
80237 2
80238 9
80239 0
80240 9
80241 3
80242 2
80243 7
80244 2
80245 7
80246 8
80247 0
80248 9
80249 4
80250 8
80251 9
80252 4
80253 8
80254 0
80255 5
80256 7
80257 8
80258 2
80259 5
80260 2
80261 0
80262 3
80263 8
80264 9
80265 6
80266 7
80267 9
80268 6
80269 2
80270 2
80271 6
80272 3
80273 4
80274 2
80275 5
80276 4
80277 0
80278 4
80279 9
80280 2
80281 9
80282 2
80283 1
80284 1
80285 4
80286 4
80287 0
80288 4
80289 8
80290 4
80291 4
80292 3
80293 6
80294 0
80295 3
80296 0
80297 2
80298 4
80299 2
80300 3
80301 7
80302 8
80303 6
80304 8
80305 7
80306 4
80307 4
80308 5
80309 3
80310 0
80311 1
80312 5
80313 7
80314 7
80315 3
80316 7
80317 2
80318 0
80319 3
80320 9
80321 1
80322 7
80323 1
80324 2
80325 7
80326 8
80327 3
80328 6
80329 6
80330 0
80331 4
80332 1
80333 7
80334 1
80335 5
80336 4
80337 6
80338 4
80339 0
80340 6
80341 6
80342 4
80343 4
80344 4
80345 6
80346 7
80347 2
80348 0
80349 6
80350 8
80351 7
80352 1
80353 2
80354 7
80355 2
80356 5
80357 2
80358 2
80359 7
80360 3
80361 4
80362 9
80363 1
80364 5
80365 2
80366 7
80367 7
80368 7
80369 0
80370 0
80371 9
80372 9
80373 4
80374 3
80375 5
80376 9
80377 4
80378 6
80379 6
80380 8
80381 8
80382 0
80383 4
80384 7
80385 4
80386 6
80387 4
80388 4
80389 7
80390 2
80391 6
80392 5
80393 8
80394 5
80395 0
80396 2
80397 6
80398 0
80399 9
80400 4
80401 4
80402 0
80403 8
80404 7
80405 1
80406 4
80407 3
80408 7
80409 6
80410 0
80411 4
80412 3
80413 4
80414 6
80415 6
80416 3
80417 9
80418 2
80419 3
80420 8
80421 4
80422 6
80423 7
80424 8
80425 6
80426 9
80427 1
80428 6
80429 1
80430 2
80431 8
80432 5
80433 0
80434 6
80435 3
80436 8
80437 7
80438 0
80439 8
80440 9
80441 5
80442 6
80443 5
80444 6
80445 3
80446 1
80447 6
80448 9
80449 3
80450 1
80451 9
80452 5
80453 2
80454 8
80455 5
80456 8
80457 5
80458 0
80459 5
80460 0
80461 1
80462 1
80463 7
80464 6
80465 4
80466 4
80467 0
80468 3
80469 2
80470 0
80471 6
80472 7
80473 9
80474 7
80475 3
80476 3
80477 4
80478 5
80479 5
80480 1
80481 9
80482 3
80483 9
80484 2
80485 3
80486 2
80487 1
80488 5
80489 5
80490 1
80491 0
80492 4
80493 1
80494 1
80495 7
80496 6
80497 6
80498 2
80499 3
80500 2
80501 6
80502 2
80503 0
80504 3
80505 2
80506 8
80507 9
80508 4
80509 6
80510 5
80511 9
80512 3
80513 5
80514 3
80515 7
80516 0
80517 6
80518 9
80519 3
80520 1
80521 5
80522 9
80523 1
80524 8
80525 8
80526 4
80527 4
80528 6
80529 3
80530 2
80531 4
80532 1
80533 5
80534 8
80535 5
80536 0
80537 0
80538 0
80539 5
80540 3
80541 1
80542 3
80543 4
80544 7
80545 0
80546 1
80547 9
80548 4
80549 5
80550 5
80551 6
80552 7
80553 7
80554 6
80555 7
80556 4
80557 1
80558 2
80559 6
80560 5
80561 4
80562 4
80563 1
80564 1
80565 5
80566 4
80567 2
80568 7
80569 4
80570 6
80571 7
80572 2
80573 6
80574 2
80575 2
80576 3
80577 9
80578 5
80579 5
80580 4
80581 4
80582 7
80583 9
80584 5
80585 2
80586 5
80587 7
80588 8
80589 0
80590 0
80591 5
80592 2
80593 0
80594 0
80595 4
80596 8
80597 1
80598 0
80599 1
80600 2
80601 6
80602 7
80603 3
80604 3
80605 6
80606 4
80607 1
80608 6
80609 2
80610 0
80611 8
80612 9
80613 3
80614 9
80615 4
80616 4
80617 0
80618 2
80619 8
80620 2
80621 7
80622 5
80623 3
80624 9
80625 7
80626 1
80627 0
80628 9
80629 5
80630 1
80631 2
80632 1
80633 2
80634 7
80635 5
80636 8
80637 4
80638 8
80639 4
80640 2
80641 2
80642 2
80643 9
80644 2
80645 7
80646 6
80647 0
80648 5
80649 1
80650 8
80651 1
80652 4
80653 1
80654 5
80655 3
80656 7
80657 4
80658 1
80659 7
80660 3
80661 5
80662 1
80663 9
80664 6
80665 7
80666 6
80667 0
80668 4
80669 9
80670 1
80671 3
80672 0
80673 4
80674 8
80675 0
80676 5
80677 0
80678 3
80679 1
80680 9
80681 7
80682 4
80683 1
80684 5
80685 7
80686 8
80687 9
80688 3
80689 2
80690 3
80691 3
80692 9
80693 8
80694 2
80695 5
80696 3
80697 7
80698 8
80699 5
80700 1
80701 5
80702 0
80703 5
80704 1
80705 3
80706 3
80707 7
80708 6
80709 0
80710 0
80711 7
80712 7
80713 0
80714 4
80715 8
80716 8
80717 8
80718 8
80719 1
80720 6
80721 9
80722 4
80723 2
80724 7
80725 4
80726 8
80727 9
80728 9
80729 6
80730 2
80731 7
80732 5
80733 1
80734 7
80735 4
80736 9
80737 3
80738 9
80739 6
80740 1
80741 3
80742 2
80743 0
80744 3
80745 7
80746 7
80747 0
80748 5
80749 5
80750 6
80751 5
80752 4
80753 6
80754 2
80755 3
80756 7
80757 7
80758 0
80759 9
80760 2
80761 7
80762 2
80763 9
80764 5
80765 0
80766 7
80767 9
80768 4
80769 3
80770 3
80771 2
80772 2
80773 5
80774 6
80775 9
80776 5
80777 0
80778 5
80779 5
80780 9
80781 2
80782 6
80783 2
80784 4
80785 3
80786 1
80787 6
80788 0
80789 6
80790 4
80791 9
80792 0
80793 3
80794 2
80795 7
80796 6
80797 3
80798 5
80799 1
80800 1
80801 2
80802 0
80803 7
80804 9
80805 6
80806 2
80807 4
80808 2
80809 4
80810 7
80811 6
80812 8
80813 4
80814 3
80815 4
80816 0
80817 3
80818 9
80819 2
80820 1
80821 5
80822 7
80823 8
80824 1
80825 3
80826 1
80827 8
80828 6
80829 3
80830 2
80831 4
80832 4
80833 2
80834 9
80835 3
80836 4
80837 8
80838 8
80839 8
80840 2
80841 0
80842 1
80843 4
80844 0
80845 1
80846 5
80847 2
80848 2
80849 6
80850 2
80851 6
80852 2
80853 2
80854 5
80855 4
80856 5
80857 7
80858 6
80859 9
80860 0
80861 1
80862 6
80863 4
80864 8
80865 0
80866 2
80867 0
80868 3
80869 5
80870 0
80871 3
80872 9
80873 5
80874 6
80875 5
80876 8
80877 9
80878 1
80879 0
80880 3
80881 8
80882 1
80883 5
80884 5
80885 8
80886 1
80887 7
80888 2
80889 7
80890 7
80891 4
80892 0
80893 8
80894 1
80895 9
80896 6
80897 1
80898 7
80899 9
80900 6
80901 8
80902 5
80903 4
80904 0
80905 9
80906 0
80907 9
80908 4
80909 5
80910 8
80911 3
80912 2
80913 4
80914 2
80915 7
80916 3
80917 5
80918 1
80919 7
80920 7
80921 7
80922 0
80923 3
80924 5
80925 1
80926 5
80927 1
80928 4
80929 0
80930 0
80931 2
80932 9
80933 8
80934 2
80935 3
80936 7
80937 5
80938 2
80939 1
80940 0
80941 4
80942 1
80943 7
80944 2
80945 6
80946 9
80947 8
80948 2
80949 4
80950 8
80951 4
80952 4
80953 3
80954 2
80955 4
80956 7
80957 3
80958 6
80959 7
80960 0
80961 8
80962 3
80963 8
80964 6
80965 5
80966 3
80967 8
80968 8
80969 0
80970 0
80971 6
80972 3
80973 0
80974 5
80975 5
80976 2
80977 0
80978 3
80979 9
80980 0
80981 2
80982 9
80983 6
80984 2
80985 2
80986 2
80987 3
80988 2
80989 3
80990 1
80991 0
80992 2
80993 1
80994 8
80995 8
80996 3
80997 5
80998 1
80999 3
81000 9
81001 0
81002 7
81003 6
81004 2
81005 8
81006 6
81007 4
81008 4
81009 3
81010 7
81011 4
81012 4
81013 2
81014 5
81015 3
81016 1
81017 1
81018 0
81019 2
81020 8
81021 2
81022 3
81023 8
81024 1
81025 5
81026 1
81027 1
81028 8
81029 0
81030 9
81031 7
81032 1
81033 8
81034 3
81035 1
81036 0
81037 6
81038 6
81039 1
81040 4
81041 3
81042 1
81043 3
81044 0
81045 7
81046 0
81047 3
81048 0
81049 2
81050 8
81051 5
81052 4
81053 3
81054 1
81055 6
81056 2
81057 4
81058 3
81059 0
81060 6
81061 6
81062 9
81063 5
81064 9
81065 3
81066 8
81067 8
81068 5
81069 6
81070 6
81071 9
81072 1
81073 8
81074 2
81075 0
81076 1
81077 6
81078 8
81079 7
81080 4
81081 3
81082 4
81083 6
81084 5
81085 5
81086 7
81087 8
81088 8
81089 2
81090 1
81091 0
81092 4
81093 2
81094 3
81095 0
81096 0
81097 9
81098 1
81099 7
81100 2
81101 6
81102 7
81103 0
81104 0
81105 0
81106 3
81107 6
81108 8
81109 7
81110 6
81111 1
81112 2
81113 6
81114 2
81115 2
81116 5
81117 5
81118 5
81119 2
81120 5
81121 9
81122 2
81123 5
81124 2
81125 8
81126 4
81127 3
81128 4
81129 2
81130 7
81131 4
81132 2
81133 0
81134 9
81135 3
81136 1
81137 4
81138 3
81139 0
81140 5
81141 6
81142 8
81143 6
81144 2
81145 4
81146 9
81147 2
81148 1
81149 9
81150 5
81151 5
81152 9
81153 9
81154 0
81155 3
81156 3
81157 3
81158 4
81159 6
81160 4
81161 3
81162 0
81163 1
81164 2
81165 3
81166 7
81167 7
81168 5
81169 1
81170 0
81171 9
81172 1
81173 9
81174 8
81175 6
81176 3
81177 2
81178 8
81179 8
81180 0
81181 4
81182 1
81183 8
81184 7
81185 1
81186 5
81187 4
81188 8
81189 1
81190 6
81191 6
81192 1
81193 2
81194 0
81195 2
81196 8
81197 6
81198 4
81199 7
81200 1
81201 7
81202 7
81203 7
81204 4
81205 7
81206 3
81207 8
81208 6
81209 4
81210 5
81211 7
81212 5
81213 9
81214 6
81215 3
81216 2
81217 4
81218 7
81219 4
81220 1
81221 2
81222 7
81223 0
81224 1
81225 4
81226 5
81227 5
81228 3
81229 9
81230 4
81231 9
81232 0
81233 2
81234 4
81235 7
81236 0
81237 6
81238 4
81239 4
81240 3
81241 7
81242 3
81243 2
81244 1
81245 0
81246 7
81247 8
81248 8
81249 5
81250 9
81251 5
81252 4
81253 4
81254 5
81255 9
81256 4
81257 0
81258 3
81259 6
81260 2
81261 3
81262 8
81263 5
81264 3
81265 1
81266 3
81267 4
81268 7
81269 0
81270 0
81271 4
81272 3
81273 7
81274 5
81275 7
81276 1
81277 1
81278 2
81279 4
81280 9
81281 8
81282 9
81283 7
81284 1
81285 2
81286 9
81287 5
81288 3
81289 7
81290 6
81291 3
81292 5
81293 3
81294 5
81295 1
81296 7
81297 0
81298 5
81299 8
81300 7
81301 6
81302 3
81303 7
81304 1
81305 7
81306 9
81307 9
81308 5
81309 0
81310 8
81311 6
81312 3
81313 0
81314 4
81315 8
81316 6
81317 4
81318 0
81319 9
81320 2
81321 0
81322 7
81323 0
81324 5
81325 4
81326 7
81327 5
81328 9
81329 9
81330 9
81331 4
81332 1
81333 9
81334 9
81335 7
81336 1
81337 3
81338 8
81339 2
81340 8
81341 2
81342 1
81343 7
81344 3
81345 4
81346 8
81347 8
81348 2
81349 2
81350 0
81351 2
81352 6
81353 4
81354 2
81355 2
81356 3
81357 5
81358 1
81359 7
81360 4
81361 5
81362 1
81363 9
81364 5
81365 0
81366 9
81367 2
81368 9
81369 4
81370 9
81371 9
81372 9
81373 1
81374 2
81375 9
81376 1
81377 3
81378 3
81379 2
81380 6
81381 8
81382 1
81383 5
81384 6
81385 7
81386 3
81387 5
81388 5
81389 0
81390 9
81391 4
81392 8
81393 9
81394 6
81395 4
81396 6
81397 7
81398 4
81399 6
81400 6
81401 6
81402 0
81403 2
81404 7
81405 1
81406 2
81407 1
81408 9
81409 9
81410 1
81411 3
81412 8
81413 5
81414 2
81415 4
81416 4
81417 4
81418 4
81419 0
81420 8
81421 4
81422 2
81423 4
81424 4
81425 2
81426 7
81427 9
81428 5
81429 8
81430 3
81431 6
81432 2
81433 0
81434 5
81435 2
81436 7
81437 8
81438 5
81439 4
81440 7
81441 4
81442 6
81443 7
81444 9
81445 5
81446 1
81447 9
81448 7
81449 9
81450 6
81451 6
81452 9
81453 7
81454 0
81455 7
81456 6
81457 1
81458 8
81459 8
81460 6
81461 2
81462 2
81463 5
81464 6
81465 1
81466 4
81467 1
81468 8
81469 1
81470 2
81471 3
81472 9
81473 9
81474 0
81475 7
81476 4
81477 9
81478 3
81479 8
81480 6
81481 2
81482 5
81483 9
81484 2
81485 8
81486 1
81487 9
81488 2
81489 5
81490 8
81491 6
81492 0
81493 9
81494 9
81495 7
81496 0
81497 9
81498 1
81499 1
81500 9
81501 4
81502 6
81503 9
81504 2
81505 5
81506 3
81507 9
81508 6
81509 9
81510 3
81511 0
81512 7
81513 3
81514 7
81515 7
81516 9
81517 9
81518 0
81519 9
81520 1
81521 5
81522 5
81523 6
81524 6
81525 1
81526 8
81527 9
81528 2
81529 5
81530 4
81531 3
81532 7
81533 9
81534 3
81535 8
81536 4
81537 5
81538 8
81539 5
81540 5
81541 0
81542 4
81543 2
81544 0
81545 3
81546 8
81547 1
81548 2
81549 3
81550 2
81551 2
81552 2
81553 2
81554 2
81555 4
81556 2
81557 6
81558 9
81559 3
81560 7
81561 7
81562 2
81563 3
81564 0
81565 9
81566 6
81567 9
81568 7
81569 5
81570 9
81571 4
81572 9
81573 0
81574 2
81575 0
81576 0
81577 1
81578 2
81579 5
81580 7
81581 5
81582 7
81583 2
81584 8
81585 2
81586 4
81587 3
81588 4
81589 7
81590 2
81591 6
81592 0
81593 7
81594 9
81595 4
81596 9
81597 4
81598 3
81599 2
81600 8
81601 8
81602 6
81603 0
81604 2
81605 4
81606 6
81607 1
81608 6
81609 6
81610 3
81611 5
81612 6
81613 3
81614 7
81615 6
81616 6
81617 2
81618 1
81619 3
81620 1
81621 0
81622 7
81623 5
81624 2
81625 8
81626 5
81627 1
81628 5
81629 5
81630 3
81631 0
81632 7
81633 7
81634 9
81635 1
81636 5
81637 6
81638 4
81639 7
81640 3
81641 6
81642 9
81643 4
81644 5
81645 9
81646 0
81647 5
81648 5
81649 6
81650 3
81651 1
81652 2
81653 4
81654 7
81655 7
81656 3
81657 6
81658 7
81659 7
81660 6
81661 5
81662 2
81663 9
81664 8
81665 4
81666 2
81667 6
81668 0
81669 0
81670 9
81671 4
81672 6
81673 2
81674 2
81675 6
81676 3
81677 3
81678 9
81679 7
81680 6
81681 3
81682 6
81683 6
81684 0
81685 2
81686 8
81687 9
81688 2
81689 3
81690 2
81691 3
81692 0
81693 4
81694 0
81695 5
81696 1
81697 5
81698 8
81699 5
81700 5
81701 1
81702 2
81703 3
81704 7
81705 5
81706 1
81707 0
81708 1
81709 1
81710 7
81711 9
81712 5
81713 4
81714 5
81715 1
81716 4
81717 7
81718 3
81719 7
81720 4
81721 0
81722 9
81723 0
81724 1
81725 1
81726 7
81727 8
81728 9
81729 3
81730 7
81731 3
81732 7
81733 1
81734 3
81735 5
81736 6
81737 1
81738 4
81739 2
81740 0
81741 1
81742 0
81743 0
81744 8
81745 3
81746 4
81747 5
81748 4
81749 7
81750 1
81751 5
81752 1
81753 6
81754 2
81755 5
81756 0
81757 0
81758 6
81759 6
81760 6
81761 6
81762 3
81763 0
81764 0
81765 1
81766 1
81767 1
81768 6
81769 9
81770 5
81771 4
81772 9
81773 7
81774 6
81775 5
81776 6
81777 7
81778 2
81779 1
81780 8
81781 7
81782 0
81783 1
81784 1
81785 9
81786 3
81787 7
81788 2
81789 6
81790 4
81791 8
81792 3
81793 2
81794 0
81795 5
81796 3
81797 4
81798 9
81799 6
81800 0
81801 1
81802 1
81803 9
81804 0
81805 6
81806 1
81807 9
81808 6
81809 7
81810 2
81811 1
81812 9
81813 8
81814 4
81815 1
81816 1
81817 8
81818 8
81819 1
81820 5
81821 2
81822 8
81823 1
81824 8
81825 2
81826 1
81827 6
81828 8
81829 3
81830 7
81831 0
81832 3
81833 6
81834 6
81835 5
81836 9
81837 3
81838 7
81839 8
81840 9
81841 7
81842 5
81843 0
81844 1
81845 2
81846 4
81847 7
81848 6
81849 8
81850 7
81851 2
81852 7
81853 6
81854 2
81855 8
81856 3
81857 2
81858 0
81859 5
81860 8
81861 1
81862 3
81863 9
81864 4
81865 2
81866 4
81867 9
81868 6
81869 1
81870 4
81871 2
81872 6
81873 0
81874 1
81875 8
81876 9
81877 2
81878 7
81879 4
81880 1
81881 9
81882 0
81883 4
81884 6
81885 1
81886 1
81887 1
81888 3
81889 5
81890 1
81891 2
81892 5
81893 2
81894 8
81895 0
81896 1
81897 5
81898 9
81899 2
81900 8
81901 2
81902 2
81903 5
81904 3
81905 4
81906 5
81907 4
81908 3
81909 6
81910 1
81911 6
81912 9
81913 3
81914 5
81915 6
81916 2
81917 8
81918 3
81919 7
81920 7
81921 0
81922 6
81923 8
81924 5
81925 4
81926 8
81927 2
81928 3
81929 0
81930 2
81931 8
81932 4
81933 8
81934 5
81935 5
81936 1
81937 6
81938 5
81939 4
81940 1
81941 2
81942 1
81943 8
81944 7
81945 9
81946 5
81947 5
81948 9
81949 2
81950 0
81951 4
81952 7
81953 6
81954 4
81955 5
81956 2
81957 7
81958 0
81959 2
81960 8
81961 9
81962 5
81963 4
81964 8
81965 6
81966 2
81967 2
81968 1
81969 5
81970 9
81971 1
81972 9
81973 6
81974 1
81975 3
81976 2
81977 2
81978 6
81979 3
81980 9
81981 1
81982 5
81983 8
81984 2
81985 4
81986 4
81987 6
81988 9
81989 9
81990 2
81991 0
81992 4
81993 2
81994 7
81995 1
81996 3
81997 6
81998 8
81999 3
82000 0
82001 2
82002 3
82003 9
82004 0
82005 1
82006 6
82007 4
82008 6
82009 0
82010 2
82011 6
82012 2
82013 6
82014 6
82015 1
82016 7
82017 0
82018 0
82019 1
82020 3
82021 9
82022 8
82023 3
82024 5
82025 2
82026 1
82027 5
82028 9
82029 7
82030 5
82031 1
82032 7
82033 4
82034 1
82035 3
82036 0
82037 4
82038 7
82039 9
82040 3
82041 8
82042 6
82043 1
82044 4
82045 3
82046 6
82047 1
82048 1
82049 0
82050 1
82051 4
82052 7
82053 9
82054 4
82055 5
82056 6
82057 5
82058 8
82059 3
82060 5
82061 7
82062 4
82063 0
82064 1
82065 1
82066 7
82067 1
82068 3
82069 6
82070 9
82071 3
82072 6
82073 6
82074 3
82075 4
82076 6
82077 8
82078 5
82079 9
82080 6
82081 8
82082 1
82083 3
82084 0
82085 6
82086 8
82087 4
82088 6
82089 1
82090 5
82091 6
82092 1
82093 0
82094 9
82095 9
82096 1
82097 9
82098 0
82099 6
82100 9
82101 6
82102 1
82103 2
82104 0
82105 5
82106 6
82107 4
82108 4
82109 7
82110 4
82111 3
82112 1
82113 8
82114 8
82115 8
82116 8
82117 1
82118 9
82119 3
82120 3
82121 3
82122 0
82123 6
82124 5
82125 3
82126 0
82127 8
82128 2
82129 1
82130 9
82131 3
82132 2
82133 0
82134 8
82135 9
82136 7
82137 9
82138 7
82139 7
82140 4
82141 8
82142 2
82143 5
82144 9
82145 0
82146 6
82147 5
82148 2
82149 4
82150 9
82151 3
82152 8
82153 5
82154 6
82155 9
82156 1
82157 0
82158 9
82159 4
82160 1
82161 7
82162 9
82163 6
82164 2
82165 5
82166 4
82167 6
82168 8
82169 0
82170 7
82171 7
82172 8
82173 8
82174 6
82175 5
82176 2
82177 1
82178 1
82179 6
82180 6
82181 4
82182 0
82183 6
82184 1
82185 0
82186 1
82187 0
82188 2
82189 5
82190 5
82191 1
82192 6
82193 8
82194 5
82195 4
82196 8
82197 4
82198 9
82199 8
82200 8
82201 3
82202 5
82203 4
82204 1
82205 1
82206 1
82207 1
82208 7
82209 8
82210 6
82211 9
82212 4
82213 6
82214 1
82215 9
82216 1
82217 3
82218 8
82219 0
82220 5
82221 6
82222 9
82223 8
82224 7
82225 2
82226 1
82227 5
82228 5
82229 9
82230 2
82231 4
82232 8
82233 2
82234 8
82235 3
82236 1
82237 0
82238 2
82239 9
82240 5
82241 2
82242 6
82243 7
82244 6
82245 3
82246 8
82247 7
82248 5
82249 9
82250 4
82251 9
82252 0
82253 3
82254 9
82255 8
82256 9
82257 6
82258 2
82259 5
82260 7
82261 9
82262 8
82263 0
82264 3
82265 5
82266 8
82267 4
82268 7
82269 3
82270 9
82271 9
82272 6
82273 6
82274 5
82275 5
82276 6
82277 8
82278 1
82279 3
82280 4
82281 6
82282 9
82283 1
82284 2
82285 4
82286 6
82287 9
82288 3
82289 5
82290 7
82291 0
82292 7
82293 0
82294 1
82295 2
82296 2
82297 4
82298 6
82299 9
82300 7
82301 2
82302 7
82303 0
82304 8
82305 3
82306 8
82307 4
82308 1
82309 1
82310 8
82311 7
82312 1
82313 3
82314 8
82315 6
82316 6
82317 0
82318 9
82319 4
82320 0
82321 1
82322 8
82323 6
82324 1
82325 3
82326 5
82327 5
82328 8
82329 0
82330 6
82331 3
82332 3
82333 0
82334 1
82335 4
82336 2
82337 6
82338 7
82339 4
82340 9
82341 9
82342 7
82343 3
82344 7
82345 6
82346 1
82347 7
82348 6
82349 2
82350 1
82351 4
82352 3
82353 0
82354 0
82355 6
82356 5
82357 2
82358 2
82359 1
82360 3
82361 6
82362 7
82363 7
82364 2
82365 5
82366 4
82367 5
82368 6
82369 3
82370 0
82371 0
82372 7
82373 6
82374 5
82375 6
82376 2
82377 1
82378 7
82379 4
82380 4
82381 5
82382 5
82383 8
82384 7
82385 9
82386 2
82387 7
82388 3
82389 9
82390 7
82391 1
82392 1
82393 9
82394 7
82395 3
82396 3
82397 0
82398 1
82399 0
82400 3
82401 0
82402 4
82403 3
82404 4
82405 7
82406 1
82407 4
82408 9
82409 9
82410 7
82411 8
82412 0
82413 2
82414 4
82415 8
82416 7
82417 7
82418 9
82419 3
82420 5
82421 5
82422 7
82423 3
82424 3
82425 3
82426 2
82427 0
82428 4
82429 5
82430 5
82431 8
82432 5
82433 9
82434 5
82435 8
82436 5
82437 4
82438 3
82439 7
82440 5
82441 2
82442 6
82443 7
82444 9
82445 3
82446 7
82447 7
82448 1
82449 1
82450 7
82451 4
82452 4
82453 2
82454 8
82455 0
82456 4
82457 7
82458 7
82459 1
82460 7
82461 9
82462 7
82463 7
82464 8
82465 1
82466 6
82467 0
82468 3
82469 5
82470 4
82471 4
82472 5
82473 8
82474 0
82475 1
82476 3
82477 9
82478 6
82479 2
82480 4
82481 2
82482 9
82483 5
82484 5
82485 8
82486 6
82487 4
82488 8
82489 5
82490 1
82491 4
82492 5
82493 3
82494 4
82495 2
82496 4
82497 4
82498 2
82499 8
82500 4
82501 1
82502 4
82503 4
82504 1
82505 5
82506 5
82507 1
82508 9
82509 2
82510 1
82511 4
82512 0
82513 0
82514 2
82515 5
82516 1
82517 7
82518 1
82519 2
82520 8
82521 4
82522 6
82523 3
82524 9
82525 9
82526 9
82527 9
82528 9
82529 2
82530 6
82531 5
82532 8
82533 9
82534 1
82535 8
82536 8
82537 2
82538 7
82539 5
82540 3
82541 8
82542 9
82543 8
82544 1
82545 2
82546 5
82547 5
82548 6
82549 5
82550 8
82551 7
82552 3
82553 0
82554 9
82555 6
82556 9
82557 4
82558 1
82559 0
82560 1
82561 0
82562 2
82563 4
82564 9
82565 8
82566 1
82567 9
82568 1
82569 2
82570 5
82571 8
82572 0
82573 6
82574 0
82575 9
82576 9
82577 9
82578 5
82579 0
82580 0
82581 3
82582 4
82583 9
82584 3
82585 5
82586 1
82587 8
82588 7
82589 8
82590 6
82591 3
82592 3
82593 9
82594 6
82595 0
82596 9
82597 5
82598 1
82599 7
82600 5
82601 5
82602 0
82603 5
82604 1
82605 7
82606 6
82607 4
82608 6
82609 4
82610 5
82611 3
82612 1
82613 2
82614 1
82615 3
82616 9
82617 1
82618 0
82619 3
82620 9
82621 6
82622 7
82623 7
82624 0
82625 4
82626 0
82627 6
82628 1
82629 4
82630 3
82631 0
82632 0
82633 9
82634 1
82635 6
82636 2
82637 3
82638 8
82639 3
82640 5
82641 2
82642 3
82643 7
82644 3
82645 0
82646 1
82647 5
82648 4
82649 2
82650 8
82651 1
82652 2
82653 7
82654 9
82655 0
82656 1
82657 3
82658 1
82659 5
82660 3
82661 7
82662 9
82663 8
82664 4
82665 1
82666 6
82667 9
82668 0
82669 7
82670 0
82671 3
82672 1
82673 8
82674 7
82675 5
82676 8
82677 9
82678 1
82679 4
82680 3
82681 9
82682 8
82683 4
82684 1
82685 0
82686 0
82687 4
82688 2
82689 8
82690 1
82691 3
82692 9
82693 1
82694 3
82695 2
82696 4
82697 7
82698 4
82699 7
82700 0
82701 4
82702 4
82703 2
82704 0
82705 9
82706 9
82707 0
82708 8
82709 7
82710 8
82711 5
82712 7
82713 6
82714 8
82715 2
82716 1
82717 7
82718 6
82719 9
82720 3
82721 5
82722 2
82723 8
82724 3
82725 8
82726 3
82727 9
82728 8
82729 0
82730 8
82731 0
82732 6
82733 9
82734 8
82735 9
82736 1
82737 0
82738 6
82739 2
82740 9
82741 1
82742 1
82743 6
82744 1
82745 3
82746 6
82747 8
82748 4
82749 0
82750 3
82751 5
82752 4
82753 1
82754 2
82755 2
82756 8
82757 8
82758 1
82759 6
82760 0
82761 8
82762 9
82763 6
82764 6
82765 3
82766 9
82767 1
82768 6
82769 1
82770 4
82771 8
82772 2
82773 8
82774 4
82775 5
82776 1
82777 0
82778 5
82779 9
82780 6
82781 4
82782 7
82783 6
82784 8
82785 9
82786 4
82787 0
82788 9
82789 7
82790 2
82791 1
82792 5
82793 9
82794 3
82795 3
82796 8
82797 4
82798 5
82799 8
82800 3
82801 2
82802 2
82803 2
82804 6
82805 9
82806 3
82807 2
82808 3
82809 1
82810 4
82811 0
82812 4
82813 8
82814 9
82815 3
82816 4
82817 6
82818 8
82819 7
82820 4
82821 4
82822 7
82823 3
82824 2
82825 4
82826 9
82827 9
82828 2
82829 8
82830 9
82831 3
82832 9
82833 7
82834 8
82835 1
82836 8
82837 0
82838 1
82839 5
82840 5
82841 8
82842 6
82843 7
82844 7
82845 6
82846 5
82847 6
82848 4
82849 1
82850 1
82851 2
82852 1
82853 1
82854 3
82855 9
82856 3
82857 7
82858 4
82859 1
82860 4
82861 1
82862 7
82863 2
82864 1
82865 1
82866 7
82867 4
82868 0
82869 9
82870 9
82871 8
82872 1
82873 3
82874 9
82875 8
82876 8
82877 7
82878 8
82879 6
82880 1
82881 2
82882 1
82883 2
82884 1
82885 3
82886 5
82887 7
82888 1
82889 5
82890 0
82891 5
82892 1
82893 7
82894 4
82895 4
82896 7
82897 0
82898 1
82899 3
82900 7
82901 9
82902 9
82903 5
82904 8
82905 7
82906 4
82907 7
82908 5
82909 7
82910 5
82911 0
82912 9
82913 9
82914 7
82915 3
82916 4
82917 5
82918 8
82919 9
82920 4
82921 4
82922 5
82923 8
82924 6
82925 2
82926 4
82927 0
82928 2
82929 7
82930 7
82931 7
82932 0
82933 3
82934 9
82935 3
82936 2
82937 9
82938 3
82939 6
82940 6
82941 2
82942 3
82943 8
82944 5
82945 2
82946 6
82947 9
82948 6
82949 4
82950 4
82951 1
82952 3
82953 0
82954 8
82955 5
82956 7
82957 8
82958 7
82959 6
82960 6
82961 6
82962 0
82963 9
82964 5
82965 5
82966 5
82967 7
82968 8
82969 2
82970 7
82971 5
82972 6
82973 0
82974 4
82975 5
82976 5
82977 9
82978 6
82979 0
82980 7
82981 9
82982 6
82983 1
82984 0
82985 9
82986 5
82987 5
82988 0
82989 4
82990 4
82991 6
82992 4
82993 9
82994 4
82995 1
82996 5
82997 4
82998 5
82999 7
83000 1
83001 7
83002 4
83003 9
83004 2
83005 7
83006 8
83007 2
83008 6
83009 0
83010 7
83011 2
83012 5
83013 3
83014 4
83015 1
83016 4
83017 1
83018 5
83019 4
83020 3
83021 0
83022 6
83023 0
83024 1
83025 9
83026 5
83027 0
83028 9
83029 4
83030 8
83031 0
83032 1
83033 8
83034 4
83035 7
83036 3
83037 3
83038 1
83039 2
83040 7
83041 4
83042 0
83043 1
83044 0
83045 5
83046 9
83047 9
83048 8
83049 4
83050 1
83051 4
83052 7
83053 3
83054 2
83055 5
83056 0
83057 6
83058 8
83059 0
83060 3
83061 7
83062 1
83063 7
83064 8
83065 8
83066 5
83067 4
83068 7
83069 3
83070 7
83071 4
83072 4
83073 0
83074 9
83075 1
83076 0
83077 5
83078 7
83079 0
83080 9
83081 7
83082 9
83083 5
83084 9
83085 0
83086 5
83087 2
83088 8
83089 2
83090 8
83091 8
83092 0
83093 7
83094 5
83095 9
83096 2
83097 8
83098 6
83099 6
83100 0
83101 7
83102 2
83103 4
83104 0
83105 8
83106 4
83107 8
83108 4
83109 1
83110 1
83111 4
83112 1
83113 2
83114 1
83115 9
83116 7
83117 1
83118 8
83119 1
83120 6
83121 4
83122 3
83123 5
83124 9
83125 8
83126 1
83127 9
83128 1
83129 1
83130 5
83131 4
83132 9
83133 7
83134 9
83135 2
83136 8
83137 5
83138 5
83139 0
83140 1
83141 7
83142 8
83143 5
83144 3
83145 0
83146 6
83147 1
83148 5
83149 8
83150 5
83151 8
83152 3
83153 0
83154 0
83155 6
83156 4
83157 9
83158 1
83159 7
83160 1
83161 3
83162 0
83163 7
83164 6
83165 8
83166 1
83167 1
83168 4
83169 0
83170 8
83171 2
83172 8
83173 0
83174 8
83175 0
83176 9
83177 6
83178 2
83179 2
83180 8
83181 6
83182 8
83183 2
83184 5
83185 3
83186 5
83187 2
83188 0
83189 6
83190 3
83191 7
83192 3
83193 1
83194 7
83195 1
83196 2
83197 3
83198 0
83199 8
83200 3
83201 2
83202 9
83203 4
83204 9
83205 0
83206 9
83207 3
83208 5
83209 7
83210 8
83211 2
83212 8
83213 6
83214 2
83215 0
83216 4
83217 6
83218 5
83219 0
83220 1
83221 0
83222 0
83223 8
83224 8
83225 4
83226 5
83227 7
83228 1
83229 4
83230 4
83231 8
83232 6
83233 2
83234 4
83235 4
83236 7
83237 7
83238 3
83239 4
83240 1
83241 1
83242 1
83243 4
83244 9
83245 4
83246 1
83247 1
83248 2
83249 9
83250 8
83251 1
83252 1
83253 3
83254 7
83255 9
83256 6
83257 3
83258 6
83259 0
83260 8
83261 1
83262 0
83263 5
83264 8
83265 6
83266 6
83267 2
83268 1
83269 8
83270 8
83271 1
83272 9
83273 9
83274 7
83275 2
83276 5
83277 2
83278 4
83279 2
83280 5
83281 6
83282 0
83283 0
83284 1
83285 5
83286 0
83287 3
83288 9
83289 8
83290 3
83291 1
83292 9
83293 2
83294 4
83295 6
83296 6
83297 6
83298 6
83299 5
83300 5
83301 8
83302 1
83303 8
83304 1
83305 2
83306 0
83307 3
83308 0
83309 4
83310 0
83311 9
83312 7
83313 3
83314 4
83315 0
83316 2
83317 0
83318 5
83319 8
83320 5
83321 2
83322 7
83323 5
83324 6
83325 2
83326 4
83327 9
83328 1
83329 4
83330 8
83331 3
83332 6
83333 4
83334 9
83335 0
83336 2
83337 8
83338 4
83339 9
83340 0
83341 6
83342 7
83343 0
83344 0
83345 5
83346 7
83347 3
83348 4
83349 4
83350 1
83351 4
83352 5
83353 7
83354 7
83355 7
83356 0
83357 7
83358 0
83359 5
83360 3
83361 2
83362 3
83363 0
83364 3
83365 8
83366 0
83367 7
83368 3
83369 8
83370 2
83371 9
83372 5
83373 9
83374 2
83375 9
83376 3
83377 3
83378 0
83379 1
83380 3
83381 1
83382 0
83383 6
83384 5
83385 8
83386 8
83387 3
83388 3
83389 3
83390 4
83391 7
83392 0
83393 1
83394 7
83395 4
83396 0
83397 1
83398 4
83399 5
83400 7
83401 8
83402 1
83403 3
83404 4
83405 6
83406 0
83407 9
83408 7
83409 9
83410 0
83411 1
83412 7
83413 7
83414 9
83415 6
83416 2
83417 3
83418 3
83419 2
83420 6
83421 8
83422 8
83423 2
83424 9
83425 7
83426 0
83427 1
83428 9
83429 3
83430 4
83431 5
83432 9
83433 4
83434 3
83435 2
83436 9
83437 1
83438 3
83439 9
83440 8
83441 2
83442 7
83443 7
83444 6
83445 2
83446 3
83447 1
83448 7
83449 3
83450 0
83451 7
83452 2
83453 0
83454 0
83455 4
83456 0
83457 1
83458 7
83459 4
83460 3
83461 0
83462 4
83463 0
83464 0
83465 9
83466 1
83467 3
83468 0
83469 5
83470 9
83471 0
83472 1
83473 6
83474 0
83475 2
83476 0
83477 8
83478 8
83479 0
83480 4
83481 1
83482 1
83483 6
83484 5
83485 0
83486 8
83487 5
83488 3
83489 2
83490 1
83491 0
83492 4
83493 1
83494 4
83495 1
83496 1
83497 2
83498 7
83499 5
83500 8
83501 8
83502 2
83503 9
83504 7
83505 4
83506 2
83507 2
83508 6
83509 1
83510 9
83511 1
83512 3
83513 6
83514 9
83515 6
83516 5
83517 0
83518 1
83519 3
83520 1
83521 8
83522 7
83523 2
83524 6
83525 0
83526 6
83527 0
83528 5
83529 8
83530 5
83531 7
83532 1
83533 1
83534 9
83535 3
83536 8
83537 4
83538 3
83539 3
83540 5
83541 3
83542 4
83543 2
83544 7
83545 6
83546 6
83547 5
83548 0
83549 5
83550 6
83551 3
83552 9
83553 0
83554 2
83555 9
83556 0
83557 2
83558 6
83559 1
83560 7
83561 0
83562 4
83563 2
83564 7
83565 8
83566 2
83567 4
83568 3
83569 0
83570 6
83571 8
83572 6
83573 3
83574 3
83575 2
83576 4
83577 1
83578 9
83579 5
83580 2
83581 4
83582 5
83583 8
83584 4
83585 0
83586 7
83587 0
83588 3
83589 9
83590 4
83591 4
83592 7
83593 0
83594 5
83595 0
83596 9
83597 3
83598 2
83599 2
83600 7
83601 3
83602 1
83603 3
83604 0
83605 8
83606 1
83607 5
83608 6
83609 0
83610 9
83611 3
83612 0
83613 6
83614 4
83615 1
83616 2
83617 0
83618 3
83619 5
83620 8
83621 4
83622 6
83623 4
83624 5
83625 6
83626 3
83627 2
83628 2
83629 7
83630 1
83631 1
83632 2
83633 6
83634 0
83635 9
83636 5
83637 3
83638 7
83639 3
83640 4
83641 8
83642 0
83643 2
83644 4
83645 4
83646 1
83647 8
83648 4
83649 5
83650 9
83651 0
83652 1
83653 9
83654 9
83655 1
83656 5
83657 9
83658 1
83659 6
83660 7
83661 1
83662 9
83663 1
83664 1
83665 4
83666 0
83667 0
83668 9
83669 2
83670 2
83671 8
83672 8
83673 8
83674 3
83675 2
83676 3
83677 9
83678 8
83679 6
83680 2
83681 3
83682 8
83683 5
83684 9
83685 1
83686 8
83687 9
83688 9
83689 4
83690 4
83691 3
83692 1
83693 3
83694 3
83695 7
83696 0
83697 8
83698 4
83699 6
83700 3
83701 3
83702 9
83703 0
83704 8
83705 3
83706 7
83707 5
83708 9
83709 0
83710 2
83711 0
83712 7
83713 7
83714 6
83715 8
83716 5
83717 9
83718 2
83719 3
83720 8
83721 6
83722 4
83723 3
83724 8
83725 3
83726 5
83727 7
83728 6
83729 4
83730 9
83731 6
83732 6
83733 9
83734 6
83735 4
83736 2
83737 8
83738 2
83739 3
83740 7
83741 3
83742 4
83743 8
83744 5
83745 4
83746 3
83747 7
83748 3
83749 6
83750 1
83751 7
83752 9
83753 8
83754 7
83755 6
83756 8
83757 0
83758 6
83759 8
83760 5
83761 5
83762 6
83763 6
83764 1
83765 5
83766 5
83767 5
83768 5
83769 9
83770 6
83771 9
83772 4
83773 9
83774 2
83775 9
83776 6
83777 4
83778 1
83779 3
83780 1
83781 2
83782 8
83783 5
83784 1
83785 0
83786 0
83787 0
83788 8
83789 2
83790 3
83791 5
83792 6
83793 3
83794 4
83795 8
83796 9
83797 6
83798 5
83799 8
83800 4
83801 2
83802 1
83803 0
83804 7
83805 1
83806 6
83807 7
83808 7
83809 7
83810 7
83811 3
83812 3
83813 1
83814 7
83815 9
83816 8
83817 1
83818 8
83819 2
83820 3
83821 2
83822 9
83823 7
83824 5
83825 1
83826 2
83827 1
83828 4
83829 4
83830 8
83831 2
83832 2
83833 4
83834 4
83835 3
83836 6
83837 2
83838 8
83839 9
83840 7
83841 3
83842 7
83843 9
83844 9
83845 8
83846 2
83847 4
83848 9
83849 0
83850 0
83851 7
83852 6
83853 1
83854 2
83855 4
83856 3
83857 4
83858 5
83859 5
83860 2
83861 5
83862 2
83863 8
83864 8
83865 2
83866 2
83867 9
83868 4
83869 3
83870 0
83871 2
83872 5
83873 2
83874 1
83875 6
83876 5
83877 7
83878 5
83879 3
83880 9
83881 4
83882 6
83883 7
83884 3
83885 6
83886 6
83887 4
83888 5
83889 4
83890 8
83891 1
83892 7
83893 0
83894 5
83895 5
83896 8
83897 7
83898 4
83899 5
83900 2
83901 5
83902 8
83903 5
83904 6
83905 1
83906 4
83907 7
83908 5
83909 0
83910 2
83911 1
83912 4
83913 0
83914 1
83915 7
83916 8
83917 9
83918 4
83919 1
83920 2
83921 3
83922 5
83923 3
83924 3
83925 5
83926 4
83927 7
83928 5
83929 6
83930 1
83931 1
83932 2
83933 8
83934 4
83935 7
83936 6
83937 6
83938 3
83939 2
83940 0
83941 6
83942 0
83943 7
83944 9
83945 9
83946 4
83947 0
83948 4
83949 3
83950 2
83951 0
83952 6
83953 1
83954 0
83955 6
83956 5
83957 9
83958 0
83959 3
83960 6
83961 7
83962 5
83963 5
83964 4
83965 9
83966 1
83967 1
83968 9
83969 6
83970 5
83971 3
83972 2
83973 6
83974 7
83975 6
83976 8
83977 6
83978 1
83979 8
83980 0
83981 5
83982 0
83983 4
83984 3
83985 5
83986 7
83987 6
83988 6
83989 6
83990 1
83991 1
83992 8
83993 2
83994 6
83995 4
83996 8
83997 1
83998 2
83999 3
84000 2
84001 5
84002 5
84003 9
84004 0
84005 0
84006 3
84007 9
84008 0
84009 0
84010 0
84011 8
84012 1
84013 8
84014 9
84015 9
84016 2
84017 3
84018 3
84019 5
84020 7
84021 0
84022 6
84023 6
84024 1
84025 5
84026 7
84027 9
84028 0
84029 1
84030 3
84031 9
84032 3
84033 3
84034 9
84035 8
84036 4
84037 9
84038 6
84039 6
84040 9
84041 1
84042 3
84043 8
84044 4
84045 8
84046 0
84047 3
84048 0
84049 8
84050 8
84051 6
84052 9
84053 6
84054 0
84055 7
84056 1
84057 8
84058 6
84059 2
84060 0
84061 2
84062 4
84063 3
84064 7
84065 0
84066 5
84067 9
84068 3
84069 7
84070 9
84071 0
84072 3
84073 7
84074 8
84075 6
84076 7
84077 9
84078 9
84079 4
84080 3
84081 0
84082 6
84083 0
84084 1
84085 8
84086 8
84087 3
84088 8
84089 9
84090 1
84091 2
84092 2
84093 6
84094 8
84095 6
84096 7
84097 4
84098 5
84099 6
84100 1
84101 3
84102 1
84103 5
84104 8
84105 8
84106 2
84107 6
84108 6
84109 0
84110 3
84111 1
84112 4
84113 3
84114 1
84115 9
84116 9
84117 0
84118 2
84119 2
84120 1
84121 0
84122 5
84123 3
84124 3
84125 3
84126 8
84127 2
84128 9
84129 0
84130 0
84131 6
84132 7
84133 4
84134 9
84135 6
84136 0
84137 2
84138 2
84139 5
84140 4
84141 6
84142 1
84143 1
84144 7
84145 2
84146 9
84147 9
84148 0
84149 5
84150 1
84151 5
84152 0
84153 9
84154 2
84155 4
84156 3
84157 4
84158 2
84159 4
84160 5
84161 8
84162 0
84163 8
84164 4
84165 7
84166 7
84167 5
84168 0
84169 2
84170 6
84171 0
84172 0
84173 0
84174 1
84175 2
84176 0
84177 0
84178 5
84179 2
84180 9
84181 4
84182 2
84183 2
84184 4
84185 9
84186 4
84187 0
84188 5
84189 8
84190 5
84191 5
84192 7
84193 5
84194 3
84195 5
84196 9
84197 5
84198 3
84199 5
84200 7
84201 9
84202 1
84203 0
84204 7
84205 0
84206 7
84207 3
84208 3
84209 0
84210 2
84211 3
84212 7
84213 9
84214 3
84215 9
84216 1
84217 8
84218 9
84219 7
84220 8
84221 6
84222 1
84223 4
84224 9
84225 6
84226 4
84227 1
84228 5
84229 6
84230 0
84231 4
84232 7
84233 2
84234 9
84235 5
84236 7
84237 1
84238 0
84239 3
84240 3
84241 3
84242 9
84243 5
84244 5
84245 2
84246 5
84247 0
84248 7
84249 7
84250 7
84251 7
84252 0
84253 7
84254 7
84255 8
84256 9
84257 0
84258 2
84259 7
84260 5
84261 0
84262 9
84263 6
84264 4
84265 3
84266 6
84267 3
84268 7
84269 6
84270 8
84271 0
84272 2
84273 7
84274 7
84275 0
84276 4
84277 0
84278 3
84279 7
84280 6
84281 6
84282 3
84283 1
84284 3
84285 8
84286 4
84287 0
84288 2
84289 0
84290 3
84291 0
84292 4
84293 3
84294 3
84295 9
84296 9
84297 2
84298 7
84299 5
84300 2
84301 4
84302 3
84303 1
84304 7
84305 0
84306 6
84307 5
84308 9
84309 4
84310 0
84311 8
84312 6
84313 3
84314 7
84315 1
84316 9
84317 8
84318 2
84319 8
84320 8
84321 0
84322 5
84323 2
84324 8
84325 9
84326 5
84327 1
84328 9
84329 3
84330 4
84331 6
84332 7
84333 0
84334 9
84335 5
84336 2
84337 1
84338 2
84339 9
84340 7
84341 6
84342 2
84343 1
84344 5
84345 1
84346 5
84347 9
84348 9
84349 4
84350 9
84351 2
84352 6
84353 5
84354 0
84355 6
84356 9
84357 3
84358 1
84359 1
84360 2
84361 1
84362 4
84363 8
84364 1
84365 0
84366 0
84367 4
84368 4
84369 0
84370 1
84371 8
84372 3
84373 4
84374 3
84375 4
84376 7
84377 8
84378 7
84379 4
84380 0
84381 4
84382 3
84383 1
84384 5
84385 7
84386 2
84387 8
84388 8
84389 7
84390 5
84391 1
84392 9
84393 9
84394 7
84395 2
84396 9
84397 1
84398 5
84399 6
84400 4
84401 8
84402 0
84403 5
84404 5
84405 4
84406 9
84407 1
84408 7
84409 0
84410 9
84411 2
84412 6
84413 7
84414 4
84415 8
84416 3
84417 7
84418 8
84419 0
84420 4
84421 2
84422 8
84423 7
84424 2
84425 9
84426 9
84427 4
84428 3
84429 6
84430 7
84431 1
84432 6
84433 7
84434 6
84435 7
84436 3
84437 0
84438 7
84439 7
84440 0
84441 3
84442 6
84443 3
84444 6
84445 7
84446 0
84447 6
84448 7
84449 0
84450 6
84451 7
84452 6
84453 6
84454 2
84455 1
84456 2
84457 7
84458 3
84459 3
84460 5
84461 2
84462 1
84463 9
84464 8
84465 7
84466 4
84467 2
84468 2
84469 4
84470 4
84471 4
84472 0
84473 0
84474 0
84475 2
84476 4
84477 9
84478 6
84479 5
84480 7
84481 0
84482 5
84483 1
84484 7
84485 8
84486 0
84487 2
84488 4
84489 8
84490 2
84491 5
84492 1
84493 0
84494 7
84495 9
84496 7
84497 6
84498 9
84499 7
84500 0
84501 2
84502 2
84503 3
84504 7
84505 7
84506 7
84507 7
84508 4
84509 4
84510 9
84511 2
84512 8
84513 3
84514 0
84515 1
84516 8
84517 9
84518 1
84519 9
84520 1
84521 4
84522 8
84523 4
84524 7
84525 5
84526 9
84527 6
84528 5
84529 7
84530 0
84531 6
84532 2
84533 0
84534 3
84535 3
84536 7
84537 1
84538 5
84539 0
84540 8
84541 4
84542 3
84543 6
84544 3
84545 0
84546 6
84547 6
84548 8
84549 7
84550 5
84551 3
84552 7
84553 9
84554 7
84555 0
84556 2
84557 3
84558 2
84559 3
84560 8
84561 3
84562 0
84563 5
84564 2
84565 4
84566 6
84567 4
84568 2
84569 6
84570 6
84571 7
84572 8
84573 0
84574 0
84575 5
84576 1
84577 6
84578 4
84579 4
84580 7
84581 3
84582 2
84583 6
84584 5
84585 0
84586 1
84587 7
84588 1
84589 6
84590 4
84591 6
84592 8
84593 0
84594 2
84595 0
84596 3
84597 9
84598 6
84599 6
84600 8
84601 3
84602 6
84603 8
84604 1
84605 5
84606 8
84607 7
84608 2
84609 2
84610 4
84611 8
84612 2
84613 3
84614 9
84615 2
84616 7
84617 9
84618 3
84619 6
84620 1
84621 4
84622 7
84623 7
84624 7
84625 2
84626 3
84627 0
84628 9
84629 2
84630 5
84631 1
84632 4
84633 1
84634 1
84635 8
84636 2
84637 4
84638 2
84639 6
84640 6
84641 4
84642 4
84643 1
84644 5
84645 9
84646 6
84647 8
84648 7
84649 5
84650 7
84651 7
84652 3
84653 9
84654 3
84655 8
84656 6
84657 0
84658 1
84659 9
84660 5
84661 8
84662 0
84663 6
84664 2
84665 9
84666 5
84667 4
84668 3
84669 4
84670 8
84671 8
84672 1
84673 8
84674 8
84675 3
84676 2
84677 1
84678 6
84679 3
84680 9
84681 5
84682 7
84683 8
84684 4
84685 2
84686 9
84687 9
84688 4
84689 6
84690 3
84691 0
84692 0
84693 9
84694 8
84695 9
84696 1
84697 7
84698 8
84699 0
84700 0
84701 9
84702 9
84703 1
84704 4
84705 6
84706 3
84707 9
84708 0
84709 3
84710 1
84711 9
84712 0
84713 6
84714 6
84715 6
84716 0
84717 5
84718 2
84719 8
84720 3
84721 4
84722 2
84723 6
84724 0
84725 6
84726 1
84727 6
84728 2
84729 2
84730 6
84731 0
84732 8
84733 5
84734 3
84735 3
84736 7
84737 4
84738 2
84739 7
84740 5
84741 3
84742 7
84743 0
84744 2
84745 5
84746 5
84747 7
84748 6
84749 7
84750 4
84751 0
84752 5
84753 2
84754 6
84755 4
84756 5
84757 4
84758 7
84759 0
84760 0
84761 3
84762 9
84763 2
84764 2
84765 0
84766 7
84767 5
84768 2
84769 9
84770 5
84771 6
84772 1
84773 8
84774 9
84775 5
84776 8
84777 5
84778 3
84779 0
84780 7
84781 4
84782 3
84783 7
84784 9
84785 3
84786 4
84787 2
84788 5
84789 3
84790 4
84791 7
84792 7
84793 5
84794 2
84795 1
84796 1
84797 4
84798 0
84799 3
84800 9
84801 5
84802 3
84803 9
84804 1
84805 5
84806 5
84807 5
84808 8
84809 6
84810 5
84811 3
84812 5
84813 2
84814 4
84815 0
84816 5
84817 6
84818 8
84819 9
84820 2
84821 9
84822 0
84823 3
84824 5
84825 5
84826 0
84827 4
84828 9
84829 6
84830 0
84831 9
84832 1
84833 9
84834 2
84835 0
84836 4
84837 4
84838 5
84839 9
84840 8
84841 1
84842 5
84843 7
84844 5
84845 1
84846 7
84847 9
84848 6
84849 7
84850 0
84851 4
84852 1
84853 8
84854 5
84855 5
84856 4
84857 8
84858 6
84859 8
84860 5
84861 5
84862 6
84863 7
84864 2
84865 1
84866 0
84867 2
84868 3
84869 1
84870 5
84871 2
84872 8
84873 2
84874 6
84875 7
84876 9
84877 0
84878 4
84879 3
84880 8
84881 9
84882 3
84883 0
84884 6
84885 0
84886 3
84887 3
84888 5
84889 7
84890 6
84891 6
84892 2
84893 1
84894 2
84895 8
84896 2
84897 4
84898 7
84899 3
84900 6
84901 6
84902 6
84903 0
84904 0
84905 5
84906 6
84907 2
84908 1
84909 4
84910 2
84911 3
84912 7
84913 4
84914 1
84915 6
84916 6
84917 7
84918 4
84919 3
84920 3
84921 8
84922 5
84923 2
84924 4
84925 6
84926 3
84927 4
84928 0
84929 1
84930 6
84931 0
84932 3
84933 0
84934 2
84935 2
84936 3
84937 8
84938 5
84939 4
84940 5
84941 3
84942 9
84943 2
84944 6
84945 1
84946 3
84947 5
84948 4
84949 0
84950 8
84951 7
84952 3
84953 9
84954 9
84955 2
84956 3
84957 4
84958 4
84959 2
84960 6
84961 9
84962 7
84963 1
84964 5
84965 5
84966 9
84967 5
84968 8
84969 0
84970 8
84971 9
84972 8
84973 6
84974 7
84975 8
84976 1
84977 4
84978 4
84979 4
84980 3
84981 8
84982 4
84983 1
84984 1
84985 0
84986 4
84987 4
84988 0
84989 0
84990 9
84991 5
84992 2
84993 7
84994 7
84995 6
84996 8
84997 5
84998 2
84999 8
85000 5
85001 2
85002 9
85003 4
85004 2
85005 3
85006 0
85007 5
85008 8
85009 8
85010 1
85011 7
85012 7
85013 1
85014 3
85015 6
85016 3
85017 5
85018 0
85019 0
85020 0
85021 0
85022 2
85023 7
85024 4
85025 3
85026 8
85027 4
85028 3
85029 2
85030 3
85031 3
85032 7
85033 1
85034 9
85035 7
85036 0
85037 6
85038 9
85039 5
85040 9
85041 1
85042 1
85043 0
85044 5
85045 8
85046 7
85047 1
85048 8
85049 0
85050 0
85051 9
85052 4
85053 5
85054 4
85055 9
85056 0
85057 1
85058 9
85059 0
85060 7
85061 9
85062 9
85063 8
85064 1
85065 2
85066 0
85067 8
85068 8
85069 9
85070 4
85071 3
85072 5
85073 6
85074 8
85075 7
85076 9
85077 5
85078 2
85079 3
85080 9
85081 4
85082 7
85083 0
85084 9
85085 9
85086 7
85087 1
85088 9
85089 0
85090 6
85091 4
85092 3
85093 4
85094 8
85095 4
85096 8
85097 3
85098 0
85099 0
85100 2
85101 5
85102 4
85103 1
85104 8
85105 9
85106 8
85107 6
85108 7
85109 1
85110 9
85111 2
85112 6
85113 3
85114 4
85115 2
85116 5
85117 0
85118 8
85119 4
85120 7
85121 5
85122 5
85123 3
85124 2
85125 3
85126 1
85127 7
85128 7
85129 9
85130 3
85131 1
85132 4
85133 0
85134 0
85135 7
85136 9
85137 3
85138 2
85139 6
85140 1
85141 6
85142 3
85143 3
85144 2
85145 9
85146 1
85147 6
85148 8
85149 9
85150 2
85151 7
85152 4
85153 7
85154 4
85155 3
85156 7
85157 3
85158 9
85159 8
85160 7
85161 5
85162 9
85163 6
85164 2
85165 9
85166 9
85167 1
85168 3
85169 1
85170 4
85171 1
85172 3
85173 2
85174 4
85175 5
85176 3
85177 2
85178 4
85179 6
85180 4
85181 8
85182 7
85183 4
85184 4
85185 9
85186 6
85187 7
85188 7
85189 8
85190 1
85191 4
85192 5
85193 9
85194 8
85195 9
85196 3
85197 2
85198 9
85199 7
85200 5
85201 9
85202 3
85203 0
85204 9
85205 2
85206 6
85207 9
85208 3
85209 7
85210 2
85211 4
85212 3
85213 9
85214 3
85215 4
85216 1
85217 1
85218 8
85219 2
85220 6
85221 0
85222 5
85223 6
85224 4
85225 3
85226 6
85227 8
85228 3
85229 4
85230 5
85231 5
85232 3
85233 2
85234 9
85235 5
85236 9
85237 0
85238 1
85239 4
85240 6
85241 9
85242 4
85243 0
85244 2
85245 1
85246 6
85247 4
85248 6
85249 2
85250 1
85251 7
85252 1
85253 4
85254 8
85255 9
85256 9
85257 6
85258 9
85259 5
85260 6
85261 3
85262 8
85263 7
85264 3
85265 3
85266 0
85267 7
85268 1
85269 3
85270 9
85271 8
85272 4
85273 7
85274 7
85275 9
85276 0
85277 8
85278 6
85279 9
85280 4
85281 0
85282 2
85283 4
85284 6
85285 0
85286 8
85287 6
85288 4
85289 9
85290 3
85291 3
85292 8
85293 8
85294 9
85295 0
85296 1
85297 1
85298 4
85299 9
85300 6
85301 1
85302 6
85303 7
85304 5
85305 5
85306 3
85307 7
85308 3
85309 5
85310 6
85311 7
85312 0
85313 5
85314 2
85315 1
85316 3
85317 0
85318 3
85319 9
85320 7
85321 6
85322 8
85323 6
85324 2
85325 3
85326 8
85327 1
85328 7
85329 0
85330 4
85331 3
85332 9
85333 6
85334 8
85335 4
85336 4
85337 8
85338 2
85339 1
85340 5
85341 3
85342 1
85343 6
85344 9
85345 1
85346 6
85347 8
85348 8
85349 2
85350 0
85351 0
85352 1
85353 1
85354 1
85355 0
85356 9
85357 2
85358 1
85359 1
85360 4
85361 0
85362 0
85363 8
85364 4
85365 5
85366 2
85367 1
85368 6
85369 6
85370 7
85371 1
85372 9
85373 8
85374 9
85375 9
85376 3
85377 2
85378 7
85379 8
85380 4
85381 0
85382 3
85383 8
85384 3
85385 1
85386 1
85387 0
85388 1
85389 0
85390 9
85391 4
85392 9
85393 1
85394 5
85395 0
85396 2
85397 7
85398 1
85399 8
85400 2
85401 8
85402 6
85403 9
85404 5
85405 4
85406 3
85407 4
85408 5
85409 1
85410 1
85411 8
85412 6
85413 6
85414 6
85415 3
85416 8
85417 7
85418 5
85419 2
85420 8
85421 3
85422 0
85423 6
85424 4
85425 5
85426 8
85427 7
85428 7
85429 2
85430 1
85431 0
85432 6
85433 7
85434 8
85435 9
85436 1
85437 9
85438 9
85439 0
85440 5
85441 9
85442 7
85443 2
85444 6
85445 2
85446 4
85447 0
85448 5
85449 9
85450 7
85451 1
85452 1
85453 0
85454 6
85455 2
85456 2
85457 9
85458 4
85459 0
85460 7
85461 8
85462 0
85463 8
85464 7
85465 4
85466 0
85467 8
85468 3
85469 1
85470 0
85471 0
85472 0
85473 3
85474 5
85475 0
85476 6
85477 2
85478 7
85479 7
85480 6
85481 8
85482 7
85483 2
85484 6
85485 9
85486 9
85487 5
85488 5
85489 1
85490 9
85491 7
85492 3
85493 8
85494 4
85495 6
85496 7
85497 5
85498 5
85499 4
85500 5
85501 4
85502 3
85503 0
85504 4
85505 3
85506 1
85507 3
85508 5
85509 4
85510 7
85511 7
85512 4
85513 0
85514 5
85515 7
85516 8
85517 6
85518 9
85519 9
85520 6
85521 3
85522 5
85523 2
85524 7
85525 4
85526 1
85527 6
85528 4
85529 5
85530 7
85531 2
85532 2
85533 5
85534 7
85535 7
85536 9
85537 0
85538 2
85539 2
85540 5
85541 6
85542 5
85543 6
85544 4
85545 2
85546 6
85547 1
85548 5
85549 6
85550 8
85551 0
85552 1
85553 4
85554 6
85555 0
85556 5
85557 3
85558 3
85559 8
85560 1
85561 1
85562 1
85563 1
85564 9
85565 3
85566 0
85567 8
85568 5
85569 5
85570 7
85571 9
85572 3
85573 6
85574 1
85575 5
85576 9
85577 1
85578 2
85579 8
85580 3
85581 6
85582 2
85583 3
85584 8
85585 7
85586 9
85587 4
85588 1
85589 6
85590 1
85591 7
85592 1
85593 2
85594 9
85595 6
85596 5
85597 9
85598 9
85599 3
85600 2
85601 5
85602 8
85603 9
85604 0
85605 6
85606 7
85607 6
85608 0
85609 3
85610 6
85611 5
85612 4
85613 5
85614 5
85615 7
85616 3
85617 6
85618 7
85619 6
85620 0
85621 5
85622 4
85623 6
85624 7
85625 7
85626 7
85627 0
85628 9
85629 4
85630 5
85631 9
85632 4
85633 5
85634 2
85635 2
85636 1
85637 9
85638 3
85639 5
85640 0
85641 5
85642 0
85643 7
85644 6
85645 8
85646 6
85647 0
85648 5
85649 9
85650 3
85651 8
85652 8
85653 2
85654 8
85655 7
85656 7
85657 6
85658 8
85659 6
85660 0
85661 2
85662 3
85663 1
85664 3
85665 5
85666 4
85667 0
85668 4
85669 8
85670 6
85671 7
85672 0
85673 3
85674 3
85675 0
85676 4
85677 0
85678 7
85679 5
85680 2
85681 7
85682 1
85683 4
85684 9
85685 9
85686 1
85687 9
85688 0
85689 2
85690 0
85691 9
85692 7
85693 3
85694 6
85695 7
85696 6
85697 6
85698 0
85699 8
85700 4
85701 5
85702 1
85703 8
85704 3
85705 2
85706 7
85707 8
85708 6
85709 0
85710 8
85711 2
85712 9
85713 4
85714 6
85715 6
85716 7
85717 9
85718 8
85719 3
85720 2
85721 5
85722 1
85723 6
85724 8
85725 3
85726 8
85727 6
85728 0
85729 1
85730 5
85731 2
85732 9
85733 7
85734 5
85735 3
85736 3
85737 6
85738 8
85739 6
85740 9
85741 3
85742 7
85743 1
85744 7
85745 0
85746 5
85747 5
85748 3
85749 3
85750 0
85751 7
85752 7
85753 3
85754 1
85755 2
85756 4
85757 1
85758 8
85759 4
85760 8
85761 3
85762 2
85763 9
85764 0
85765 0
85766 2
85767 7
85768 2
85769 4
85770 5
85771 1
85772 3
85773 9
85774 7
85775 4
85776 5
85777 9
85778 3
85779 6
85780 4
85781 7
85782 8
85783 6
85784 1
85785 4
85786 7
85787 7
85788 1
85789 3
85790 4
85791 9
85792 1
85793 0
85794 5
85795 5
85796 7
85797 1
85798 3
85799 0
85800 5
85801 2
85802 1
85803 4
85804 1
85805 9
85806 2
85807 8
85808 8
85809 9
85810 8
85811 4
85812 5
85813 8
85814 5
85815 8
85816 2
85817 8
85818 3
85819 1
85820 8
85821 8
85822 8
85823 2
85824 3
85825 1
85826 7
85827 3
85828 4
85829 6
85830 6
85831 7
85832 4
85833 6
85834 8
85835 3
85836 7
85837 8
85838 4
85839 8
85840 6
85841 6
85842 4
85843 6
85844 9
85845 2
85846 6
85847 2
85848 3
85849 8
85850 3
85851 7
85852 4
85853 0
85854 1
85855 3
85856 2
85857 5
85858 7
85859 0
85860 3
85861 7
85862 8
85863 9
85864 1
85865 3
85866 5
85867 4
85868 9
85869 9
85870 8
85871 0
85872 1
85873 8
85874 1
85875 7
85876 2
85877 3
85878 2
85879 4
85880 8
85881 1
85882 2
85883 4
85884 6
85885 0
85886 3
85887 3
85888 6
85889 8
85890 0
85891 5
85892 5
85893 2
85894 1
85895 4
85896 7
85897 9
85898 8
85899 1
85900 0
85901 0
85902 9
85903 7
85904 6
85905 1
85906 9
85907 3
85908 5
85909 0
85910 6
85911 4
85912 9
85913 1
85914 3
85915 7
85916 0
85917 2
85918 6
85919 4
85920 7
85921 1
85922 1
85923 7
85924 4
85925 4
85926 1
85927 0
85928 4
85929 0
85930 6
85931 4
85932 9
85933 8
85934 3
85935 0
85936 1
85937 0
85938 9
85939 5
85940 9
85941 9
85942 7
85943 2
85944 4
85945 8
85946 2
85947 5
85948 6
85949 9
85950 5
85951 2
85952 4
85953 8
85954 7
85955 1
85956 0
85957 6
85958 3
85959 9
85960 8
85961 6
85962 4
85963 0
85964 5
85965 7
85966 1
85967 0
85968 7
85969 8
85970 3
85971 0
85972 5
85973 1
85974 8
85975 8
85976 7
85977 3
85978 7
85979 6
85980 4
85981 9
85982 8
85983 8
85984 2
85985 5
85986 3
85987 0
85988 9
85989 7
85990 0
85991 0
85992 4
85993 5
85994 7
85995 8
85996 0
85997 3
85998 6
85999 0
86000 3
86001 1
86002 5
86003 1
86004 9
86005 9
86006 5
86007 6
86008 7
86009 1
86010 0
86011 6
86012 7
86013 5
86014 7
86015 1
86016 6
86017 6
86018 9
86019 1
86020 8
86021 0
86022 2
86023 4
86024 5
86025 5
86026 0
86027 7
86028 8
86029 6
86030 5
86031 8
86032 6
86033 0
86034 8
86035 1
86036 8
86037 1
86038 5
86039 0
86040 9
86041 5
86042 2
86043 3
86044 4
86045 2
86046 0
86047 1
86048 4
86049 4
86050 5
86051 0
86052 5
86053 5
86054 8
86055 1
86056 7
86057 9
86058 6
86059 2
86060 6
86061 0
86062 8
86063 9
86064 3
86065 9
86066 8
86067 8
86068 2
86069 8
86070 1
86071 3
86072 4
86073 5
86074 8
86075 9
86076 8
86077 8
86078 7
86079 6
86080 0
86081 2
86082 6
86083 7
86084 6
86085 2
86086 5
86087 7
86088 5
86089 7
86090 5
86091 6
86092 3
86093 2
86094 2
86095 0
86096 2
86097 9
86098 2
86099 3
86100 9
86101 3
86102 3
86103 6
86104 6
86105 4
86106 1
86107 5
86108 8
86109 8
86110 3
86111 5
86112 3
86113 0
86114 7
86115 7
86116 8
86117 2
86118 4
86119 4
86120 2
86121 3
86122 8
86123 2
86124 6
86125 7
86126 1
86127 3
86128 3
86129 5
86130 9
86131 0
86132 5
86133 8
86134 8
86135 5
86136 8
86137 8
86138 7
86139 9
86140 2
86141 4
86142 2
86143 3
86144 2
86145 6
86146 3
86147 8
86148 7
86149 1
86150 7
86151 7
86152 2
86153 2
86154 8
86155 6
86156 6
86157 0
86158 0
86159 5
86160 9
86161 1
86162 3
86163 7
86164 6
86165 2
86166 5
86167 3
86168 9
86169 0
86170 0
86171 1
86172 5
86173 5
86174 5
86175 2
86176 5
86177 4
86178 8
86179 2
86180 6
86181 8
86182 1
86183 1
86184 5
86185 1
86186 3
86187 4
86188 1
86189 7
86190 8
86191 9
86192 5
86193 5
86194 5
86195 4
86196 2
86197 8
86198 8
86199 1
86200 1
86201 2
86202 3
86203 7
86204 0
86205 9
86206 6
86207 4
86208 5
86209 6
86210 2
86211 1
86212 4
86213 1
86214 1
86215 1
86216 8
86217 5
86218 7
86219 0
86220 9
86221 8
86222 0
86223 2
86224 5
86225 7
86226 4
86227 9
86228 0
86229 4
86230 7
86231 0
86232 3
86233 1
86234 2
86235 7
86236 7
86237 2
86238 8
86239 0
86240 8
86241 1
86242 5
86243 7
86244 4
86245 2
86246 7
86247 2
86248 0
86249 6
86250 4
86251 6
86252 8
86253 2
86254 9
86255 9
86256 6
86257 2
86258 5
86259 2
86260 4
86261 9
86262 0
86263 6
86264 5
86265 1
86266 2
86267 6
86268 7
86269 1
86270 6
86271 7
86272 3
86273 0
86274 8
86275 3
86276 5
86277 3
86278 7
86279 4
86280 4
86281 5
86282 3
86283 7
86284 1
86285 5
86286 8
86287 6
86288 0
86289 4
86290 9
86291 2
86292 1
86293 6
86294 4
86295 1
86296 3
86297 7
86298 9
86299 8
86300 5
86301 5
86302 7
86303 5
86304 1
86305 4
86306 5
86307 2
86308 3
86309 9
86310 4
86311 1
86312 6
86313 0
86314 3
86315 3
86316 8
86317 7
86318 5
86319 2
86320 6
86321 4
86322 3
86323 7
86324 9
86325 8
86326 4
86327 7
86328 0
86329 2
86330 8
86331 6
86332 5
86333 6
86334 9
86335 1
86336 0
86337 7
86338 7
86339 6
86340 5
86341 0
86342 2
86343 4
86344 0
86345 7
86346 1
86347 2
86348 0
86349 3
86350 4
86351 4
86352 2
86353 0
86354 4
86355 7
86356 8
86357 9
86358 3
86359 7
86360 5
86361 6
86362 4
86363 8
86364 0
86365 4
86366 1
86367 2
86368 2
86369 7
86370 1
86371 1
86372 5
86373 9
86374 5
86375 9
86376 0
86377 0
86378 6
86379 4
86380 9
86381 4
86382 1
86383 8
86384 1
86385 4
86386 0
86387 9
86388 7
86389 7
86390 0
86391 4
86392 6
86393 5
86394 5
86395 9
86396 8
86397 0
86398 5
86399 7
86400 6
86401 7
86402 2
86403 3
86404 3
86405 4
86406 4
86407 6
86408 7
86409 2
86410 5
86411 8
86412 5
86413 0
86414 5
86415 3
86416 2
86417 6
86418 3
86419 7
86420 3
86421 2
86422 1
86423 2
86424 8
86425 4
86426 1
86427 6
86428 6
86429 9
86430 0
86431 6
86432 7
86433 4
86434 7
86435 1
86436 7
86437 4
86438 8
86439 2
86440 9
86441 4
86442 4
86443 1
86444 0
86445 6
86446 8
86447 7
86448 4
86449 3
86450 7
86451 3
86452 6
86453 5
86454 7
86455 1
86456 9
86457 8
86458 9
86459 8
86460 2
86461 0
86462 6
86463 4
86464 4
86465 5
86466 7
86467 1
86468 0
86469 2
86470 8
86471 4
86472 0
86473 0
86474 2
86475 6
86476 6
86477 0
86478 9
86479 7
86480 7
86481 9
86482 0
86483 9
86484 0
86485 1
86486 6
86487 0
86488 3
86489 6
86490 0
86491 4
86492 2
86493 6
86494 9
86495 9
86496 9
86497 6
86498 4
86499 4
86500 6
86501 6
86502 4
86503 2
86504 0
86505 1
86506 8
86507 3
86508 2
86509 0
86510 6
86511 0
86512 4
86513 5
86514 4
86515 7
86516 8
86517 7
86518 3
86519 0
86520 1
86521 4
86522 7
86523 8
86524 2
86525 2
86526 9
86527 7
86528 0
86529 2
86530 0
86531 6
86532 6
86533 5
86534 8
86535 0
86536 7
86537 0
86538 0
86539 5
86540 8
86541 3
86542 8
86543 4
86544 7
86545 7
86546 9
86547 9
86548 7
86549 3
86550 6
86551 8
86552 3
86553 7
86554 4
86555 8
86556 4
86557 2
86558 2
86559 7
86560 7
86561 2
86562 7
86563 3
86564 7
86565 8
86566 6
86567 5
86568 9
86569 0
86570 6
86571 7
86572 1
86573 5
86574 0
86575 0
86576 0
86577 1
86578 4
86579 7
86580 2
86581 3
86582 3
86583 8
86584 1
86585 9
86586 5
86587 7
86588 7
86589 7
86590 3
86591 0
86592 7
86593 7
86594 4
86595 3
86596 9
86597 1
86598 3
86599 4
86600 6
86601 1
86602 5
86603 4
86604 8
86605 4
86606 3
86607 4
86608 7
86609 2
86610 9
86611 6
86612 6
86613 7
86614 7
86615 7
86616 0
86617 0
86618 6
86619 2
86620 6
86621 0
86622 0
86623 8
86624 3
86625 4
86626 2
86627 9
86628 1
86629 2
86630 7
86631 5
86632 5
86633 2
86634 9
86635 1
86636 1
86637 7
86638 5
86639 0
86640 2
86641 7
86642 2
86643 8
86644 5
86645 9
86646 4
86647 1
86648 0
86649 2
86650 2
86651 1
86652 5
86653 6
86654 7
86655 2
86656 5
86657 8
86658 7
86659 8
86660 5
86661 0
86662 2
86663 3
86664 2
86665 4
86666 4
86667 8
86668 0
86669 6
86670 9
86671 9
86672 1
86673 0
86674 8
86675 9
86676 1
86677 0
86678 3
86679 8
86680 0
86681 1
86682 4
86683 2
86684 9
86685 1
86686 1
86687 0
86688 7
86689 4
86690 3
86691 9
86692 4
86693 0
86694 3
86695 6
86696 4
86697 5
86698 9
86699 2
86700 6
86701 7
86702 0
86703 9
86704 1
86705 9
86706 1
86707 2
86708 3
86709 5
86710 1
86711 5
86712 8
86713 2
86714 6
86715 8
86716 5
86717 1
86718 5
86719 8
86720 7
86721 7
86722 1
86723 7
86724 8
86725 3
86726 5
86727 7
86728 3
86729 5
86730 1
86731 9
86732 7
86733 6
86734 0
86735 1
86736 1
86737 0
86738 5
86739 5
86740 7
86741 4
86742 5
86743 6
86744 4
86745 8
86746 3
86747 2
86748 2
86749 2
86750 3
86751 9
86752 4
86753 1
86754 4
86755 3
86756 0
86757 7
86758 4
86759 3
86760 1
86761 8
86762 2
86763 1
86764 3
86765 5
86766 2
86767 7
86768 9
86769 0
86770 7
86771 5
86772 8
86773 4
86774 0
86775 6
86776 4
86777 4
86778 8
86779 9
86780 3
86781 5
86782 9
86783 9
86784 8
86785 1
86786 2
86787 1
86788 2
86789 1
86790 0
86791 6
86792 1
86793 5
86794 6
86795 4
86796 4
86797 1
86798 1
86799 0
86800 3
86801 6
86802 5
86803 7
86804 1
86805 7
86806 9
86807 5
86808 4
86809 1
86810 9
86811 6
86812 6
86813 1
86814 3
86815 2
86816 8
86817 0
86818 6
86819 2
86820 3
86821 9
86822 8
86823 7
86824 9
86825 3
86826 2
86827 4
86828 5
86829 0
86830 9
86831 6
86832 8
86833 2
86834 6
86835 5
86836 9
86837 4
86838 6
86839 6
86840 8
86841 1
86842 6
86843 0
86844 6
86845 1
86846 5
86847 5
86848 3
86849 2
86850 6
86851 7
86852 7
86853 3
86854 2
86855 6
86856 1
86857 8
86858 5
86859 2
86860 7
86861 7
86862 6
86863 2
86864 0
86865 9
86866 0
86867 2
86868 2
86869 2
86870 3
86871 6
86872 6
86873 5
86874 6
86875 8
86876 1
86877 3
86878 9
86879 2
86880 2
86881 7
86882 8
86883 6
86884 7
86885 6
86886 2
86887 4
86888 6
86889 8
86890 1
86891 4
86892 9
86893 9
86894 3
86895 4
86896 8
86897 6
86898 4
86899 7
86900 3
86901 5
86902 9
86903 8
86904 1
86905 0
86906 8
86907 6
86908 6
86909 7
86910 8
86911 1
86912 7
86913 0
86914 7
86915 0
86916 5
86917 2
86918 9
86919 4
86920 2
86921 4
86922 4
86923 8
86924 1
86925 8
86926 1
86927 1
86928 8
86929 4
86930 0
86931 2
86932 1
86933 9
86934 6
86935 8
86936 8
86937 5
86938 3
86939 2
86940 4
86941 8
86942 1
86943 7
86944 7
86945 8
86946 6
86947 5
86948 7
86949 0
86950 0
86951 7
86952 7
86953 5
86954 3
86955 8
86956 2
86957 3
86958 2
86959 7
86960 4
86961 3
86962 6
86963 4
86964 4
86965 3
86966 0
86967 5
86968 4
86969 5
86970 0
86971 3
86972 4
86973 7
86974 4
86975 5
86976 1
86977 0
86978 5
86979 5
86980 8
86981 7
86982 8
86983 9
86984 4
86985 3
86986 9
86987 3
86988 8
86989 2
86990 8
86991 7
86992 5
86993 7
86994 7
86995 4
86996 9
86997 1
86998 7
86999 6
87000 6
87001 8
87002 3
87003 3
87004 6
87005 9
87006 5
87007 4
87008 2
87009 0
87010 4
87011 9
87012 5
87013 5
87014 7
87015 8
87016 1
87017 1
87018 6
87019 2
87020 4
87021 3
87022 1
87023 8
87024 1
87025 0
87026 1
87027 0
87028 2
87029 8
87030 4
87031 5
87032 4
87033 9
87034 2
87035 1
87036 4
87037 1
87038 9
87039 7
87040 7
87041 3
87042 2
87043 1
87044 6
87045 9
87046 8
87047 6
87048 9
87049 0
87050 9
87051 1
87052 3
87053 5
87054 8
87055 9
87056 7
87057 7
87058 8
87059 6
87060 4
87061 1
87062 4
87063 6
87064 8
87065 5
87066 0
87067 8
87068 9
87069 3
87070 8
87071 8
87072 4
87073 6
87074 3
87075 7
87076 5
87077 2
87078 9
87079 5
87080 9
87081 8
87082 9
87083 4
87084 4
87085 3
87086 8
87087 3
87088 1
87089 3
87090 4
87091 8
87092 5
87093 1
87094 8
87095 3
87096 5
87097 6
87098 9
87099 7
87100 7
87101 9
87102 4
87103 9
87104 9
87105 5
87106 9
87107 9
87108 3
87109 8
87110 3
87111 2
87112 0
87113 1
87114 7
87115 3
87116 3
87117 7
87118 6
87119 3
87120 2
87121 9
87122 4
87123 8
87124 1
87125 1
87126 1
87127 9
87128 4
87129 3
87130 3
87131 2
87132 0
87133 0
87134 1
87135 3
87136 1
87137 6
87138 7
87139 2
87140 8
87141 0
87142 0
87143 7
87144 7
87145 3
87146 0
87147 3
87148 3
87149 0
87150 5
87151 7
87152 4
87153 4
87154 8
87155 2
87156 1
87157 4
87158 6
87159 5
87160 3
87161 5
87162 4
87163 9
87164 9
87165 1
87166 9
87167 5
87168 5
87169 3
87170 4
87171 6
87172 8
87173 5
87174 7
87175 6
87176 7
87177 1
87178 1
87179 7
87180 3
87181 1
87182 2
87183 3
87184 3
87185 3
87186 4
87187 9
87188 9
87189 2
87190 7
87191 6
87192 8
87193 9
87194 1
87195 0
87196 3
87197 4
87198 3
87199 0
87200 5
87201 7
87202 8
87203 4
87204 0
87205 9
87206 1
87207 7
87208 5
87209 0
87210 9
87211 8
87212 9
87213 2
87214 9
87215 6
87216 8
87217 8
87218 2
87219 1
87220 9
87221 2
87222 4
87223 9
87224 5
87225 8
87226 2
87227 1
87228 6
87229 4
87230 8
87231 7
87232 3
87233 9
87234 2
87235 5
87236 6
87237 4
87238 5
87239 9
87240 1
87241 4
87242 8
87243 5
87244 5
87245 7
87246 0
87247 1
87248 5
87249 7
87250 2
87251 6
87252 5
87253 9
87254 7
87255 2
87256 0
87257 4
87258 8
87259 0
87260 6
87261 6
87262 5
87263 5
87264 7
87265 3
87266 5
87267 2
87268 4
87269 3
87270 7
87271 3
87272 8
87273 9
87274 2
87275 4
87276 2
87277 9
87278 1
87279 9
87280 8
87281 9
87282 7
87283 7
87284 5
87285 6
87286 0
87287 8
87288 4
87289 5
87290 1
87291 7
87292 0
87293 9
87294 3
87295 2
87296 8
87297 7
87298 6
87299 7
87300 4
87301 6
87302 3
87303 5
87304 4
87305 5
87306 2
87307 2
87308 9
87309 0
87310 4
87311 9
87312 0
87313 2
87314 4
87315 1
87316 9
87317 5
87318 5
87319 5
87320 8
87321 2
87322 4
87323 1
87324 2
87325 6
87326 7
87327 3
87328 6
87329 0
87330 0
87331 1
87332 2
87333 3
87334 0
87335 6
87336 5
87337 8
87338 1
87339 5
87340 2
87341 8
87342 1
87343 7
87344 4
87345 3
87346 4
87347 9
87348 4
87349 9
87350 3
87351 4
87352 3
87353 7
87354 3
87355 0
87356 3
87357 1
87358 9
87359 4
87360 5
87361 0
87362 8
87363 1
87364 1
87365 9
87366 6
87367 7
87368 7
87369 9
87370 4
87371 2
87372 4
87373 8
87374 9
87375 9
87376 1
87377 9
87378 8
87379 9
87380 3
87381 1
87382 9
87383 8
87384 6
87385 7
87386 3
87387 7
87388 4
87389 5
87390 8
87391 1
87392 8
87393 8
87394 1
87395 3
87396 6
87397 2
87398 4
87399 7
87400 8
87401 5
87402 6
87403 9
87404 9
87405 4
87406 3
87407 4
87408 8
87409 3
87410 3
87411 4
87412 4
87413 7
87414 2
87415 5
87416 3
87417 9
87418 4
87419 6
87420 9
87421 2
87422 5
87423 4
87424 4
87425 3
87426 8
87427 7
87428 4
87429 8
87430 3
87431 3
87432 7
87433 4
87434 2
87435 3
87436 5
87437 8
87438 1
87439 6
87440 3
87441 5
87442 9
87443 4
87444 4
87445 8
87446 8
87447 1
87448 4
87449 9
87450 7
87451 3
87452 8
87453 4
87454 9
87455 8
87456 2
87457 4
87458 6
87459 7
87460 3
87461 3
87462 4
87463 3
87464 1
87465 1
87466 7
87467 6
87468 8
87469 8
87470 6
87471 6
87472 4
87473 8
87474 5
87475 0
87476 4
87477 3
87478 5
87479 7
87480 7
87481 8
87482 3
87483 7
87484 1
87485 7
87486 7
87487 3
87488 0
87489 8
87490 6
87491 0
87492 8
87493 8
87494 6
87495 6
87496 8
87497 5
87498 4
87499 4
87500 6
87501 8
87502 1
87503 6
87504 0
87505 1
87506 9
87507 8
87508 4
87509 2
87510 3
87511 4
87512 1
87513 0
87514 8
87515 3
87516 6
87517 3
87518 8
87519 5
87520 5
87521 7
87522 3
87523 4
87524 2
87525 6
87526 8
87527 0
87528 2
87529 1
87530 2
87531 6
87532 5
87533 3
87534 6
87535 8
87536 8
87537 5
87538 2
87539 1
87540 6
87541 4
87542 2
87543 6
87544 0
87545 5
87546 5
87547 8
87548 6
87549 1
87550 0
87551 9
87552 9
87553 8
87554 8
87555 8
87556 2
87557 5
87558 1
87559 2
87560 2
87561 1
87562 9
87563 4
87564 6
87565 4
87566 7
87567 2
87568 3
87569 6
87570 2
87571 1
87572 5
87573 1
87574 2
87575 9
87576 0
87577 8
87578 3
87579 1
87580 7
87581 6
87582 7
87583 8
87584 8
87585 1
87586 5
87587 8
87588 2
87589 4
87590 8
87591 7
87592 6
87593 2
87594 2
87595 5
87596 8
87597 6
87598 5
87599 6
87600 8
87601 9
87602 2
87603 0
87604 8
87605 1
87606 9
87607 1
87608 4
87609 7
87610 9
87611 7
87612 6
87613 5
87614 9
87615 4
87616 1
87617 2
87618 4
87619 2
87620 7
87621 9
87622 7
87623 9
87624 7
87625 0
87626 4
87627 4
87628 5
87629 3
87630 7
87631 9
87632 8
87633 7
87634 8
87635 2
87636 3
87637 3
87638 5
87639 3
87640 7
87641 1
87642 4
87643 1
87644 5
87645 2
87646 0
87647 7
87648 8
87649 8
87650 9
87651 4
87652 9
87653 4
87654 3
87655 2
87656 1
87657 2
87658 7
87659 0
87660 0
87661 7
87662 8
87663 6
87664 3
87665 9
87666 9
87667 6
87668 0
87669 6
87670 6
87671 6
87672 6
87673 6
87674 0
87675 1
87676 6
87677 7
87678 5
87679 8
87680 8
87681 9
87682 2
87683 7
87684 3
87685 1
87686 7
87687 0
87688 5
87689 3
87690 9
87691 0
87692 3
87693 5
87694 5
87695 9
87696 1
87697 2
87698 8
87699 5
87700 1
87701 5
87702 4
87703 1
87704 6
87705 0
87706 9
87707 7
87708 0
87709 1
87710 9
87711 5
87712 8
87713 1
87714 7
87715 9
87716 7
87717 2
87718 4
87719 9
87720 7
87721 8
87722 1
87723 1
87724 6
87725 4
87726 4
87727 2
87728 7
87729 3
87730 1
87731 0
87732 4
87733 3
87734 7
87735 8
87736 1
87737 9
87738 0
87739 0
87740 6
87741 1
87742 7
87743 6
87744 8
87745 5
87746 4
87747 0
87748 1
87749 5
87750 3
87751 4
87752 2
87753 5
87754 5
87755 7
87756 2
87757 0
87758 2
87759 8
87760 1
87761 6
87762 4
87763 1
87764 8
87765 6
87766 8
87767 0
87768 1
87769 4
87770 5
87771 2
87772 2
87773 3
87774 3
87775 3
87776 8
87777 5
87778 7
87779 1
87780 5
87781 8
87782 9
87783 2
87784 1
87785 1
87786 1
87787 5
87788 4
87789 3
87790 2
87791 7
87792 9
87793 5
87794 9
87795 6
87796 1
87797 3
87798 0
87799 0
87800 7
87801 8
87802 2
87803 2
87804 9
87805 3
87806 0
87807 0
87808 2
87809 9
87810 7
87811 3
87812 4
87813 1
87814 8
87815 6
87816 7
87817 9
87818 6
87819 5
87820 2
87821 4
87822 0
87823 3
87824 5
87825 5
87826 9
87827 7
87828 4
87829 5
87830 7
87831 6
87832 6
87833 2
87834 2
87835 8
87836 3
87837 0
87838 6
87839 2
87840 2
87841 2
87842 3
87843 0
87844 8
87845 4
87846 8
87847 7
87848 3
87849 1
87850 3
87851 5
87852 8
87853 0
87854 3
87855 1
87856 7
87857 8
87858 8
87859 7
87860 3
87861 4
87862 5
87863 2
87864 4
87865 9
87866 4
87867 3
87868 0
87869 3
87870 5
87871 4
87872 8
87873 3
87874 9
87875 6
87876 8
87877 0
87878 6
87879 6
87880 6
87881 5
87882 8
87883 6
87884 1
87885 5
87886 6
87887 7
87888 7
87889 1
87890 6
87891 0
87892 5
87893 8
87894 1
87895 5
87896 1
87897 1
87898 0
87899 1
87900 1
87901 8
87902 0
87903 1
87904 1
87905 0
87906 1
87907 9
87908 4
87909 6
87910 4
87911 9
87912 8
87913 0
87914 0
87915 9
87916 4
87917 6
87918 0
87919 8
87920 7
87921 4
87922 1
87923 5
87924 7
87925 9
87926 5
87927 9
87928 7
87929 8
87930 3
87931 2
87932 9
87933 6
87934 5
87935 7
87936 5
87937 9
87938 8
87939 2
87940 0
87941 6
87942 5
87943 2
87944 5
87945 9
87946 7
87947 5
87948 0
87949 5
87950 2
87951 4
87952 7
87953 0
87954 6
87955 4
87956 3
87957 0
87958 1
87959 7
87960 2
87961 4
87962 0
87963 6
87964 7
87965 9
87966 5
87967 9
87968 1
87969 0
87970 0
87971 9
87972 9
87973 7
87974 2
87975 6
87976 4
87977 9
87978 4
87979 6
87980 1
87981 4
87982 2
87983 7
87984 2
87985 7
87986 5
87987 9
87988 1
87989 1
87990 3
87991 0
87992 3
87993 4
87994 9
87995 9
87996 6
87997 6
87998 4
87999 9
88000 0
88001 3
88002 9
88003 1
88004 5
88005 7
88006 4
88007 5
88008 1
88009 9
88010 7
88011 7
88012 8
88013 7
88014 1
88015 6
88016 3
88017 5
88018 5
88019 1
88020 0
88021 3
88022 0
88023 2
88024 9
88025 4
88026 8
88027 3
88028 3
88029 8
88030 3
88031 3
88032 8
88033 6
88034 6
88035 6
88036 4
88037 2
88038 9
88039 3
88040 6
88041 9
88042 9
88043 9
88044 5
88045 2
88046 7
88047 0
88048 9
88049 1
88050 2
88051 3
88052 0
88053 6
88054 1
88055 0
88056 0
88057 5
88058 4
88059 3
88060 3
88061 4
88062 8
88063 9
88064 6
88065 6
88066 6
88067 9
88068 9
88069 9
88070 4
88071 0
88072 7
88073 6
88074 7
88075 3
88076 0
88077 3
88078 7
88079 4
88080 1
88081 4
88082 8
88083 7
88084 9
88085 6
88086 8
88087 2
88088 0
88089 7
88090 5
88091 2
88092 8
88093 3
88094 9
88095 1
88096 6
88097 3
88098 7
88099 7
88100 7
88101 1
88102 9
88103 9
88104 1
88105 6
88106 2
88107 5
88108 3
88109 0
88110 4
88111 9
88112 3
88113 4
88114 9
88115 9
88116 0
88117 1
88118 2
88119 6
88120 6
88121 7
88122 4
88123 8
88124 1
88125 6
88126 8
88127 4
88128 6
88129 5
88130 7
88131 3
88132 7
88133 2
88134 0
88135 7
88136 0
88137 7
88138 1
88139 1
88140 5
88141 1
88142 9
88143 0
88144 4
88145 0
88146 7
88147 3
88148 2
88149 8
88150 2
88151 5
88152 3
88153 1
88154 1
88155 4
88156 9
88157 5
88158 5
88159 1
88160 3
88161 5
88162 8
88163 2
88164 8
88165 4
88166 7
88167 2
88168 5
88169 5
88170 6
88171 0
88172 6
88173 9
88174 0
88175 3
88176 5
88177 6
88178 8
88179 2
88180 6
88181 8
88182 5
88183 0
88184 7
88185 6
88186 9
88187 8
88188 1
88189 4
88190 7
88191 7
88192 5
88193 9
88194 3
88195 0
88196 2
88197 6
88198 5
88199 3
88200 2
88201 1
88202 6
88203 7
88204 3
88205 4
88206 0
88207 2
88208 8
88209 4
88210 3
88211 9
88212 1
88213 2
88214 5
88215 8
88216 7
88217 5
88218 2
88219 2
88220 9
88221 5
88222 8
88223 1
88224 0
88225 4
88226 9
88227 5
88228 7
88229 3
88230 1
88231 8
88232 4
88233 1
88234 3
88235 4
88236 6
88237 2
88238 7
88239 4
88240 0
88241 4
88242 5
88243 5
88244 3
88245 0
88246 6
88247 2
88248 0
88249 5
88250 0
88251 3
88252 1
88253 1
88254 6
88255 9
88256 9
88257 2
88258 7
88259 9
88260 2
88261 1
88262 9
88263 4
88264 2
88265 7
88266 9
88267 6
88268 1
88269 5
88270 3
88271 8
88272 1
88273 2
88274 8
88275 7
88276 0
88277 8
88278 4
88279 6
88280 6
88281 0
88282 3
88283 3
88284 3
88285 2
88286 9
88287 9
88288 7
88289 3
88290 4
88291 9
88292 1
88293 6
88294 1
88295 2
88296 3
88297 7
88298 3
88299 0
88300 7
88301 8
88302 7
88303 0
88304 5
88305 9
88306 1
88307 9
88308 7
88309 6
88310 3
88311 6
88312 1
88313 6
88314 3
88315 5
88316 1
88317 0
88318 2
88319 6
88320 2
88321 1
88322 2
88323 2
88324 0
88325 6
88326 6
88327 3
88328 7
88329 3
88330 6
88331 1
88332 8
88333 3
88334 8
88335 5
88336 4
88337 3
88338 6
88339 3
88340 5
88341 4
88342 2
88343 9
88344 3
88345 0
88346 2
88347 1
88348 7
88349 6
88350 3
88351 9
88352 3
88353 8
88354 1
88355 2
88356 5
88357 2
88358 3
88359 9
88360 8
88361 4
88362 3
88363 7
88364 8
88365 5
88366 3
88367 2
88368 4
88369 8
88370 8
88371 1
88372 6
88373 2
88374 5
88375 1
88376 1
88377 1
88378 8
88379 1
88380 0
88381 9
88382 1
88383 1
88384 7
88385 0
88386 0
88387 7
88388 9
88389 6
88390 3
88391 1
88392 1
88393 1
88394 5
88395 5
88396 4
88397 2
88398 7
88399 0
88400 8
88401 6
88402 8
88403 3
88404 4
88405 9
88406 4
88407 7
88408 0
88409 2
88410 2
88411 2
88412 9
88413 0
88414 7
88415 4
88416 2
88417 6
88418 9
88419 1
88420 5
88421 9
88422 0
88423 1
88424 7
88425 4
88426 7
88427 2
88428 6
88429 5
88430 5
88431 1
88432 1
88433 5
88434 9
88435 4
88436 5
88437 2
88438 5
88439 2
88440 5
88441 5
88442 0
88443 8
88444 3
88445 2
88446 0
88447 2
88448 4
88449 9
88450 4
88451 3
88452 4
88453 8
88454 1
88455 8
88456 5
88457 6
88458 8
88459 1
88460 0
88461 6
88462 4
88463 3
88464 3
88465 2
88466 6
88467 2
88468 3
88469 3
88470 8
88471 5
88472 7
88473 1
88474 3
88475 3
88476 1
88477 2
88478 8
88479 2
88480 8
88481 6
88482 4
88483 2
88484 8
88485 3
88486 9
88487 6
88488 1
88489 6
88490 8
88491 4
88492 3
88493 6
88494 7
88495 3
88496 3
88497 9
88498 2
88499 9
88500 6
88501 9
88502 1
88503 4
88504 8
88505 3
88506 2
88507 1
88508 7
88509 3
88510 0
88511 1
88512 1
88513 6
88514 1
88515 6
88516 9
88517 4
88518 3
88519 7
88520 9
88521 4
88522 2
88523 2
88524 5
88525 6
88526 7
88527 8
88528 0
88529 2
88530 3
88531 5
88532 2
88533 3
88534 3
88535 6
88536 2
88537 2
88538 8
88539 9
88540 1
88541 1
88542 2
88543 0
88544 5
88545 2
88546 6
88547 5
88548 5
88549 4
88550 8
88551 2
88552 9
88553 9
88554 8
88555 8
88556 4
88557 5
88558 0
88559 7
88560 3
88561 2
88562 3
88563 6
88564 6
88565 8
88566 0
88567 2
88568 1
88569 8
88570 0
88571 0
88572 3
88573 5
88574 6
88575 7
88576 0
88577 9
88578 9
88579 5
88580 6
88581 6
88582 6
88583 8
88584 0
88585 5
88586 1
88587 3
88588 4
88589 8
88590 5
88591 0
88592 7
88593 3
88594 4
88595 3
88596 2
88597 7
88598 6
88599 6
88600 6
88601 5
88602 3
88603 4
88604 0
88605 8
88606 6
88607 0
88608 1
88609 4
88610 1
88611 9
88612 8
88613 2
88614 1
88615 8
88616 4
88617 9
88618 5
88619 8
88620 0
88621 5
88622 1
88623 3
88624 7
88625 0
88626 4
88627 6
88628 7
88629 9
88630 1
88631 0
88632 1
88633 1
88634 2
88635 7
88636 8
88637 1
88638 8
88639 5
88640 1
88641 7
88642 5
88643 6
88644 7
88645 5
88646 6
88647 6
88648 2
88649 6
88650 8
88651 1
88652 7
88653 5
88654 4
88655 0
88656 7
88657 8
88658 4
88659 6
88660 4
88661 5
88662 8
88663 3
88664 0
88665 7
88666 5
88667 6
88668 9
88669 8
88670 4
88671 6
88672 5
88673 7
88674 8
88675 2
88676 7
88677 3
88678 2
88679 4
88680 1
88681 3
88682 3
88683 2
88684 0
88685 6
88686 0
88687 3
88688 6
88689 9
88690 4
88691 1
88692 0
88693 4
88694 0
88695 6
88696 6
88697 1
88698 4
88699 5
88700 7
88701 4
88702 9
88703 3
88704 8
88705 6
88706 8
88707 2
88708 2
88709 2
88710 7
88711 4
88712 6
88713 5
88714 2
88715 8
88716 5
88717 9
88718 0
88719 4
88720 0
88721 2
88722 8
88723 6
88724 3
88725 0
88726 0
88727 2
88728 1
88729 6
88730 4
88731 8
88732 0
88733 1
88734 6
88735 1
88736 5
88737 7
88738 6
88739 0
88740 9
88741 6
88742 5
88743 0
88744 1
88745 2
88746 2
88747 6
88748 7
88749 6
88750 3
88751 2
88752 2
88753 7
88754 2
88755 5
88756 7
88757 4
88758 0
88759 2
88760 4
88761 4
88762 8
88763 6
88764 9
88765 0
88766 6
88767 7
88768 3
88769 9
88770 4
88771 2
88772 4
88773 7
88774 1
88775 8
88776 4
88777 7
88778 1
88779 3
88780 0
88781 0
88782 9
88783 3
88784 9
88785 3
88786 1
88787 4
88788 9
88789 3
88790 4
88791 5
88792 7
88793 9
88794 3
88795 1
88796 5
88797 0
88798 2
88799 9
88800 0
88801 7
88802 8
88803 5
88804 0
88805 1
88806 0
88807 8
88808 0
88809 6
88810 1
88811 7
88812 6
88813 8
88814 9
88815 8
88816 8
88817 4
88818 7
88819 1
88820 1
88821 0
88822 7
88823 2
88824 8
88825 3
88826 0
88827 3
88828 7
88829 6
88830 8
88831 1
88832 1
88833 3
88834 3
88835 3
88836 7
88837 1
88838 1
88839 2
88840 2
88841 6
88842 9
88843 5
88844 7
88845 9
88846 6
88847 6
88848 9
88849 3
88850 0
88851 9
88852 1
88853 3
88854 3
88855 1
88856 7
88857 9
88858 2
88859 5
88860 3
88861 1
88862 6
88863 9
88864 9
88865 3
88866 5
88867 9
88868 2
88869 8
88870 0
88871 3
88872 4
88873 8
88874 0
88875 9
88876 8
88877 7
88878 3
88879 7
88880 9
88881 1
88882 7
88883 4
88884 9
88885 1
88886 9
88887 1
88888 0
88889 0
88890 8
88891 0
88892 8
88893 4
88894 1
88895 2
88896 6
88897 6
88898 2
88899 3
88900 6
88901 6
88902 2
88903 6
88904 7
88905 5
88906 0
88907 0
88908 3
88909 9
88910 9
88911 1
88912 0
88913 0
88914 9
88915 3
88916 5
88917 4
88918 9
88919 4
88920 2
88921 3
88922 3
88923 2
88924 3
88925 4
88926 0
88927 5
88928 5
88929 2
88930 6
88931 5
88932 3
88933 8
88934 4
88935 6
88936 5
88937 8
88938 7
88939 9
88940 2
88941 8
88942 0
88943 4
88944 0
88945 5
88946 9
88947 3
88948 1
88949 3
88950 5
88951 5
88952 8
88953 7
88954 5
88955 5
88956 0
88957 8
88958 7
88959 0
88960 2
88961 5
88962 0
88963 0
88964 6
88965 6
88966 1
88967 7
88968 8
88969 7
88970 6
88971 5
88972 0
88973 5
88974 2
88975 5
88976 8
88977 2
88978 0
88979 6
88980 4
88981 2
88982 7
88983 1
88984 7
88985 8
88986 9
88987 4
88988 2
88989 3
88990 6
88991 8
88992 7
88993 7
88994 7
88995 8
88996 6
88997 9
88998 5
88999 1
89000 2
89001 9
89002 5
89003 4
89004 4
89005 2
89006 7
89007 7
89008 0
89009 8
89010 7
89011 2
89012 4
89013 5
89014 1
89015 3
89016 8
89017 7
89018 5
89019 0
89020 5
89021 1
89022 0
89023 4
89024 4
89025 2
89026 4
89027 3
89028 2
89029 3
89030 9
89031 0
89032 0
89033 9
89034 3
89035 3
89036 8
89037 7
89038 2
89039 0
89040 3
89041 2
89042 8
89043 1
89044 2
89045 4
89046 2
89047 5
89048 4
89049 7
89050 9
89051 1
89052 4
89053 9
89054 6
89055 5
89056 4
89057 2
89058 9
89059 6
89060 9
89061 6
89062 4
89063 2
89064 0
89065 3
89066 1
89067 1
89068 5
89069 1
89070 9
89071 8
89072 4
89073 7
89074 9
89075 2
89076 2
89077 3
89078 9
89079 9
89080 7
89081 2
89082 2
89083 8
89084 6
89085 8
89086 8
89087 0
89088 3
89089 5
89090 4
89091 0
89092 0
89093 4
89094 4
89095 8
89096 8
89097 2
89098 0
89099 2
89100 9
89101 7
89102 3
89103 4
89104 7
89105 9
89106 5
89107 5
89108 2
89109 6
89110 1
89111 7
89112 3
89113 4
89114 6
89115 4
89116 2
89117 3
89118 1
89119 9
89120 3
89121 5
89122 0
89123 9
89124 4
89125 4
89126 3
89127 2
89128 0
89129 1
89130 4
89131 7
89132 9
89133 3
89134 3
89135 7
89136 5
89137 1
89138 0
89139 2
89140 5
89141 8
89142 0
89143 6
89144 7
89145 4
89146 5
89147 4
89148 4
89149 1
89150 1
89151 9
89152 5
89153 7
89154 8
89155 8
89156 8
89157 3
89158 0
89159 2
89160 8
89161 5
89162 9
89163 4
89164 5
89165 8
89166 1
89167 4
89168 3
89169 7
89170 1
89171 8
89172 5
89173 4
89174 0
89175 3
89176 1
89177 3
89178 4
89179 1
89180 2
89181 6
89182 9
89183 0
89184 2
89185 5
89186 7
89187 8
89188 3
89189 7
89190 4
89191 4
89192 7
89193 5
89194 8
89195 5
89196 4
89197 3
89198 1
89199 0
89200 0
89201 2
89202 3
89203 5
89204 7
89205 6
89206 2
89207 3
89208 1
89209 2
89210 7
89211 1
89212 9
89213 4
89214 3
89215 7
89216 1
89217 9
89218 6
89219 0
89220 3
89221 3
89222 6
89223 3
89224 4
89225 9
89226 0
89227 9
89228 0
89229 2
89230 7
89231 5
89232 5
89233 6
89234 4
89235 3
89236 0
89237 3
89238 9
89239 1
89240 1
89241 8
89242 2
89243 4
89244 3
89245 6
89246 4
89247 1
89248 8
89249 2
89250 9
89251 9
89252 0
89253 9
89254 7
89255 9
89256 5
89257 2
89258 4
89259 0
89260 2
89261 5
89262 0
89263 7
89264 6
89265 4
89266 0
89267 0
89268 2
89269 8
89270 0
89271 6
89272 7
89273 5
89274 2
89275 3
89276 4
89277 1
89278 3
89279 0
89280 9
89281 3
89282 4
89283 7
89284 6
89285 6
89286 1
89287 1
89288 1
89289 4
89290 6
89291 4
89292 4
89293 0
89294 8
89295 6
89296 6
89297 5
89298 6
89299 2
89300 7
89301 3
89302 3
89303 0
89304 2
89305 0
89306 1
89307 3
89308 8
89309 0
89310 6
89311 8
89312 9
89313 0
89314 8
89315 1
89316 9
89317 2
89318 0
89319 5
89320 4
89321 0
89322 4
89323 8
89324 3
89325 4
89326 4
89327 2
89328 1
89329 6
89330 5
89331 6
89332 1
89333 6
89334 9
89335 0
89336 4
89337 9
89338 8
89339 4
89340 6
89341 9
89342 9
89343 0
89344 9
89345 6
89346 4
89347 2
89348 8
89349 8
89350 8
89351 7
89352 0
89353 5
89354 7
89355 1
89356 9
89357 3
89358 4
89359 7
89360 5
89361 4
89362 8
89363 9
89364 6
89365 9
89366 3
89367 6
89368 8
89369 5
89370 8
89371 6
89372 2
89373 6
89374 7
89375 8
89376 1
89377 0
89378 0
89379 1
89380 2
89381 8
89382 2
89383 1
89384 3
89385 3
89386 7
89387 2
89388 7
89389 0
89390 4
89391 1
89392 7
89393 4
89394 7
89395 9
89396 3
89397 9
89398 2
89399 0
89400 3
89401 9
89402 4
89403 4
89404 9
89405 7
89406 6
89407 5
89408 1
89409 0
89410 1
89411 8
89412 9
89413 1
89414 4
89415 5
89416 5
89417 5
89418 1
89419 5
89420 7
89421 8
89422 3
89423 5
89424 2
89425 8
89426 4
89427 8
89428 9
89429 2
89430 7
89431 0
89432 7
89433 9
89434 5
89435 0
89436 6
89437 1
89438 0
89439 8
89440 8
89441 5
89442 7
89443 3
89444 3
89445 2
89446 6
89447 7
89448 0
89449 9
89450 7
89451 3
89452 4
89453 8
89454 0
89455 9
89456 7
89457 8
89458 4
89459 3
89460 9
89461 0
89462 7
89463 6
89464 1
89465 3
89466 6
89467 4
89468 8
89469 1
89470 9
89471 6
89472 6
89473 9
89474 5
89475 8
89476 2
89477 7
89478 1
89479 5
89480 4
89481 2
89482 3
89483 3
89484 6
89485 5
89486 9
89487 6
89488 7
89489 8
89490 2
89491 7
89492 0
89493 0
89494 8
89495 4
89496 7
89497 2
89498 1
89499 6
89500 0
89501 3
89502 0
89503 8
89504 0
89505 1
89506 9
89507 2
89508 7
89509 0
89510 6
89511 4
89512 2
89513 1
89514 9
89515 4
89516 7
89517 6
89518 3
89519 4
89520 0
89521 1
89522 7
89523 4
89524 1
89525 6
89526 1
89527 8
89528 2
89529 0
89530 7
89531 2
89532 9
89533 4
89534 0
89535 1
89536 3
89537 6
89538 4
89539 7
89540 5
89541 8
89542 8
89543 2
89544 9
89545 9
89546 5
89547 7
89548 8
89549 9
89550 2
89551 0
89552 2
89553 3
89554 6
89555 9
89556 6
89557 6
89558 2
89559 4
89560 1
89561 7
89562 3
89563 7
89564 7
89565 2
89566 2
89567 5
89568 1
89569 4
89570 3
89571 0
89572 2
89573 2
89574 8
89575 1
89576 9
89577 4
89578 8
89579 9
89580 9
89581 7
89582 4
89583 0
89584 3
89585 1
89586 0
89587 7
89588 2
89589 1
89590 3
89591 6
89592 4
89593 2
89594 8
89595 6
89596 1
89597 2
89598 8
89599 9
89600 0
89601 1
89602 7
89603 4
89604 5
89605 5
89606 0
89607 4
89608 3
89609 7
89610 0
89611 5
89612 9
89613 6
89614 1
89615 1
89616 7
89617 1
89618 0
89619 8
89620 3
89621 0
89622 6
89623 7
89624 3
89625 2
89626 0
89627 9
89628 0
89629 3
89630 8
89631 0
89632 1
89633 7
89634 1
89635 1
89636 8
89637 7
89638 1
89639 9
89640 4
89641 3
89642 0
89643 7
89644 1
89645 6
89646 5
89647 3
89648 0
89649 5
89650 9
89651 5
89652 4
89653 0
89654 4
89655 3
89656 3
89657 6
89658 2
89659 0
89660 4
89661 9
89662 1
89663 9
89664 1
89665 4
89666 4
89667 4
89668 5
89669 4
89670 7
89671 5
89672 9
89673 8
89674 0
89675 7
89676 0
89677 9
89678 5
89679 8
89680 9
89681 3
89682 8
89683 3
89684 8
89685 2
89686 6
89687 4
89688 8
89689 5
89690 6
89691 0
89692 5
89693 5
89694 3
89695 0
89696 8
89697 5
89698 4
89699 3
89700 2
89701 3
89702 4
89703 8
89704 0
89705 6
89706 0
89707 2
89708 4
89709 1
89710 1
89711 8
89712 6
89713 7
89714 5
89715 8
89716 3
89717 1
89718 4
89719 1
89720 3
89721 8
89722 7
89723 2
89724 4
89725 9
89726 1
89727 3
89728 2
89729 8
89730 0
89731 6
89732 8
89733 6
89734 1
89735 2
89736 5
89737 4
89738 0
89739 9
89740 5
89741 3
89742 1
89743 9
89744 4
89745 5
89746 5
89747 7
89748 5
89749 3
89750 0
89751 7
89752 2
89753 7
89754 2
89755 2
89756 3
89757 3
89758 3
89759 0
89760 1
89761 6
89762 5
89763 3
89764 4
89765 2
89766 2
89767 9
89768 4
89769 6
89770 0
89771 5
89772 6
89773 0
89774 3
89775 5
89776 6
89777 8
89778 7
89779 5
89780 7
89781 1
89782 5
89783 7
89784 3
89785 1
89786 8
89787 4
89788 7
89789 6
89790 9
89791 7
89792 7
89793 0
89794 1
89795 2
89796 3
89797 2
89798 6
89799 3
89800 2
89801 6
89802 9
89803 8
89804 5
89805 8
89806 8
89807 3
89808 5
89809 7
89810 0
89811 9
89812 3
89813 3
89814 5
89815 4
89816 2
89817 4
89818 3
89819 3
89820 8
89821 1
89822 7
89823 7
89824 8
89825 5
89826 9
89827 0
89828 9
89829 4
89830 6
89831 1
89832 2
89833 3
89834 9
89835 8
89836 5
89837 1
89838 2
89839 1
89840 2
89841 1
89842 4
89843 8
89844 1
89845 7
89846 2
89847 3
89848 5
89849 0
89850 0
89851 8
89852 4
89853 4
89854 2
89855 8
89856 4
89857 3
89858 5
89859 2
89860 0
89861 7
89862 0
89863 9
89864 4
89865 7
89866 8
89867 5
89868 0
89869 6
89870 0
89871 8
89872 0
89873 0
89874 7
89875 9
89876 0
89877 3
89878 3
89879 1
89880 4
89881 9
89882 7
89883 3
89884 1
89885 9
89886 3
89887 5
89888 5
89889 0
89890 9
89891 9
89892 5
89893 2
89894 8
89895 7
89896 6
89897 0
89898 4
89899 9
89900 5
89901 1
89902 4
89903 9
89904 6
89905 7
89906 7
89907 1
89908 8
89909 4
89910 1
89911 2
89912 6
89913 6
89914 2
89915 4
89916 3
89917 6
89918 7
89919 3
89920 3
89921 3
89922 4
89923 8
89924 9
89925 2
89926 4
89927 1
89928 6
89929 5
89930 8
89931 0
89932 7
89933 8
89934 9
89935 4
89936 6
89937 8
89938 8
89939 2
89940 2
89941 0
89942 7
89943 0
89944 3
89945 2
89946 2
89947 8
89948 8
89949 1
89950 3
89951 6
89952 1
89953 5
89954 5
89955 5
89956 1
89957 2
89958 5
89959 8
89960 5
89961 6
89962 2
89963 1
89964 5
89965 7
89966 7
89967 2
89968 8
89969 9
89970 2
89971 1
89972 7
89973 1
89974 4
89975 4
89976 3
89977 4
89978 8
89979 7
89980 5
89981 7
89982 6
89983 5
89984 0
89985 0
89986 0
89987 0
89988 3
89989 1
89990 4
89991 4
89992 9
89993 6
89994 2
89995 2
89996 0
89997 8
89998 7
89999 4
90000 7
90001 6
90002 4
90003 8
90004 7
90005 8
90006 6
90007 7
90008 0
90009 8
90010 7
90011 9
90012 5
90013 2
90014 7
90015 1
90016 5
90017 1
90018 5
90019 5
90020 9
90021 4
90022 6
90023 5
90024 7
90025 0
90026 7
90027 1
90028 4
90029 3
90030 3
90031 4
90032 7
90033 1
90034 8
90035 1
90036 2
90037 7
90038 0
90039 0
90040 6
90041 8
90042 4
90043 0
90044 9
90045 3
90046 6
90047 3
90048 0
90049 7
90050 4
90051 0
90052 8
90053 8
90054 0
90055 0
90056 8
90057 6
90058 3
90059 5
90060 3
90061 2
90062 7
90063 9
90064 9
90065 8
90066 3
90067 5
90068 3
90069 1
90070 6
90071 2
90072 1
90073 2
90074 6
90075 6
90076 6
90077 4
90078 7
90079 1
90080 8
90081 5
90082 3
90083 1
90084 4
90085 1
90086 4
90087 2
90088 9
90089 8
90090 3
90091 0
90092 0
90093 8
90094 9
90095 7
90096 2
90097 9
90098 2
90099 6
90100 9
90101 1
90102 3
90103 5
90104 3
90105 3
90106 1
90107 3
90108 6
90109 6
90110 5
90111 8
90112 7
90113 3
90114 0
90115 7
90116 3
90117 1
90118 8
90119 0
90120 1
90121 9
90122 1
90123 0
90124 6
90125 0
90126 1
90127 3
90128 1
90129 6
90130 6
90131 4
90132 9
90133 8
90134 7
90135 7
90136 1
90137 1
90138 6
90139 8
90140 2
90141 8
90142 6
90143 4
90144 6
90145 1
90146 2
90147 8
90148 8
90149 1
90150 5
90151 1
90152 3
90153 0
90154 2
90155 7
90156 1
90157 6
90158 5
90159 0
90160 9
90161 0
90162 8
90163 2
90164 1
90165 1
90166 8
90167 2
90168 8
90169 0
90170 1
90171 9
90172 5
90173 5
90174 4
90175 9
90176 7
90177 9
90178 1
90179 8
90180 5
90181 5
90182 0
90183 4
90184 7
90185 7
90186 3
90187 6
90188 8
90189 5
90190 9
90191 9
90192 0
90193 1
90194 3
90195 5
90196 8
90197 2
90198 2
90199 5
90200 0
90201 7
90202 5
90203 9
90204 1
90205 8
90206 8
90207 1
90208 5
90209 5
90210 2
90211 2
90212 3
90213 3
90214 9
90215 6
90216 5
90217 6
90218 0
90219 5
90220 5
90221 8
90222 3
90223 6
90224 1
90225 5
90226 0
90227 0
90228 4
90229 9
90230 2
90231 2
90232 6
90233 7
90234 5
90235 3
90236 5
90237 3
90238 2
90239 1
90240 3
90241 8
90242 7
90243 6
90244 5
90245 7
90246 6
90247 9
90248 1
90249 3
90250 6
90251 9
90252 7
90253 4
90254 3
90255 3
90256 0
90257 5
90258 7
90259 7
90260 2
90261 6
90262 3
90263 2
90264 6
90265 0
90266 0
90267 4
90268 6
90269 3
90270 6
90271 4
90272 7
90273 3
90274 3
90275 0
90276 1
90277 8
90278 7
90279 3
90280 3
90281 4
90282 7
90283 6
90284 7
90285 0
90286 4
90287 6
90288 0
90289 1
90290 1
90291 9
90292 2
90293 7
90294 1
90295 7
90296 9
90297 2
90298 3
90299 6
90300 1
90301 6
90302 6
90303 8
90304 0
90305 9
90306 1
90307 5
90308 8
90309 3
90310 6
90311 1
90312 9
90313 8
90314 8
90315 3
90316 4
90317 0
90318 7
90319 5
90320 7
90321 4
90322 6
90323 9
90324 7
90325 2
90326 8
90327 8
90328 7
90329 2
90330 9
90331 0
90332 9
90333 1
90334 1
90335 5
90336 7
90337 5
90338 9
90339 5
90340 9
90341 3
90342 8
90343 7
90344 7
90345 7
90346 1
90347 5
90348 3
90349 9
90350 1
90351 2
90352 6
90353 9
90354 4
90355 9
90356 4
90357 2
90358 7
90359 0
90360 2
90361 8
90362 3
90363 7
90364 0
90365 5
90366 4
90367 9
90368 2
90369 9
90370 4
90371 6
90372 5
90373 2
90374 1
90375 0
90376 2
90377 7
90378 7
90379 1
90380 7
90381 7
90382 0
90383 5
90384 4
90385 8
90386 2
90387 5
90388 1
90389 8
90390 1
90391 5
90392 7
90393 2
90394 2
90395 9
90396 5
90397 4
90398 9
90399 6
90400 1
90401 5
90402 2
90403 6
90404 2
90405 6
90406 3
90407 3
90408 5
90409 1
90410 2
90411 4
90412 5
90413 5
90414 1
90415 6
90416 3
90417 0
90418 9
90419 3
90420 5
90421 6
90422 1
90423 2
90424 5
90425 2
90426 3
90427 5
90428 9
90429 4
90430 0
90431 3
90432 5
90433 7
90434 3
90435 5
90436 8
90437 3
90438 8
90439 2
90440 7
90441 9
90442 2
90443 9
90444 8
90445 8
90446 8
90447 7
90448 0
90449 4
90450 1
90451 1
90452 3
90453 6
90454 7
90455 8
90456 4
90457 2
90458 8
90459 1
90460 3
90461 5
90462 4
90463 1
90464 1
90465 8
90466 2
90467 8
90468 5
90469 6
90470 0
90471 7
90472 0
90473 7
90474 1
90475 0
90476 3
90477 9
90478 3
90479 9
90480 3
90481 5
90482 4
90483 1
90484 9
90485 7
90486 3
90487 6
90488 5
90489 8
90490 9
90491 5
90492 3
90493 0
90494 3
90495 0
90496 5
90497 9
90498 2
90499 1
90500 0
90501 1
90502 2
90503 5
90504 6
90505 4
90506 5
90507 8
90508 4
90509 8
90510 2
90511 6
90512 3
90513 0
90514 3
90515 0
90516 8
90517 6
90518 5
90519 2
90520 4
90521 5
90522 3
90523 1
90524 8
90525 8
90526 7
90527 1
90528 7
90529 4
90530 9
90531 9
90532 5
90533 5
90534 9
90535 9
90536 7
90537 1
90538 9
90539 5
90540 7
90541 9
90542 3
90543 5
90544 8
90545 2
90546 0
90547 7
90548 3
90549 5
90550 0
90551 9
90552 2
90553 8
90554 4
90555 8
90556 5
90557 3
90558 7
90559 0
90560 1
90561 0
90562 9
90563 9
90564 1
90565 4
90566 7
90567 5
90568 6
90569 0
90570 3
90571 4
90572 4
90573 8
90574 5
90575 4
90576 6
90577 8
90578 1
90579 1
90580 8
90581 4
90582 6
90583 7
90584 7
90585 9
90586 1
90587 9
90588 8
90589 7
90590 1
90591 0
90592 8
90593 3
90594 6
90595 7
90596 8
90597 1
90598 0
90599 6
90600 2
90601 2
90602 9
90603 1
90604 4
90605 4
90606 2
90607 0
90608 0
90609 2
90610 2
90611 7
90612 4
90613 2
90614 4
90615 9
90616 5
90617 1
90618 6
90619 3
90620 3
90621 6
90622 1
90623 6
90624 0
90625 3
90626 6
90627 8
90628 5
90629 2
90630 4
90631 0
90632 4
90633 2
90634 1
90635 3
90636 5
90637 4
90638 8
90639 3
90640 2
90641 0
90642 7
90643 1
90644 2
90645 8
90646 5
90647 0
90648 0
90649 3
90650 8
90651 9
90652 9
90653 4
90654 4
90655 5
90656 5
90657 8
90658 8
90659 3
90660 6
90661 3
90662 6
90663 8
90664 6
90665 6
90666 1
90667 0
90668 5
90669 2
90670 4
90671 6
90672 8
90673 8
90674 5
90675 2
90676 8
90677 5
90678 0
90679 2
90680 1
90681 1
90682 0
90683 4
90684 5
90685 0
90686 7
90687 9
90688 3
90689 2
90690 4
90691 3
90692 0
90693 0
90694 2
90695 5
90696 8
90697 5
90698 5
90699 7
90700 3
90701 8
90702 8
90703 1
90704 9
90705 2
90706 8
90707 5
90708 5
90709 7
90710 1
90711 9
90712 3
90713 3
90714 4
90715 5
90716 2
90717 8
90718 7
90719 2
90720 3
90721 1
90722 2
90723 8
90724 5
90725 6
90726 6
90727 4
90728 3
90729 1
90730 5
90731 0
90732 5
90733 2
90734 4
90735 1
90736 6
90737 8
90738 7
90739 2
90740 1
90741 2
90742 7
90743 3
90744 5
90745 8
90746 7
90747 2
90748 8
90749 4
90750 3
90751 8
90752 0
90753 4
90754 3
90755 3
90756 2
90757 7
90758 7
90759 0
90760 5
90761 4
90762 7
90763 0
90764 3
90765 4
90766 8
90767 2
90768 9
90769 9
90770 2
90771 6
90772 3
90773 6
90774 8
90775 1
90776 8
90777 2
90778 4
90779 3
90780 1
90781 6
90782 6
90783 4
90784 8
90785 8
90786 8
90787 8
90788 1
90789 4
90790 1
90791 9
90792 1
90793 6
90794 1
90795 0
90796 6
90797 8
90798 3
90799 1
90800 3
90801 1
90802 1
90803 0
90804 3
90805 3
90806 5
90807 3
90808 8
90809 7
90810 5
90811 1
90812 2
90813 2
90814 9
90815 5
90816 7
90817 8
90818 4
90819 2
90820 3
90821 7
90822 1
90823 6
90824 0
90825 9
90826 4
90827 7
90828 2
90829 9
90830 0
90831 7
90832 2
90833 1
90834 0
90835 5
90836 6
90837 0
90838 8
90839 3
90840 4
90841 7
90842 0
90843 5
90844 3
90845 1
90846 3
90847 6
90848 0
90849 7
90850 5
90851 3
90852 3
90853 0
90854 6
90855 2
90856 0
90857 7
90858 3
90859 3
90860 2
90861 7
90862 0
90863 3
90864 6
90865 2
90866 0
90867 4
90868 8
90869 3
90870 3
90871 5
90872 1
90873 4
90874 8
90875 4
90876 7
90877 8
90878 8
90879 9
90880 0
90881 6
90882 7
90883 0
90884 6
90885 2
90886 7
90887 0
90888 7
90889 6
90890 4
90891 2
90892 2
90893 3
90894 7
90895 9
90896 1
90897 2
90898 6
90899 6
90900 9
90901 7
90902 3
90903 2
90904 7
90905 7
90906 4
90907 6
90908 0
90909 1
90910 4
90911 7
90912 0
90913 3
90914 8
90915 0
90916 4
90917 6
90918 4
90919 6
90920 9
90921 1
90922 3
90923 7
90924 0
90925 1
90926 7
90927 8
90928 8
90929 9
90930 8
90931 8
90932 9
90933 9
90934 7
90935 5
90936 6
90937 4
90938 9
90939 5
90940 6
90941 7
90942 9
90943 6
90944 8
90945 3
90946 5
90947 7
90948 0
90949 4
90950 6
90951 2
90952 5
90953 1
90954 8
90955 0
90956 1
90957 2
90958 7
90959 1
90960 2
90961 7
90962 5
90963 4
90964 9
90965 1
90966 1
90967 7
90968 4
90969 1
90970 8
90971 7
90972 9
90973 1
90974 8
90975 7
90976 5
90977 4
90978 3
90979 0
90980 2
90981 6
90982 4
90983 8
90984 4
90985 2
90986 1
90987 9
90988 5
90989 2
90990 7
90991 9
90992 3
90993 8
90994 3
90995 3
90996 2
90997 3
90998 2
90999 2
91000 8
91001 3
91002 3
91003 9
91004 0
91005 7
91006 1
91007 3
91008 2
91009 4
91010 1
91011 4
91012 7
91013 0
91014 6
91015 4
91016 3
91017 3
91018 2
91019 6
91020 5
91021 2
91022 4
91023 5
91024 2
91025 2
91026 4
91027 2
91028 2
91029 7
91030 4
91031 3
91032 8
91033 6
91034 4
91035 8
91036 4
91037 7
91038 1
91039 2
91040 6
91041 7
91042 6
91043 6
91044 0
91045 3
91046 2
91047 3
91048 2
91049 1
91050 3
91051 4
91052 6
91053 7
91054 0
91055 4
91056 7
91057 1
91058 4
91059 7
91060 4
91061 7
91062 7
91063 7
91064 9
91065 4
91066 1
91067 8
91068 9
91069 8
91070 3
91071 6
91072 7
91073 0
91074 3
91075 9
91076 6
91077 5
91078 2
91079 7
91080 9
91081 9
91082 3
91083 8
91084 9
91085 3
91086 5
91087 1
91088 7
91089 9
91090 3
91091 5
91092 2
91093 3
91094 9
91095 2
91096 7
91097 0
91098 6
91099 2
91100 3
91101 7
91102 8
91103 2
91104 8
91105 8
91106 1
91107 1
91108 4
91109 9
91110 6
91111 8
91112 7
91113 3
91114 5
91115 9
91116 0
91117 5
91118 4
91119 4
91120 0
91121 9
91122 5
91123 8
91124 1
91125 2
91126 0
91127 5
91128 2
91129 8
91130 2
91131 1
91132 1
91133 9
91134 6
91135 0
91136 5
91137 1
91138 4
91139 3
91140 4
91141 3
91142 9
91143 9
91144 3
91145 0
91146 5
91147 1
91148 9
91149 0
91150 1
91151 5
91152 8
91153 4
91154 8
91155 6
91156 2
91157 7
91158 6
91159 7
91160 7
91161 3
91162 2
91163 9
91164 5
91165 1
91166 1
91167 2
91168 6
91169 7
91170 6
91171 4
91172 3
91173 1
91174 3
91175 0
91176 9
91177 4
91178 6
91179 9
91180 8
91181 6
91182 1
91183 9
91184 5
91185 6
91186 8
91187 1
91188 1
91189 0
91190 3
91191 1
91192 2
91193 9
91194 0
91195 1
91196 7
91197 4
91198 6
91199 4
91200 8
91201 8
91202 4
91203 9
91204 2
91205 8
91206 6
91207 5
91208 1
91209 1
91210 9
91211 6
91212 6
91213 2
91214 2
91215 3
91216 6
91217 6
91218 1
91219 1
91220 0
91221 7
91222 2
91223 1
91224 6
91225 9
91226 4
91227 7
91228 5
91229 4
91230 7
91231 9
91232 2
91233 2
91234 8
91235 3
91236 6
91237 5
91238 6
91239 4
91240 5
91241 6
91242 0
91243 0
91244 2
91245 1
91246 5
91247 8
91248 9
91249 8
91250 5
91251 7
91252 1
91253 5
91254 0
91255 6
91256 4
91257 4
91258 9
91259 1
91260 9
91261 1
91262 8
91263 3
91264 5
91265 9
91266 6
91267 5
91268 0
91269 9
91270 5
91271 3
91272 3
91273 0
91274 6
91275 7
91276 2
91277 5
91278 1
91279 6
91280 4
91281 5
91282 5
91283 9
91284 1
91285 8
91286 3
91287 4
91288 0
91289 7
91290 9
91291 5
91292 8
91293 2
91294 6
91295 9
91296 0
91297 7
91298 9
91299 7
91300 7
91301 5
91302 9
91303 9
91304 0
91305 9
91306 5
91307 6
91308 0
91309 4
91310 1
91311 6
91312 7
91313 3
91314 9
91315 4
91316 7
91317 0
91318 6
91319 5
91320 1
91321 9
91322 9
91323 9
91324 1
91325 7
91326 9
91327 3
91328 7
91329 6
91330 7
91331 0
91332 7
91333 8
91334 0
91335 6
91336 0
91337 9
91338 4
91339 4
91340 8
91341 6
91342 0
91343 2
91344 5
91345 9
91346 5
91347 1
91348 5
91349 1
91350 5
91351 7
91352 9
91353 0
91354 4
91355 7
91356 9
91357 7
91358 3
91359 6
91360 8
91361 7
91362 4
91363 8
91364 4
91365 1
91366 0
91367 2
91368 3
91369 0
91370 6
91371 5
91372 4
91373 5
91374 9
91375 6
91376 1
91377 2
91378 2
91379 0
91380 6
91381 3
91382 7
91383 9
91384 1
91385 5
91386 5
91387 5
91388 2
91389 9
91390 7
91391 1
91392 6
91393 5
91394 3
91395 1
91396 1
91397 0
91398 3
91399 0
91400 4
91401 2
91402 7
91403 7
91404 6
91405 8
91406 3
91407 1
91408 9
91409 2
91410 4
91411 8
91412 3
91413 9
91414 6
91415 5
91416 5
91417 9
91418 3
91419 9
91420 4
91421 1
91422 3
91423 0
91424 5
91425 6
91426 9
91427 0
91428 8
91429 6
91430 6
91431 7
91432 7
91433 0
91434 4
91435 2
91436 2
91437 8
91438 8
91439 9
91440 6
91441 3
91442 2
91443 5
91444 8
91445 0
91446 5
91447 6
91448 4
91449 2
91450 8
91451 5
91452 2
91453 5
91454 3
91455 7
91456 4
91457 8
91458 7
91459 0
91460 8
91461 0
91462 3
91463 7
91464 6
91465 6
91466 1
91467 6
91468 0
91469 7
91470 5
91471 4
91472 8
91473 3
91474 8
91475 0
91476 7
91477 7
91478 6
91479 2
91480 2
91481 8
91482 6
91483 9
91484 0
91485 0
91486 0
91487 1
91488 6
91489 3
91490 4
91491 2
91492 7
91493 5
91494 0
91495 9
91496 5
91497 4
91498 3
91499 9
91500 9
91501 3
91502 2
91503 1
91504 4
91505 0
91506 3
91507 9
91508 1
91509 0
91510 1
91511 4
91512 9
91513 2
91514 8
91515 8
91516 5
91517 5
91518 3
91519 6
91520 6
91521 2
91522 7
91523 1
91524 6
91525 9
91526 2
91527 7
91528 3
91529 9
91530 5
91531 2
91532 2
91533 7
91534 6
91535 7
91536 4
91537 6
91538 2
91539 3
91540 2
91541 3
91542 8
91543 0
91544 0
91545 2
91546 9
91547 3
91548 5
91549 1
91550 4
91551 9
91552 4
91553 0
91554 9
91555 2
91556 3
91557 7
91558 4
91559 1
91560 1
91561 8
91562 2
91563 9
91564 9
91565 9
91566 9
91567 6
91568 1
91569 6
91570 6
91571 6
91572 7
91573 6
91574 8
91575 7
91576 5
91577 1
91578 8
91579 6
91580 8
91581 7
91582 6
91583 4
91584 7
91585 2
91586 4
91587 9
91588 1
91589 0
91590 7
91591 2
91592 4
91593 5
91594 1
91595 2
91596 6
91597 9
91598 6
91599 1
91600 6
91601 8
91602 3
91603 9
91604 4
91605 4
91606 8
91607 6
91608 1
91609 9
91610 0
91611 0
91612 4
91613 2
91614 8
91615 6
91616 9
91617 0
91618 5
91619 3
91620 0
91621 3
91622 7
91623 4
91624 1
91625 5
91626 4
91627 0
91628 4
91629 4
91630 9
91631 3
91632 0
91633 5
91634 3
91635 7
91636 5
91637 0
91638 6
91639 5
91640 6
91641 2
91642 3
91643 7
91644 9
91645 0
91646 5
91647 1
91648 8
91649 1
91650 3
91651 1
91652 4
91653 0
91654 4
91655 6
91656 4
91657 5
91658 0
91659 1
91660 9
91661 1
91662 7
91663 6
91664 2
91665 5
91666 2
91667 8
91668 7
91669 3
91670 1
91671 8
91672 0
91673 2
91674 0
91675 5
91676 7
91677 1
91678 9
91679 7
91680 6
91681 2
91682 2
91683 4
91684 5
91685 2
91686 5
91687 7
91688 6
91689 4
91690 3
91691 2
91692 6
91693 3
91694 4
91695 7
91696 0
91697 2
91698 2
91699 5
91700 4
91701 5
91702 7
91703 2
91704 1
91705 6
91706 0
91707 7
91708 8
91709 5
91710 2
91711 5
91712 6
91713 9
91714 0
91715 2
91716 6
91717 6
91718 0
91719 2
91720 6
91721 4
91722 1
91723 4
91724 0
91725 0
91726 8
91727 3
91728 3
91729 8
91730 0
91731 5
91732 0
91733 4
91734 3
91735 9
91736 3
91737 3
91738 3
91739 2
91740 0
91741 0
91742 9
91743 0
91744 9
91745 7
91746 4
91747 3
91748 8
91749 4
91750 5
91751 6
91752 1
91753 1
91754 7
91755 6
91756 8
91757 2
91758 3
91759 2
91760 4
91761 9
91762 8
91763 4
91764 5
91765 0
91766 3
91767 3
91768 6
91769 6
91770 0
91771 7
91772 6
91773 3
91774 8
91775 6
91776 1
91777 4
91778 3
91779 7
91780 2
91781 1
91782 5
91783 2
91784 4
91785 5
91786 1
91787 1
91788 1
91789 4
91790 3
91791 8
91792 0
91793 1
91794 4
91795 8
91796 5
91797 6
91798 5
91799 0
91800 5
91801 4
91802 9
91803 6
91804 0
91805 5
91806 6
91807 2
91808 7
91809 2
91810 2
91811 0
91812 1
91813 7
91814 7
91815 5
91816 1
91817 2
91818 3
91819 7
91820 8
91821 5
91822 9
91823 7
91824 1
91825 3
91826 8
91827 3
91828 2
91829 6
91830 2
91831 6
91832 2
91833 0
91834 2
91835 9
91836 9
91837 9
91838 8
91839 3
91840 3
91841 8
91842 9
91843 3
91844 5
91845 8
91846 2
91847 6
91848 7
91849 0
91850 7
91851 9
91852 2
91853 4
91854 9
91855 2
91856 7
91857 4
91858 0
91859 7
91860 7
91861 2
91862 7
91863 2
91864 1
91865 7
91866 8
91867 8
91868 9
91869 9
91870 4
91871 4
91872 6
91873 6
91874 1
91875 6
91876 9
91877 9
91878 9
91879 9
91880 5
91881 2
91882 3
91883 7
91884 7
91885 4
91886 1
91887 0
91888 1
91889 6
91890 0
91891 8
91892 3
91893 1
91894 0
91895 3
91896 8
91897 6
91898 2
91899 6
91900 2
91901 5
91902 4
91903 5
91904 3
91905 6
91906 6
91907 5
91908 0
91909 5
91910 6
91911 3
91912 1
91913 7
91914 5
91915 6
91916 9
91917 0
91918 1
91919 1
91920 0
91921 1
91922 0
91923 6
91924 9
91925 1
91926 5
91927 6
91928 8
91929 9
91930 6
91931 4
91932 2
91933 2
91934 9
91935 9
91936 0
91937 8
91938 9
91939 7
91940 2
91941 6
91942 4
91943 9
91944 8
91945 9
91946 6
91947 8
91948 4
91949 0
91950 2
91951 3
91952 3
91953 8
91954 9
91955 9
91956 9
91957 9
91958 8
91959 2
91960 6
91961 3
91962 8
91963 4
91964 8
91965 3
91966 2
91967 3
91968 0
91969 3
91970 1
91971 2
91972 7
91973 8
91974 3
91975 4
91976 7
91977 2
91978 0
91979 1
91980 9
91981 2
91982 0
91983 9
91984 1
91985 8
91986 6
91987 0
91988 1
91989 0
91990 4
91991 2
91992 0
91993 9
91994 5
91995 5
91996 4
91997 5
91998 6
91999 8
92000 3
92001 3
92002 4
92003 7
92004 1
92005 3
92006 3
92007 8
92008 1
92009 9
92010 8
92011 0
92012 0
92013 9
92014 3
92015 2
92016 9
92017 0
92018 7
92019 4
92020 1
92021 6
92022 3
92023 0
92024 7
92025 1
92026 1
92027 9
92028 2
92029 9
92030 2
92031 3
92032 9
92033 8
92034 4
92035 8
92036 7
92037 4
92038 2
92039 1
92040 1
92041 8
92042 1
92043 8
92044 7
92045 2
92046 8
92047 1
92048 2
92049 2
92050 6
92051 2
92052 8
92053 7
92054 5
92055 8
92056 8
92057 3
92058 3
92059 5
92060 4
92061 7
92062 9
92063 4
92064 8
92065 8
92066 8
92067 5
92068 0
92069 6
92070 9
92071 5
92072 5
92073 7
92074 7
92075 0
92076 7
92077 0
92078 7
92079 0
92080 5
92081 9
92082 1
92083 9
92084 4
92085 0
92086 5
92087 6
92088 5
92089 4
92090 2
92091 8
92092 3
92093 1
92094 2
92095 2
92096 7
92097 8
92098 8
92099 9
92100 3
92101 0
92102 5
92103 1
92104 5
92105 2
92106 6
92107 8
92108 0
92109 8
92110 7
92111 0
92112 1
92113 8
92114 0
92115 3
92116 3
92117 8
92118 6
92119 0
92120 9
92121 5
92122 2
92123 9
92124 4
92125 1
92126 1
92127 6
92128 7
92129 1
92130 2
92131 7
92132 4
92133 6
92134 3
92135 2
92136 4
92137 6
92138 3
92139 6
92140 4
92141 5
92142 6
92143 2
92144 8
92145 6
92146 2
92147 2
92148 2
92149 3
92150 9
92151 3
92152 6
92153 5
92154 4
92155 9
92156 5
92157 4
92158 6
92159 7
92160 5
92161 0
92162 4
92163 7
92164 8
92165 4
92166 6
92167 7
92168 9
92169 0
92170 4
92171 2
92172 0
92173 1
92174 4
92175 3
92176 8
92177 3
92178 0
92179 8
92180 1
92181 3
92182 8
92183 0
92184 5
92185 1
92186 9
92187 7
92188 0
92189 0
92190 3
92191 6
92192 3
92193 9
92194 7
92195 1
92196 1
92197 5
92198 5
92199 4
92200 1
92201 7
92202 2
92203 4
92204 1
92205 0
92206 6
92207 8
92208 0
92209 3
92210 1
92211 3
92212 0
92213 4
92214 3
92215 0
92216 1
92217 9
92218 9
92219 6
92220 2
92221 8
92222 2
92223 9
92224 1
92225 4
92226 2
92227 0
92228 2
92229 9
92230 0
92231 6
92232 2
92233 2
92234 0
92235 7
92236 0
92237 0
92238 8
92239 3
92240 9
92241 4
92242 8
92243 9
92244 9
92245 8
92246 2
92247 2
92248 1
92249 3
92250 0
92251 2
92252 6
92253 2
92254 2
92255 5
92256 1
92257 3
92258 3
92259 5
92260 6
92261 6
92262 3
92263 0
92264 6
92265 2
92266 1
92267 2
92268 0
92269 8
92270 0
92271 2
92272 9
92273 6
92274 8
92275 4
92276 4
92277 6
92278 0
92279 1
92280 1
92281 6
92282 0
92283 1
92284 6
92285 6
92286 6
92287 4
92288 6
92289 8
92290 3
92291 9
92292 9
92293 5
92294 1
92295 2
92296 0
92297 0
92298 4
92299 4
92300 6
92301 9
92302 7
92303 3
92304 3
92305 9
92306 2
92307 4
92308 8
92309 0
92310 1
92311 2
92312 8
92313 2
92314 8
92315 1
92316 4
92317 6
92318 5
92319 4
92320 7
92321 5
92322 5
92323 4
92324 2
92325 9
92326 9
92327 1
92328 4
92329 1
92330 6
92331 7
92332 9
92333 4
92334 0
92335 0
92336 3
92337 4
92338 6
92339 9
92340 2
92341 6
92342 7
92343 8
92344 3
92345 3
92346 6
92347 8
92348 9
92349 9
92350 1
92351 8
92352 6
92353 7
92354 5
92355 6
92356 9
92357 6
92358 5
92359 0
92360 7
92361 8
92362 6
92363 2
92364 2
92365 0
92366 0
92367 6
92368 1
92369 5
92370 9
92371 6
92372 4
92373 3
92374 4
92375 4
92376 8
92377 2
92378 8
92379 7
92380 3
92381 7
92382 5
92383 2
92384 9
92385 9
92386 1
92387 0
92388 8
92389 7
92390 7
92391 4
92392 4
92393 9
92394 7
92395 2
92396 4
92397 4
92398 3
92399 7
92400 4
92401 3
92402 7
92403 9
92404 6
92405 0
92406 8
92407 2
92408 7
92409 3
92410 1
92411 7
92412 4
92413 8
92414 7
92415 0
92416 1
92417 8
92418 8
92419 3
92420 9
92421 5
92422 1
92423 8
92424 5
92425 4
92426 0
92427 2
92428 1
92429 7
92430 3
92431 9
92432 9
92433 7
92434 3
92435 2
92436 1
92437 4
92438 5
92439 7
92440 7
92441 9
92442 0
92443 9
92444 4
92445 1
92446 7
92447 3
92448 8
92449 7
92450 7
92451 2
92452 0
92453 2
92454 0
92455 6
92456 2
92457 7
92458 0
92459 9
92460 6
92461 9
92462 7
92463 5
92464 1
92465 7
92466 9
92467 2
92468 6
92469 9
92470 2
92471 9
92472 4
92473 6
92474 0
92475 1
92476 8
92477 1
92478 1
92479 8
92480 6
92481 6
92482 3
92483 7
92484 0
92485 6
92486 9
92487 4
92488 9
92489 6
92490 6
92491 8
92492 5
92493 4
92494 6
92495 7
92496 6
92497 4
92498 1
92499 3
92500 8
92501 9
92502 3
92503 0
92504 2
92505 0
92506 1
92507 3
92508 0
92509 1
92510 1
92511 7
92512 9
92513 6
92514 0
92515 5
92516 0
92517 1
92518 9
92519 7
92520 7
92521 1
92522 3
92523 7
92524 0
92525 9
92526 8
92527 1
92528 8
92529 2
92530 4
92531 6
92532 9
92533 0
92534 1
92535 6
92536 6
92537 1
92538 8
92539 0
92540 1
92541 6
92542 5
92543 3
92544 5
92545 7
92546 9
92547 4
92548 2
92549 1
92550 4
92551 6
92552 4
92553 9
92554 6
92555 8
92556 1
92557 9
92558 1
92559 3
92560 8
92561 9
92562 3
92563 7
92564 9
92565 6
92566 4
92567 7
92568 9
92569 6
92570 5
92571 2
92572 7
92573 3
92574 6
92575 7
92576 4
92577 6
92578 4
92579 8
92580 9
92581 5
92582 4
92583 0
92584 2
92585 7
92586 3
92587 6
92588 7
92589 3
92590 7
92591 2
92592 3
92593 2
92594 4
92595 2
92596 2
92597 2
92598 3
92599 4
92600 3
92601 1
92602 0
92603 8
92604 8
92605 0
92606 1
92607 0
92608 0
92609 7
92610 2
92611 4
92612 6
92613 8
92614 3
92615 8
92616 8
92617 2
92618 8
92619 2
92620 2
92621 6
92622 6
92623 3
92624 9
92625 2
92626 7
92627 3
92628 7
92629 9
92630 1
92631 3
92632 2
92633 3
92634 4
92635 0
92636 3
92637 2
92638 8
92639 5
92640 8
92641 4
92642 9
92643 1
92644 1
92645 3
92646 9
92647 0
92648 9
92649 3
92650 6
92651 7
92652 2
92653 6
92654 6
92655 9
92656 7
92657 6
92658 2
92659 2
92660 5
92661 1
92662 7
92663 2
92664 5
92665 4
92666 4
92667 9
92668 1
92669 6
92670 2
92671 6
92672 5
92673 5
92674 3
92675 9
92676 1
92677 2
92678 1
92679 8
92680 6
92681 8
92682 9
92683 7
92684 8
92685 9
92686 7
92687 8
92688 2
92689 2
92690 6
92691 0
92692 4
92693 9
92694 0
92695 7
92696 6
92697 0
92698 4
92699 7
92700 4
92701 4
92702 1
92703 8
92704 9
92705 1
92706 4
92707 7
92708 1
92709 7
92710 0
92711 3
92712 9
92713 0
92714 1
92715 7
92716 4
92717 1
92718 1
92719 9
92720 9
92721 2
92722 0
92723 6
92724 8
92725 7
92726 4
92727 2
92728 7
92729 7
92730 0
92731 5
92732 8
92733 2
92734 9
92735 8
92736 2
92737 1
92738 0
92739 2
92740 6
92741 0
92742 5
92743 3
92744 8
92745 8
92746 6
92747 5
92748 3
92749 9
92750 3
92751 6
92752 1
92753 1
92754 8
92755 0
92756 0
92757 4
92758 6
92759 0
92760 7
92761 3
92762 8
92763 0
92764 2
92765 3
92766 9
92767 9
92768 5
92769 9
92770 9
92771 5
92772 2
92773 9
92774 7
92775 3
92776 6
92777 6
92778 2
92779 8
92780 3
92781 4
92782 6
92783 1
92784 8
92785 0
92786 4
92787 0
92788 1
92789 2
92790 6
92791 0
92792 1
92793 5
92794 3
92795 9
92796 9
92797 4
92798 4
92799 5
92800 5
92801 3
92802 1
92803 7
92804 4
92805 8
92806 3
92807 0
92808 3
92809 2
92810 0
92811 1
92812 7
92813 6
92814 9
92815 0
92816 7
92817 9
92818 6
92819 4
92820 2
92821 6
92822 1
92823 9
92824 0
92825 1
92826 6
92827 7
92828 2
92829 2
92830 6
92831 2
92832 9
92833 1
92834 1
92835 6
92836 1
92837 9
92838 8
92839 8
92840 7
92841 9
92842 4
92843 8
92844 5
92845 6
92846 3
92847 5
92848 9
92849 5
92850 8
92851 7
92852 8
92853 2
92854 7
92855 7
92856 7
92857 1
92858 9
92859 1
92860 3
92861 1
92862 3
92863 6
92864 5
92865 7
92866 2
92867 9
92868 2
92869 2
92870 8
92871 6
92872 8
92873 9
92874 5
92875 1
92876 1
92877 6
92878 1
92879 6
92880 6
92881 8
92882 3
92883 0
92884 1
92885 9
92886 8
92887 9
92888 5
92889 3
92890 9
92891 5
92892 4
92893 1
92894 5
92895 7
92896 4
92897 7
92898 7
92899 3
92900 2
92901 9
92902 0
92903 6
92904 9
92905 0
92906 4
92907 1
92908 5
92909 4
92910 1
92911 2
92912 9
92913 8
92914 2
92915 7
92916 0
92917 8
92918 3
92919 3
92920 2
92921 8
92922 8
92923 4
92924 5
92925 5
92926 4
92927 4
92928 3
92929 7
92930 4
92931 4
92932 2
92933 6
92934 3
92935 7
92936 4
92937 3
92938 3
92939 5
92940 0
92941 1
92942 5
92943 6
92944 5
92945 4
92946 5
92947 6
92948 8
92949 8
92950 8
92951 6
92952 4
92953 1
92954 1
92955 9
92956 4
92957 1
92958 8
92959 6
92960 1
92961 9
92962 9
92963 3
92964 4
92965 0
92966 6
92967 7
92968 3
92969 0
92970 4
92971 7
92972 1
92973 1
92974 1
92975 4
92976 9
92977 3
92978 4
92979 1
92980 4
92981 1
92982 9
92983 6
92984 2
92985 7
92986 6
92987 7
92988 4
92989 1
92990 3
92991 5
92992 7
92993 6
92994 5
92995 8
92996 0
92997 6
92998 3
92999 9
93000 3
93001 7
93002 4
93003 0
93004 2
93005 7
93006 7
93007 3
93008 1
93009 2
93010 4
93011 6
93012 9
93013 5
93014 4
93015 9
93016 6
93017 1
93018 6
93019 6
93020 5
93021 7
93022 4
93023 7
93024 1
93025 5
93026 5
93027 9
93028 3
93029 4
93030 6
93031 0
93032 0
93033 2
93034 8
93035 8
93036 5
93037 4
93038 0
93039 2
93040 0
93041 7
93042 6
93043 3
93044 3
93045 6
93046 8
93047 5
93048 2
93049 2
93050 1
93051 8
93052 1
93053 2
93054 2
93055 5
93056 8
93057 2
93058 3
93059 5
93060 1
93061 3
93062 0
93063 4
93064 2
93065 7
93066 8
93067 9
93068 3
93069 3
93070 4
93071 4
93072 2
93073 4
93074 9
93075 1
93076 1
93077 8
93078 2
93079 9
93080 2
93081 6
93082 0
93083 5
93084 3
93085 2
93086 1
93087 7
93088 3
93089 6
93090 2
93091 7
93092 0
93093 0
93094 6
93095 2
93096 2
93097 4
93098 5
93099 7
93100 1
93101 7
93102 0
93103 6
93104 9
93105 3
93106 7
93107 7
93108 5
93109 3
93110 7
93111 7
93112 4
93113 2
93114 3
93115 9
93116 5
93117 0
93118 2
93119 5
93120 0
93121 1
93122 7
93123 6
93124 3
93125 9
93126 4
93127 4
93128 8
93129 9
93130 1
93131 0
93132 9
93133 3
93134 1
93135 4
93136 0
93137 9
93138 1
93139 2
93140 3
93141 2
93142 2
93143 5
93144 7
93145 0
93146 7
93147 6
93148 7
93149 6
93150 9
93151 9
93152 9
93153 8
93154 4
93155 2
93156 5
93157 3
93158 5
93159 1
93160 7
93161 6
93162 7
93163 2
93164 8
93165 0
93166 1
93167 9
93168 2
93169 1
93170 2
93171 9
93172 2
93173 0
93174 0
93175 8
93176 6
93177 1
93178 5
93179 6
93180 3
93181 1
93182 7
93183 6
93184 7
93185 4
93186 6
93187 0
93188 9
93189 3
93190 4
93191 2
93192 2
93193 5
93194 4
93195 3
93196 7
93197 7
93198 6
93199 9
93200 1
93201 3
93202 1
93203 6
93204 5
93205 0
93206 6
93207 2
93208 5
93209 9
93210 2
93211 2
93212 9
93213 2
93214 2
93215 7
93216 5
93217 6
93218 6
93219 9
93220 1
93221 2
93222 5
93223 0
93224 3
93225 1
93226 3
93227 3
93228 7
93229 9
93230 6
93231 9
93232 0
93233 5
93234 3
93235 1
93236 9
93237 2
93238 9
93239 0
93240 5
93241 3
93242 5
93243 4
93244 0
93245 3
93246 6
93247 8
93248 5
93249 4
93250 7
93251 9
93252 0
93253 2
93254 5
93255 0
93256 8
93257 3
93258 1
93259 1
93260 9
93261 4
93262 4
93263 2
93264 4
93265 5
93266 6
93267 8
93268 5
93269 2
93270 4
93271 0
93272 6
93273 5
93274 3
93275 6
93276 1
93277 5
93278 3
93279 6
93280 7
93281 1
93282 4
93283 1
93284 4
93285 9
93286 2
93287 9
93288 6
93289 0
93290 6
93291 6
93292 1
93293 5
93294 0
93295 3
93296 2
93297 1
93298 8
93299 3
93300 7
93301 4
93302 0
93303 2
93304 2
93305 7
93306 3
93307 1
93308 9
93309 8
93310 0
93311 8
93312 7
93313 6
93314 0
93315 3
93316 5
93317 6
93318 0
93319 4
93320 8
93321 7
93322 1
93323 9
93324 4
93325 6
93326 3
93327 7
93328 6
93329 1
93330 2
93331 6
93332 4
93333 6
93334 4
93335 8
93336 6
93337 7
93338 1
93339 8
93340 9
93341 4
93342 2
93343 2
93344 8
93345 3
93346 0
93347 0
93348 3
93349 3
93350 1
93351 9
93352 5
93353 1
93354 0
93355 4
93356 3
93357 1
93358 7
93359 4
93360 4
93361 9
93362 2
93363 6
93364 6
93365 0
93366 1
93367 5
93368 4
93369 5
93370 2
93371 7
93372 5
93373 4
93374 4
93375 5
93376 9
93377 4
93378 6
93379 2
93380 9
93381 2
93382 6
93383 7
93384 8
93385 9
93386 3
93387 2
93388 1
93389 5
93390 6
93391 1
93392 0
93393 5
93394 1
93395 9
93396 9
93397 4
93398 0
93399 6
93400 5
93401 3
93402 1
93403 0
93404 4
93405 2
93406 9
93407 6
93408 1
93409 8
93410 6
93411 3
93412 5
93413 8
93414 3
93415 8
93416 0
93417 1
93418 4
93419 5
93420 9
93421 0
93422 7
93423 8
93424 3
93425 1
93426 5
93427 7
93428 3
93429 7
93430 2
93431 1
93432 4
93433 1
93434 9
93435 8
93436 1
93437 6
93438 2
93439 0
93440 3
93441 8
93442 5
93443 1
93444 6
93445 6
93446 5
93447 9
93448 2
93449 3
93450 4
93451 3
93452 1
93453 2
93454 1
93455 2
93456 3
93457 7
93458 2
93459 4
93460 7
93461 7
93462 7
93463 3
93464 0
93465 1
93466 5
93467 2
93468 4
93469 4
93470 0
93471 2
93472 3
93473 7
93474 4
93475 9
93476 8
93477 0
93478 5
93479 7
93480 0
93481 8
93482 9
93483 8
93484 3
93485 9
93486 2
93487 3
93488 0
93489 3
93490 6
93491 2
93492 9
93493 6
93494 3
93495 0
93496 5
93497 0
93498 4
93499 3
93500 6
93501 8
93502 9
93503 5
93504 1
93505 5
93506 1
93507 3
93508 3
93509 3
93510 3
93511 1
93512 4
93513 2
93514 9
93515 9
93516 1
93517 3
93518 3
93519 7
93520 7
93521 0
93522 3
93523 1
93524 2
93525 8
93526 4
93527 4
93528 2
93529 0
93530 2
93531 4
93532 4
93533 9
93534 9
93535 7
93536 3
93537 1
93538 0
93539 5
93540 0
93541 1
93542 0
93543 2
93544 7
93545 5
93546 3
93547 9
93548 3
93549 6
93550 8
93551 3
93552 0
93553 3
93554 6
93555 1
93556 2
93557 7
93558 6
93559 4
93560 9
93561 9
93562 9
93563 9
93564 6
93565 0
93566 4
93567 4
93568 1
93569 6
93570 9
93571 6
93572 9
93573 6
93574 7
93575 1
93576 1
93577 5
93578 8
93579 5
93580 4
93581 9
93582 6
93583 1
93584 2
93585 0
93586 1
93587 4
93588 7
93589 7
93590 6
93591 0
93592 1
93593 1
93594 6
93595 8
93596 4
93597 4
93598 7
93599 2
93600 8
93601 0
93602 9
93603 5
93604 9
93605 1
93606 6
93607 4
93608 3
93609 6
93610 8
93611 4
93612 1
93613 9
93614 8
93615 4
93616 7
93617 8
93618 8
93619 0
93620 9
93621 0
93622 3
93623 6
93624 5
93625 1
93626 8
93627 4
93628 3
93629 0
93630 7
93631 5
93632 9
93633 3
93634 3
93635 4
93636 0
93637 4
93638 6
93639 2
93640 9
93641 8
93642 8
93643 8
93644 1
93645 9
93646 6
93647 2
93648 7
93649 9
93650 4
93651 8
93652 7
93653 9
93654 9
93655 9
93656 3
93657 4
93658 1
93659 0
93660 2
93661 7
93662 9
93663 6
93664 5
93665 3
93666 4
93667 6
93668 5
93669 4
93670 9
93671 7
93672 2
93673 3
93674 2
93675 3
93676 9
93677 4
93678 8
93679 3
93680 4
93681 0
93682 2
93683 0
93684 8
93685 1
93686 4
93687 6
93688 9
93689 2
93690 1
93691 1
93692 0
93693 5
93694 5
93695 6
93696 1
93697 5
93698 1
93699 3
93700 4
93701 6
93702 3
93703 9
93704 6
93705 5
93706 4
93707 6
93708 8
93709 4
93710 3
93711 5
93712 6
93713 5
93714 2
93715 4
93716 9
93717 0
93718 7
93719 1
93720 2
93721 0
93722 7
93723 9
93724 8
93725 3
93726 0
93727 1
93728 8
93729 0
93730 2
93731 8
93732 2
93733 1
93734 7
93735 3
93736 6
93737 6
93738 7
93739 0
93740 4
93741 5
93742 8
93743 7
93744 4
93745 7
93746 0
93747 9
93748 2
93749 5
93750 7
93751 7
93752 8
93753 6
93754 9
93755 6
93756 1
93757 6
93758 5
93759 4
93760 7
93761 1
93762 0
93763 4
93764 7
93765 9
93766 0
93767 9
93768 1
93769 7
93770 7
93771 7
93772 0
93773 2
93774 3
93775 5
93776 4
93777 1
93778 7
93779 3
93780 2
93781 0
93782 6
93783 0
93784 5
93785 0
93786 8
93787 2
93788 4
93789 8
93790 7
93791 4
93792 2
93793 0
93794 7
93795 9
93796 4
93797 7
93798 8
93799 4
93800 8
93801 4
93802 4
93803 3
93804 9
93805 0
93806 1
93807 9
93808 6
93809 5
93810 9
93811 4
93812 8
93813 6
93814 8
93815 6
93816 3
93817 2
93818 2
93819 5
93820 6
93821 4
93822 4
93823 6
93824 4
93825 8
93826 2
93827 1
93828 5
93829 3
93830 3
93831 4
93832 1
93833 3
93834 9
93835 6
93836 4
93837 1
93838 4
93839 7
93840 8
93841 3
93842 8
93843 6
93844 4
93845 3
93846 5
93847 6
93848 6
93849 7
93850 4
93851 7
93852 4
93853 0
93854 1
93855 6
93856 4
93857 7
93858 3
93859 1
93860 7
93861 6
93862 8
93863 2
93864 1
93865 3
93866 0
93867 3
93868 8
93869 0
93870 4
93871 5
93872 4
93873 7
93874 6
93875 8
93876 2
93877 5
93878 7
93879 1
93880 6
93881 5
93882 8
93883 0
93884 8
93885 2
93886 0
93887 6
93888 4
93889 9
93890 2
93891 5
93892 8
93893 9
93894 7
93895 8
93896 2
93897 4
93898 7
93899 8
93900 5
93901 0
93902 4
93903 3
93904 8
93905 1
93906 4
93907 9
93908 7
93909 7
93910 7
93911 2
93912 7
93913 8
93914 8
93915 9
93916 2
93917 3
93918 4
93919 7
93920 6
93921 9
93922 4
93923 1
93924 8
93925 3
93926 1
93927 8
93928 3
93929 3
93930 7
93931 6
93932 4
93933 6
93934 2
93935 7
93936 1
93937 7
93938 9
93939 3
93940 8
93941 0
93942 5
93943 4
93944 5
93945 6
93946 8
93947 7
93948 5
93949 9
93950 1
93951 7
93952 6
93953 9
93954 1
93955 0
93956 5
93957 2
93958 4
93959 5
93960 8
93961 1
93962 3
93963 4
93964 2
93965 8
93966 3
93967 1
93968 2
93969 3
93970 6
93971 4
93972 3
93973 4
93974 9
93975 6
93976 5
93977 5
93978 6
93979 1
93980 1
93981 4
93982 2
93983 9
93984 3
93985 3
93986 9
93987 2
93988 8
93989 5
93990 2
93991 6
93992 7
93993 7
93994 4
93995 7
93996 9
93997 4
93998 9
93999 6
94000 6
94001 5
94002 0
94003 1
94004 6
94005 4
94006 0
94007 1
94008 3
94009 9
94010 5
94011 1
94012 4
94013 3
94014 4
94015 5
94016 0
94017 1
94018 0
94019 0
94020 4
94021 3
94022 0
94023 1
94024 3
94025 1
94026 6
94027 2
94028 5
94029 7
94030 7
94031 1
94032 6
94033 9
94034 8
94035 6
94036 2
94037 2
94038 8
94039 3
94040 3
94041 1
94042 7
94043 2
94044 1
94045 8
94046 6
94047 2
94048 5
94049 1
94050 2
94051 3
94052 2
94053 0
94054 4
94055 5
94056 6
94057 7
94058 0
94059 9
94060 0
94061 8
94062 3
94063 9
94064 0
94065 6
94066 8
94067 1
94068 9
94069 0
94070 3
94071 5
94072 6
94073 0
94074 1
94075 3
94076 3
94077 9
94078 6
94079 3
94080 5
94081 4
94082 8
94083 2
94084 0
94085 8
94086 0
94087 3
94088 8
94089 0
94090 0
94091 9
94092 1
94093 7
94094 9
94095 9
94096 6
94097 9
94098 3
94099 7
94100 9
94101 2
94102 4
94103 4
94104 0
94105 6
94106 5
94107 7
94108 4
94109 3
94110 2
94111 8
94112 2
94113 0
94114 9
94115 0
94116 7
94117 0
94118 5
94119 2
94120 1
94121 3
94122 3
94123 7
94124 9
94125 4
94126 3
94127 7
94128 0
94129 4
94130 1
94131 8
94132 2
94133 5
94134 1
94135 3
94136 6
94137 5
94138 0
94139 5
94140 5
94141 3
94142 0
94143 7
94144 5
94145 5
94146 1
94147 0
94148 6
94149 0
94150 7
94151 9
94152 6
94153 2
94154 2
94155 8
94156 9
94157 3
94158 9
94159 3
94160 2
94161 7
94162 2
94163 2
94164 3
94165 8
94166 4
94167 0
94168 0
94169 6
94170 6
94171 2
94172 7
94173 3
94174 6
94175 7
94176 2
94177 6
94178 9
94179 6
94180 6
94181 5
94182 5
94183 5
94184 6
94185 2
94186 4
94187 8
94188 6
94189 1
94190 3
94191 7
94192 6
94193 8
94194 2
94195 9
94196 7
94197 7
94198 3
94199 8
94200 3
94201 9
94202 3
94203 3
94204 9
94205 7
94206 5
94207 3
94208 2
94209 2
94210 8
94211 0
94212 3
94213 5
94214 0
94215 4
94216 7
94217 9
94218 3
94219 7
94220 7
94221 6
94222 6
94223 0
94224 2
94225 4
94226 4
94227 6
94228 5
94229 1
94230 4
94231 2
94232 1
94233 3
94234 5
94235 7
94236 5
94237 1
94238 5
94239 1
94240 1
94241 2
94242 2
94243 3
94244 3
94245 6
94246 9
94247 4
94248 2
94249 2
94250 6
94251 2
94252 4
94253 5
94254 0
94255 2
94256 2
94257 0
94258 8
94259 3
94260 9
94261 6
94262 2
94263 2
94264 4
94265 3
94266 3
94267 5
94268 7
94269 5
94270 0
94271 6
94272 9
94273 1
94274 8
94275 0
94276 0
94277 1
94278 6
94279 6
94280 9
94281 3
94282 7
94283 9
94284 6
94285 9
94286 3
94287 2
94288 5
94289 4
94290 4
94291 0
94292 0
94293 2
94294 5
94295 4
94296 0
94297 6
94298 2
94299 6
94300 5
94301 5
94302 8
94303 0
94304 2
94305 8
94306 0
94307 2
94308 5
94309 3
94310 4
94311 9
94312 0
94313 8
94314 5
94315 3
94316 0
94317 9
94318 0
94319 2
94320 7
94321 9
94322 4
94323 9
94324 9
94325 8
94326 7
94327 0
94328 4
94329 9
94330 3
94331 1
94332 5
94333 2
94334 6
94335 5
94336 4
94337 3
94338 6
94339 7
94340 8
94341 7
94342 7
94343 8
94344 5
94345 0
94346 6
94347 7
94348 6
94349 3
94350 7
94351 8
94352 9
94353 1
94354 9
94355 0
94356 1
94357 3
94358 9
94359 5
94360 3
94361 4
94362 7
94363 3
94364 6
94365 0
94366 5
94367 2
94368 7
94369 0
94370 3
94371 9
94372 1
94373 7
94374 0
94375 9
94376 8
94377 2
94378 7
94379 7
94380 8
94381 2
94382 7
94383 5
94384 5
94385 2
94386 2
94387 7
94388 3
94389 4
94390 6
94391 6
94392 5
94393 1
94394 6
94395 0
94396 8
94397 5
94398 5
94399 5
94400 1
94401 5
94402 8
94403 2
94404 7
94405 8
94406 2
94407 9
94408 6
94409 6
94410 3
94411 1
94412 8
94413 0
94414 1
94415 6
94416 7
94417 5
94418 4
94419 1
94420 6
94421 3
94422 0
94423 1
94424 2
94425 2
94426 8
94427 1
94428 8
94429 6
94430 2
94431 7
94432 1
94433 5
94434 0
94435 9
94436 8
94437 5
94438 9
94439 4
94440 6
94441 2
94442 8
94443 6
94444 3
94445 1
94446 5
94447 4
94448 3
94449 1
94450 9
94451 5
94452 3
94453 4
94454 9
94455 5
94456 1
94457 9
94458 9
94459 7
94460 8
94461 5
94462 5
94463 8
94464 8
94465 0
94466 4
94467 8
94468 6
94469 8
94470 2
94471 8
94472 7
94473 1
94474 8
94475 0
94476 8
94477 0
94478 5
94479 2
94480 6
94481 7
94482 2
94483 2
94484 9
94485 3
94486 8
94487 7
94488 4
94489 3
94490 4
94491 1
94492 3
94493 3
94494 1
94495 0
94496 1
94497 9
94498 5
94499 6
94500 1
94501 7
94502 2
94503 3
94504 5
94505 4
94506 2
94507 5
94508 7
94509 5
94510 3
94511 4
94512 8
94513 9
94514 3
94515 4
94516 3
94517 9
94518 7
94519 1
94520 7
94521 0
94522 6
94523 4
94524 9
94525 8
94526 7
94527 2
94528 4
94529 4
94530 0
94531 9
94532 7
94533 0
94534 2
94535 0
94536 0
94537 6
94538 1
94539 7
94540 4
94541 0
94542 5
94543 3
94544 5
94545 3
94546 0
94547 1
94548 7
94549 4
94550 4
94551 6
94552 2
94553 8
94554 6
94555 3
94556 2
94557 0
94558 7
94559 5
94560 3
94561 8
94562 1
94563 9
94564 2
94565 5
94566 3
94567 6
94568 9
94569 6
94570 3
94571 7
94572 5
94573 1
94574 2
94575 5
94576 7
94577 2
94578 2
94579 5
94580 5
94581 7
94582 3
94583 2
94584 1
94585 6
94586 4
94587 5
94588 2
94589 1
94590 1
94591 1
94592 6
94593 8
94594 3
94595 0
94596 0
94597 3
94598 6
94599 3
94600 1
94601 5
94602 9
94603 3
94604 2
94605 0
94606 7
94607 0
94608 6
94609 1
94610 8
94611 7
94612 9
94613 6
94614 3
94615 3
94616 6
94617 5
94618 9
94619 3
94620 1
94621 8
94622 1
94623 0
94624 2
94625 8
94626 5
94627 1
94628 3
94629 4
94630 4
94631 5
94632 3
94633 0
94634 4
94635 0
94636 3
94637 5
94638 1
94639 1
94640 5
94641 8
94642 8
94643 4
94644 2
94645 5
94646 1
94647 2
94648 9
94649 0
94650 3
94651 3
94652 6
94653 5
94654 9
94655 2
94656 7
94657 5
94658 7
94659 1
94660 9
94661 5
94662 2
94663 0
94664 0
94665 0
94666 0
94667 8
94668 7
94669 4
94670 8
94671 6
94672 7
94673 8
94674 5
94675 0
94676 2
94677 1
94678 5
94679 6
94680 8
94681 5
94682 6
94683 4
94684 5
94685 3
94686 7
94687 5
94688 7
94689 2
94690 3
94691 1
94692 7
94693 4
94694 4
94695 2
94696 0
94697 0
94698 1
94699 9
94700 1
94701 8
94702 1
94703 9
94704 1
94705 3
94706 5
94707 6
94708 3
94709 0
94710 5
94711 7
94712 3
94713 4
94714 3
94715 9
94716 5
94717 6
94718 3
94719 7
94720 3
94721 3
94722 1
94723 9
94724 1
94725 0
94726 7
94727 4
94728 3
94729 5
94730 5
94731 6
94732 6
94733 9
94734 0
94735 3
94736 3
94737 8
94738 7
94739 6
94740 6
94741 3
94742 1
94743 6
94744 7
94745 4
94746 7
94747 7
94748 2
94749 0
94750 3
94751 9
94752 2
94753 0
94754 4
94755 3
94756 9
94757 2
94758 3
94759 0
94760 8
94761 9
94762 5
94763 6
94764 6
94765 2
94766 8
94767 1
94768 9
94769 8
94770 0
94771 9
94772 0
94773 4
94774 3
94775 9
94776 4
94777 6
94778 4
94779 1
94780 6
94781 3
94782 0
94783 8
94784 1
94785 3
94786 7
94787 9
94788 9
94789 2
94790 0
94791 5
94792 5
94793 5
94794 9
94795 1
94796 3
94797 4
94798 7
94799 7
94800 1
94801 0
94802 4
94803 9
94804 1
94805 4
94806 3
94807 6
94808 6
94809 7
94810 5
94811 7
94812 8
94813 0
94814 5
94815 7
94816 4
94817 8
94818 9
94819 6
94820 2
94821 0
94822 0
94823 1
94824 5
94825 3
94826 8
94827 8
94828 1
94829 8
94830 9
94831 2
94832 2
94833 3
94834 6
94835 4
94836 9
94837 2
94838 7
94839 0
94840 0
94841 5
94842 8
94843 6
94844 2
94845 5
94846 9
94847 1
94848 8
94849 8
94850 3
94851 4
94852 5
94853 9
94854 1
94855 7
94856 2
94857 7
94858 7
94859 6
94860 7
94861 7
94862 2
94863 5
94864 3
94865 9
94866 4
94867 8
94868 4
94869 7
94870 1
94871 5
94872 9
94873 6
94874 6
94875 0
94876 9
94877 0
94878 4
94879 0
94880 2
94881 1
94882 0
94883 6
94884 2
94885 7
94886 0
94887 5
94888 1
94889 5
94890 4
94891 0
94892 8
94893 8
94894 2
94895 0
94896 2
94897 3
94898 0
94899 4
94900 1
94901 2
94902 3
94903 8
94904 2
94905 9
94906 2
94907 2
94908 2
94909 0
94910 3
94911 6
94912 8
94913 5
94914 1
94915 1
94916 1
94917 5
94918 1
94919 9
94920 1
94921 4
94922 2
94923 3
94924 4
94925 7
94926 2
94927 9
94928 7
94929 3
94930 7
94931 3
94932 5
94933 2
94934 1
94935 8
94936 0
94937 3
94938 4
94939 3
94940 7
94941 1
94942 7
94943 4
94944 3
94945 8
94946 5
94947 7
94948 3
94949 3
94950 7
94951 8
94952 4
94953 6
94954 4
94955 2
94956 1
94957 7
94958 4
94959 4
94960 6
94961 6
94962 3
94963 9
94964 7
94965 5
94966 4
94967 3
94968 0
94969 3
94970 3
94971 2
94972 7
94973 1
94974 0
94975 1
94976 2
94977 4
94978 0
94979 8
94980 6
94981 8
94982 5
94983 6
94984 3
94985 4
94986 0
94987 3
94988 2
94989 6
94990 8
94991 7
94992 6
94993 6
94994 3
94995 6
94996 1
94997 2
94998 9
94999 2
95000 4
95001 6
95002 7
95003 7
95004 7
95005 1
95006 6
95007 8
95008 0
95009 5
95010 0
95011 4
95012 4
95013 7
95014 8
95015 8
95016 3
95017 6
95018 1
95019 4
95020 8
95021 8
95022 1
95023 0
95024 4
95025 3
95026 4
95027 6
95028 6
95029 0
95030 3
95031 3
95032 8
95033 1
95034 6
95035 0
95036 7
95037 0
95038 6
95039 8
95040 6
95041 5
95042 0
95043 5
95044 9
95045 2
95046 3
95047 2
95048 4
95049 3
95050 3
95051 5
95052 2
95053 6
95054 1
95055 3
95056 0
95057 1
95058 2
95059 5
95060 4
95061 4
95062 9
95063 8
95064 2
95065 1
95066 2
95067 7
95068 0
95069 7
95070 4
95071 5
95072 1
95073 2
95074 7
95075 0
95076 2
95077 0
95078 4
95079 9
95080 9
95081 9
95082 9
95083 0
95084 6
95085 7
95086 1
95087 3
95088 2
95089 7
95090 9
95091 7
95092 2
95093 1
95094 5
95095 1
95096 9
95097 8
95098 0
95099 6
95100 4
95101 7
95102 6
95103 7
95104 3
95105 6
95106 4
95107 5
95108 2
95109 9
95110 5
95111 4
95112 2
95113 9
95114 6
95115 6
95116 7
95117 6
95118 8
95119 3
95120 1
95121 5
95122 6
95123 6
95124 4
95125 3
95126 7
95127 9
95128 5
95129 8
95130 5
95131 8
95132 2
95133 4
95134 7
95135 5
95136 7
95137 4
95138 6
95139 1
95140 9
95141 1
95142 5
95143 6
95144 5
95145 6
95146 4
95147 9
95148 6
95149 9
95150 8
95151 9
95152 3
95153 7
95154 2
95155 5
95156 2
95157 4
95158 3
95159 1
95160 0
95161 5
95162 2
95163 1
95164 7
95165 8
95166 7
95167 9
95168 9
95169 8
95170 4
95171 5
95172 4
95173 3
95174 9
95175 8
95176 5
95177 9
95178 5
95179 8
95180 9
95181 5
95182 0
95183 4
95184 2
95185 6
95186 0
95187 2
95188 3
95189 5
95190 2
95191 3
95192 2
95193 5
95194 7
95195 1
95196 6
95197 4
95198 8
95199 2
95200 0
95201 0
95202 2
95203 4
95204 7
95205 5
95206 1
95207 7
95208 9
95209 5
95210 3
95211 0
95212 0
95213 1
95214 8
95215 4
95216 5
95217 8
95218 0
95219 1
95220 5
95221 6
95222 4
95223 7
95224 4
95225 6
95226 4
95227 6
95228 7
95229 8
95230 2
95231 5
95232 0
95233 0
95234 4
95235 2
95236 1
95237 4
95238 7
95239 5
95240 7
95241 5
95242 3
95243 8
95244 3
95245 9
95246 5
95247 7
95248 8
95249 0
95250 4
95251 7
95252 9
95253 1
95254 1
95255 5
95256 3
95257 4
95258 2
95259 0
95260 3
95261 2
95262 8
95263 1
95264 4
95265 8
95266 5
95267 1
95268 7
95269 3
95270 8
95271 9
95272 6
95273 8
95274 6
95275 1
95276 9
95277 4
95278 9
95279 2
95280 9
95281 8
95282 8
95283 2
95284 4
95285 1
95286 4
95287 8
95288 5
95289 1
95290 5
95291 9
95292 8
95293 1
95294 1
95295 3
95296 5
95297 0
95298 6
95299 6
95300 4
95301 3
95302 5
95303 3
95304 7
95305 6
95306 1
95307 2
95308 7
95309 4
95310 3
95311 9
95312 3
95313 9
95314 4
95315 3
95316 4
95317 3
95318 7
95319 9
95320 7
95321 9
95322 5
95323 1
95324 8
95325 4
95326 3
95327 0
95328 5
95329 5
95330 0
95331 5
95332 3
95333 0
95334 0
95335 4
95336 3
95337 8
95338 7
95339 2
95340 2
95341 0
95342 2
95343 6
95344 5
95345 6
95346 8
95347 6
95348 6
95349 7
95350 7
95351 7
95352 7
95353 4
95354 5
95355 8
95356 8
95357 7
95358 3
95359 1
95360 2
95361 6
95362 8
95363 5
95364 3
95365 0
95366 7
95367 4
95368 8
95369 1
95370 2
95371 5
95372 6
95373 5
95374 9
95375 6
95376 6
95377 6
95378 3
95379 1
95380 0
95381 5
95382 7
95383 0
95384 4
95385 4
95386 5
95387 8
95388 3
95389 1
95390 1
95391 0
95392 4
95393 6
95394 0
95395 6
95396 9
95397 6
95398 5
95399 6
95400 5
95401 9
95402 9
95403 4
95404 4
95405 9
95406 9
95407 9
95408 3
95409 4
95410 8
95411 0
95412 0
95413 7
95414 7
95415 7
95416 3
95417 0
95418 1
95419 3
95420 8
95421 1
95422 2
95423 1
95424 7
95425 4
95426 5
95427 6
95428 6
95429 9
95430 2
95431 7
95432 6
95433 9
95434 6
95435 5
95436 3
95437 1
95438 0
95439 9
95440 9
95441 9
95442 9
95443 0
95444 5
95445 8
95446 3
95447 5
95448 5
95449 3
95450 3
95451 8
95452 2
95453 4
95454 2
95455 0
95456 3
95457 2
95458 9
95459 7
95460 2
95461 5
95462 9
95463 3
95464 4
95465 5
95466 3
95467 6
95468 4
95469 3
95470 7
95471 1
95472 1
95473 8
95474 5
95475 4
95476 2
95477 8
95478 8
95479 9
95480 7
95481 2
95482 0
95483 3
95484 3
95485 7
95486 9
95487 7
95488 3
95489 2
95490 0
95491 1
95492 5
95493 4
95494 1
95495 9
95496 9
95497 9
95498 4
95499 2
95500 8
95501 9
95502 1
95503 3
95504 1
95505 9
95506 7
95507 9
95508 4
95509 5
95510 8
95511 2
95512 8
95513 4
95514 9
95515 3
95516 2
95517 7
95518 2
95519 3
95520 4
95521 0
95522 4
95523 3
95524 2
95525 7
95526 0
95527 5
95528 2
95529 8
95530 0
95531 3
95532 3
95533 0
95534 6
95535 5
95536 8
95537 7
95538 4
95539 4
95540 6
95541 6
95542 6
95543 2
95544 1
95545 9
95546 1
95547 0
95548 1
95549 0
95550 3
95551 5
95552 6
95553 9
95554 8
95555 8
95556 2
95557 3
95558 8
95559 2
95560 7
95561 8
95562 2
95563 9
95564 2
95565 6
95566 4
95567 0
95568 6
95569 3
95570 1
95571 6
95572 2
95573 1
95574 9
95575 4
95576 7
95577 1
95578 6
95579 3
95580 9
95581 2
95582 1
95583 0
95584 8
95585 8
95586 5
95587 0
95588 3
95589 5
95590 1
95591 9
95592 9
95593 0
95594 2
95595 2
95596 2
95597 8
95598 4
95599 4
95600 5
95601 6
95602 1
95603 3
95604 7
95605 4
95606 0
95607 2
95608 0
95609 6
95610 6
95611 9
95612 7
95613 3
95614 6
95615 2
95616 2
95617 7
95618 6
95619 7
95620 2
95621 4
95622 0
95623 2
95624 0
95625 4
95626 8
95627 9
95628 4
95629 5
95630 0
95631 2
95632 1
95633 5
95634 0
95635 6
95636 7
95637 1
95638 6
95639 8
95640 6
95641 5
95642 7
95643 8
95644 7
95645 7
95646 5
95647 8
95648 3
95649 6
95650 2
95651 6
95652 9
95653 1
95654 3
95655 6
95656 6
95657 7
95658 0
95659 6
95660 4
95661 2
95662 6
95663 9
95664 8
95665 0
95666 6
95667 7
95668 8
95669 9
95670 3
95671 8
95672 8
95673 7
95674 3
95675 1
95676 7
95677 1
95678 0
95679 8
95680 8
95681 8
95682 7
95683 2
95684 4
95685 4
95686 4
95687 8
95688 2
95689 3
95690 9
95691 1
95692 7
95693 5
95694 0
95695 3
95696 6
95697 7
95698 1
95699 5
95700 3
95701 8
95702 0
95703 7
95704 9
95705 8
95706 8
95707 4
95708 8
95709 9
95710 4
95711 9
95712 9
95713 5
95714 9
95715 9
95716 8
95717 6
95718 8
95719 5
95720 4
95721 3
95722 9
95723 4
95724 5
95725 4
95726 2
95727 8
95728 6
95729 9
95730 7
95731 1
95732 7
95733 0
95734 3
95735 5
95736 2
95737 2
95738 7
95739 6
95740 8
95741 6
95742 2
95743 8
95744 6
95745 9
95746 2
95747 0
95748 4
95749 3
95750 3
95751 1
95752 8
95753 0
95754 6
95755 0
95756 7
95757 4
95758 1
95759 5
95760 9
95761 8
95762 7
95763 6
95764 1
95765 7
95766 7
95767 8
95768 0
95769 8
95770 7
95771 2
95772 4
95773 1
95774 1
95775 8
95776 4
95777 6
95778 2
95779 7
95780 3
95781 8
95782 7
95783 0
95784 8
95785 1
95786 4
95787 8
95788 3
95789 6
95790 3
95791 7
95792 6
95793 9
95794 1
95795 9
95796 5
95797 8
95798 1
95799 6
95800 8
95801 8
95802 0
95803 5
95804 5
95805 5
95806 6
95807 0
95808 0
95809 6
95810 9
95811 1
95812 0
95813 8
95814 8
95815 6
95816 0
95817 1
95818 1
95819 2
95820 6
95821 5
95822 3
95823 5
95824 6
95825 4
95826 8
95827 4
95828 5
95829 2
95830 2
95831 9
95832 2
95833 2
95834 1
95835 8
95836 5
95837 0
95838 7
95839 4
95840 3
95841 0
95842 1
95843 4
95844 1
95845 3
95846 1
95847 6
95848 6
95849 9
95850 1
95851 0
95852 9
95853 7
95854 7
95855 2
95856 6
95857 2
95858 0
95859 4
95860 0
95861 9
95862 2
95863 8
95864 8
95865 6
95866 9
95867 4
95868 9
95869 2
95870 5
95871 4
95872 9
95873 0
95874 8
95875 7
95876 6
95877 3
95878 4
95879 3
95880 6
95881 3
95882 1
95883 5
95884 5
95885 7
95886 0
95887 7
95888 0
95889 2
95890 5
95891 0
95892 9
95893 5
95894 6
95895 1
95896 3
95897 2
95898 7
95899 0
95900 6
95901 2
95902 9
95903 2
95904 4
95905 9
95906 6
95907 3
95908 9
95909 3
95910 5
95911 2
95912 5
95913 7
95914 1
95915 9
95916 9
95917 3
95918 4
95919 0
95920 5
95921 2
95922 5
95923 6
95924 8
95925 7
95926 8
95927 7
95928 2
95929 8
95930 8
95931 7
95932 9
95933 6
95934 7
95935 4
95936 3
95937 5
95938 6
95939 2
95940 5
95941 0
95942 2
95943 1
95944 0
95945 9
95946 6
95947 6
95948 3
95949 2
95950 4
95951 7
95952 2
95953 3
95954 6
95955 2
95956 5
95957 7
95958 2
95959 5
95960 9
95961 9
95962 1
95963 9
95964 2
95965 4
95966 8
95967 7
95968 4
95969 4
95970 9
95971 6
95972 0
95973 2
95974 7
95975 5
95976 9
95977 2
95978 6
95979 9
95980 4
95981 1
95982 1
95983 3
95984 4
95985 3
95986 2
95987 2
95988 2
95989 5
95990 8
95991 8
95992 7
95993 2
95994 6
95995 0
95996 5
95997 8
95998 5
95999 8
96000 6
96001 3
96002 5
96003 3
96004 4
96005 4
96006 0
96007 1
96008 5
96009 1
96010 6
96011 6
96012 1
96013 1
96014 9
96015 4
96016 6
96017 7
96018 6
96019 1
96020 8
96021 0
96022 4
96023 7
96024 1
96025 0
96026 7
96027 5
96028 1
96029 6
96030 0
96031 9
96032 7
96033 0
96034 8
96035 0
96036 1
96037 1
96038 9
96039 6
96040 5
96041 5
96042 5
96043 0
96044 4
96045 8
96046 4
96047 8
96048 1
96049 1
96050 2
96051 6
96052 7
96053 9
96054 7
96055 8
96056 0
96057 9
96058 0
96059 2
96060 2
96061 9
96062 1
96063 9
96064 1
96065 7
96066 9
96067 3
96068 6
96069 6
96070 4
96071 3
96072 3
96073 6
96074 3
96075 0
96076 0
96077 5
96078 7
96079 9
96080 8
96081 5
96082 2
96083 7
96084 9
96085 3
96086 0
96087 2
96088 5
96089 2
96090 0
96091 9
96092 1
96093 6
96094 5
96095 9
96096 2
96097 1
96098 4
96099 5
96100 8
96101 3
96102 9
96103 1
96104 8
96105 5
96106 1
96107 6
96108 3
96109 9
96110 8
96111 9
96112 5
96113 2
96114 2
96115 8
96116 3
96117 4
96118 0
96119 6
96120 1
96121 6
96122 9
96123 7
96124 5
96125 4
96126 8
96127 3
96128 7
96129 4
96130 7
96131 7
96132 8
96133 6
96134 0
96135 6
96136 0
96137 5
96138 8
96139 1
96140 5
96141 6
96142 1
96143 6
96144 7
96145 0
96146 4
96147 3
96148 5
96149 7
96150 1
96151 0
96152 9
96153 1
96154 6
96155 3
96156 2
96157 2
96158 3
96159 0
96160 5
96161 9
96162 1
96163 5
96164 9
96165 6
96166 1
96167 1
96168 8
96169 3
96170 1
96171 5
96172 6
96173 7
96174 7
96175 0
96176 8
96177 6
96178 3
96179 5
96180 1
96181 8
96182 9
96183 4
96184 6
96185 9
96186 8
96187 6
96188 6
96189 6
96190 3
96191 6
96192 7
96193 3
96194 1
96195 3
96196 7
96197 5
96198 0
96199 9
96200 1
96201 0
96202 0
96203 6
96204 4
96205 3
96206 0
96207 1
96208 4
96209 7
96210 4
96211 1
96212 1
96213 5
96214 0
96215 2
96216 0
96217 8
96218 0
96219 2
96220 6
96221 4
96222 9
96223 3
96224 6
96225 1
96226 8
96227 9
96228 3
96229 9
96230 1
96231 5
96232 1
96233 3
96234 6
96235 4
96236 6
96237 4
96238 0
96239 2
96240 2
96241 3
96242 1
96243 2
96244 0
96245 4
96246 6
96247 0
96248 8
96249 9
96250 8
96251 9
96252 2
96253 0
96254 9
96255 8
96256 7
96257 9
96258 1
96259 4
96260 0
96261 3
96262 9
96263 9
96264 7
96265 3
96266 5
96267 3
96268 3
96269 5
96270 8
96271 1
96272 3
96273 9
96274 5
96275 9
96276 3
96277 5
96278 5
96279 6
96280 3
96281 4
96282 4
96283 9
96284 3
96285 9
96286 4
96287 9
96288 9
96289 7
96290 0
96291 3
96292 3
96293 0
96294 4
96295 4
96296 7
96297 4
96298 8
96299 1
96300 0
96301 9
96302 3
96303 7
96304 4
96305 5
96306 0
96307 1
96308 4
96309 6
96310 1
96311 8
96312 9
96313 0
96314 0
96315 7
96316 9
96317 6
96318 3
96319 8
96320 1
96321 2
96322 4
96323 9
96324 5
96325 4
96326 4
96327 0
96328 9
96329 0
96330 5
96331 8
96332 0
96333 1
96334 0
96335 4
96336 1
96337 1
96338 3
96339 7
96340 5
96341 2
96342 1
96343 7
96344 4
96345 5
96346 2
96347 3
96348 5
96349 1
96350 2
96351 1
96352 4
96353 9
96354 1
96355 8
96356 8
96357 3
96358 0
96359 4
96360 2
96361 6
96362 0
96363 9
96364 1
96365 9
96366 8
96367 7
96368 8
96369 5
96370 3
96371 7
96372 1
96373 1
96374 8
96375 1
96376 9
96377 4
96378 3
96379 5
96380 0
96381 6
96382 3
96383 9
96384 2
96385 4
96386 1
96387 2
96388 5
96389 0
96390 8
96391 1
96392 7
96393 2
96394 9
96395 3
96396 7
96397 8
96398 7
96399 9
96400 5
96401 3
96402 6
96403 6
96404 8
96405 8
96406 0
96407 9
96408 0
96409 5
96410 8
96411 8
96412 8
96413 1
96414 4
96415 6
96416 4
96417 8
96418 7
96419 9
96420 4
96421 8
96422 7
96423 7
96424 3
96425 2
96426 8
96427 1
96428 9
96429 8
96430 4
96431 7
96432 7
96433 9
96434 3
96435 8
96436 6
96437 9
96438 4
96439 7
96440 7
96441 1
96442 2
96443 0
96444 4
96445 8
96446 7
96447 4
96448 9
96449 4
96450 2
96451 4
96452 1
96453 0
96454 5
96455 0
96456 2
96457 3
96458 0
96459 4
96460 8
96461 0
96462 6
96463 9
96464 3
96465 2
96466 3
96467 2
96468 5
96469 0
96470 4
96471 5
96472 2
96473 5
96474 2
96475 1
96476 2
96477 8
96478 6
96479 0
96480 4
96481 9
96482 6
96483 4
96484 2
96485 7
96486 5
96487 1
96488 1
96489 3
96490 3
96491 5
96492 1
96493 7
96494 2
96495 9
96496 7
96497 5
96498 0
96499 9
96500 8
96501 0
96502 3
96503 2
96504 3
96505 9
96506 8
96507 3
96508 5
96509 7
96510 7
96511 0
96512 7
96513 6
96514 3
96515 4
96516 2
96517 7
96518 0
96519 2
96520 3
96521 4
96522 2
96523 9
96524 3
96525 8
96526 2
96527 2
96528 9
96529 7
96530 3
96531 1
96532 7
96533 3
96534 4
96535 1
96536 5
96537 6
96538 3
96539 9
96540 1
96541 7
96542 1
96543 0
96544 6
96545 0
96546 9
96547 1
96548 3
96549 6
96550 8
96551 1
96552 9
96553 7
96554 8
96555 8
96556 8
96557 6
96558 9
96559 0
96560 9
96561 1
96562 0
96563 8
96564 4
96565 0
96566 1
96567 1
96568 7
96569 4
96570 2
96571 4
96572 1
96573 5
96574 6
96575 6
96576 0
96577 9
96578 5
96579 1
96580 5
96581 2
96582 6
96583 5
96584 0
96585 4
96586 4
96587 9
96588 1
96589 9
96590 7
96591 9
96592 4
96593 0
96594 6
96595 2
96596 8
96597 0
96598 1
96599 1
96600 2
96601 9
96602 7
96603 2
96604 7
96605 7
96606 1
96607 2
96608 5
96609 7
96610 9
96611 0
96612 7
96613 1
96614 3
96615 6
96616 4
96617 3
96618 1
96619 5
96620 5
96621 1
96622 8
96623 8
96624 6
96625 9
96626 1
96627 6
96628 2
96629 2
96630 9
96631 0
96632 8
96633 7
96634 5
96635 7
96636 7
96637 7
96638 7
96639 0
96640 5
96641 8
96642 5
96643 7
96644 6
96645 0
96646 8
96647 1
96648 6
96649 9
96650 1
96651 4
96652 4
96653 6
96654 0
96655 9
96656 9
96657 4
96658 6
96659 3
96660 3
96661 1
96662 4
96663 5
96664 7
96665 0
96666 0
96667 1
96668 8
96669 1
96670 7
96671 7
96672 3
96673 6
96674 2
96675 3
96676 4
96677 3
96678 5
96679 2
96680 3
96681 5
96682 3
96683 2
96684 2
96685 6
96686 6
96687 3
96688 5
96689 1
96690 7
96691 9
96692 5
96693 1
96694 9
96695 0
96696 3
96697 3
96698 4
96699 5
96700 6
96701 8
96702 5
96703 5
96704 1
96705 8
96706 0
96707 5
96708 8
96709 1
96710 5
96711 1
96712 3
96713 9
96714 3
96715 9
96716 2
96717 9
96718 6
96719 1
96720 6
96721 3
96722 3
96723 5
96724 8
96725 6
96726 1
96727 9
96728 0
96729 9
96730 9
96731 2
96732 1
96733 2
96734 7
96735 6
96736 1
96737 5
96738 5
96739 8
96740 6
96741 7
96742 9
96743 9
96744 6
96745 0
96746 0
96747 3
96748 4
96749 1
96750 3
96751 8
96752 0
96753 4
96754 1
96755 1
96756 8
96757 4
96758 5
96759 7
96760 1
96761 6
96762 0
96763 5
96764 9
96765 9
96766 2
96767 3
96768 0
96769 8
96770 6
96771 8
96772 9
96773 9
96774 3
96775 8
96776 8
96777 8
96778 0
96779 6
96780 7
96781 3
96782 0
96783 8
96784 5
96785 3
96786 4
96787 3
96788 5
96789 5
96790 8
96791 0
96792 8
96793 5
96794 4
96795 2
96796 2
96797 8
96798 4
96799 4
96800 3
96801 1
96802 8
96803 9
96804 0
96805 5
96806 4
96807 2
96808 1
96809 4
96810 4
96811 6
96812 0
96813 9
96814 0
96815 1
96816 6
96817 1
96818 2
96819 3
96820 8
96821 6
96822 7
96823 1
96824 9
96825 4
96826 5
96827 9
96828 8
96829 0
96830 7
96831 1
96832 7
96833 9
96834 4
96835 2
96836 7
96837 5
96838 1
96839 4
96840 8
96841 5
96842 3
96843 4
96844 2
96845 8
96846 2
96847 5
96848 1
96849 0
96850 8
96851 9
96852 8
96853 0
96854 0
96855 2
96856 7
96857 6
96858 4
96859 7
96860 2
96861 0
96862 0
96863 6
96864 5
96865 6
96866 4
96867 9
96868 7
96869 4
96870 8
96871 5
96872 0
96873 0
96874 0
96875 8
96876 3
96877 2
96878 4
96879 8
96880 9
96881 9
96882 2
96883 3
96884 0
96885 7
96886 6
96887 3
96888 0
96889 0
96890 1
96891 2
96892 2
96893 1
96894 4
96895 8
96896 2
96897 6
96898 0
96899 4
96900 8
96901 8
96902 4
96903 1
96904 3
96905 3
96906 3
96907 1
96908 0
96909 2
96910 0
96911 6
96912 3
96913 2
96914 9
96915 8
96916 0
96917 0
96918 8
96919 1
96920 1
96921 3
96922 0
96923 3
96924 9
96925 9
96926 2
96927 8
96928 7
96929 5
96930 0
96931 0
96932 4
96933 2
96934 8
96935 3
96936 9
96937 1
96938 0
96939 9
96940 9
96941 7
96942 1
96943 6
96944 1
96945 9
96946 9
96947 8
96948 0
96949 0
96950 8
96951 1
96952 6
96953 3
96954 7
96955 8
96956 2
96957 0
96958 6
96959 0
96960 0
96961 4
96962 8
96963 8
96964 3
96965 0
96966 4
96967 9
96968 0
96969 3
96970 1
96971 9
96972 9
96973 6
96974 3
96975 2
96976 1
96977 8
96978 2
96979 5
96980 8
96981 7
96982 4
96983 5
96984 8
96985 8
96986 7
96987 1
96988 6
96989 2
96990 0
96991 5
96992 1
96993 6
96994 0
96995 5
96996 2
96997 8
96998 3
96999 1
97000 3
97001 1
97002 5
97003 1
97004 9
97005 4
97006 7
97007 1
97008 4
97009 9
97010 2
97011 9
97012 0
97013 6
97014 3
97015 8
97016 7
97017 9
97018 9
97019 4
97020 7
97021 6
97022 3
97023 5
97024 3
97025 3
97026 3
97027 4
97028 3
97029 4
97030 1
97031 9
97032 3
97033 1
97034 6
97035 9
97036 4
97037 2
97038 5
97039 4
97040 4
97041 2
97042 5
97043 5
97044 5
97045 4
97046 2
97047 3
97048 1
97049 7
97050 8
97051 1
97052 2
97053 7
97054 0
97055 2
97056 6
97057 5
97058 4
97059 4
97060 9
97061 0
97062 1
97063 4
97064 7
97065 7
97066 3
97067 5
97068 8
97069 6
97070 4
97071 5
97072 1
97073 3
97074 1
97075 9
97076 3
97077 5
97078 5
97079 8
97080 8
97081 9
97082 6
97083 9
97084 2
97085 0
97086 2
97087 3
97088 1
97089 6
97090 8
97091 3
97092 8
97093 4
97094 4
97095 2
97096 8
97097 6
97098 4
97099 0
97100 6
97101 0
97102 3
97103 4
97104 5
97105 2
97106 5
97107 7
97108 4
97109 3
97110 8
97111 7
97112 3
97113 6
97114 1
97115 7
97116 5
97117 7
97118 1
97119 3
97120 3
97121 6
97122 1
97123 2
97124 2
97125 5
97126 2
97127 9
97128 3
97129 8
97130 1
97131 5
97132 2
97133 2
97134 6
97135 9
97136 3
97137 4
97138 0
97139 2
97140 9
97141 0
97142 7
97143 6
97144 2
97145 3
97146 8
97147 9
97148 7
97149 2
97150 7
97151 7
97152 9
97153 8
97154 8
97155 5
97156 7
97157 3
97158 9
97159 1
97160 5
97161 4
97162 6
97163 5
97164 9
97165 1
97166 5
97167 3
97168 8
97169 5
97170 2
97171 1
97172 8
97173 2
97174 6
97175 8
97176 7
97177 9
97178 3
97179 1
97180 1
97181 1
97182 0
97183 9
97184 2
97185 1
97186 5
97187 9
97188 5
97189 1
97190 9
97191 2
97192 8
97193 9
97194 7
97195 2
97196 1
97197 2
97198 2
97199 0
97200 2
97201 2
97202 3
97203 1
97204 2
97205 2
97206 4
97207 8
97208 4
97209 7
97210 9
97211 6
97212 0
97213 5
97214 0
97215 1
97216 8
97217 8
97218 4
97219 9
97220 6
97221 5
97222 6
97223 3
97224 6
97225 5
97226 7
97227 4
97228 4
97229 8
97230 2
97231 4
97232 9
97233 0
97234 5
97235 9
97236 8
97237 8
97238 7
97239 9
97240 5
97241 5
97242 1
97243 5
97244 8
97245 4
97246 4
97247 0
97248 7
97249 1
97250 6
97251 7
97252 5
97253 2
97254 4
97255 0
97256 3
97257 1
97258 4
97259 6
97260 7
97261 7
97262 2
97263 3
97264 5
97265 2
97266 5
97267 5
97268 0
97269 6
97270 7
97271 5
97272 5
97273 6
97274 7
97275 4
97276 5
97277 5
97278 5
97279 3
97280 8
97281 5
97282 7
97283 8
97284 5
97285 3
97286 1
97287 6
97288 3
97289 9
97290 5
97291 9
97292 5
97293 1
97294 0
97295 7
97296 4
97297 3
97298 5
97299 0
97300 7
97301 8
97302 9
97303 4
97304 0
97305 1
97306 0
97307 3
97308 1
97309 3
97310 8
97311 9
97312 3
97313 4
97314 3
97315 5
97316 6
97317 5
97318 3
97319 1
97320 0
97321 6
97322 7
97323 4
97324 0
97325 8
97326 6
97327 1
97328 7
97329 9
97330 6
97331 7
97332 0
97333 8
97334 7
97335 6
97336 6
97337 2
97338 6
97339 6
97340 1
97341 5
97342 2
97343 6
97344 8
97345 8
97346 9
97347 6
97348 2
97349 9
97350 2
97351 9
97352 5
97353 7
97354 9
97355 2
97356 1
97357 7
97358 9
97359 3
97360 3
97361 9
97362 0
97363 5
97364 0
97365 5
97366 6
97367 4
97368 4
97369 5
97370 2
97371 3
97372 4
97373 3
97374 2
97375 6
97376 2
97377 8
97378 5
97379 9
97380 5
97381 9
97382 1
97383 6
97384 3
97385 0
97386 3
97387 1
97388 7
97389 4
97390 7
97391 7
97392 4
97393 5
97394 5
97395 0
97396 8
97397 2
97398 2
97399 0
97400 2
97401 8
97402 7
97403 1
97404 4
97405 2
97406 8
97407 6
97408 6
97409 2
97410 0
97411 0
97412 0
97413 9
97414 1
97415 7
97416 9
97417 5
97418 7
97419 8
97420 8
97421 4
97422 0
97423 5
97424 2
97425 4
97426 0
97427 9
97428 8
97429 4
97430 4
97431 3
97432 9
97433 5
97434 2
97435 5
97436 9
97437 7
97438 6
97439 6
97440 8
97441 2
97442 6
97443 8
97444 6
97445 8
97446 0
97447 9
97448 7
97449 7
97450 4
97451 0
97452 5
97453 4
97454 4
97455 9
97456 8
97457 4
97458 9
97459 9
97460 5
97461 3
97462 4
97463 6
97464 6
97465 2
97466 6
97467 6
97468 9
97469 4
97470 8
97471 7
97472 4
97473 2
97474 6
97475 5
97476 4
97477 4
97478 5
97479 5
97480 6
97481 6
97482 2
97483 1
97484 2
97485 6
97486 2
97487 3
97488 5
97489 4
97490 6
97491 6
97492 9
97493 7
97494 7
97495 4
97496 6
97497 6
97498 4
97499 4
97500 4
97501 9
97502 0
97503 7
97504 0
97505 1
97506 6
97507 5
97508 3
97509 6
97510 3
97511 8
97512 6
97513 4
97514 0
97515 6
97516 9
97517 1
97518 1
97519 9
97520 4
97521 1
97522 8
97523 8
97524 6
97525 2
97526 4
97527 2
97528 8
97529 5
97530 6
97531 6
97532 4
97533 9
97534 6
97535 5
97536 1
97537 1
97538 7
97539 3
97540 2
97541 3
97542 8
97543 5
97544 1
97545 3
97546 8
97547 2
97548 7
97549 1
97550 1
97551 6
97552 4
97553 0
97554 4
97555 8
97556 9
97557 0
97558 1
97559 6
97560 9
97561 3
97562 4
97563 6
97564 7
97565 9
97566 0
97567 4
97568 4
97569 1
97570 1
97571 7
97572 1
97573 2
97574 7
97575 1
97576 9
97577 2
97578 8
97579 3
97580 7
97581 5
97582 2
97583 1
97584 6
97585 5
97586 9
97587 5
97588 8
97589 5
97590 2
97591 8
97592 6
97593 2
97594 7
97595 7
97596 0
97597 7
97598 3
97599 2
97600 8
97601 7
97602 5
97603 8
97604 1
97605 3
97606 6
97607 5
97608 1
97609 7
97610 0
97611 7
97612 9
97613 6
97614 7
97615 4
97616 0
97617 7
97618 5
97619 8
97620 0
97621 3
97622 2
97623 7
97624 6
97625 8
97626 1
97627 1
97628 2
97629 1
97630 2
97631 2
97632 3
97633 0
97634 8
97635 5
97636 9
97637 9
97638 1
97639 5
97640 2
97641 9
97642 2
97643 2
97644 6
97645 7
97646 2
97647 1
97648 3
97649 7
97650 9
97651 7
97652 8
97653 2
97654 8
97655 7
97656 6
97657 3
97658 5
97659 7
97660 9
97661 4
97662 1
97663 5
97664 1
97665 0
97666 5
97667 2
97668 6
97669 3
97670 7
97671 4
97672 9
97673 7
97674 8
97675 9
97676 1
97677 2
97678 6
97679 7
97680 2
97681 4
97682 8
97683 1
97684 7
97685 5
97686 2
97687 6
97688 9
97689 2
97690 2
97691 0
97692 7
97693 6
97694 8
97695 3
97696 0
97697 5
97698 1
97699 0
97700 0
97701 5
97702 3
97703 6
97704 8
97705 9
97706 3
97707 7
97708 1
97709 9
97710 3
97711 2
97712 6
97713 9
97714 1
97715 7
97716 4
97717 1
97718 7
97719 5
97720 9
97721 8
97722 8
97723 1
97724 4
97725 8
97726 4
97727 6
97728 7
97729 7
97730 2
97731 5
97732 0
97733 4
97734 0
97735 5
97736 0
97737 7
97738 1
97739 8
97740 0
97741 5
97742 3
97743 8
97744 3
97745 8
97746 4
97747 8
97748 0
97749 3
97750 8
97751 2
97752 0
97753 6
97754 2
97755 0
97756 0
97757 0
97758 5
97759 3
97760 9
97761 9
97762 2
97763 5
97764 3
97765 6
97766 9
97767 2
97768 9
97769 5
97770 9
97771 8
97772 4
97773 8
97774 4
97775 9
97776 7
97777 7
97778 2
97779 0
97780 0
97781 8
97782 9
97783 9
97784 1
97785 2
97786 7
97787 3
97788 3
97789 8
97790 8
97791 3
97792 5
97793 7
97794 5
97795 7
97796 9
97797 0
97798 6
97799 7
97800 5
97801 0
97802 9
97803 4
97804 4
97805 2
97806 3
97807 7
97808 6
97809 7
97810 6
97811 9
97812 4
97813 7
97814 4
97815 9
97816 9
97817 8
97818 3
97819 7
97820 6
97821 8
97822 3
97823 8
97824 9
97825 7
97826 0
97827 6
97828 2
97829 6
97830 2
97831 6
97832 7
97833 7
97834 9
97835 5
97836 7
97837 6
97838 4
97839 1
97840 9
97841 3
97842 4
97843 1
97844 3
97845 7
97846 6
97847 5
97848 6
97849 4
97850 1
97851 8
97852 9
97853 8
97854 3
97855 3
97856 4
97857 3
97858 3
97859 8
97860 2
97861 7
97862 5
97863 3
97864 0
97865 2
97866 0
97867 1
97868 1
97869 4
97870 0
97871 3
97872 9
97873 2
97874 0
97875 1
97876 3
97877 9
97878 7
97879 7
97880 6
97881 3
97882 2
97883 6
97884 0
97885 4
97886 8
97887 9
97888 6
97889 9
97890 8
97891 0
97892 3
97893 5
97894 2
97895 7
97896 4
97897 6
97898 5
97899 4
97900 4
97901 0
97902 6
97903 0
97904 9
97905 9
97906 5
97907 1
97908 9
97909 7
97910 5
97911 1
97912 0
97913 3
97914 7
97915 1
97916 3
97917 2
97918 9
97919 2
97920 9
97921 1
97922 6
97923 9
97924 8
97925 1
97926 1
97927 2
97928 4
97929 4
97930 7
97931 3
97932 0
97933 9
97934 8
97935 6
97936 9
97937 9
97938 4
97939 8
97940 6
97941 7
97942 9
97943 5
97944 9
97945 5
97946 2
97947 9
97948 9
97949 5
97950 1
97951 3
97952 9
97953 1
97954 9
97955 9
97956 1
97957 8
97958 9
97959 5
97960 5
97961 9
97962 4
97963 0
97964 2
97965 7
97966 6
97967 2
97968 4
97969 9
97970 2
97971 1
97972 1
97973 6
97974 4
97975 0
97976 4
97977 5
97978 5
97979 9
97980 2
97981 9
97982 5
97983 2
97984 3
97985 4
97986 3
97987 7
97988 7
97989 8
97990 0
97991 1
97992 4
97993 9
97994 7
97995 2
97996 2
97997 8
97998 3
97999 5
98000 0
98001 6
98002 7
98003 3
98004 6
98005 1
98006 8
98007 9
98008 5
98009 5
98010 8
98011 7
98012 7
98013 0
98014 1
98015 7
98016 3
98017 3
98018 5
98019 5
98020 1
98021 1
98022 2
98023 1
98024 0
98025 3
98026 3
98027 5
98028 4
98029 4
98030 7
98031 3
98032 5
98033 9
98034 1
98035 5
98036 0
98037 1
98038 3
98039 0
98040 5
98041 8
98042 3
98043 1
98044 0
98045 9
98046 0
98047 4
98048 2
98049 6
98050 4
98051 1
98052 2
98053 1
98054 0
98055 8
98056 6
98057 2
98058 3
98059 8
98060 1
98061 5
98062 5
98063 8
98064 9
98065 4
98066 3
98067 0
98068 4
98069 4
98070 9
98071 5
98072 7
98073 0
98074 8
98075 7
98076 8
98077 0
98078 5
98079 5
98080 6
98081 8
98082 0
98083 8
98084 2
98085 9
98086 9
98087 8
98088 9
98089 1
98090 3
98091 6
98092 7
98093 6
98094 1
98095 2
98096 6
98097 9
98098 0
98099 7
98100 8
98101 4
98102 5
98103 6
98104 3
98105 8
98106 6
98107 6
98108 0
98109 4
98110 0
98111 9
98112 3
98113 7
98114 1
98115 6
98116 3
98117 4
98118 4
98119 6
98120 4
98121 8
98122 4
98123 5
98124 1
98125 4
98126 5
98127 8
98128 3
98129 6
98130 5
98131 4
98132 2
98133 8
98134 9
98135 0
98136 6
98137 4
98138 1
98139 7
98140 1
98141 3
98142 5
98143 8
98144 4
98145 5
98146 4
98147 6
98148 5
98149 4
98150 5
98151 3
98152 3
98153 8
98154 8
98155 7
98156 6
98157 1
98158 4
98159 1
98160 9
98161 1
98162 3
98163 6
98164 7
98165 2
98166 8
98167 4
98168 6
98169 8
98170 3
98171 8
98172 2
98173 7
98174 8
98175 9
98176 5
98177 3
98178 4
98179 7
98180 6
98181 5
98182 6
98183 3
98184 5
98185 4
98186 4
98187 6
98188 8
98189 5
98190 8
98191 9
98192 1
98193 8
98194 5
98195 6
98196 4
98197 4
98198 1
98199 7
98200 1
98201 3
98202 6
98203 5
98204 7
98205 2
98206 7
98207 8
98208 0
98209 3
98210 5
98211 1
98212 8
98213 6
98214 5
98215 7
98216 8
98217 6
98218 1
98219 4
98220 3
98221 6
98222 5
98223 0
98224 2
98225 0
98226 7
98227 4
98228 4
98229 2
98230 3
98231 8
98232 4
98233 8
98234 7
98235 7
98236 1
98237 6
98238 2
98239 2
98240 7
98241 3
98242 0
98243 2
98244 6
98245 9
98246 4
98247 9
98248 9
98249 0
98250 6
98251 3
98252 6
98253 2
98254 6
98255 5
98256 0
98257 5
98258 6
98259 3
98260 9
98261 1
98262 5
98263 5
98264 7
98265 9
98266 8
98267 4
98268 4
98269 1
98270 6
98271 0
98272 9
98273 3
98274 1
98275 6
98276 7
98277 2
98278 1
98279 7
98280 0
98281 2
98282 4
98283 4
98284 1
98285 1
98286 3
98287 6
98288 0
98289 5
98290 6
98291 5
98292 6
98293 7
98294 1
98295 1
98296 1
98297 3
98298 6
98299 6
98300 0
98301 0
98302 5
98303 0
98304 5
98305 9
98306 8
98307 8
98308 8
98309 0
98310 1
98311 7
98312 2
98313 2
98314 2
98315 4
98316 4
98317 1
98318 0
98319 5
98320 6
98321 3
98322 7
98323 5
98324 3
98325 6
98326 5
98327 6
98328 5
98329 3
98330 2
98331 7
98332 1
98333 3
98334 3
98335 0
98336 1
98337 6
98338 4
98339 6
98340 1
98341 4
98342 7
98343 7
98344 5
98345 2
98346 5
98347 4
98348 5
98349 2
98350 3
98351 4
98352 5
98353 8
98354 1
98355 7
98356 7
98357 5
98358 2
98359 7
98360 8
98361 3
98362 5
98363 9
98364 9
98365 4
98366 9
98367 3
98368 5
98369 0
98370 8
98371 2
98372 0
98373 1
98374 9
98375 3
98376 6
98377 2
98378 2
98379 5
98380 9
98381 8
98382 0
98383 1
98384 1
98385 5
98386 6
98387 4
98388 3
98389 7
98390 6
98391 6
98392 2
98393 7
98394 3
98395 8
98396 5
98397 1
98398 9
98399 0
98400 7
98401 9
98402 3
98403 8
98404 1
98405 1
98406 2
98407 7
98408 5
98409 4
98410 0
98411 7
98412 2
98413 5
98414 5
98415 9
98416 8
98417 3
98418 2
98419 4
98420 1
98421 6
98422 2
98423 8
98424 4
98425 3
98426 5
98427 1
98428 9
98429 2
98430 2
98431 1
98432 7
98433 6
98434 8
98435 3
98436 2
98437 6
98438 8
98439 6
98440 4
98441 9
98442 0
98443 9
98444 1
98445 7
98446 7
98447 6
98448 5
98449 9
98450 1
98451 6
98452 2
98453 3
98454 2
98455 4
98456 4
98457 2
98458 6
98459 1
98460 3
98461 6
98462 6
98463 1
98464 3
98465 3
98466 1
98467 1
98468 4
98469 2
98470 6
98471 4
98472 7
98473 8
98474 0
98475 5
98476 7
98477 9
98478 4
98479 5
98480 9
98481 7
98482 4
98483 7
98484 3
98485 7
98486 5
98487 0
98488 8
98489 1
98490 2
98491 0
98492 2
98493 5
98494 5
98495 9
98496 3
98497 1
98498 1
98499 3
98500 9
98501 2
98502 7
98503 2
98504 1
98505 5
98506 3
98507 1
98508 5
98509 6
98510 5
98511 5
98512 4
98513 6
98514 7
98515 5
98516 5
98517 6
98518 3
98519 6
98520 6
98521 5
98522 5
98523 1
98524 0
98525 1
98526 6
98527 4
98528 2
98529 6
98530 7
98531 8
98532 2
98533 6
98534 5
98535 5
98536 8
98537 2
98538 5
98539 0
98540 2
98541 2
98542 3
98543 1
98544 2
98545 3
98546 3
98547 9
98548 6
98549 7
98550 5
98551 8
98552 3
98553 0
98554 7
98555 2
98556 3
98557 5
98558 1
98559 0
98560 7
98561 6
98562 8
98563 4
98564 4
98565 6
98566 6
98567 0
98568 6
98569 3
98570 0
98571 9
98572 8
98573 3
98574 8
98575 3
98576 2
98577 0
98578 1
98579 0
98580 6
98581 3
98582 4
98583 4
98584 6
98585 7
98586 8
98587 3
98588 5
98589 7
98590 2
98591 4
98592 5
98593 6
98594 9
98595 8
98596 8
98597 9
98598 5
98599 3
98600 8
98601 9
98602 6
98603 8
98604 0
98605 9
98606 5
98607 8
98608 4
98609 7
98610 4
98611 9
98612 4
98613 6
98614 0
98615 9
98616 8
98617 2
98618 9
98619 5
98620 0
98621 8
98622 6
98623 3
98624 6
98625 1
98626 7
98627 1
98628 7
98629 2
98630 4
98631 8
98632 1
98633 3
98634 9
98635 5
98636 5
98637 8
98638 1
98639 1
98640 9
98641 9
98642 7
98643 6
98644 6
98645 9
98646 0
98647 3
98648 2
98649 7
98650 3
98651 3
98652 8
98653 4
98654 2
98655 0
98656 2
98657 5
98658 5
98659 0
98660 4
98661 3
98662 4
98663 5
98664 0
98665 4
98666 0
98667 3
98668 2
98669 9
98670 7
98671 3
98672 2
98673 0
98674 7
98675 6
98676 0
98677 2
98678 2
98679 1
98680 0
98681 0
98682 0
98683 7
98684 2
98685 6
98686 7
98687 0
98688 3
98689 3
98690 3
98691 4
98692 5
98693 8
98694 0
98695 2
98696 0
98697 8
98698 4
98699 9
98700 2
98701 6
98702 8
98703 0
98704 0
98705 4
98706 8
98707 9
98708 0
98709 7
98710 0
98711 5
98712 4
98713 4
98714 4
98715 6
98716 0
98717 0
98718 8
98719 2
98720 5
98721 3
98722 8
98723 2
98724 5
98725 8
98726 6
98727 2
98728 6
98729 9
98730 9
98731 2
98732 7
98733 2
98734 2
98735 5
98736 7
98737 6
98738 4
98739 5
98740 9
98741 2
98742 3
98743 8
98744 3
98745 5
98746 7
98747 8
98748 8
98749 6
98750 0
98751 6
98752 8
98753 2
98754 4
98755 1
98756 0
98757 3
98758 7
98759 8
98760 6
98761 1
98762 0
98763 6
98764 5
98765 8
98766 4
98767 1
98768 9
98769 6
98770 6
98771 4
98772 6
98773 8
98774 8
98775 7
98776 4
98777 3
98778 1
98779 1
98780 7
98781 9
98782 1
98783 9
98784 6
98785 9
98786 9
98787 2
98788 2
98789 9
98790 4
98791 2
98792 3
98793 4
98794 5
98795 6
98796 0
98797 4
98798 6
98799 2
98800 4
98801 8
98802 8
98803 9
98804 9
98805 1
98806 8
98807 3
98808 2
98809 2
98810 9
98811 0
98812 9
98813 8
98814 6
98815 9
98816 6
98817 7
98818 2
98819 7
98820 0
98821 8
98822 1
98823 0
98824 2
98825 4
98826 7
98827 4
98828 5
98829 4
98830 1
98831 6
98832 9
98833 0
98834 4
98835 6
98836 0
98837 3
98838 2
98839 8
98840 4
98841 8
98842 4
98843 0
98844 3
98845 1
98846 0
98847 2
98848 5
98849 8
98850 0
98851 1
98852 0
98853 4
98854 4
98855 8
98856 4
98857 8
98858 0
98859 0
98860 9
98861 0
98862 7
98863 9
98864 7
98865 0
98866 5
98867 8
98868 0
98869 0
98870 2
98871 3
98872 9
98873 5
98874 1
98875 2
98876 8
98877 5
98878 8
98879 3
98880 2
98881 5
98882 7
98883 5
98884 9
98885 0
98886 2
98887 6
98888 6
98889 1
98890 9
98891 4
98892 2
98893 6
98894 0
98895 7
98896 9
98897 5
98898 2
98899 9
98900 8
98901 0
98902 7
98903 8
98904 0
98905 2
98906 6
98907 6
98908 9
98909 6
98910 7
98911 4
98912 3
98913 6
98914 0
98915 6
98916 9
98917 4
98918 2
98919 0
98920 6
98921 7
98922 1
98923 4
98924 6
98925 8
98926 0
98927 4
98928 1
98929 5
98930 9
98931 8
98932 6
98933 4
98934 9
98935 9
98936 7
98937 9
98938 6
98939 4
98940 2
98941 6
98942 7
98943 9
98944 9
98945 7
98946 3
98947 7
98948 6
98949 1
98950 3
98951 8
98952 2
98953 1
98954 7
98955 3
98956 8
98957 9
98958 6
98959 4
98960 4
98961 7
98962 1
98963 0
98964 6
98965 5
98966 0
98967 4
98968 9
98969 1
98970 5
98971 2
98972 1
98973 2
98974 2
98975 6
98976 2
98977 5
98978 3
98979 7
98980 7
98981 9
98982 6
98983 2
98984 9
98985 8
98986 8
98987 2
98988 3
98989 1
98990 7
98991 9
98992 6
98993 4
98994 4
98995 8
98996 2
98997 1
98998 7
98999 8
99000 4
99001 2
99002 4
99003 0
99004 7
99005 2
99006 9
99007 4
99008 9
99009 6
99010 5
99011 8
99012 6
99013 2
99014 9
99015 3
99016 4
99017 2
99018 4
99019 8
99020 1
99021 2
99022 1
99023 6
99024 2
99025 6
99026 6
99027 1
99028 2
99029 1
99030 7
99031 5
99032 6
99033 3
99034 3
99035 5
99036 0
99037 5
99038 7
99039 2
99040 3
99041 0
99042 9
99043 9
99044 6
99045 6
99046 8
99047 2
99048 0
99049 6
99050 3
99051 7
99052 6
99053 9
99054 3
99055 1
99056 0
99057 4
99058 2
99059 7
99060 2
99061 5
99062 6
99063 1
99064 6
99065 8
99066 5
99067 1
99068 1
99069 4
99070 5
99071 1
99072 7
99073 6
99074 7
99075 5
99076 1
99077 3
99078 8
99079 1
99080 5
99081 1
99082 8
99083 1
99084 6
99085 7
99086 3
99087 7
99088 6
99089 8
99090 1
99091 2
99092 9
99093 0
99094 1
99095 1
99096 5
99097 7
99098 9
99099 5
99100 2
99101 9
99102 7
99103 2
99104 4
99105 7
99106 5
99107 3
99108 5
99109 1
99110 3
99111 7
99112 4
99113 1
99114 8
99115 9
99116 9
99117 1
99118 5
99119 6
99120 6
99121 3
99122 4
99123 2
99124 1
99125 1
99126 4
99127 7
99128 7
99129 7
99130 2
99131 2
99132 2
99133 0
99134 4
99135 6
99136 8
99137 6
99138 9
99139 7
99140 9
99141 3
99142 2
99143 3
99144 5
99145 6
99146 1
99147 6
99148 5
99149 1
99150 5
99151 3
99152 7
99153 4
99154 5
99155 1
99156 4
99157 7
99158 6
99159 4
99160 6
99161 7
99162 6
99163 9
99164 9
99165 6
99166 4
99167 2
99168 5
99169 8
99170 8
99171 7
99172 4
99173 1
99174 2
99175 3
99176 2
99177 0
99178 1
99179 2
99180 0
99181 5
99182 2
99183 4
99184 3
99185 1
99186 8
99187 1
99188 7
99189 3
99190 6
99191 0
99192 7
99193 5
99194 2
99195 4
99196 3
99197 1
99198 0
99199 2
99200 5
99201 1
99202 1
99203 6
99204 8
99205 8
99206 2
99207 0
99208 0
99209 6
99210 7
99211 5
99212 4
99213 5
99214 3
99215 8
99216 4
99217 1
99218 5
99219 2
99220 4
99221 7
99222 3
99223 6
99224 7
99225 9
99226 1
99227 9
99228 9
99229 6
99230 5
99231 1
99232 2
99233 4
99234 4
99235 5
99236 9
99237 8
99238 4
99239 6
99240 1
99241 5
99242 7
99243 9
99244 2
99245 5
99246 5
99247 1
99248 6
99249 4
99250 7
99251 0
99252 0
99253 2
99254 1
99255 0
99256 6
99257 0
99258 7
99259 6
99260 5
99261 9
99262 2
99263 9
99264 8
99265 3
99266 4
99267 4
99268 2
99269 9
99270 9
99271 1
99272 9
99273 9
99274 4
99275 1
99276 3
99277 4
99278 2
99279 6
99280 7
99281 1
99282 6
99283 2
99284 8
99285 4
99286 1
99287 5
99288 6
99289 6
99290 9
99291 4
99292 5
99293 9
99294 7
99295 7
99296 8
99297 4
99298 1
99299 8
99300 1
99301 3
99302 7
99303 9
99304 6
99305 6
99306 3
99307 0
99308 4
99309 9
99310 8
99311 4
99312 5
99313 8
99314 1
99315 6
99316 7
99317 2
99318 9
99319 9
99320 0
99321 6
99322 8
99323 7
99324 1
99325 1
99326 5
99327 5
99328 4
99329 6
99330 2
99331 4
99332 3
99333 7
99334 7
99335 2
99336 9
99337 8
99338 7
99339 2
99340 0
99341 8
99342 7
99343 4
99344 5
99345 1
99346 7
99347 5
99348 6
99349 4
99350 1
99351 9
99352 2
99353 6
99354 5
99355 1
99356 3
99357 9
99358 9
99359 8
99360 2
99361 7
99362 1
99363 0
99364 3
99365 3
99366 6
99367 1
99368 4
99369 4
99370 7
99371 2
99372 4
99373 0
99374 9
99375 5
99376 3
99377 7
99378 9
99379 4
99380 7
99381 2
99382 4
99383 8
99384 6
99385 0
99386 9
99387 6
99388 9
99389 7
99390 0
99391 3
99392 9
99393 6
99394 7
99395 7
99396 4
99397 7
99398 1
99399 3
99400 8
99401 6
99402 2
99403 7
99404 5
99405 2
99406 9
99407 3
99408 5
99409 2
99410 8
99411 4
99412 7
99413 9
99414 6
99415 8
99416 0
99417 7
99418 8
99419 7
99420 0
99421 2
99422 8
99423 8
99424 6
99425 4
99426 8
99427 2
99428 4
99429 7
99430 1
99431 5
99432 9
99433 9
99434 1
99435 4
99436 8
99437 9
99438 3
99439 9
99440 5
99441 5
99442 3
99443 0
99444 3
99445 3
99446 6
99447 1
99448 8
99449 5
99450 8
99451 3
99452 3
99453 2
99454 1
99455 9
99456 6
99457 2
99458 6
99459 1
99460 7
99461 5
99462 2
99463 2
99464 9
99465 1
99466 8
99467 3
99468 5
99469 7
99470 4
99471 4
99472 2
99473 7
99474 7
99475 9
99476 4
99477 5
99478 2
99479 6
99480 1
99481 1
99482 8
99483 8
99484 0
99485 6
99486 1
99487 3
99488 2
99489 4
99490 7
99491 6
99492 5
99493 1
99494 2
99495 0
99496 3
99497 2
99498 0
99499 1
99500 3
99501 8
99502 9
99503 4
99504 6
99505 7
99506 5
99507 6
99508 3
99509 2
99510 8
99511 4
99512 7
99513 8
99514 5
99515 1
99516 8
99517 6
99518 2
99519 8
99520 5
99521 6
99522 8
99523 6
99524 3
99525 4
99526 7
99527 4
99528 1
99529 5
99530 1
99531 8
99532 7
99533 9
99534 9
99535 2
99536 8
99537 6
99538 1
99539 2
99540 0
99541 6
99542 2
99543 4
99544 4
99545 0
99546 7
99547 1
99548 6
99549 4
99550 2
99551 8
99552 0
99553 2
99554 2
99555 7
99556 6
99557 4
99558 1
99559 9
99560 6
99561 4
99562 2
99563 6
99564 3
99565 7
99566 5
99567 5
99568 1
99569 9
99570 6
99571 7
99572 9
99573 4
99574 4
99575 7
99576 9
99577 0
99578 5
99579 2
99580 2
99581 5
99582 5
99583 4
99584 7
99585 3
99586 9
99587 4
99588 0
99589 9
99590 3
99591 5
99592 1
99593 4
99594 9
99595 0
99596 1
99597 2
99598 8
99599 8
99600 9
99601 7
99602 1
99603 5
99604 5
99605 8
99606 8
99607 3
99608 0
99609 8
99610 3
99611 2
99612 1
99613 1
99614 3
99615 5
99616 2
99617 1
99618 0
99619 2
99620 2
99621 9
99622 1
99623 6
99624 1
99625 4
99626 3
99627 6
99628 2
99629 6
99630 9
99631 7
99632 7
99633 0
99634 1
99635 3
99636 9
99637 9
99638 3
99639 0
99640 1
99641 0
99642 2
99643 5
99644 4
99645 2
99646 6
99647 3
99648 5
99649 2
99650 4
99651 9
99652 8
99653 1
99654 8
99655 6
99656 1
99657 4
99658 4
99659 1
99660 6
99661 6
99662 0
99663 5
99664 1
99665 2
99666 8
99667 5
99668 6
99669 9
99670 2
99671 8
99672 5
99673 5
99674 9
99675 4
99676 5
99677 7
99678 2
99679 7
99680 8
99681 5
99682 6
99683 8
99684 4
99685 3
99686 2
99687 1
99688 3
99689 8
99690 5
99691 7
99692 2
99693 4
99694 2
99695 8
99696 1
99697 9
99698 1
99699 7
99700 7
99701 4
99702 0
99703 2
99704 8
99705 1
99706 3
99707 4
99708 8
99709 4
99710 0
99711 0
99712 5
99713 3
99714 8
99715 9
99716 3
99717 0
99718 1
99719 3
99720 9
99721 8
99722 5
99723 5
99724 3
99725 9
99726 7
99727 1
99728 4
99729 4
99730 1
99731 3
99732 1
99733 4
99734 0
99735 5
99736 2
99737 5
99738 3
99739 0
99740 3
99741 5
99742 1
99743 6
99744 1
99745 9
99746 1
99747 0
99748 6
99749 5
99750 9
99751 4
99752 5
99753 0
99754 8
99755 1
99756 6
99757 8
99758 3
99759 7
99760 9
99761 4
99762 0
99763 1
99764 1
99765 0
99766 4
99767 2
99768 5
99769 6
99770 3
99771 9
99772 7
99773 2
99774 9
99775 7
99776 4
99777 5
99778 5
99779 9
99780 6
99781 5
99782 8
99783 3
99784 9
99785 4
99786 3
99787 3
99788 5
99789 6
99790 2
99791 4
99792 8
99793 6
99794 3
99795 3
99796 4
99797 8
99798 9
99799 6
99800 5
99801 0
99802 4
99803 6
99804 3
99805 9
99806 3
99807 4
99808 2
99809 3
99810 0
99811 5
99812 1
99813 5
99814 0
99815 5
99816 8
99817 3
99818 4
99819 1
99820 6
99821 6
99822 4
99823 6
99824 5
99825 9
99826 2
99827 7
99828 9
99829 0
99830 5
99831 1
99832 4
99833 5
99834 7
99835 9
99836 2
99837 3
99838 5
99839 9
99840 0
99841 6
99842 7
99843 8
99844 9
99845 0
99846 9
99847 7
99848 2
99849 2
99850 1
99851 5
99852 9
99853 2
99854 7
99855 4
99856 7
99857 9
99858 5
99859 2
99860 0
99861 7
99862 5
99863 8
99864 6
99865 6
99866 9
99867 3
99868 1
99869 5
99870 4
99871 8
99872 1
99873 3
99874 0
99875 1
99876 8
99877 0
99878 8
99879 3
99880 7
99881 6
99882 0
99883 3
99884 0
99885 9
99886 1
99887 7
99888 4
99889 0
99890 5
99891 7
99892 9
99893 6
99894 7
99895 8
99896 4
99897 8
99898 8
99899 1
99900 5
99901 4
99902 3
99903 0
99904 6
99905 4
99906 3
99907 3
99908 1
99909 5
99910 6
99911 3
99912 5
99913 0
99914 8
99915 3
99916 7
99917 7
99918 8
99919 0
99920 7
99921 2
99922 6
99923 3
99924 8
99925 4
99926 7
99927 8
99928 6
99929 3
99930 0
99931 3
99932 7
99933 7
99934 7
99935 9
99936 8
99937 1
99938 0
99939 7
99940 3
99941 3
99942 7
99943 5
99944 7
99945 4
99946 3
99947 6
99948 8
99949 9
99950 1
99951 0
99952 2
99953 4
99954 1
99955 4
99956 5
99957 0
99958 6
99959 7
99960 7
99961 4
99962 6
99963 1
99964 8
99965 5
99966 4
99967 8
99968 3
99969 7
99970 7
99971 1
99972 4
99973 7
99974 5
99975 8
99976 3
99977 0
99978 3
99979 9
99980 6
99981 9
99982 4
99983 8
99984 2
99985 8
99986 5
99987 5
99988 7
99989 3
99990 0
99991 7
99992 0
99993 1
99994 0
99995 5
99996 9
99997 6
99998 2
99999 8
Final centroids:
0: 74.24 29.45 77.79 30.77 40.20
1: 30.32 23.50 68.30 71.64 70.51
2: 69.59 76.73 31.76 28.66 30.12
3: 26.56 70.84 22.11 69.52 61.45
4: 22.28 30.23 39.44 29.77 26.19
5: 61.23 30.03 25.24 30.06 76.95
6: 78.02 70.01 61.71 69.55 73.77
7: 68.55 29.17 30.75 76.51 30.12
8: 30.01 70.47 69.94 23.20 69.74
9: 37.31 69.92 73.79 69.93 22.92
WCSS: 189543037.23
Iterations: 237
Converged: true

===METRICS===
Execution time: 968.55 ms
(Averaged over 5 runs)
